Partido_id,Fase,Fecha,Equipo1,Es_Local_E1,Equipo2,EQUIPO1_GOLES,EQUIPO2_GOLES,Goles_dentro_area_E1,Goles_Fuera_Area_E1,Disparos_totales_E1,Disparos_a_puerta_E1,Disparos_fuera_E1,Disparo_Bloqueados_E1,Disparos_Al palo_E1,Disparos_a_puerta_fuera_del_area_E1,Disparos_fuera_desde_fuera_del_area_E1,Oportunidades_claras_E1,Saques_de_esquina_sacados_E1,Fueras_de_juego_E1,Regates_E1,Ataques_tercio_ofensivo_E1,Carreras_hacia_el_area_E1,Posesion_E1,Precision_pase_E1,Pases_completados_E1,Pases_realizados_E1,Pases_en_largo_completados_E1,Libres_directos_sacados_E1,Precision_en_el_centro_E1,Centros_completados_E1,Centros_realizados_E1,Balones_recuperados_E1,Entradas_E1,Entradas_con_exito_E1,Entradas_perdidas_E1,Despejes_realizados_E1,goles_encajados_E1,Goles_encajados_propia_puerta_E1,Porterias_a_cero_E1,Paradas_E1,Balones_blocados_por arriba_E1,Despejes_de_puños_E1,Tarjetas_amarillas_E1,Faltas_cometidas_E1,Goles_dentro_area_E2,Goles_Fuera_Area_E2,Disparos_totales_E2,Disparos_a_puerta_E2,Disparos_fuera_E2,Disparo_Bloqueados_E2,Disparos_Al palo_E2,Disparos_a_puerta_fuera_del_area_E2,Disparos_fuera_desde_fuera_del_area_E2,Oportunidades_claras_E2,Saques_de_esquina_sacados_E2,Fueras_de_juego_E2,Regates_E2,Ataques_tercio_ofensivo_E2,Carreras_hacia_el_area_E2,Posesion_E2,Precision_pase_E2,Pases_completados_E2,Pases_realizados_E2,Pases_en_largo_completados_E2,Libres_directos_sacados_E2,Precision_en_el_centro_E2,Centros_completados_E2,Centros_realizados_E2,Balones_recuperados_E2,Entradas_E2,Entradas_con_exito_E2,Entradas_perdidas_E2,Despejes_realizados_E2,goles_encajados_E2,Goles_encajados_propia_puerta_E2,Porterias_a_cero_E2,Paradas_E2,Balones_blocados_por arriba_E2,Despejes_de_puños_E2,Tarjetas_amarillas_E2,Faltas_cometidas_E2,media11_titular_E1,media11_titular_E2
PL-2024-25-12436870,Jornada 1,2024-08-16,Man United,1,Fulham,1,0,1.0,0.0,14,5,7,2,0,1.0,6.0,4.0,7,3.0,8,46,22,55,84.6,408,482,23,10,16.7,3,18,19,21,14,7,20,0,0.0,1,2.0,2.0,0.0,2.0,12,0.0,0.0,10,2,4,4,0,1.0,3.0,0.0,8,1.0,8,40,22,45,79.7,306,384,17,11,28.6,6,21,9,24,17,7,19,1,0.0,0,4.0,0.0,1.0,3.0,10,7.24,6.9
PL-2024-25-12436871,Jornada 1,2024-08-17,Ipswich,1,Liverpool,0,2,0.0,0.0,7,2,2,3,0,1.0,1.0,0.0,2,5.0,3,41,17,38,78.4,272,347,19,18,25.0,2,8,9,20,10,10,28,2,0.0,0,3.0,1.0,,3.0,9,2.0,0.0,18,5,6,7,0,0.0,6.0,6.0,10,0.0,11,47,50,62,86.3,492,570,30,9,17.4,4,23,5,9,4,5,16,0,0.0,1,2.0,0.0,,1.0,18,6.77,7.29
PL-2024-25-12436872,Jornada 1,2024-08-17,Arsenal,1,Wolves,2,0,2.0,0.0,18,6,6,6,0,2.0,4.0,2.0,8,0.0,9,40,50,53,85.0,357,420,17,14,20.0,3,15,8,18,13,5,15,0,0.0,1,3.0,1.0,0.0,2.0,17,0.0,0.0,9,3,5,1,0,0.0,3.0,1.0,2,1.0,8,56,18,47,81.9,307,375,20,17,28.6,4,14,7,19,12,7,14,2,0.0,0,4.0,1.0,2.0,2.0,14,7.46,6.67
PL-2024-25-12436873,Jornada 1,2024-08-17,Everton,1,Brighton,0,3,0.0,0.0,9,1,4,4,0,0.0,3.0,0.0,1,7.0,5,69,18,38,77.3,266,344,45,8,23.5,4,17,13,23,11,12,11,3,0.0,0,2.0,1.0,0.0,1.0,8,3.0,0.0,10,5,3,2,1,0.0,1.0,2.0,5,1.0,6,36,29,62,85.6,492,575,20,8,28.6,4,14,8,21,13,8,19,0,0.0,1,1.0,0.0,2.0,1.0,8,6.56,7.24
PL-2024-25-12436874,Jornada 1,2024-08-17,Newcastle,1,Southampton,1,0,1.0,0.0,3,1,0,2,0,0.0,0.0,1.0,3,1.0,1,31,14,22,64.6,117,181,12,16,8.3,1,12,4,16,14,2,34,0,0.0,1,3.0,0.0,0.0,2.0,15,0.0,0.0,19,4,4,11,0,0.0,6.0,3.0,12,2.0,6,67,48,78,89.2,579,649,19,15,13.3,4,30,3,13,6,7,14,1,0.0,0,0.0,2.0,1.0,4.0,16,6.97,6.91
PL-2024-25-12436875,Jornada 1,2024-08-17,Nottm Forest,1,Bournemouth,1,1,1.0,0.0,14,8,3,3,0,2.0,4.0,1.0,2,1.0,9,51,29,53,79.9,402,503,22,8,23.1,3,13,7,24,12,12,25,1,0.0,0,3.0,,1.0,1.0,17,1.0,0.0,13,4,6,3,0,2.0,5.0,3.0,6,4.0,5,63,23,47,77.5,335,432,25,17,16.0,4,25,14,18,7,11,29,1,0.0,0,7.0,,2.0,3.0,8,7.04,7.02
PL-2024-25-12436877,Jornada 1,2024-08-17,West Ham,1,Aston Villa,1,2,1.0,0.0,14,3,7,4,0,0.0,3.0,4.0,5,1.0,4,39,26,52,84.4,352,417,27,11,20.0,5,25,6,14,10,4,22,2,0.0,0,1.0,1.0,1.0,1.0,18,2.0,0.0,15,3,6,6,1,1.0,4.0,4.0,3,1.0,8,51,23,48,83.5,329,394,19,18,20.0,3,15,7,24,15,9,20,1,0.0,0,3.0,1.0,0.0,2.0,11,6.76,7.08
PL-2024-25-12436879,Jornada 1,2024-08-18,Brentford,1,Crystal Palace,2,1,2.0,0.0,9,5,3,1,0,0.0,1.0,3.0,4,1.0,5,45,13,46,77.2,311,403,35,15,23.5,4,17,11,19,10,9,21,1,0.0,0,6.0,1.0,1.0,1.0,6,0.0,0.0,14,6,4,4,0,3.0,5.0,1.0,7,3.0,3,59,21,54,80.9,389,481,16,6,7.1,1,14,5,22,13,9,29,2,0.0,0,3.0,0.0,0.0,5.0,15,7.19,6.75
PL-2024-25-12436880,Jornada 1,2024-08-18,Chelsea,1,Man City,0,2,0.0,0.0,10,3,3,4,0,2.0,2.0,1.0,4,2.0,4,47,26,48,89.0,436,490,17,9,33.3,6,18,10,20,14,6,13,2,0.0,0,3.0,1.0,,1.0,12,1.0,1.0,11,5,3,3,0,1.0,3.0,1.0,3,1.0,15,37,27,52,89.2,477,535,17,12,9.1,1,11,10,16,9,7,17,0,0.0,1,3.0,0.0,,1.0,9,6.82,7.36
PL-2024-25-12436881,Jornada 1,2024-08-19,Leicester,1,Tottenham,1,1,1.0,0.0,7,3,3,1,0,0.0,1.0,2.0,2,2.0,7,34,11,30,76.7,211,275,9,12,53.3,8,15,10,22,15,7,38,1,0.0,0,5.0,0.0,,1.0,11,1.0,0.0,15,7,3,5,0,0.0,3.0,2.0,13,1.0,13,70,62,70,89.6,601,671,13,11,28.6,8,28,6,23,13,10,16,1,0.0,0,2.0,1.0,,1.0,12,7.05,7.27
PL-2024-25-12436888,Jornada 2,2024-08-24,Brighton,1,Man United,2,1,2.0,0.0,14,5,6,3,1,0.0,4.0,2.0,4,0.0,10,52,33,48,85.3,407,477,30,13,50.0,6,12,7,17,12,5,10,1,0.0,0,2.0,2.0,0.0,1.0,9,1.0,0.0,11,4,5,2,0,1.0,2.0,2.0,4,6.0,10,44,28,52,87.3,446,511,24,8,25.0,3,12,12,19,11,8,10,2,0.0,0,2.0,0.0,1.0,2.0,13,7.14,6.97
PL-2024-25-12436892,Jornada 2,2024-08-24,Crystal Palace,1,West Ham,0,2,0.0,0.0,14,2,8,4,2,1.0,5.0,2.0,3,3.0,3,77,23,58,82.2,454,552,30,16,20.0,4,20,9,23,11,12,9,2,0.0,0,1.0,0.0,,1.0,9,2.0,0.0,18,3,10,5,0,0.0,5.0,1.0,3,2.0,14,57,21,42,76.8,302,393,31,9,28.6,4,14,15,20,12,8,25,0,0.0,1,2.0,1.0,,1.0,17,6.75,7.21
PL-2024-25-12436894,Jornada 2,2024-08-24,Fulham,1,Leicester,2,1,2.0,0.0,18,6,7,5,0,0.0,5.0,3.0,7,0.0,4,66,31,54,85.3,459,538,25,12,33.3,7,21,8,14,10,4,7,1,0.0,0,3.0,1.0,1.0,2.0,14,1.0,0.0,10,4,4,2,0,2.0,2.0,1.0,5,5.0,7,37,10,46,83.9,381,454,17,14,41.7,5,12,7,21,14,7,30,2,0.0,0,4.0,2.0,0.0,2.0,13,7.24,6.95
PL-2024-25-12436898,Jornada 2,2024-08-24,Man City,1,Ipswich,4,1,2.0,2.0,14,5,6,3,2,0.0,3.0,5.0,10,3.0,11,72,49,75,92.7,700,755,22,15,29.4,5,17,6,14,6,8,8,1,0.0,0,0.0,,,2.0,4,0.0,1.0,1,1,0,0,0,0.0,0.0,1.0,1,1.0,2,21,6,25,81.6,200,245,10,3,16.7,1,6,10,17,8,9,40,4,0.0,0,1.0,,,3.0,15,7.65,6.13
PL-2024-25-12436900,Jornada 2,2024-08-24,Southampton,1,Nottm Forest,0,1,0.0,0.0,5,1,1,3,0,1.0,2.0,0.0,4,0.0,7,45,21,65,90.9,596,656,11,13,14.3,2,14,2,18,12,6,17,1,0.0,0,7.0,1.0,,3.0,14,1.0,0.0,23,8,8,7,0,2.0,7.0,6.0,10,1.0,7,40,33,35,83.5,294,352,25,14,26.3,5,19,11,24,15,9,23,0,0.0,1,1.0,2.0,,3.0,14,6.83,7.3
PL-2024-25-12436902,Jornada 2,2024-08-24,Tottenham,1,Everton,4,0,3.0,1.0,13,7,5,1,0,1.0,2.0,6.0,12,0.0,7,51,33,71,88.7,540,609,19,15,30.0,6,20,4,22,16,6,11,0,0.0,1,1.0,1.0,0.0,,11,0.0,0.0,10,1,3,6,0,0.0,0.0,0.0,5,4.0,5,44,24,29,74.9,188,251,25,11,46.7,7,15,15,29,19,10,15,4,0.0,0,3.0,0.0,1.0,,15,7.56,6.54
PL-2024-25-12436886,Jornada 2,2024-08-24,Aston Villa,1,Arsenal,0,2,0.0,0.0,11,3,3,5,1,0.0,4.0,2.0,4,3.0,11,28,17,39,82.4,271,329,16,16,30.0,3,10,4,22,10,12,16,2,0.0,0,2.0,1.0,0.0,1.0,8,1.0,1.0,9,4,4,1,0,0.0,3.0,2.0,1,1.0,6,48,35,61,91.2,469,514,18,8,7.7,1,13,8,17,9,8,15,0,0.0,1,3.0,0.0,1.0,3.0,16,6.66,7.15
PL-2024-25-12436884,Jornada 2,2024-08-25,Bournemouth,1,Newcastle,1,1,1.0,0.0,16,4,7,5,1,1.0,4.0,2.0,8,,2,60,27,39,76.3,245,321,27,8,21.1,4,19,6,21,16,5,34,1,0.0,0,4.0,1.0,0.0,2.0,20,1.0,0.0,14,5,4,5,0,1.0,1.0,4.0,9,,6,58,32,61,79.4,393,495,24,19,30.8,8,26,4,21,12,9,17,1,0.0,0,3.0,1.0,3.0,2.0,8,7.1,6.91
PL-2024-25-12436904,Jornada 2,2024-08-25,Wolves,1,Chelsea,2,6,2.0,0.0,12,4,6,2,2,2.0,2.0,5.0,5,3.0,8,34,25,40,79.1,253,320,17,13,7.7,1,13,9,19,10,9,19,6,0.0,0,2.0,0.0,,2.0,13,5.0,1.0,14,8,3,3,1,0.0,3.0,5.0,5,1.0,9,41,21,60,86.1,426,495,23,13,9.1,1,11,9,14,11,3,18,2,0.0,0,2.0,2.0,,3.0,13,6.42,7.27
PL-2024-25-12436896,Jornada 2,2024-08-25,Liverpool,1,Brentford,2,0,2.0,0.0,19,8,4,7,2,0.0,2.0,4.0,9,1.0,8,62,42,62,91.4,550,602,22,7,20.0,3,15,7,17,10,7,11,0,0.0,1,2.0,,1.0,2.0,10,0.0,0.0,8,2,3,3,0,1.0,3.0,2.0,4,2.0,6,36,10,38,81.9,298,364,25,10,40.0,4,10,5,10,6,4,16,2,0.0,0,6.0,,1.0,3.0,7,7.6,6.75
PL-2024-25-12436906,Jornada 3,2024-08-31,Arsenal,1,Brighton,1,1,0.0,1.0,11,7,2,2,0,0.0,0.0,5.0,3,3.0,8,37,31,36,74.1,200,270,21,7,28.6,2,7,12,17,11,6,20,1,0.0,0,3.0,5.0,1.0,5.0,12,1.0,0.0,22,4,10,8,0,0.0,7.0,3.0,7,1.0,10,48,33,64,85.8,404,471,30,12,26.9,7,26,5,18,7,11,11,1,0.0,0,6.0,0.0,0.0,2.0,7,6.98,7.12
PL-2024-25-12436908,Jornada 3,2024-08-31,Brentford,1,Southampton,3,1,3.0,0.0,20,7,7,6,1,2.0,3.0,6.0,2,1.0,6,43,42,37,86.6,310,358,23,7,15.4,2,13,11,17,13,4,19,1,0.0,0,5.0,,,2.0,10,1.0,0.0,18,6,7,5,1,2.0,7.0,2.0,8,2.0,7,57,31,63,88.2,548,621,16,10,20.0,4,20,9,15,10,5,17,3,0.0,0,4.0,,,1.0,7,7.52,6.76
PL-2024-25-12436912,Jornada 3,2024-08-31,Everton,1,Bournemouth,2,3,2.0,0.0,18,8,8,2,1,2.0,3.0,5.0,8,2.0,10,70,37,47,73.6,257,349,37,11,33.3,7,21,12,17,11,6,21,3,0.0,0,4.0,,1.0,2.0,6,3.0,0.0,17,7,5,5,0,2.0,3.0,5.0,4,2.0,5,53,28,53,76.5,300,392,21,6,45.8,11,24,7,26,10,16,23,2,0.0,0,6.0,,0.0,1.0,11,7.21,6.81
PL-2024-25-12436915,Jornada 3,2024-08-31,Ipswich,1,Fulham,1,1,0.0,1.0,11,4,3,4,0,0.0,4.0,1.0,8,4.0,10,50,13,49,86.0,345,401,19,15,31.2,5,16,4,13,9,4,30,1,0.0,0,3.0,0.0,1.0,2.0,15,1.0,0.0,9,4,2,3,0,0.0,0.0,2.0,6,0.0,14,40,19,51,85.9,359,418,21,15,19.2,5,26,6,11,7,4,11,1,0.0,0,3.0,1.0,0.0,3.0,15,6.99,6.95
PL-2024-25-12436918,Jornada 3,2024-08-31,Leicester,1,Aston Villa,1,2,1.0,0.0,9,3,5,1,0,1.0,5.0,1.0,1,3.0,6,60,16,58,89.1,457,513,18,21,22.2,4,18,11,22,11,11,18,2,0.0,0,3.0,0.0,1.0,4.0,13,2.0,0.0,10,5,3,2,0,1.0,1.0,4.0,4,1.0,13,33,22,42,83.0,318,383,22,13,30.0,3,10,7,17,10,7,25,1,0.0,0,2.0,2.0,0.0,5.0,21,6.89,6.81
PL-2024-25-12436926,Jornada 3,2024-08-31,Nottm Forest,1,Wolves,1,1,1.0,0.0,16,5,5,6,0,1.0,2.0,1.0,7,4.0,8,50,37,52,79.8,293,367,26,17,21.7,5,23,10,17,12,5,13,1,0.0,0,1.0,0.0,1.0,3.0,15,0.0,1.0,11,3,6,2,0,0.0,6.0,2.0,3,0.0,8,48,13,48,77.7,279,359,22,13,14.3,1,7,10,23,14,9,25,1,0.0,0,4.0,1.0,0.0,4.0,18,7.05,6.98
PL-2024-25-12436927,Jornada 3,2024-08-31,West Ham,1,Man City,1,3,0.0,0.0,10,2,5,3,2,1.0,2.0,1.0,3,0.0,10,42,24,32,83.5,284,340,19,3,28.6,4,14,6,11,6,5,20,3,0.0,0,5.0,1.0,1.0,3.0,10,2.0,1.0,23,8,10,5,1,0.0,2.0,5.0,11,1.0,12,73,58,68,92.3,670,726,34,10,36.4,8,22,7,15,12,3,18,1,0.0,0,2.0,0.0,1.0,2.0,3,6.59,7.77
PL-2024-25-12436910,Jornada 3,2024-09-01,Chelsea,1,Crystal Palace,1,1,1.0,0.0,13,7,5,1,1,2.0,3.0,5.0,4,0.0,11,76,20,63,90.2,532,590,26,13,15.8,3,19,8,13,7,6,17,1,0.0,0,2.0,1.0,0.0,4.0,9,0.0,1.0,9,3,1,5,0,2.0,2.0,0.0,4,1.0,6,41,22,37,78.9,276,350,19,9,33.3,3,9,6,19,11,8,28,1,0.0,0,6.0,1.0,1.0,2.0,13,7.06,6.9
PL-2024-25-12436923,Jornada 3,2024-09-01,Newcastle,1,Tottenham,2,1,2.0,0.0,9,3,3,3,1,0.0,2.0,2.0,7,2.0,8,37,14,34,70.1,183,261,12,13,41.7,5,12,14,17,8,9,31,1,0.0,0,6.0,1.0,0.0,4.0,16,0.0,0.0,20,6,6,8,1,4.0,7.0,2.0,12,4.0,10,61,50,66,84.2,421,500,7,16,14.8,4,27,7,22,16,6,14,2,0.0,0,1.0,1.0,2.0,4.0,13,7.02,7.02
PL-2024-25-12436920,Jornada 3,2024-09-01,Man United,1,Liverpool,0,3,0.0,0.0,8,3,5,0,0,1.0,2.0,3.0,5,0.0,8,44,31,53,83.0,421,507,15,7,31.6,6,19,7,32,20,12,10,3,0.0,0,0.0,0.0,0.0,4.0,7,3.0,0.0,11,3,7,1,0,0.0,1.0,6.0,2,2.0,5,40,30,47,84.3,391,464,13,7,50.0,3,6,10,24,17,7,28,0,0.0,1,3.0,1.0,1.0,1.0,7,6.27,7.35
PL-2024-25-12436949,Jornada 4,2024-09-14,Southampton,1,Man United,0,3,0.0,0.0,6,4,1,1,0,0.0,0.0,3.0,0,,4,37,18,44,87.7,421,480,13,12,14.3,1,7,11,21,14,7,16,3,0.0,0,7.0,1.0,,1.0,11,2.0,1.0,20,10,3,7,0,4.0,4.0,5.0,7,,14,53,38,56,91.0,556,611,18,11,22.2,2,9,12,22,13,9,11,0,0.0,1,3.0,0.0,,4.0,14,6.61,7.57
PL-2024-25-12436936,Jornada 4,2024-09-14,Brighton,1,Ipswich,0,0,0.0,0.0,21,6,5,10,0,2.0,9.0,3.0,9,1.0,10,70,39,69,86.0,490,570,28,16,17.2,5,29,9,19,11,8,6,0,0.0,1,1.0,1.0,0.0,4.0,14,0.0,0.0,6,1,4,1,1,1.0,2.0,1.0,2,3.0,8,34,8,31,70.5,184,261,15,14,33.3,2,6,11,25,14,11,34,0,0.0,1,6.0,3.0,3.0,3.0,16,7.1,7.17
PL-2024-25-12436938,Jornada 4,2024-09-14,Crystal Palace,1,Leicester,2,2,2.0,0.0,20,4,6,10,0,0.0,4.0,4.0,5,3.0,4,67,41,67,84.5,503,595,39,14,18.5,5,27,8,24,15,9,12,2,0.0,0,2.0,0.0,0.0,0.0,11,2.0,0.0,9,4,4,1,0,0.0,2.0,3.0,2,0.0,11,45,16,33,69.3,203,293,17,10,25.0,2,8,8,19,8,11,20,2,0.0,0,2.0,1.0,1.0,3.0,15,7.18,7.01
PL-2024-25-12436941,Jornada 4,2024-09-14,Fulham,1,West Ham,1,1,1.0,0.0,21,5,8,8,0,1.0,3.0,4.0,3,3.0,12,47,29,55,80.0,316,395,26,18,40.9,9,22,13,30,19,11,21,1,0.0,0,2.0,,,2.0,15,1.0,0.0,11,3,5,3,0,0.0,4.0,1.0,2,2.0,9,45,13,45,77.5,258,333,18,15,31.2,5,16,10,18,10,8,24,1,0.0,0,4.0,,,3.0,18,7.16,6.86
PL-2024-25-12436944,Jornada 4,2024-09-14,Liverpool,1,Nottm Forest,0,1,0.0,0.0,14,5,6,3,1,1.0,3.0,1.0,7,0.0,6,71,34,69,83.9,506,603,25,6,47.4,9,19,11,12,8,4,16,1,0.0,0,2.0,,0.0,4.0,15,0.0,1.0,5,3,2,0,0,0.0,1.0,2.0,2,5.0,6,60,5,31,69.2,189,273,22,15,,0,6,11,22,15,7,30,0,0.0,1,5.0,,1.0,4.0,6,6.93,6.95
PL-2024-25-12436946,Jornada 4,2024-09-14,Man City,1,Brentford,2,1,2.0,0.0,18,7,6,5,1,2.0,6.0,2.0,12,1.0,3,52,51,54,89.2,485,544,25,3,6.7,1,15,5,12,5,7,12,1,0.0,0,5.0,0.0,1.0,3.0,9,1.0,0.0,8,5,2,1,1,0.0,2.0,1.0,3,1.0,3,36,20,46,85.0,398,468,29,8,50.0,6,12,9,20,15,5,22,2,0.0,0,5.0,1.0,1.0,1.0,3,7.2,6.96
PL-2024-25-12436933,Jornada 4,2024-09-14,Aston Villa,1,Everton,3,2,2.0,1.0,17,8,6,3,0,1.0,2.0,6.0,6,1.0,6,97,31,73,90.5,602,665,20,12,33.3,7,21,4,20,15,5,9,2,0.0,0,0.0,2.0,0.0,1.0,10,1.0,1.0,6,2,3,1,1,0.0,0.0,2.0,2,3.0,7,39,15,27,75.8,182,240,21,10,50.0,6,12,6,24,16,8,28,3,0.0,0,4.0,0.0,1.0,4.0,12,7.01,6.77
PL-2024-25-12436931,Jornada 4,2024-09-14,Bournemouth,1,Chelsea,0,1,0.0,0.0,19,7,8,4,2,2.0,7.0,1.0,6,4.0,9,57,28,33,69.9,193,276,22,8,23.5,4,17,10,14,8,6,18,1,0.0,0,2.0,0.0,1.0,6.0,16,1.0,0.0,10,3,3,4,0,1.0,3.0,1.0,3,3.0,12,50,21,67,85.3,494,579,19,16,12.5,1,8,6,12,7,5,18,0,0.0,1,7.0,1.0,1.0,8.0,9,6.92,7.15
PL-2024-25-12436951,Jornada 4,2024-09-15,Tottenham,1,Arsenal,0,1,0.0,0.0,15,5,4,6,0,1.0,4.0,0.0,7,2.0,7,62,29,64,88.5,437,494,14,10,25.8,8,31,9,20,13,7,24,1,0.0,0,3.0,0.0,2.0,5.0,13,1.0,0.0,7,4,0,3,0,0.0,0.0,2.0,6,3.0,12,37,24,36,75.5,213,282,19,13,30.8,4,13,9,21,12,9,32,0,0.0,1,5.0,2.0,0.0,3.0,10,7.02,7.25
PL-2024-25-12436954,Jornada 4,2024-09-15,Wolves,1,Newcastle,1,2,1.0,0.0,12,5,5,2,1,1.0,1.0,2.0,4,3.0,15,50,27,49,83.6,362,433,28,6,23.8,5,21,10,23,14,9,18,2,0.0,0,4.0,1.0,,3.0,17,0.0,2.0,14,6,4,4,1,2.0,2.0,2.0,7,2.0,12,63,23,51,88.1,415,471,13,16,15.4,2,13,5,14,9,5,22,1,0.0,0,4.0,1.0,,3.0,6,7.03,6.89
PL-2024-25-12436980,Jornada 5,2024-09-21,West Ham,1,Chelsea,0,3,0.0,0.0,15,7,3,5,0,2.0,5.0,0.0,6,2.0,9,68,36,53,89.2,444,498,20,9,20.7,6,29,8,16,6,10,10,3,0.0,0,2.0,0.0,1.0,5.0,17,3.0,0.0,12,5,4,3,0,0.0,1.0,5.0,5,1.0,6,37,32,47,86.6,393,454,23,17,37.5,3,8,8,19,9,10,34,0,0.0,1,7.0,3.0,2.0,2.0,9,6.75,7.51
PL-2024-25-12436957,Jornada 5,2024-09-21,Aston Villa,1,Wolves,3,1,3.0,0.0,9,4,2,3,0,0.0,3.0,5.0,6,1.0,9,58,31,53,87.9,393,447,8,15,23.5,4,17,5,15,10,5,15,1,0.0,0,3.0,,,3.0,11,0.0,1.0,10,4,1,5,0,0.0,1.0,0.0,5,5.0,7,26,19,47,85.7,341,398,21,11,54.5,6,11,10,23,9,14,19,3,0.0,0,0.0,,,6.0,16,7.05,6.76
PL-2024-25-12436964,Jornada 5,2024-09-21,Fulham,1,Newcastle,3,1,3.0,0.0,22,11,9,2,1,2.0,2.0,5.0,6,1.0,4,54,38,39,82.3,283,344,12,8,41.2,7,17,6,19,9,10,21,1,0.0,0,4.0,1.0,,6.0,16,1.0,0.0,16,5,8,3,0,0.0,3.0,1.0,0,6.0,7,52,21,61,90.4,506,560,18,16,33.3,4,12,10,9,5,4,15,3,0.0,0,8.0,0.0,,0.0,8,7.05,6.76
PL-2024-25-12436967,Jornada 5,2024-09-21,Leicester,1,Everton,1,1,1.0,0.0,12,2,7,3,0,0.0,2.0,2.0,6,2.0,8,55,29,59,84.6,389,460,25,12,27.6,8,29,4,24,17,7,13,1,0.0,0,4.0,1.0,0.0,1.0,11,1.0,0.0,17,5,6,6,1,0.0,3.0,3.0,1,5.0,7,53,25,41,80.9,271,335,27,11,28.6,4,14,9,18,13,5,30,1,0.0,0,1.0,2.0,1.0,2.0,12,7.26,7.01
PL-2024-25-12436969,Jornada 5,2024-09-21,Liverpool,1,Bournemouth,3,0,3.0,0.0,19,13,3,3,1,3.0,2.0,4.0,3,0.0,16,57,33,59,88.9,519,584,24,11,25.0,2,8,6,20,14,6,21,0,0.0,1,7.0,1.0,0.0,1.0,10,0.0,0.0,19,6,9,4,1,1.0,6.0,2.0,9,3.0,11,42,32,41,85.3,332,389,24,9,16.7,4,24,7,20,11,9,16,3,0.0,0,9.0,1.0,1.0,4.0,12,7.83,6.81
PL-2024-25-12436973,Jornada 5,2024-09-21,Southampton,1,Ipswich,1,1,1.0,0.0,11,3,5,3,1,0.0,2.0,4.0,2,3.0,10,43,23,54,87.0,428,492,15,16,,0,9,15,16,7,9,33,1,0.0,0,5.0,1.0,,4.0,16,0.0,1.0,13,6,4,3,0,1.0,3.0,2.0,10,1.0,8,46,24,46,85.6,350,409,17,16,21.7,5,23,13,17,8,9,15,1,0.0,0,2.0,2.0,,4.0,16,7.15,7.0
PL-2024-25-12436977,Jornada 5,2024-09-21,Tottenham,1,Brentford,3,1,3.0,0.0,23,10,3,10,0,1.0,3.0,7.0,9,1.0,11,51,61,48,81.8,355,434,20,8,17.4,4,23,17,18,11,7,20,1,0.0,0,5.0,3.0,1.0,3.0,11,1.0,0.0,6,6,0,0,0,1.0,0.0,2.0,4,2.0,8,47,18,52,80.4,393,489,37,11,8.3,1,12,11,27,16,11,26,3,0.0,0,6.0,1.0,0.0,1.0,9,7.39,6.9
PL-2024-25-12436962,Jornada 5,2024-09-21,Crystal Palace,1,Man United,0,0,0.0,0.0,9,4,3,2,0,1.0,1.0,3.0,4,1.0,4,34,16,33,70.6,221,313,24,11,42.9,6,14,13,22,10,12,30,0,0.0,1,7.0,3.0,,3.0,7,0.0,0.0,15,6,5,4,3,0.0,3.0,5.0,11,0.0,7,72,33,67,85.6,547,639,14,6,13.0,3,23,9,14,8,6,14,0,0.0,1,4.0,0.0,,2.0,12,7.08,7.18
PL-2024-25-12436959,Jornada 5,2024-09-22,Brighton,1,Nottm Forest,2,2,1.0,1.0,14,3,4,7,0,0.0,5.0,2.0,9,0.0,10,64,31,70,87.6,475,542,17,11,20.9,9,43,7,12,5,7,9,2,0.0,0,2.0,1.0,1.0,3.0,12,2.0,0.0,4,3,0,1,0,0.0,0.0,2.0,1,4.0,8,44,14,30,69.0,169,245,14,11,,0,4,8,18,8,10,48,2,0.0,0,1.0,0.0,0.0,6.0,11,6.95,6.59
PL-2024-25-12436971,Jornada 5,2024-09-22,Man City,1,Arsenal,2,2,2.0,0.0,33,11,9,13,1,3.0,15.0,5.0,8,0.0,10,54,55,77,91.3,644,705,21,10,25.0,6,24,3,10,5,5,9,2,0.0,0,1.0,0.0,,3.0,7,1.0,1.0,5,3,2,0,0,0.0,0.0,3.0,2,1.0,4,34,8,23,71.2,148,208,14,6,42.9,3,7,4,16,10,6,37,2,0.0,0,9.0,3.0,,6.0,10,7.21,6.93
PL-2024-25-12436999,Jornada 6,2024-09-28,Newcastle,1,Man City,1,1,1.0,0.0,11,4,3,4,0,0.0,1.0,2.0,5,1.0,8,45,25,38,78.9,261,331,23,10,31.2,5,16,10,15,7,8,21,1,0.0,0,5.0,1.0,,4.0,14,1.0,0.0,16,6,4,6,0,1.0,3.0,1.0,6,0.0,13,53,40,62,87.8,490,558,18,14,10.5,2,19,7,15,11,4,20,1,0.0,0,3.0,0.0,,4.0,10,7.05,7.23
PL-2024-25-12436985,Jornada 6,2024-09-28,Arsenal,1,Leicester,4,2,3.0,0.0,35,16,10,9,1,4.0,4.0,9.0,17,0.0,18,62,77,75,89.2,592,664,17,6,23.7,9,38,4,19,12,7,8,2,0.0,0,1.0,0.0,0.0,2.0,11,2.0,0.0,5,3,1,1,0,0.0,0.0,0.0,0,1.0,4,18,11,25,73.7,171,232,17,11,50.0,2,4,6,24,14,10,63,4,0.0,0,13.0,1.0,3.0,4.0,6,7.6,7.0
PL-2024-25-12436987,Jornada 6,2024-09-28,Brentford,1,West Ham,1,1,1.0,0.0,8,3,2,3,0,2.0,2.0,1.0,7,1.0,4,69,22,57,80.5,425,528,23,8,17.9,5,28,10,25,15,10,20,1,0.0,0,2.0,1.0,1.0,2.0,2,1.0,0.0,19,3,10,6,0,0.0,7.0,1.0,6,2.0,10,54,39,43,79.2,316,399,34,2,25.0,4,16,10,17,7,10,37,1,0.0,0,2.0,0.0,0.0,3.0,11,7.04,6.92
PL-2024-25-12436989,Jornada 6,2024-09-28,Chelsea,1,Brighton,4,2,3.0,1.0,15,7,5,3,2,0.0,1.0,7.0,8,6.0,15,38,27,41,76.6,288,376,19,8,27.3,3,11,7,22,13,9,17,2,0.0,0,4.0,,,3.0,11,2.0,0.0,15,5,5,5,0,2.0,5.0,3.0,2,2.0,11,68,28,59,86.2,476,552,19,11,25.0,4,16,12,16,8,8,12,4,0.0,0,2.0,,,2.0,8,6.95,6.56
PL-2024-25-12436992,Jornada 6,2024-09-28,Everton,1,Crystal Palace,2,1,1.0,1.0,8,2,4,2,0,0.0,2.0,1.0,5,2.0,8,53,16,40,74.6,259,347,27,9,30.4,7,23,16,14,5,9,22,1,0.0,0,3.0,3.0,0.0,2.0,13,1.0,0.0,17,5,5,7,0,2.0,4.0,1.0,8,0.0,5,63,31,60,81.3,435,535,29,13,15.0,3,20,8,25,17,8,26,2,0.0,0,0.0,0.0,2.0,0.0,11,7.15,7.15
PL-2024-25-12437001,Jornada 6,2024-09-28,Nottm Forest,1,Fulham,0,1,0.0,0.0,11,1,5,5,0,1.0,4.0,0.0,6,7.0,4,43,33,41,79.2,278,351,11,15,19.2,5,26,9,8,3,5,22,1,0.0,0,1.0,0.0,1.0,2.0,11,1.0,0.0,14,2,5,7,0,0.0,4.0,1.0,5,1.0,9,60,24,59,87.1,459,527,18,11,17.4,4,23,9,7,2,5,40,0,0.0,1,1.0,1.0,1.0,4.0,15,6.81,7.24
PL-2024-25-12437002,Jornada 6,2024-09-28,Wolves,1,Liverpool,1,2,1.0,0.0,8,3,3,2,0,0.0,2.0,1.0,2,1.0,7,36,18,45,83.8,357,426,21,8,20.0,3,15,9,14,11,3,23,2,0.0,0,4.0,2.0,,2.0,16,2.0,0.0,10,6,3,1,0,1.0,1.0,3.0,10,2.0,4,48,38,55,85.2,455,534,15,15,28.6,6,21,7,10,9,1,10,1,0.0,0,2.0,1.0,,3.0,8,6.81,6.95
PL-2024-25-12436993,Jornada 6,2024-09-29,Ipswich,1,Aston Villa,2,2,2.0,0.0,15,5,6,4,0,2.0,3.0,4.0,10,2.0,10,54,22,44,85.0,347,408,20,14,17.6,3,17,7,18,9,9,15,2,0.0,0,1.0,0.0,,4.0,10,2.0,0.0,7,3,4,0,0,1.0,2.0,2.0,0,1.0,5,83,18,56,88.6,480,542,25,10,25.0,1,4,5,15,9,6,16,2,0.0,0,3.0,1.0,,1.0,14,6.88,6.91
PL-2024-25-12436995,Jornada 6,2024-09-29,Man United,1,Tottenham,0,3,0.0,0.0,11,2,5,4,1,1.0,0.0,0.0,5,2.0,2,54,25,39,79.0,312,395,28,14,28.6,6,21,17,27,15,12,16,3,0.0,0,7.0,1.0,,5.0,16,3.0,0.0,24,10,7,7,1,2.0,4.0,9.0,3,1.0,6,48,45,61,88.4,562,636,16,16,40.0,6,15,11,7,6,1,14,0,0.0,1,2.0,1.0,,3.0,14,6.75,7.42
PL-2024-25-12436982,Jornada 6,2024-09-30,Bournemouth,1,Southampton,3,1,3.0,0.0,14,6,2,6,0,2.0,3.0,1.0,6,1.0,8,54,27,40,80.7,305,378,20,11,5.3,1,19,11,20,8,12,17,1,0.0,0,2.0,1.0,0.0,2.0,19,1.0,0.0,9,3,3,3,0,1.0,2.0,1.0,4,1.0,7,48,16,60,86.5,499,577,23,19,21.4,3,14,8,20,12,8,22,3,0.0,0,3.0,1.0,1.0,5.0,12,7.21,6.73
PL-2024-25-12437015,Jornada 7,2024-10-05,Crystal Palace,1,Liverpool,0,1,0.0,0.0,9,5,4,0,0,2.0,4.0,2.0,3,1.0,4,47,9,32,69.7,209,300,20,15,11.1,1,9,5,8,6,2,25,1,0.0,0,3.0,,0.0,4.0,7,1.0,0.0,16,4,7,5,0,2.0,6.0,4.0,8,0.0,8,69,28,68,85.5,549,642,31,7,25.0,4,16,13,13,6,7,16,0,0.0,1,5.0,,2.0,2.0,15,6.74,7.35
PL-2024-25-12437004,Jornada 7,2024-10-05,Arsenal,1,Southampton,3,1,3.0,0.0,29,6,13,10,1,1.0,8.0,4.0,13,1.0,14,61,65,59,90.1,483,536,19,9,18.8,6,32,9,16,12,4,10,1,0.0,0,1.0,,0.0,0.0,10,1.0,0.0,8,2,1,5,2,1.0,2.0,2.0,1,0.0,6,32,8,41,85.3,337,395,13,10,14.3,1,7,9,15,10,5,33,3,0.0,0,3.0,,1.0,3.0,9,7.41,6.47
PL-2024-25-12437008,Jornada 7,2024-10-05,Brentford,1,Wolves,5,3,5.0,0.0,19,12,4,3,0,2.0,3.0,8.0,10,5.0,5,51,46,44,77.5,283,365,28,9,48.1,13,27,6,16,8,8,32,3,0.0,0,3.0,1.0,1.0,2.0,9,3.0,0.0,17,6,7,4,0,2.0,5.0,1.0,3,1.0,2,59,31,56,78.7,376,478,24,9,20.0,4,20,5,17,15,2,22,5,0.0,0,7.0,0.0,0.0,3.0,10,7.31,6.84
PL-2024-25-12437020,Jornada 7,2024-10-05,Leicester,1,Bournemouth,1,0,1.0,0.0,6,2,3,1,0,1.0,2.0,2.0,0,2.0,6,49,13,44,76.1,280,368,33,14,16.7,1,6,7,14,10,4,36,0,0.0,1,2.0,2.0,,4.0,12,0.0,0.0,19,2,11,6,2,1.0,3.0,5.0,9,1.0,9,63,34,56,81.7,362,443,20,11,26.7,8,30,6,22,14,8,20,1,0.0,0,1.0,1.0,,1.0,14,7.05,6.96
PL-2024-25-12437022,Jornada 7,2024-10-05,Man City,1,Fulham,3,2,1.0,2.0,20,7,5,8,0,1.0,7.0,1.0,8,0.0,11,56,39,58,90.7,575,634,11,10,37.5,6,16,4,10,7,3,19,2,0.0,0,2.0,0.0,,2.0,4,2.0,0.0,11,4,3,4,0,1.0,1.0,5.0,3,3.0,5,53,26,42,86.7,392,452,26,4,26.7,4,15,7,23,9,14,22,3,0.0,0,4.0,1.0,,1.0,10,7.29,6.73
PL-2024-25-12437024,Jornada 7,2024-10-05,West Ham,1,Ipswich,4,1,4.0,0.0,23,13,6,4,2,3.0,3.0,9.0,5,3.0,8,45,27,53,87.1,432,496,31,5,27.3,3,11,8,19,11,8,18,1,0.0,0,2.0,2.0,1.0,0.0,12,1.0,0.0,9,2,4,3,0,0.0,4.0,2.0,5,1.0,11,54,16,47,84.0,361,430,25,10,20.0,3,15,6,15,11,4,14,4,0.0,0,8.0,5.0,0.0,1.0,6,7.24,6.73
PL-2024-25-12437018,Jornada 7,2024-10-05,Everton,1,Newcastle,0,0,0.0,0.0,8,2,5,1,0,1.0,5.0,2.0,0,2.0,13,58,13,32,73.5,228,310,20,8,22.2,2,9,10,19,11,8,30,0,0.0,1,3.0,1.0,2.0,1.0,12,0.0,0.0,14,3,8,3,0,0.0,2.0,1.0,10,3.0,6,60,42,68,86.3,566,656,16,11,31.8,7,22,8,25,13,12,6,0,0.0,1,2.0,1.0,1.0,2.0,8,7.05,7.14
PL-2024-25-12437006,Jornada 7,2024-10-06,Aston Villa,1,Man United,0,0,0.0,0.0,11,1,7,3,0,1.0,4.0,,6,0.0,7,41,25,54,82.9,345,416,11,11,10.0,2,20,6,12,10,2,14,0,0.0,1,4.0,1.0,,1.0,12,0.0,0.0,10,4,4,2,2,2.0,4.0,,3,1.0,4,54,11,46,81.8,302,369,20,12,33.3,3,9,12,21,12,9,23,0,0.0,1,1.0,1.0,,5.0,11,7.02,7.0
PL-2024-25-12437013,Jornada 7,2024-10-06,Chelsea,1,Nottm Forest,1,1,1.0,0.0,22,8,9,5,1,1.0,7.0,3.0,11,1.0,11,70,51,66,87.8,519,591,21,10,17.2,5,29,8,14,10,4,17,1,0.0,0,8.0,1.0,,6.0,12,1.0,0.0,16,9,1,6,0,3.0,4.0,4.0,3,3.0,9,43,22,34,76.1,233,306,15,11,27.3,3,11,6,12,6,6,32,1,0.0,0,7.0,0.0,,4.0,11,7.5,6.97
PL-2024-25-12437011,Jornada 7,2024-10-06,Brighton,1,Tottenham,3,2,3.0,0.0,11,4,5,2,0,1.0,1.0,4.0,4,2.0,7,36,27,41,82.7,301,364,16,10,33.3,5,15,11,12,7,5,18,2,0.0,0,1.0,0.0,0.0,2.0,14,2.0,0.0,13,3,7,3,0,0.0,2.0,1.0,7,2.0,14,56,32,59,87.6,461,526,19,13,5.3,1,19,7,20,12,8,12,3,0.0,0,1.0,1.0,1.0,2.0,10,6.73,6.99
PL-2024-25-12437038,Jornada 8,2024-10-19,Tottenham,1,West Ham,4,1,3.0,0.0,22,7,9,6,1,1.0,4.0,2.0,13,2.0,7,58,43,57,86.8,414,477,17,15,32.1,9,28,5,25,16,9,14,1,0.0,0,2.0,1.0,,1.0,10,1.0,0.0,11,4,4,3,0,1.0,3.0,2.0,5,1.0,15,34,21,43,80.6,295,366,37,10,25.0,3,12,11,33,25,8,25,4,0.0,0,4.0,2.0,,3.0,15,7.33,6.65
PL-2024-25-12437028,Jornada 8,2024-10-19,Fulham,1,Aston Villa,1,3,1.0,0.0,10,4,5,1,0,0.0,1.0,4.0,6,2.0,3,47,24,52,86.9,377,434,23,10,23.3,7,30,14,18,11,7,22,3,0.0,0,4.0,1.0,2.0,3.0,8,1.0,1.0,14,5,5,4,0,0.0,3.0,2.0,11,2.0,8,48,27,48,88.5,361,408,15,8,15.8,3,19,14,11,5,6,19,1,0.0,0,3.0,2.0,0.0,5.0,11,6.66,7.1
PL-2024-25-12437034,Jornada 8,2024-10-19,Man United,1,Brentford,2,1,2.0,0.0,23,11,6,6,0,4.0,6.0,3.0,9,1.0,5,65,35,50,83.8,409,488,29,5,31.6,6,19,8,25,16,9,24,1,0.0,0,1.0,1.0,0.0,2.0,4,1.0,0.0,8,2,4,2,0,1.0,1.0,2.0,2,3.0,12,54,14,50,85.1,412,484,19,4,38.5,5,13,10,15,11,4,31,2,0.0,0,9.0,0.0,1.0,2.0,5,7.37,7.14
PL-2024-25-12437035,Jornada 8,2024-10-19,Newcastle,1,Brighton,0,1,0.0,0.0,21,6,6,9,0,1.0,5.0,4.0,9,3.0,10,69,45,60,82.4,448,544,19,8,13.0,3,23,13,26,19,7,6,1,0.0,0,4.0,0.0,0.0,2.0,11,1.0,0.0,10,5,3,2,0,2.0,0.0,4.0,4,0.0,3,41,12,40,79.2,294,371,27,11,37.5,3,8,9,26,15,11,37,0,0.0,1,6.0,1.0,1.0,2.0,9,7.11,7.25
PL-2024-25-12437037,Jornada 8,2024-10-19,Southampton,1,Leicester,2,3,2.0,0.0,14,7,5,2,1,0.0,0.0,3.0,10,1.0,6,47,29,42,82.7,297,359,20,10,26.3,5,19,9,21,16,5,30,3,0.0,0,1.0,0.0,0.0,5.0,10,3.0,0.0,18,4,10,4,2,0.0,4.0,4.0,6,2.0,7,67,41,58,85.4,420,492,23,10,29.6,8,27,5,30,17,13,22,2,0.0,0,6.0,2.0,1.0,3.0,10,6.89,7.22
PL-2024-25-12437030,Jornada 8,2024-10-19,Ipswich,1,Everton,0,2,0.0,0.0,13,2,8,3,0,1.0,3.0,2.0,5,1.0,7,58,24,55,86.6,419,484,22,9,22.2,6,27,9,13,9,4,17,2,0.0,0,6.0,,0.0,1.0,12,2.0,0.0,11,8,3,0,0,2.0,1.0,3.0,7,0.0,9,46,27,45,79.2,319,403,27,12,23.1,3,13,6,18,12,6,31,0,0.0,1,2.0,,2.0,1.0,10,6.67,7.29
PL-2024-25-12437026,Jornada 8,2024-10-19,Bournemouth,1,Arsenal,2,0,2.0,0.0,13,4,4,5,0,0.0,4.0,3.0,7,1.0,17,66,28,49,79.8,323,405,17,11,12.0,3,25,6,16,11,5,20,0,0.0,1,1.0,1.0,,1.0,12,0.0,0.0,6,1,4,1,0,0.0,1.0,2.0,4,1.0,7,49,22,51,79.3,348,439,20,12,26.7,4,15,6,17,10,7,26,2,0.0,0,2.0,2.0,,1.0,11,7.03,6.57
PL-2024-25-12437039,Jornada 8,2024-10-20,Wolves,1,Man City,1,2,1.0,0.0,3,2,1,0,0,0.0,1.0,2.0,1,2.0,4,30,4,22,66.2,143,216,20,4,50.0,2,4,6,26,13,13,44,2,0.0,0,5.0,2.0,,4.0,8,1.0,1.0,22,7,7,8,0,3.0,6.0,0.0,18,1.0,10,65,85,78,89.9,657,731,12,8,17.5,7,40,3,14,10,4,5,1,0.0,0,1.0,0.0,,1.0,5,6.8,7.5
PL-2024-25-12437032,Jornada 8,2024-10-20,Liverpool,1,Chelsea,2,1,2.0,0.0,9,5,3,1,0,1.0,0.0,3.0,1,5.0,5,54,17,43,79.7,326,409,22,13,25.0,1,4,6,25,18,7,18,1,0.0,0,1.0,,,4.0,12,1.0,0.0,12,2,6,4,1,0.0,3.0,3.0,5,0.0,10,56,26,57,87.8,476,542,22,12,23.5,4,17,8,12,10,2,11,2,0.0,0,3.0,,,3.0,13,6.93,6.74
PL-2024-25-12437036,Jornada 8,2024-10-21,Nottm Forest,1,Crystal Palace,1,0,0.0,1.0,20,6,5,9,1,2.0,7.0,3.0,6,2.0,16,54,36,50,82.1,362,441,25,11,39.1,9,23,14,9,5,4,17,0,0.0,1,7.0,0.0,1.0,2.0,9,0.0,0.0,20,7,7,6,2,2.0,8.0,0.0,6,2.0,6,56,23,50,79.9,358,448,20,9,18.8,3,16,5,23,14,9,25,1,0.0,0,5.0,1.0,1.0,3.0,12,7.43,7.12
PL-2024-25-12437048,Jornada 9,2024-10-25,Leicester,1,Nottm Forest,1,3,1.0,0.0,11,1,7,3,0,0.0,6.0,1.0,6,0.0,6,77,27,64,86.1,482,560,20,9,26.9,7,26,6,14,10,4,26,3,0.0,0,2.0,0.0,1.0,5.0,16,2.0,1.0,20,5,9,6,1,1.0,6.0,4.0,7,1.0,15,52,30,36,75.7,231,305,28,15,4.8,1,21,10,19,11,8,30,1,0.0,0,0.0,1.0,3.0,3.0,9,6.7,7.21
PL-2024-25-12437041,Jornada 9,2024-10-26,Aston Villa,1,Bournemouth,1,1,1.0,0.0,18,8,5,5,0,2.0,3.0,3.0,9,0.0,6,54,34,57,82.6,362,438,18,14,28.6,6,21,11,11,5,6,15,1,0.0,0,2.0,3.0,0.0,7.0,12,1.0,0.0,10,3,4,3,0,2.0,4.0,0.0,7,5.0,5,49,17,43,83.1,270,325,26,12,20.0,4,20,11,17,10,7,21,1,0.0,0,7.0,0.0,2.0,6.0,14,7.0,7.05
PL-2024-25-12437043,Jornada 9,2024-10-26,Brentford,1,Ipswich,4,3,2.0,1.0,20,9,5,6,0,1.0,4.0,7.0,4,2.0,5,68,31,65,84.3,468,555,21,10,30.8,8,26,4,8,6,2,31,3,0.0,0,2.0,1.0,0.0,0.0,7,3.0,0.0,11,5,6,0,1,0.0,3.0,4.0,5,1.0,3,53,20,35,71.9,210,292,21,7,21.1,4,19,12,13,9,4,36,4,0.0,0,6.0,2.0,1.0,3.0,10,7.16,6.81
PL-2024-25-12437044,Jornada 9,2024-10-26,Brighton,1,Wolves,2,2,2.0,0.0,19,6,5,8,0,3.0,3.0,2.0,9,2.0,11,43,35,51,86.9,393,452,30,10,23.1,6,26,9,17,10,7,21,2,0.0,0,5.0,0.0,1.0,3.0,12,2.0,0.0,14,7,2,5,0,0.0,0.0,1.0,6,1.0,12,43,31,49,82.4,361,438,26,12,26.3,5,19,9,24,12,12,30,2,0.0,0,4.0,1.0,0.0,3.0,10,7.13,7.09
PL-2024-25-12437049,Jornada 9,2024-10-26,Man City,1,Southampton,1,0,1.0,0.0,22,8,7,7,0,4.0,5.0,4.0,12,1.0,9,57,54,57,92.7,571,616,12,9,34.5,10,29,10,12,7,5,14,0,0.0,1,2.0,0.0,,1.0,9,0.0,0.0,5,2,2,1,1,0.0,0.0,1.0,1,2.0,6,18,14,43,90.6,434,479,13,9,50.0,1,2,6,14,9,5,30,1,0.0,0,6.0,1.0,,3.0,9,7.66,6.85
PL-2024-25-12437047,Jornada 9,2024-10-26,Everton,1,Fulham,1,1,1.0,0.0,10,5,3,2,1,1.0,1.0,1.0,4,4.0,7,62,17,40,79.4,304,383,19,8,35.3,6,17,8,19,12,7,26,1,0.0,0,2.0,0.0,,1.0,8,1.0,0.0,14,3,9,2,0,0.0,7.0,1.0,2,2.0,7,75,23,60,85.9,505,588,26,7,47.1,8,17,4,16,11,5,21,1,0.0,0,4.0,1.0,,0.0,8,6.89,7.08
PL-2024-25-12437045,Jornada 9,2024-10-27,Chelsea,1,Newcastle,2,1,2.0,0.0,17,7,6,4,1,2.0,3.0,1.0,7,2.0,7,65,31,50,84.5,388,459,26,15,25.0,5,20,16,12,8,4,23,1,0.0,0,1.0,1.0,0.0,6.0,13,1.0,0.0,11,3,5,3,0,0.0,2.0,3.0,4,1.0,6,64,24,50,80.4,362,450,26,13,54.5,6,11,6,13,8,5,15,2,0.0,0,5.0,2.0,3.0,3.0,16,7.32,6.83
PL-2024-25-12437046,Jornada 9,2024-10-27,Crystal Palace,1,Tottenham,1,0,1.0,0.0,14,6,7,1,0,2.0,5.0,1.0,8,4.0,4,65,24,34,64.4,159,247,24,12,20.7,6,29,11,32,19,13,33,0,0.0,1,3.0,2.0,0.0,4.0,16,0.0,0.0,11,3,4,4,1,1.0,2.0,2.0,8,1.0,9,52,25,66,81.0,419,517,24,16,17.9,5,28,10,19,14,5,22,1,0.0,0,5.0,1.0,2.0,4.0,12,7.35,6.87
PL-2024-25-12437050,Jornada 9,2024-10-27,West Ham,1,Man United,2,1,2.0,0.0,12,3,8,1,0,0.0,1.0,4.0,6,3.0,10,42,30,43,80.9,318,393,24,6,26.1,6,23,12,11,5,6,40,1,0.0,0,4.0,1.0,1.0,5.0,6,1.0,0.0,18,5,7,6,1,2.0,6.0,5.0,5,3.0,7,67,33,57,83.8,451,538,25,6,25.0,6,24,6,19,11,8,27,2,0.0,0,1.0,1.0,0.0,1.0,7,6.97,7.04
PL-2024-25-12437040,Jornada 9,2024-10-27,Arsenal,1,Liverpool,2,2,2.0,0.0,9,3,4,2,0,1.0,3.0,2.0,1,2.0,6,41,33,45,79.9,306,383,21,14,23.1,3,13,7,17,11,6,24,2,0.0,0,2.0,1.0,,2.0,14,2.0,0.0,9,4,3,2,0,0.0,4.0,2.0,3,1.0,9,52,27,55,83.0,387,466,20,14,12.5,3,24,5,16,9,7,21,2,0.0,0,1.0,0.0,,2.0,14,7.0,6.85
PL-2024-25-12437056,Jornada 10,2024-11-02,Newcastle,1,Arsenal,1,0,1.0,0.0,9,4,2,3,0,1.0,1.0,1.0,4,,6,42,17,36,69.2,200,289,10,18,7.7,1,13,6,23,15,8,26,0,0.0,1,0.0,2.0,4.0,4.0,16,0.0,0.0,10,1,6,3,0,0.0,3.0,1.0,6,,3,58,31,64,86.3,433,502,16,16,25.9,7,27,6,17,10,7,18,1,0.0,0,3.0,2.0,0.0,4.0,18,7.18,6.97
PL-2024-25-12437051,Jornada 10,2024-11-02,Bournemouth,1,Man City,2,1,2.0,0.0,12,6,4,2,1,1.0,2.0,6.0,3,2.0,11,49,23,36,84.4,282,334,40,6,25.0,3,12,12,16,12,4,36,1,0.0,0,3.0,0.0,,2.0,11,1.0,0.0,18,4,10,4,1,0.0,5.0,3.0,10,0.0,6,51,47,64,90.2,541,600,23,11,22.2,6,27,5,14,7,7,8,2,0.0,0,4.0,1.0,,1.0,6,7.31,7.0
PL-2024-25-12437053,Jornada 10,2024-11-02,Ipswich,1,Leicester,1,1,1.0,0.0,14,2,6,6,0,1.0,5.0,2.0,4,,8,58,26,42,76.6,245,320,10,10,25.0,3,12,9,16,7,9,22,1,0.0,0,4.0,3.0,0.0,6.0,11,1.0,0.0,20,6,6,8,0,2.0,3.0,4.0,6,,12,54,40,58,80.1,346,432,25,11,28.6,6,21,4,21,11,10,18,1,0.0,0,1.0,1.0,2.0,2.0,10,7.04,6.99
PL-2024-25-12437054,Jornada 10,2024-11-02,Liverpool,1,Brighton,2,1,1.0,1.0,16,8,2,6,0,0.0,1.0,4.0,9,1.0,8,57,31,49,82.8,367,443,18,18,22.2,4,18,10,28,19,9,13,1,0.0,0,4.0,,,1.0,10,1.0,0.0,13,5,4,4,0,3.0,3.0,1.0,7,0.0,8,45,24,51,86.8,407,469,23,10,33.3,5,15,9,18,13,5,27,2,0.0,0,6.0,,,2.0,18,7.17,6.95
PL-2024-25-12437057,Jornada 10,2024-11-02,Nottm Forest,1,West Ham,3,0,1.0,2.0,19,6,10,3,0,1.0,7.0,3.0,10,1.0,6,47,32,53,84.8,378,446,24,9,15.0,3,20,6,18,12,6,21,0,0.0,1,1.0,0.0,,1.0,7,0.0,0.0,4,2,2,0,0,1.0,1.0,0.0,6,1.0,10,52,9,47,78.6,308,392,15,7,20.0,3,15,11,13,11,2,30,3,0.0,0,3.0,1.0,,4.0,9,7.39,6.47
PL-2024-25-12437058,Jornada 10,2024-11-02,Southampton,1,Everton,1,0,1.0,0.0,9,2,5,2,0,0.0,1.0,1.0,3,3.0,12,58,22,65,91.7,540,589,20,18,31.6,6,19,7,14,8,6,22,0,0.0,1,5.0,2.0,1.0,4.0,14,0.0,0.0,16,5,8,3,2,3.0,3.0,3.0,6,1.0,11,52,27,35,81.0,247,305,20,14,26.3,5,19,8,21,8,13,17,1,0.0,0,1.0,0.0,1.0,2.0,18,7.25,6.91
PL-2024-25-12437060,Jornada 10,2024-11-02,Wolves,1,Crystal Palace,2,2,2.0,0.0,11,6,4,1,0,2.0,2.0,4.0,3,4.0,14,48,20,57,80.4,389,484,32,9,16.7,2,12,13,25,10,15,21,2,0.0,0,4.0,1.0,,1.0,7,2.0,0.0,19,7,7,5,0,0.0,2.0,4.0,6,1.0,9,63,28,43,76.3,273,358,23,7,21.7,5,23,9,14,7,7,27,2,0.0,0,4.0,1.0,,2.0,9,7.04,6.92
PL-2024-25-12437059,Jornada 10,2024-11-03,Tottenham,1,Aston Villa,4,1,3.0,1.0,16,6,8,2,0,1.0,6.0,3.0,6,,5,52,22,51,89.2,354,397,12,14,8.7,2,23,16,17,7,10,17,1,0.0,0,1.0,2.0,1.0,2.0,14,1.0,0.0,12,1,8,3,1,0.0,5.0,4.0,4,,14,31,15,49,83.9,324,386,16,14,25.0,3,12,11,19,11,8,21,4,0.0,0,2.0,3.0,0.0,0.0,14,7.25,6.62
PL-2024-25-12437055,Jornada 10,2024-11-03,Man United,1,Chelsea,1,1,1.0,0.0,11,4,4,3,1,1.0,2.0,4.0,4,4.0,10,46,22,46,79.5,322,405,15,14,23.1,3,13,11,22,13,9,16,1,0.0,0,2.0,0.0,0.0,6.0,19,1.0,0.0,12,3,4,5,1,1.0,3.0,1.0,8,0.0,15,47,30,54,83.6,397,475,16,19,5.3,1,19,7,20,11,9,19,1,0.0,0,3.0,1.0,2.0,2.0,14,6.77,7.03
PL-2024-25-12437052,Jornada 10,2024-11-04,Fulham,1,Brentford,2,1,2.0,0.0,26,12,4,10,0,5.0,5.0,1.0,11,2.0,12,74,49,68,87.9,565,643,28,10,20.9,9,43,13,15,8,7,11,1,0.0,0,1.0,0.0,1.0,2.0,3,0.0,1.0,5,2,1,2,0,0.0,1.0,1.0,3,0.0,7,59,9,32,70.7,227,321,19,3,16.7,1,6,12,16,12,4,38,2,0.0,0,10.0,2.0,1.0,1.0,10,7.32,7.04
PL-2024-25-12436876,Jornada 11,2024-11-09,Brentford,1,Bournemouth,3,2,3.0,0.0,12,6,2,4,0,2.0,0.0,2.0,6,0.0,4,47,29,52,75.8,313,413,14,16,21.7,5,23,6,11,6,5,41,2,0.0,0,1.0,1.0,1.0,2.0,8,2.0,0.0,15,3,3,9,1,0.0,4.0,3.0,4,1.0,6,78,34,48,75.1,290,386,22,8,26.1,6,23,8,16,12,4,32,3,0.0,0,3.0,0.0,2.0,4.0,16,7.13,6.85
PL-2024-25-12436483,Jornada 11,2024-11-09,Crystal Palace,1,Fulham,0,2,0.0,0.0,13,5,6,2,0,1.0,4.0,4.0,1,1.0,6,45,16,36,77.2,274,355,23,11,16.7,2,12,19,19,11,8,25,2,0.0,0,5.0,0.0,,1.0,10,2.0,0.0,17,7,6,4,0,1.0,5.0,3.0,8,4.0,10,72,32,64,85.0,531,625,30,10,25.0,5,20,11,16,10,6,12,0,0.0,1,4.0,1.0,,1.0,11,6.79,7.6
PL-2024-25-12436486,Jornada 11,2024-11-09,West Ham,1,Everton,0,0,0.0,0.0,11,6,1,4,1,1.0,3.0,2.0,7,1.0,7,62,19,49,78.1,349,447,26,9,14.3,2,14,4,13,6,7,33,0,0.0,1,4.0,2.0,,1.0,10,0.0,0.0,18,4,8,6,0,0.0,7.0,0.0,6,1.0,10,78,26,51,75.8,341,450,25,10,37.0,10,27,8,20,8,12,16,0,0.0,1,6.0,1.0,,2.0,9,7.07,7.39
PL-2024-25-12436485,Jornada 11,2024-11-09,Wolves,1,Southampton,2,0,1.0,1.0,8,4,1,3,0,1.0,2.0,1.0,1,3.0,12,30,19,29,76.6,213,278,15,12,33.3,1,3,7,14,9,5,27,0,0.0,1,0.0,,,1.0,14,0.0,0.0,9,0,6,3,0,0.0,4.0,1.0,9,0.0,9,63,19,71,90.0,606,673,17,14,16.0,4,25,5,16,7,9,6,2,0.0,0,2.0,,,4.0,12,7.13,6.62
PL-2024-25-12436882,Jornada 11,2024-11-09,Brighton,1,Man City,2,1,2.0,0.0,10,4,4,2,0,0.0,2.0,8.0,0,3.0,2,34,20,40,87.3,372,426,22,10,50.0,4,8,12,16,6,10,21,1,0.0,0,5.0,0.0,,3.0,12,1.0,0.0,15,6,6,3,1,0.0,3.0,5.0,4,1.0,15,61,28,60,89.7,586,653,24,12,36.4,4,11,4,12,5,7,8,2,0.0,0,2.0,2.0,,3.0,10,6.72,7.0
PL-2024-25-12436484,Jornada 11,2024-11-09,Liverpool,1,Aston Villa,2,0,2.0,0.0,14,5,6,3,0,2.0,3.0,4.0,2,1.0,9,54,30,62,88.2,546,619,21,15,37.5,3,8,7,12,9,3,15,0,0.0,1,2.0,2.0,,0.0,11,0.0,0.0,12,2,8,2,0,0.0,2.0,5.0,9,1.0,11,23,28,38,82.1,288,351,17,11,30.4,7,23,6,16,8,8,18,2,0.0,0,3.0,0.0,,3.0,15,7.35,6.73
PL-2024-25-12436494,Jornada 11,2024-11-10,Man United,1,Leicester,3,0,0.0,2.0,13,3,4,6,0,0.0,4.0,1.0,1,1.0,11,46,17,51,85.1,418,491,13,5,26.7,4,15,7,33,24,9,18,0,0.0,1,5.0,1.0,,0.0,9,0.0,0.0,6,5,1,0,0,2.0,0.0,1.0,5,2.0,19,50,11,49,83.3,388,466,15,9,18.8,3,16,7,22,14,8,18,3,0.0,0,1.0,0.0,,1.0,5,7.31,6.67
PL-2024-25-12436487,Jornada 11,2024-11-10,Nottm Forest,1,Newcastle,1,3,1.0,0.0,9,3,3,3,0,0.0,2.0,2.0,4,3.0,6,53,17,44,78.1,299,383,23,6,21.7,5,23,7,29,19,10,28,3,0.0,0,3.0,1.0,1.0,1.0,13,3.0,0.0,17,6,7,4,0,1.0,4.0,2.0,5,0.0,2,62,33,56,86.4,427,494,16,13,17.9,5,28,14,13,8,5,20,1,0.0,0,2.0,3.0,0.0,1.0,6,6.85,7.15
PL-2024-25-12436492,Jornada 11,2024-11-10,Tottenham,1,Ipswich,1,2,1.0,0.0,17,5,9,3,0,1.0,5.0,2.0,12,,11,63,36,66,84.0,462,550,23,19,18.2,6,33,13,13,6,7,13,2,0.0,0,1.0,1.0,,1.0,10,2.0,0.0,8,3,2,3,1,0.0,2.0,4.0,2,,13,44,23,34,67.6,188,278,21,10,37.5,3,8,11,17,9,8,34,1,0.0,0,5.0,6.0,,5.0,19,6.99,6.99
PL-2024-25-12436890,Jornada 11,2024-11-10,Chelsea,1,Arsenal,1,1,0.0,1.0,17,3,6,8,0,1.0,10.0,1.0,4,1.0,7,44,22,49,85.4,358,419,24,12,35.7,5,14,7,19,16,3,18,1,0.0,0,2.0,1.0,1.0,4.0,12,1.0,0.0,13,3,4,6,0,0.0,5.0,4.0,3,7.0,8,54,19,51,88.2,375,425,15,12,11.8,2,17,6,13,6,7,17,1,0.0,0,2.0,4.0,1.0,2.0,12,6.96,6.99
PL-2024-25-12436495,Jornada 12,2024-11-23,Leicester,1,Chelsea,1,2,1.0,0.0,4,1,2,1,0,0.0,0.0,1.0,2,3.0,6,44,9,37,74.8,264,353,16,11,14.3,1,7,8,18,9,9,19,2,0.0,0,4.0,1.0,0.0,4.0,15,2.0,0.0,16,7,6,3,0,0.0,5.0,4.0,9,1.0,10,67,38,63,86.7,528,609,19,15,13.3,2,15,9,18,11,7,11,1,0.0,0,0.0,0.0,1.0,3.0,12,6.49,7.27
PL-2024-25-12436489,Jornada 12,2024-11-23,Arsenal,1,Nottm Forest,3,0,2.0,1.0,19,7,7,5,0,0.0,4.0,1.0,8,4.0,8,54,48,66,91.3,536,587,20,11,16.7,3,18,4,15,13,2,14,0,0.0,1,0.0,1.0,1.0,3.0,10,0.0,0.0,7,0,5,2,0,0.0,2.0,0.0,1,2.0,4,29,14,34,81.4,240,295,20,10,38.9,7,18,10,16,10,6,24,3,0.0,0,3.0,0.0,0.0,2.0,11,7.28,6.69
PL-2024-25-12436493,Jornada 12,2024-11-23,Aston Villa,1,Crystal Palace,2,2,2.0,0.0,17,5,6,6,1,0.0,2.0,4.0,10,1.0,12,78,48,70,86.1,531,617,18,10,30.0,6,20,4,9,5,4,12,2,0.0,0,4.0,,0.0,3.0,10,2.0,0.0,13,6,6,1,1,0.0,3.0,4.0,1,2.0,3,44,17,30,69.0,180,261,14,10,13.3,2,15,10,23,16,7,25,2,0.0,0,3.0,,2.0,2.0,11,7.01,7.02
PL-2024-25-12436491,Jornada 12,2024-11-23,Bournemouth,1,Brighton,1,2,1.0,0.0,19,5,11,3,1,0.0,5.0,4.0,7,5.0,5,78,39,55,86.6,415,479,21,10,16.7,6,36,10,20,11,9,8,2,0.0,0,2.0,0.0,0.0,2.0,13,2.0,0.0,6,4,1,1,0,1.0,0.0,2.0,0,1.0,8,51,14,45,80.5,339,421,20,13,100.0,2,2,6,20,13,7,31,1,0.0,0,4.0,3.0,1.0,4.0,10,6.76,7.04
PL-2024-25-12436488,Jornada 12,2024-11-23,Everton,1,Brentford,0,0,0.0,0.0,27,5,12,10,0,2.0,9.0,1.0,10,3.0,10,72,40,59,87.1,405,465,27,10,30.2,13,43,3,12,5,7,23,0,0.0,1,2.0,0.0,0.0,,8,0.0,0.0,9,2,4,3,0,1.0,3.0,2.0,4,3.0,5,45,15,41,79.2,271,342,19,8,18.2,2,11,3,18,11,7,32,0,0.0,1,5.0,2.0,1.0,,10,7.45,7.05
PL-2024-25-12436490,Jornada 12,2024-11-23,Fulham,1,Wolves,1,4,0.0,1.0,10,3,4,3,2,1.0,2.0,1.0,7,2.0,8,60,23,59,85.0,463,545,18,14,28.6,8,28,11,23,15,8,10,4,0.0,0,1.0,0.0,1.0,3.0,14,3.0,1.0,10,5,2,3,0,1.0,1.0,2.0,2,1.0,10,45,23,41,82.9,325,392,26,14,,0,6,8,17,10,7,36,1,0.0,0,2.0,1.0,1.0,0.0,14,6.69,7.22
PL-2024-25-12436499,Jornada 12,2024-11-23,Man City,1,Tottenham,0,4,0.0,0.0,23,5,11,7,1,2.0,3.0,4.0,9,2.0,9,61,43,58,92.4,523,566,22,9,21.2,7,33,9,13,8,5,13,4,0.0,0,3.0,0.0,1.0,4.0,19,4.0,0.0,9,7,2,0,1,1.0,1.0,6.0,3,3.0,8,26,17,42,83.8,358,427,12,19,30.0,3,10,5,13,11,2,26,0,0.0,1,5.0,3.0,1.0,2.0,9,6.81,7.52
PL-2024-25-12436506,Jornada 12,2024-11-24,Southampton,1,Liverpool,2,3,2.0,0.0,7,5,2,0,0,1.0,1.0,3.0,3,0.0,9,27,17,38,83.0,303,365,9,8,37.5,3,8,5,15,8,7,32,3,0.0,0,8.0,2.0,,3.0,11,3.0,0.0,27,11,7,9,1,3.0,6.0,7.0,10,1.0,10,77,51,62,88.5,531,600,16,10,30.0,9,30,8,16,12,4,4,2,0.0,0,3.0,0.0,,4.0,9,6.74,7.31
PL-2024-25-12436497,Jornada 12,2024-11-24,Ipswich,1,Man United,1,1,0.0,1.0,11,6,3,2,0,2.0,3.0,3.0,4,0.0,5,58,11,40,82.3,349,424,17,10,25.0,4,16,5,16,7,9,12,1,0.0,0,3.0,2.0,,,11,1.0,0.0,11,4,5,2,0,1.0,2.0,2.0,3,1.0,5,45,16,60,87.5,568,649,22,11,14.3,1,7,11,15,8,7,16,1,0.0,0,5.0,1.0,,,10,6.85,7.02
PL-2024-25-12436496,Jornada 12,2024-11-25,Newcastle,1,West Ham,0,2,0.0,0.0,18,2,10,6,0,0.0,4.0,2.0,8,1.0,5,72,40,53,85.1,433,509,14,8,28.6,10,35,7,21,13,8,20,2,0.0,0,4.0,,1.0,1.0,11,2.0,0.0,15,6,3,6,0,3.0,5.0,0.0,3,0.0,8,48,17,47,82.1,390,475,23,11,16.7,2,12,10,26,20,6,34,0,0.0,1,2.0,,2.0,0.0,8,6.9,7.29
PL-2024-25-12436501,Jornada 13,2024-11-29,Brighton,1,Southampton,1,1,1.0,0.0,22,5,10,7,1,2.0,5.0,3.0,7,3.0,9,43,44,52,90.4,414,458,16,16,34.4,11,32,3,14,8,6,16,1,0.0,0,1.0,3.0,,2.0,20,1.0,0.0,10,2,2,6,1,0.0,2.0,1.0,6,1.0,12,41,21,48,87.4,368,421,23,20,17.4,4,23,4,17,9,8,30,1,0.0,0,4.0,0.0,,4.0,16,7.12,6.96
PL-2024-25-12436500,Jornada 13,2024-11-30,Brentford,1,Leicester,4,1,4.0,0.0,13,6,3,4,0,1.0,2.0,4.0,5,1.0,16,74,30,60,84.9,489,576,19,10,10.0,2,20,9,20,8,12,27,1,0.0,0,2.0,1.0,1.0,1.0,9,1.0,0.0,7,3,1,3,0,1.0,3.0,1.0,4,1.0,7,49,15,40,76.2,288,378,18,9,11.8,2,17,10,15,9,6,26,4,0.0,0,2.0,1.0,1.0,1.0,10,7.42,6.43
PL-2024-25-12436502,Jornada 13,2024-11-30,Crystal Palace,1,Newcastle,1,1,1.0,0.0,16,4,7,5,0,0.0,4.0,5.0,8,2.0,9,46,24,49,79.6,320,402,22,11,31.8,7,22,13,30,17,13,24,1,0.0,0,0.0,0.0,,3.0,12,0.0,0.0,1,0,0,1,0,0.0,0.0,0.0,9,2.0,6,46,12,51,80.9,338,418,29,12,9.1,2,22,8,12,9,3,25,1,0.0,0,2.0,3.0,,3.0,11,7.05,6.86
PL-2024-25-12436503,Jornada 13,2024-11-30,Nottm Forest,1,Ipswich,1,0,1.0,0.0,12,5,5,2,1,1.0,3.0,2.0,8,3.0,7,51,26,45,76.8,238,310,16,15,35.0,7,20,8,20,12,8,22,0,0.0,1,2.0,1.0,1.0,1.0,5,0.0,0.0,7,3,2,2,0,0.0,2.0,0.0,7,1.0,8,43,19,55,79.3,307,387,16,5,18.8,3,16,4,16,10,6,19,1,0.0,0,4.0,2.0,0.0,3.0,16,7.39,6.65
PL-2024-25-12436922,Jornada 13,2024-11-30,Wolves,1,Bournemouth,2,4,2.0,0.0,10,3,5,2,0,1.0,4.0,2.0,3,2.0,9,55,18,60,84.6,440,520,25,11,19.0,4,21,6,28,18,10,20,4,0.0,0,4.0,1.0,0.0,5.0,13,4.0,0.0,12,8,2,2,0,1.0,1.0,4.0,4,1.0,3,52,20,40,77.0,265,344,24,10,13.3,2,15,8,26,14,12,20,2,0.0,0,1.0,1.0,1.0,1.0,11,6.72,7.08
PL-2024-25-12436914,Jornada 13,2024-11-30,West Ham,1,Arsenal,2,5,1.0,1.0,12,5,3,4,1,1.0,2.0,2.0,2,1.0,5,39,17,40,78.0,252,323,24,13,11.1,1,9,6,22,16,6,21,5,0.0,0,2.0,1.0,2.0,4.0,10,5.0,0.0,16,7,5,4,0,1.0,2.0,5.0,10,1.0,5,56,32,60,83.5,400,479,22,8,31.6,6,19,6,17,6,11,14,2,0.0,0,3.0,0.0,0.0,1.0,13,6.48,7.25
PL-2024-25-12436498,Jornada 13,2024-12-01,Chelsea,1,Aston Villa,3,0,2.0,1.0,17,8,6,3,0,1.0,3.0,2.0,3,3.0,8,66,32,64,90.0,561,623,17,6,16.7,2,12,3,17,10,7,5,0,0.0,1,3.0,1.0,,2.0,21,0.0,0.0,10,4,3,3,0,0.0,2.0,2.0,4,1.0,5,30,19,36,84.1,296,352,18,21,42.9,3,7,10,16,7,9,12,3,0.0,0,5.0,1.0,,2.0,6,7.33,6.54
PL-2024-25-12436505,Jornada 13,2024-12-01,Man United,1,Everton,4,0,4.0,0.0,11,5,2,4,0,1.0,1.0,3.0,2,3.0,9,27,22,60,89.8,566,630,25,12,16.7,1,6,10,16,11,5,12,0,0.0,1,2.0,,,2.0,12,0.0,0.0,8,2,3,3,0,1.0,3.0,1.0,2,2.0,9,50,13,40,86.4,356,412,21,12,15.4,2,13,5,19,10,9,8,4,0.0,0,1.0,,,3.0,12,7.49,6.33
PL-2024-25-12436507,Jornada 13,2024-12-01,Tottenham,1,Fulham,1,1,1.0,0.0,8,3,3,2,1,0.0,4.0,2.0,7,1.0,3,66,16,51,86.6,427,493,13,14,12.5,2,16,9,16,9,7,23,1,0.0,0,5.0,1.0,0.0,0.0,4,1.0,0.0,14,6,4,4,1,0.0,2.0,3.0,11,1.0,11,52,36,49,84.4,383,454,32,4,28.6,8,28,14,16,10,6,22,1,0.0,0,2.0,1.0,1.0,1.0,14,7.06,7.05
PL-2024-25-12436504,Jornada 13,2024-12-01,Liverpool,1,Man City,2,0,2.0,0.0,18,7,7,4,2,2.0,5.0,5.0,7,4.0,5,40,30,44,83.6,347,415,25,7,28.6,4,14,6,22,13,9,13,0,0.0,1,3.0,,,1.0,9,0.0,0.0,8,2,3,3,0,0.0,1.0,1.0,4,3.0,13,48,30,56,88.4,481,544,10,9,,0,9,5,17,14,3,21,2,0.0,0,5.0,,,3.0,8,7.22,6.76
PL-2024-25-12436961,Jornada 14,2024-12-03,Ipswich,1,Crystal Palace,0,1,0.0,0.0,9,2,4,3,1,0.0,4.0,1.0,4,1.0,9,57,13,54,83.5,439,526,41,13,23.8,5,21,9,18,11,7,26,1,0.0,0,2.0,0.0,0.0,2.0,14,1.0,0.0,13,3,4,6,0,0.0,4.0,3.0,7,1.0,4,64,22,46,80.5,354,440,22,14,16.7,3,18,4,15,9,6,22,0,0.0,1,2.0,2.0,2.0,4.0,13,6.99,6.99
PL-2024-25-12436966,Jornada 14,2024-12-03,Leicester,1,West Ham,3,1,3.0,0.0,8,6,2,0,0,0.0,0.0,7.0,3,1.0,6,38,20,39,75.7,287,379,23,7,18.2,2,11,12,35,24,11,32,1,0.0,0,7.0,3.0,1.0,2.0,9,1.0,0.0,31,10,10,11,1,1.0,6.0,5.0,9,2.0,20,75,57,61,85.8,507,591,27,9,37.0,10,27,8,13,8,5,11,3,0.0,0,3.0,0.0,0.0,2.0,7,7.39,7.08
PL-2024-25-12436947,Jornada 14,2024-12-04,Everton,1,Wolves,4,0,1.0,1.0,13,4,5,4,0,0.0,4.0,2.0,3,4.0,11,61,16,44,79.8,292,366,34,8,10.0,1,10,13,20,11,9,29,0,0.0,1,2.0,,,2.0,10,0.0,0.0,6,2,2,2,0,1.0,3.0,2.0,4,0.0,10,49,15,56,80.3,380,473,29,10,,0,13,6,30,20,10,13,4,0.0,0,2.0,,,0.0,8,7.24,6.36
PL-2024-25-12436972,Jornada 14,2024-12-04,Man City,1,Nottm Forest,3,0,3.0,0.0,17,7,7,3,0,0.0,5.0,4.0,8,1.0,13,52,42,67,89.4,521,583,19,15,40.0,6,15,5,16,11,5,15,0,0.0,1,3.0,,,2.0,7,0.0,0.0,12,3,7,2,0,1.0,2.0,1.0,2,2.0,5,39,14,33,79.9,230,288,13,7,23.1,3,13,14,24,16,8,18,3,0.0,0,3.0,,,4.0,15,7.53,6.61
PL-2024-25-12436978,Jornada 14,2024-12-04,Newcastle,1,Liverpool,3,3,2.0,1.0,17,6,7,4,1,1.0,6.0,4.0,5,4.0,12,43,21,41,79.1,277,350,15,17,12.5,2,16,5,14,10,4,15,3,0.0,0,2.0,3.0,,2.0,9,3.0,0.0,16,5,5,6,2,1.0,1.0,4.0,6,0.0,7,44,35,59,87.5,450,514,15,9,20.0,3,15,10,23,13,10,22,3,0.0,0,3.0,1.0,,5.0,17,7.07,6.86
PL-2024-25-12436984,Jornada 14,2024-12-04,Southampton,1,Chelsea,1,5,1.0,0.0,6,4,0,2,0,0.0,0.0,4.0,5,3.0,14,27,20,45,88.9,384,432,18,14,12.5,2,16,6,12,10,2,23,5,0.0,0,6.0,0.0,,1.0,7,4.0,1.0,26,13,7,6,3,0.0,3.0,12.0,7,1.0,4,59,51,55,92.3,494,535,11,7,25.0,3,12,8,15,10,5,9,1,0.0,0,3.0,1.0,,0.0,14,6.51,7.49
PL-2024-25-12436935,Jornada 14,2024-12-04,Arsenal,1,Man United,2,0,2.0,0.0,14,6,3,5,0,0.0,1.0,5.0,13,2.0,7,51,36,50,87.0,403,463,25,8,30.4,7,23,3,15,11,4,8,0,0.0,1,2.0,0.0,0.0,1.0,12,0.0,0.0,5,2,3,0,0,0.0,2.0,0.0,0,2.0,8,38,6,50,86.6,412,476,23,12,16.7,1,6,10,19,10,9,24,2,0.0,0,4.0,2.0,4.0,3.0,8,7.25,6.83
PL-2024-25-12436942,Jornada 14,2024-12-04,Aston Villa,1,Brentford,3,1,2.0,1.0,20,10,6,4,0,0.0,3.0,4.0,10,0.0,9,38,41,49,86.0,333,387,24,14,25.0,6,24,8,16,12,4,22,1,0.0,0,0.0,2.0,0.0,2.0,11,1.0,0.0,9,1,4,4,0,0.0,2.0,1.0,5,1.0,5,48,25,51,85.1,342,402,29,11,14.3,3,21,8,14,7,7,19,3,0.0,0,7.0,3.0,1.0,2.0,15,7.32,6.9
PL-2024-25-12436955,Jornada 14,2024-12-05,Fulham,1,Brighton,3,1,2.0,0.0,6,2,3,1,0,0.0,0.0,1.0,5,0.0,11,32,19,43,80.9,309,382,30,8,18.8,3,16,8,16,7,9,32,1,0.0,0,2.0,,0.0,2.0,7,0.0,1.0,13,3,5,5,0,0.0,4.0,3.0,6,1.0,11,46,21,57,87.8,438,499,25,7,19.0,4,21,11,11,5,6,22,3,0.0,0,0.0,,1.0,2.0,8,7.05,6.7
PL-2024-25-13015216,Jornada 14,2024-12-05,Bournemouth,1,Tottenham,1,0,1.0,0.0,21,8,8,5,1,0.0,4.0,7.0,5,3.0,8,50,28,35,70.2,174,248,18,8,35.7,5,14,18,25,14,11,28,0,0.0,1,4.0,1.0,2.0,2.0,15,0.0,0.0,12,4,5,3,0,3.0,2.0,1.0,9,3.0,10,60,25,65,82.1,394,480,16,15,14.3,3,21,9,24,16,8,15,1,0.0,0,7.0,0.0,0.0,2.0,8,7.14,7.05
PL-2024-25-12436990,Jornada 15,2024-12-07,Aston Villa,1,Southampton,1,0,0.0,1.0,18,5,5,8,0,0.0,4.0,5.0,14,0.0,5,48,40,47,86.2,363,421,18,15,24.0,6,25,8,27,15,12,9,0,0.0,1,0.0,0.0,0.0,1.0,18,0.0,0.0,4,0,0,4,0,0.0,0.0,0.0,1,4.0,4,35,23,53,89.4,438,490,23,18,15.4,2,13,12,15,5,10,17,1,0.0,0,3.0,1.0,2.0,3.0,15,7.09,6.88
PL-2024-25-12436450,Jornada 15,2024-12-07,Brentford,1,Newcastle,4,2,4.0,0.0,11,8,2,1,0,1.0,1.0,3.0,3,3.0,9,65,26,44,80.3,317,395,27,7,6.7,1,15,4,24,15,9,29,2,0.0,0,2.0,1.0,1.0,3.0,10,2.0,0.0,16,3,11,2,1,1.0,5.0,3.0,4,2.0,14,45,40,56,86.5,428,495,10,10,16.7,4,24,3,12,5,7,25,4,0.0,0,4.0,2.0,2.0,0.0,7,7.11,6.79
PL-2024-25-12436445,Jornada 15,2024-12-07,Crystal Palace,1,Man City,2,2,2.0,0.0,12,3,1,8,0,0.0,5.0,1.0,6,3.0,6,41,15,32,77.5,258,333,23,10,23.1,3,13,6,18,9,9,23,2,0.0,0,2.0,1.0,,1.0,4,2.0,0.0,12,4,4,4,1,0.0,3.0,3.0,8,2.0,5,65,34,68,88.5,636,719,20,4,31.2,5,16,7,14,7,7,16,2,0.0,0,1.0,0.0,,2.0,10,6.94,7.1
PL-2024-25-12436449,Jornada 15,2024-12-07,Man United,1,Nottm Forest,2,3,1.0,1.0,17,7,5,5,1,1.0,5.0,2.0,5,0.0,7,56,31,71,87.9,528,601,17,13,13.0,3,23,9,13,10,3,5,3,0.0,0,0.0,0.0,,0.0,10,2.0,1.0,11,3,4,4,1,0.0,3.0,0.0,3,1.0,8,40,16,29,65.3,158,242,12,10,57.1,4,7,8,16,8,8,31,2,0.0,0,5.0,1.0,,2.0,13,6.77,6.97
PL-2024-25-12436459,Jornada 15,2024-12-08,Fulham,1,Arsenal,1,1,1.0,0.0,2,2,0,0,0,0.0,0.0,0.0,0,0.0,5,30,3,34,72.2,218,302,28,9,,0,10,9,27,16,11,25,1,0.0,0,3.0,4.0,2.0,4.0,10,1.0,0.0,12,4,8,0,0,1.0,1.0,4.0,6,3.0,8,69,36,66,88.9,522,587,19,10,24.2,8,33,6,9,6,3,11,1,0.0,0,1.0,1.0,0.0,2.0,9,6.9,7.07
PL-2024-25-12436462,Jornada 15,2024-12-08,Ipswich,1,Bournemouth,1,2,1.0,0.0,18,5,6,7,0,1.0,6.0,1.0,6,,8,47,30,43,73.5,250,340,28,13,30.8,4,13,5,19,12,7,29,2,0.0,0,4.0,1.0,2.0,2.0,9,2.0,0.0,22,6,9,7,1,2.0,6.0,5.0,13,,11,73,41,57,80.6,357,443,31,9,13.0,3,23,10,23,15,8,26,1,0.0,0,4.0,0.0,1.0,1.0,13,6.92,7.22
PL-2024-25-12436444,Jornada 15,2024-12-08,Leicester,1,Brighton,2,2,2.0,0.0,10,3,2,5,0,0.0,3.0,3.0,4,1.0,12,48,18,55,84.4,439,520,16,10,25.0,5,20,6,15,7,8,10,2,0.0,0,5.0,1.0,,1.0,9,1.0,1.0,16,7,6,3,0,3.0,4.0,0.0,5,0.0,11,38,24,45,85.3,366,429,21,9,40.0,6,15,6,19,14,5,21,2,0.0,0,1.0,0.0,,2.0,10,6.82,6.92
PL-2024-25-12436441,Jornada 15,2024-12-08,Tottenham,1,Chelsea,3,4,3.0,0.0,13,5,5,3,1,0.0,2.0,6.0,5,3.0,8,36,26,39,83.2,263,316,12,11,33.3,5,15,4,19,14,5,19,4,0.0,0,4.0,1.0,,2.0,17,3.0,1.0,17,8,4,5,0,2.0,2.0,3.0,10,2.0,10,51,47,61,86.3,446,517,19,15,25.0,4,16,12,18,13,5,7,3,0.0,0,2.0,0.0,,3.0,11,6.66,7.04
PL-2024-25-12436454,Jornada 15,2024-12-09,West Ham,1,Wolves,2,1,2.0,0.0,19,4,6,9,0,0.0,4.0,1.0,11,4.0,11,57,39,54,80.4,348,433,26,17,40.9,9,22,8,13,7,6,18,1,0.0,0,4.0,0.0,0.0,5.0,12,1.0,0.0,19,5,7,7,0,4.0,3.0,2.0,0,1.0,8,54,24,46,76.9,290,377,36,12,38.5,5,13,4,19,9,10,21,2,0.0,0,2.0,1.0,1.0,4.0,17,7.25,6.96
PL-2024-25-13344418,Jornada 15,2025-02-12,Everton,1,Liverpool,2,2,2.0,0.0,10,3,5,2,0,1.0,2.0,1.0,2,3.0,4,66,15,37,70.0,215,307,33,20,18.8,3,16,8,19,13,6,43,2,0.0,0,2.0,,0.0,4.0,9,2.0,0.0,6,4,0,2,0,2.0,0.0,2.0,3,2.0,8,66,18,63,82.8,452,546,22,9,10.0,1,10,8,18,10,8,36,2,0.0,0,1.0,,1.0,4.0,20,6.88,6.9
PL-2024-25-12436438,Jornada 16,2024-12-14,Arsenal,1,Everton,0,0,0.0,0.0,13,5,3,5,0,0.0,2.0,1.0,8,5.0,13,79,49,77,92.3,631,684,19,9,25.0,7,28,0,18,10,8,7,0,0.0,1,0.0,1.0,0.0,0.0,6,0.0,0.0,2,0,0,2,0,0.0,1.0,0.0,2,3.0,10,38,8,23,71.3,149,209,13,6,12.5,1,8,7,29,20,9,39,0,0.0,1,5.0,3.0,2.0,3.0,9,7.25,7.05
PL-2024-25-12436446,Jornada 16,2024-12-14,Liverpool,1,Fulham,2,2,2.0,0.0,16,4,7,5,0,0.0,0.0,3.0,5,2.0,12,68,35,61,88.7,469,529,30,7,19.4,6,31,9,15,9,6,6,2,0.0,0,1.0,1.0,0.0,3.0,10,2.0,0.0,12,3,5,4,0,0.0,5.0,1.0,4,2.0,7,38,17,39,82.4,280,340,26,10,28.6,4,14,7,15,8,7,29,2,0.0,0,2.0,1.0,1.0,4.0,7,6.64,6.84
PL-2024-25-12436460,Jornada 16,2024-12-14,Newcastle,1,Leicester,4,0,4.0,0.0,27,11,9,7,0,3.0,4.0,5.0,5,0.0,11,60,54,59,87.4,553,633,20,16,33.3,5,15,6,8,5,3,13,0,0.0,1,1.0,2.0,,3.0,7,0.0,0.0,4,1,0,3,0,0.0,2.0,0.0,2,2.0,8,40,10,41,78.1,331,424,18,7,10.0,1,10,13,23,6,17,25,4,0.0,0,7.0,0.0,,3.0,16,7.7,6.52
PL-2024-25-12436456,Jornada 16,2024-12-14,Wolves,1,Ipswich,1,2,1.0,0.0,16,6,5,5,0,2.0,3.0,1.0,7,2.0,15,61,26,54,83.8,418,499,21,9,24.0,6,25,6,20,13,7,19,2,0.0,0,2.0,1.0,1.0,2.0,13,1.0,0.0,10,5,2,3,0,1.0,2.0,2.0,3,4.0,11,51,32,46,83.3,350,420,19,13,17.6,3,17,12,12,4,8,31,1,0.0,0,5.0,4.0,2.0,3.0,9,7.05,6.95
PL-2024-25-12436447,Jornada 16,2024-12-14,Nottm Forest,1,Aston Villa,2,1,2.0,0.0,17,6,6,5,0,0.0,5.0,3.0,4,2.0,10,52,27,50,91.3,431,472,21,6,23.8,5,21,8,19,14,5,24,1,0.0,0,1.0,2.0,1.0,0.0,12,1.0,0.0,8,2,4,2,0,0.0,1.0,0.0,3,2.0,5,53,33,50,88.5,414,468,24,12,31.2,5,16,6,11,5,6,21,2,0.0,0,4.0,1.0,0.0,1.0,6,7.27,6.87
PL-2024-25-12436457,Jornada 16,2024-12-15,Brighton,1,Crystal Palace,1,3,0.0,0.0,17,5,4,8,0,2.0,6.0,1.0,8,1.0,16,71,34,65,88.2,503,570,15,15,26.1,6,23,5,22,16,6,11,3,0.0,0,2.0,1.0,1.0,1.0,11,3.0,0.0,13,5,5,3,0,0.0,2.0,5.0,5,1.0,5,34,23,35,73.5,225,306,11,11,33.3,4,12,8,25,16,9,29,1,0.0,0,5.0,1.0,0.0,4.0,15,6.79,7.09
PL-2024-25-12436451,Jornada 16,2024-12-15,Man City,1,Man United,1,2,1.0,0.0,10,3,4,3,0,2.0,3.0,0.0,8,0.0,9,63,18,52,86.7,432,498,22,14,10.5,2,19,10,14,10,4,10,2,0.0,0,1.0,,,1.0,5,2.0,0.0,10,3,4,3,0,0.0,3.0,3.0,2,6.0,8,39,22,48,88.2,413,468,27,4,40.0,4,10,17,24,11,13,18,1,0.0,0,2.0,,,1.0,14,6.92,7.08
PL-2024-25-12436461,Jornada 16,2024-12-15,Chelsea,1,Brentford,2,1,2.0,0.0,26,8,10,8,0,2.0,4.0,4.0,8,1.0,5,69,51,62,85.5,443,518,25,7,29.4,10,34,8,15,8,7,20,1,0.0,0,3.0,6.0,0.0,2.0,11,0.0,1.0,9,4,3,2,1,1.0,0.0,4.0,5,3.0,4,46,17,38,76.5,250,327,20,11,16.7,3,18,6,17,12,5,37,2,0.0,0,6.0,0.0,2.0,2.0,7,7.46,6.9
PL-2024-25-12436458,Jornada 16,2024-12-15,Southampton,1,Tottenham,0,5,0.0,0.0,9,3,4,2,0,2.0,2.0,3.0,2,2.0,2,36,16,42,87.1,373,428,14,15,38.5,5,13,11,15,10,5,15,5,0.0,0,4.0,0.0,,1.0,8,5.0,0.0,18,9,5,4,1,1.0,1.0,6.0,5,0.0,13,46,28,58,91.0,544,598,15,8,20.0,3,15,16,14,8,6,10,0,0.0,1,4.0,1.0,,3.0,15,6.36,7.69
PL-2024-25-12436465,Jornada 16,2024-12-16,Bournemouth,1,West Ham,1,1,0.0,1.0,29,9,6,14,1,2.0,9.0,2.0,12,1.0,3,62,40,51,75.9,331,436,35,11,26.7,8,30,10,13,8,5,25,1,0.0,0,2.0,0.0,1.0,0.0,6,1.0,0.0,16,3,6,7,1,0.0,2.0,1.0,6,1.0,10,66,24,49,72.6,305,420,22,5,34.8,8,23,8,12,6,6,29,1,0.0,0,8.0,1.0,0.0,2.0,11,7.15,7.21
PL-2024-25-12436453,Jornada 17,2024-12-21,Aston Villa,1,Man City,2,1,2.0,0.0,11,6,3,2,2,1.0,0.0,4.0,5,3.0,6,33,17,44,86.2,369,428,16,7,33.3,2,6,4,22,12,10,17,1,0.0,0,5.0,1.0,1.0,3.0,14,1.0,0.0,12,6,5,1,0,3.0,2.0,2.0,4,0.0,8,64,22,56,92.4,496,537,23,14,14.3,2,14,5,6,4,2,15,2,0.0,0,4.0,0.0,0.0,3.0,7,7.1,6.94
PL-2024-25-12436463,Jornada 17,2024-12-21,Brentford,1,Nottm Forest,0,2,0.0,0.0,7,3,2,2,0,0.0,0.0,1.0,9,1.0,11,72,37,64,85.0,452,532,26,14,13.2,5,38,13,17,11,6,18,2,0.0,0,4.0,0.0,1.0,3.0,10,2.0,0.0,10,6,3,1,0,0.0,3.0,2.0,5,3.0,4,46,16,36,77.9,236,303,22,10,7.1,1,14,18,20,9,11,49,0,0.0,1,3.0,1.0,1.0,4.0,14,6.92,7.23
PL-2024-25-12436467,Jornada 17,2024-12-21,Ipswich,1,Newcastle,0,4,0.0,0.0,10,2,4,4,0,1.0,1.0,1.0,2,3.0,4,55,20,42,82.8,357,431,21,7,25.0,3,12,4,10,5,5,14,4,0.0,0,3.0,1.0,,2.0,9,4.0,0.0,15,7,7,1,1,0.0,2.0,6.0,1,1.0,11,54,35,58,87.2,537,616,21,9,50.0,5,10,6,15,10,5,15,0,0.0,1,2.0,0.0,,0.0,7,6.24,7.59
PL-2024-25-12436478,Jornada 17,2024-12-21,West Ham,1,Brighton,1,1,1.0,0.0,11,4,3,4,0,1.0,2.0,2.0,8,5.0,6,46,27,46,76.1,283,372,26,20,21.4,3,14,7,26,15,11,29,1,0.0,0,5.0,,0.0,2.0,14,1.0,0.0,12,6,2,4,1,1.0,1.0,4.0,4,1.0,9,56,53,54,84.9,372,438,27,14,18.2,4,22,9,18,10,8,24,1,0.0,0,3.0,,1.0,2.0,20,6.96,6.99
PL-2024-25-12436464,Jornada 17,2024-12-21,Crystal Palace,1,Arsenal,1,5,1.0,0.0,15,6,6,3,0,1.0,4.0,3.0,3,1.0,4,40,18,42,81.1,318,392,15,8,42.9,6,14,3,25,11,14,25,5,0.0,0,1.0,0.0,,2.0,9,5.0,0.0,14,6,3,5,2,0.0,1.0,5.0,3,0.0,8,52,34,58,86.8,479,552,17,9,52.9,9,17,11,14,10,4,15,1,0.0,0,5.0,2.0,,2.0,8,6.55,7.1
PL-2024-25-12436466,Jornada 17,2024-12-22,Everton,1,Chelsea,0,0,0.0,0.0,5,4,0,1,0,3.0,0.0,2.0,2,2.0,5,42,7,25,72.7,152,209,20,12,11.1,1,9,10,30,11,19,21,0,0.0,1,4.0,0.0,,4.0,20,0.0,0.0,12,5,3,4,1,1.0,4.0,3.0,5,1.0,17,64,23,75,89.9,577,642,29,20,16.7,3,18,2,23,14,9,12,0,0.0,1,4.0,2.0,,1.0,12,6.88,7.23
PL-2024-25-12436468,Jornada 17,2024-12-22,Fulham,1,Southampton,0,0,0.0,0.0,15,5,6,4,0,1.0,6.0,2.0,6,1.0,5,43,34,57,86.4,465,538,12,15,28.6,8,28,8,10,6,4,12,0,0.0,1,1.0,2.0,0.0,1.0,8,0.0,0.0,5,1,1,3,0,0.0,2.0,0.0,5,2.0,1,38,14,43,80.2,336,419,16,8,30.8,4,13,11,19,11,8,38,0,0.0,1,5.0,1.0,1.0,3.0,15,7.06,7.05
PL-2024-25-12436469,Jornada 17,2024-12-22,Leicester,1,Wolves,0,3,0.0,0.0,9,5,2,2,0,1.0,1.0,1.0,6,1.0,8,66,17,54,86.6,473,546,20,16,16.7,4,24,9,18,8,10,8,3,0.0,0,1.0,0.0,0.0,2.0,15,3.0,0.0,8,4,3,1,1,0.0,2.0,2.0,1,1.0,2,38,11,46,83.5,400,479,26,15,37.5,3,8,7,20,12,8,22,0,0.0,1,4.0,2.0,1.0,0.0,16,6.47,7.35
PL-2024-25-12436470,Jornada 17,2024-12-22,Man United,1,Bournemouth,0,3,0.0,0.0,23,7,10,6,0,3.0,7.0,4.0,13,0.0,9,56,45,60,80.5,396,492,29,11,38.1,8,21,4,19,12,7,10,3,0.0,0,2.0,1.0,0.0,1.0,11,3.0,0.0,10,5,3,2,0,2.0,2.0,2.0,1,2.0,7,50,14,40,75.1,253,337,22,10,25.0,2,8,11,25,17,8,31,0,0.0,1,7.0,0.0,1.0,3.0,11,6.83,7.5
PL-2024-25-12436471,Jornada 17,2024-12-22,Tottenham,1,Liverpool,3,6,2.0,1.0,9,5,3,1,0,1.0,1.0,2.0,7,4.0,10,50,29,52,85.2,466,547,16,9,18.8,3,16,8,20,13,7,22,6,0.0,0,6.0,,0.0,1.0,7,6.0,0.0,24,12,8,4,1,3.0,3.0,11.0,5,4.0,5,51,51,48,86.1,432,502,26,7,42.9,9,21,15,27,17,10,21,3,0.0,0,2.0,,1.0,2.0,9,6.59,7.49
PL-2024-25-12436481,Jornada 18,2024-12-26,Man City,1,Everton,1,1,1.0,0.0,24,5,9,10,1,1.0,7.0,4.0,8,2.0,13,73,50,66,90.9,586,645,19,9,43.5,10,23,1,16,8,8,11,1,0.0,0,2.0,0.0,,1.0,5,1.0,0.0,8,3,3,2,0,1.0,2.0,1.0,5,2.0,7,55,15,34,81.4,259,318,27,5,37.5,6,16,7,17,14,3,35,1,0.0,0,4.0,1.0,,4.0,10,7.19,6.95
PL-2024-25-12436476,Jornada 18,2024-12-26,Bournemouth,1,Crystal Palace,0,0,0.0,0.0,18,4,10,4,0,1.0,2.0,,5,1.0,4,69,34,52,82.3,376,457,31,12,18.5,5,27,6,22,16,6,22,0,0.0,1,4.0,,,2.0,13,0.0,0.0,10,4,2,4,0,1.0,3.0,,2,1.0,10,60,17,48,77.9,335,430,26,13,45.5,5,11,8,27,15,12,24,0,0.0,1,3.0,,,2.0,12,7.25,7.23
PL-2024-25-12436473,Jornada 18,2024-12-26,Chelsea,1,Fulham,1,2,0.0,1.0,12,8,1,3,0,2.0,2.0,3.0,3,3.0,8,67,24,47,83.4,422,506,16,13,14.3,2,14,6,12,7,5,16,2,0.0,0,5.0,1.0,,1.0,13,2.0,0.0,14,7,7,0,0,0.0,3.0,3.0,1,1.0,14,51,23,53,86.2,489,567,31,13,35.0,7,20,12,9,5,4,20,1,0.0,0,7.0,1.0,,3.0,13,6.94,7.24
PL-2024-25-12436477,Jornada 18,2024-12-26,Newcastle,1,Aston Villa,3,0,3.0,0.0,22,8,7,7,1,1.0,5.0,3.0,9,5.0,6,56,49,63,91.6,504,550,23,10,22.2,4,18,8,11,8,3,19,0,0.0,1,1.0,1.0,,2.0,15,0.0,0.0,4,1,2,1,0,1.0,1.0,0.0,6,3.0,10,34,9,37,80.4,254,316,14,15,5.0,1,20,5,15,7,8,18,3,0.0,0,4.0,2.0,,1.0,10,7.59,6.46
PL-2024-25-12436479,Jornada 18,2024-12-26,Nottm Forest,1,Tottenham,1,0,1.0,0.0,10,3,5,2,0,0.0,3.0,2.0,2,4.0,9,39,18,30,73.2,191,261,19,13,16.7,1,6,10,21,13,8,32,0,0.0,1,4.0,1.0,2.0,3.0,12,0.0,0.0,13,4,4,5,0,0.0,6.0,1.0,7,1.0,10,77,30,70,87.9,545,620,9,12,5.6,1,18,7,11,4,7,3,1,0.0,0,2.0,0.0,0.0,4.0,13,7.27,6.83
PL-2024-25-12436480,Jornada 18,2024-12-26,Southampton,1,West Ham,0,1,0.0,0.0,18,5,9,4,0,0.0,2.0,4.0,2,,8,63,31,54,84.0,399,475,33,8,39.1,9,23,10,15,8,7,13,1,0.0,0,1.0,1.0,,1.0,15,1.0,0.0,16,2,8,6,1,1.0,4.0,2.0,2,,8,47,25,46,79.5,325,409,27,15,30.0,3,10,6,19,13,6,21,0,0.0,1,5.0,1.0,,2.0,8,7.02,7.07
PL-2024-25-12436482,Jornada 18,2024-12-26,Wolves,1,Man United,2,0,2.0,0.0,7,4,1,2,0,1.0,2.0,1.0,4,3.0,9,53,14,51,83.1,394,474,32,12,13.3,2,15,14,26,19,7,21,0,0.0,1,4.0,1.0,1.0,2.0,12,0.0,0.0,11,4,3,4,0,1.0,5.0,0.0,4,1.0,4,64,20,49,80.1,366,457,17,12,35.0,7,20,13,24,17,7,21,2,0.0,0,2.0,0.0,1.0,4.0,12,7.35,6.59
PL-2024-25-12436474,Jornada 18,2024-12-26,Liverpool,1,Leicester,3,1,2.0,1.0,19,7,6,6,2,0.0,4.0,1.0,14,3.0,5,89,60,69,90.9,590,649,24,5,24.0,12,50,8,18,8,10,9,1,0.0,0,0.0,0.0,0.0,3.0,17,1.0,0.0,4,1,2,1,0,0.0,2.0,0.0,1,2.0,1,25,4,31,76.5,237,310,22,17,66.7,4,6,15,13,5,8,52,3,0.0,0,4.0,3.0,4.0,2.0,5,7.62,6.65
PL-2024-25-12436475,Jornada 18,2024-12-27,Brighton,1,Brentford,0,0,0.0,0.0,24,7,12,5,1,3.0,6.0,1.0,5,0.0,8,59,44,58,81.9,404,493,21,12,21.1,4,19,9,17,13,4,14,0,0.0,1,3.0,1.0,0.0,0.0,6,0.0,0.0,8,3,2,3,0,0.0,1.0,1.0,3,5.0,6,41,17,42,74.8,267,357,23,6,22.2,2,9,11,18,12,6,32,0,0.0,1,8.0,3.0,1.0,2.0,12,7.35,6.98
PL-2024-25-12436472,Jornada 18,2024-12-27,Arsenal,1,Ipswich,1,0,1.0,0.0,13,5,3,5,0,1.0,3.0,3.0,5,1.0,7,65,40,68,90.1,604,670,9,12,27.8,5,18,4,24,13,11,14,0,0.0,1,0.0,2.0,0.0,1.0,7,0.0,0.0,3,0,0,3,0,0.0,3.0,0.0,1,2.0,6,26,5,32,80.5,256,318,9,7,12.5,1,8,11,18,10,8,29,1,0.0,0,4.0,1.0,1.0,1.0,12,7.36,6.75
PL-2024-25-12436512,Jornada 19,2024-12-29,Leicester,1,Man City,0,2,0.0,0.0,11,4,5,2,2,0.0,1.0,3.0,4,3.0,9,53,26,54,93.1,538,578,19,6,26.3,5,19,9,14,8,6,10,2,0.0,0,3.0,,,2.0,11,2.0,0.0,14,5,6,3,0,1.0,5.0,2.0,4,2.0,5,45,26,46,91.3,461,505,17,11,45.5,5,11,5,10,6,4,16,0,0.0,1,3.0,,,1.0,6,6.84,7.32
PL-2024-25-12436532,Jornada 19,2024-12-29,Crystal Palace,1,Southampton,2,1,1.0,1.0,19,10,3,6,0,3.0,3.0,4.0,8,2.0,4,54,25,46,77.2,298,386,22,19,13.0,3,23,10,19,13,6,33,1,0.0,0,2.0,1.0,2.0,2.0,18,1.0,0.0,7,3,3,1,0,0.0,0.0,1.0,7,1.0,4,59,16,54,80.4,358,445,30,18,18.2,4,22,13,16,8,8,33,2,0.0,0,8.0,0.0,1.0,3.0,19,7.15,7.04
PL-2024-25-12436517,Jornada 19,2024-12-29,Everton,1,Nottm Forest,0,2,0.0,0.0,13,2,9,2,0,0.0,4.0,0.0,5,1.0,12,101,28,64,80.8,391,484,34,10,23.5,8,34,6,16,12,4,17,2,0.0,0,5.0,1.0,0.0,4.0,13,2.0,0.0,11,7,4,0,0,1.0,3.0,5.0,4,2.0,4,45,12,36,68.1,196,288,22,13,12.5,1,8,10,18,13,5,39,0,0.0,1,2.0,2.0,1.0,1.0,10,6.85,7.16
PL-2024-25-12436515,Jornada 19,2024-12-29,Fulham,1,Bournemouth,2,2,2.0,0.0,11,6,3,2,0,0.0,3.0,1.0,1,,10,52,21,52,79.8,387,485,24,16,40.0,6,15,11,26,14,12,31,2,0.0,0,6.0,0.0,1.0,1.0,7,2.0,0.0,16,9,6,1,0,2.0,2.0,3.0,7,,8,70,31,48,79.3,348,439,20,7,24.0,6,25,9,12,8,4,22,2,0.0,0,4.0,1.0,0.0,3.0,16,7.2,6.95
PL-2024-25-12436521,Jornada 19,2024-12-29,Tottenham,1,Wolves,2,2,2.0,0.0,13,3,7,3,0,0.0,3.0,5.0,5,3.0,6,47,31,48,77.1,320,415,14,9,29.4,5,17,5,18,13,5,19,2,0.0,0,1.0,1.0,,1.0,9,1.0,1.0,11,3,4,4,0,0.0,6.0,1.0,5,3.0,5,56,20,52,80.1,366,457,25,9,26.7,4,15,3,20,12,8,15,2,0.0,0,1.0,1.0,,2.0,10,6.84,6.87
PL-2024-25-12436513,Jornada 19,2024-12-29,West Ham,1,Liverpool,0,5,0.0,0.0,7,0,4,3,2,0.0,2.0,1.0,2,5.0,7,46,17,46,85.6,399,466,26,10,22.2,2,9,11,17,13,4,23,5,0.0,0,8.0,,2.0,,7,4.0,1.0,22,13,7,2,0,2.0,2.0,9.0,6,0.0,10,76,44,54,88.0,475,540,21,7,27.3,6,22,4,23,15,8,14,0,0.0,1,1.0,,2.0,,10,6.41,7.64
PL-2024-25-12436530,Jornada 19,2024-12-30,Aston Villa,1,Brighton,2,2,2.0,0.0,20,4,7,9,0,0.0,8.0,3.0,12,2.0,20,47,48,60,84.8,412,486,25,13,15.8,3,19,4,22,12,10,20,2,0.0,0,3.0,0.0,0.0,2.0,9,2.0,0.0,13,4,4,5,0,2.0,4.0,2.0,3,0.0,9,38,26,40,79.9,263,329,24,9,25.0,3,12,14,19,11,8,28,2,0.0,0,3.0,1.0,3.0,3.0,14,7.17,6.85
PL-2024-25-12436510,Jornada 19,2024-12-30,Ipswich,1,Chelsea,2,0,2.0,0.0,9,6,1,2,0,0.0,1.0,2.0,4,0.0,3,36,15,24,63.4,144,227,19,4,28.6,2,7,6,17,7,10,26,0,0.0,1,4.0,4.0,,4.0,9,0.0,0.0,20,5,7,8,2,2.0,4.0,4.0,7,2.0,4,80,36,76,89.8,655,729,16,9,10.5,2,19,5,11,5,6,14,2,0.0,0,4.0,0.0,,4.0,5,7.23,6.92
PL-2024-25-12436522,Jornada 19,2024-12-30,Man United,1,Newcastle,0,2,0.0,0.0,10,1,5,4,1,0.0,3.0,2.0,2,1.0,4,70,17,53,86.5,508,587,27,8,18.2,2,11,8,26,16,10,10,2,0.0,0,2.0,0.0,1.0,1.0,13,2.0,0.0,12,4,4,4,1,1.0,4.0,4.0,3,4.0,6,43,19,47,85.7,444,518,26,13,33.3,4,12,8,19,16,3,16,0,0.0,1,0.0,1.0,0.0,1.0,8,6.75,7.19
PL-2024-25-12436410,Jornada 19,2025-01-01,Brentford,1,Arsenal,1,3,1.0,0.0,5,2,2,1,0,0.0,1.0,0.0,4,0.0,4,56,10,51,82.3,399,485,37,8,13.3,2,15,6,10,7,3,27,3,0.0,0,1.0,1.0,1.0,1.0,6,3.0,0.0,14,5,4,5,0,1.0,2.0,2.0,3,6.0,8,55,47,49,83.4,388,465,13,6,30.0,6,20,6,16,9,7,22,1,0.0,0,1.0,2.0,0.0,2.0,8,6.65,7.29
PL-2024-25-12436519,Jornada 20,2025-01-04,Tottenham,1,Newcastle,1,2,1.0,0.0,13,4,6,3,1,2.0,2.0,1.0,9,2.0,5,52,25,57,80.9,377,466,17,15,16.0,4,25,9,25,20,5,17,2,0.0,0,2.0,4.0,0.0,1.0,11,2.0,0.0,14,4,3,7,0,0.0,3.0,4.0,10,1.0,7,39,28,43,79.1,284,359,18,11,20.0,3,15,9,17,10,7,30,1,0.0,0,3.0,1.0,1.0,4.0,15,6.89,7.1
PL-2024-25-12436523,Jornada 20,2025-01-04,Aston Villa,1,Leicester,2,1,1.0,1.0,13,5,3,5,1,2.0,2.0,3.0,6,1.0,6,48,25,61,89.4,551,616,21,11,16.7,3,18,10,19,11,8,15,1,0.0,0,1.0,4.0,,0.0,10,1.0,0.0,4,2,2,0,0,0.0,1.0,3.0,2,1.0,5,40,9,39,84.4,335,397,12,10,18.2,2,11,11,22,12,10,16,2,0.0,0,3.0,1.0,,1.0,11,6.97,6.58
PL-2024-25-12436518,Jornada 20,2025-01-04,Bournemouth,1,Everton,1,0,1.0,0.0,19,8,7,4,0,2.0,5.0,5.0,9,1.0,7,64,35,58,77.3,338,437,26,14,21.2,7,33,10,15,12,3,34,0,0.0,1,0.0,1.0,0.0,2.0,15,0.0,0.0,9,0,9,0,0,0.0,4.0,1.0,3,0.0,13,64,16,42,67.2,217,323,29,15,7.7,1,13,13,16,10,6,31,1,0.0,0,7.0,0.0,2.0,2.0,14,7.15,7.05
PL-2024-25-12436419,Jornada 20,2025-01-04,Crystal Palace,1,Chelsea,1,1,1.0,0.0,13,6,2,5,0,1.0,2.0,2.0,6,2.0,4,48,20,38,75.4,260,345,33,12,26.3,5,19,7,26,16,10,20,1,0.0,0,0.0,1.0,2.0,0.0,9,1.0,0.0,15,1,10,4,0,0.0,3.0,2.0,6,0.0,6,62,32,62,86.0,487,566,39,9,21.4,3,14,8,12,5,7,13,1,0.0,0,5.0,1.0,1.0,2.0,12,7.08,7.15
PL-2024-25-12436508,Jornada 20,2025-01-04,Man City,1,West Ham,4,1,3.0,0.0,10,7,0,3,0,2.0,1.0,3.0,7,1.0,6,42,28,56,89.2,496,556,20,13,8.3,1,12,6,12,8,4,17,1,0.0,0,3.0,0.0,,2.0,8,1.0,0.0,17,4,10,3,0,0.0,3.0,3.0,1,2.0,6,37,23,44,85.9,372,433,28,8,58.3,7,12,7,13,9,4,17,4,0.0,0,4.0,1.0,,1.0,13,7.37,6.66
PL-2024-25-12436520,Jornada 20,2025-01-04,Southampton,1,Brentford,0,5,0.0,0.0,8,1,5,2,0,0.0,5.0,0.0,2,1.0,12,46,19,51,85.6,398,465,19,4,7.7,1,13,4,15,8,7,22,5,0.0,0,5.0,2.0,,2.0,10,5.0,0.0,20,11,7,2,1,1.0,2.0,11.0,2,2.0,5,55,37,49,85.8,393,458,14,9,18.2,2,11,5,20,11,9,17,0,0.0,1,1.0,3.0,,0.0,4,6.59,7.6
PL-2024-25-12436528,Jornada 20,2025-01-04,Brighton,1,Arsenal,1,1,1.0,0.0,11,4,4,3,0,1.0,4.0,3.0,2,0.0,12,42,17,45,86.2,368,427,18,13,20.0,2,10,8,11,10,1,22,1,0.0,0,2.0,1.0,,2.0,17,1.0,0.0,9,3,4,2,1,1.0,2.0,5.0,5,3.0,7,60,23,55,87.9,456,519,22,17,20.0,3,15,5,14,7,7,8,1,0.0,0,3.0,0.0,,3.0,14,6.86,7.01
PL-2024-25-12436525,Jornada 20,2025-01-05,Fulham,1,Ipswich,2,2,2.0,0.0,15,4,4,7,0,0.0,5.0,4.0,9,0.0,12,65,32,73,88.4,602,681,18,12,11.4,4,35,2,17,9,8,13,2,0.0,0,1.0,0.0,,1.0,10,2.0,0.0,7,3,3,1,2,1.0,1.0,3.0,2,1.0,6,39,14,27,75.4,196,260,17,9,28.6,2,7,15,11,6,5,47,2,0.0,0,2.0,2.0,,5.0,14,7.07,6.83
PL-2024-25-12436514,Jornada 20,2025-01-05,Liverpool,1,Man United,2,2,2.0,0.0,19,6,8,5,0,0.0,4.0,4.0,6,0.0,13,58,33,53,83.1,364,438,16,12,17.6,3,17,14,6,2,4,29,2,0.0,0,2.0,1.0,4.0,2.0,10,2.0,0.0,13,4,1,8,0,0.0,1.0,3.0,9,4.0,10,37,31,47,74.9,287,383,28,10,27.3,6,22,13,20,8,12,26,2,0.0,0,4.0,1.0,2.0,4.0,13,7.01,7.05
PL-2024-25-12436437,Jornada 20,2025-01-06,Wolves,1,Nottm Forest,0,3,0.0,0.0,13,6,2,5,0,0.0,2.0,2.0,5,1.0,4,73,35,61,84.9,466,549,22,8,26.7,8,30,10,13,6,7,24,3,0.0,0,0.0,,1.0,1.0,10,3.0,0.0,11,3,6,2,0,0.0,3.0,4.0,3,4.0,4,51,23,39,79.2,286,361,21,10,20.0,2,10,10,18,12,6,35,0,0.0,1,5.0,,3.0,2.0,8,6.69,7.38
PL-2024-25-12436436,Jornada 21,2025-01-14,Brentford,1,Man City,2,2,2.0,0.0,18,6,9,3,0,1.0,1.0,4.0,4,4.0,4,53,41,45,80.7,335,415,26,4,25.0,5,20,9,10,6,4,20,2,0.0,0,6.0,0.0,,,4,2.0,0.0,21,8,11,2,1,2.0,4.0,5.0,5,0.0,6,37,45,55,86.5,449,519,27,4,35.0,7,20,9,12,6,6,30,2,0.0,0,3.0,1.0,,,4,7.15,7.45
PL-2024-25-12436531,Jornada 21,2025-01-14,Chelsea,1,Bournemouth,2,2,1.0,1.0,26,10,7,9,1,4.0,4.0,5.0,9,2.0,14,49,33,57,83.3,355,426,33,16,31.2,5,16,5,11,7,4,8,2,0.0,0,1.0,3.0,0.0,2.0,15,2.0,0.0,7,3,3,1,1,0.0,1.0,1.0,3,1.0,5,47,21,43,77.5,248,320,17,14,16.7,2,12,10,16,9,7,27,2,0.0,0,8.0,0.0,1.0,3.0,16,6.86,6.92
PL-2024-25-12436509,Jornada 21,2025-01-14,West Ham,1,Fulham,3,2,2.0,1.0,4,3,1,0,0,0.0,0.0,2.0,0,5.0,10,49,6,44,82.5,349,423,32,18,,0,5,7,13,9,4,27,2,0.0,0,2.0,,1.0,3.0,9,0.0,2.0,21,5,11,5,2,0.0,7.0,3.0,3,0.0,4,71,27,56,85.2,445,522,31,9,25.0,6,24,10,13,7,6,10,3,0.0,0,0.0,,0.0,3.0,18,6.86,6.76
PL-2024-25-12436526,Jornada 21,2025-01-14,Nottm Forest,1,Liverpool,1,1,1.0,0.0,6,3,1,2,0,0.0,3.0,1.0,0,2.0,6,42,17,29,67.7,159,235,23,10,,0,9,9,20,15,5,58,1,0.0,0,5.0,1.0,,2.0,7,1.0,0.0,23,7,10,6,0,2.0,7.0,4.0,9,1.0,4,77,52,71,85.2,482,566,25,7,20.7,6,29,2,10,4,6,29,1,0.0,0,2.0,0.0,,1.0,10,7.18,7.06
PL-2024-25-12436434,Jornada 21,2025-01-15,Everton,1,Aston Villa,0,1,0.0,0.0,10,3,6,1,0,0.0,3.0,3.0,8,5.0,1,69,15,50,80.6,336,417,30,10,20.0,4,20,10,19,9,10,23,1,0.0,0,2.0,1.0,,2.0,17,1.0,0.0,11,3,4,4,0,1.0,4.0,4.0,5,1.0,6,48,20,50,82.6,360,436,15,17,,0,10,9,22,16,6,34,0,0.0,1,2.0,2.0,,1.0,10,6.75,7.27
PL-2024-25-12436527,Jornada 21,2025-01-15,Leicester,1,Crystal Palace,0,2,0.0,0.0,21,4,11,6,1,2.0,5.0,3.0,4,1.0,10,62,29,57,85.9,523,609,24,6,27.3,6,22,9,18,11,7,16,2,0.0,0,2.0,1.0,,,7,2.0,0.0,9,4,3,2,0,0.0,1.0,4.0,3,3.0,12,50,20,43,78.5,358,456,28,7,25.0,3,12,9,17,12,5,25,0,0.0,1,4.0,1.0,,,6,6.85,7.28
PL-2024-25-12436529,Jornada 21,2025-01-15,Newcastle,1,Wolves,3,0,2.0,1.0,17,5,5,7,1,1.0,4.0,3.0,4,3.0,16,55,34,61,86.8,507,584,20,13,29.4,5,17,12,14,11,3,16,0,0.0,1,7.0,0.0,,0.0,10,0.0,0.0,13,7,4,2,2,2.0,3.0,5.0,2,1.0,9,50,24,39,77.4,294,380,27,10,50.0,5,10,10,25,8,17,11,3,0.0,0,2.0,1.0,,2.0,13,7.69,6.57
PL-2024-25-12436511,Jornada 21,2025-01-15,Arsenal,1,Tottenham,2,1,1.0,0.0,14,4,4,6,0,1.0,2.0,4.0,10,3.0,9,63,48,53,83.8,357,426,20,9,24.0,6,25,9,21,13,8,14,1,0.0,0,1.0,2.0,0.0,3.0,16,1.0,0.0,10,2,4,4,1,0.0,2.0,1.0,4,1.0,6,37,21,47,83.7,314,375,14,16,23.5,4,17,4,21,13,8,31,2,0.0,0,3.0,2.0,4.0,1.0,9,7.09,6.63
PL-2024-25-12436524,Jornada 21,2025-01-16,Ipswich,1,Brighton,0,2,0.0,0.0,5,3,2,0,0,2.0,0.0,,1,1.0,5,40,8,46,83.2,341,410,16,14,22.2,2,9,10,13,8,5,27,2,0.0,0,3.0,0.0,,2.0,13,2.0,0.0,11,5,0,6,0,1.0,0.0,,9,1.0,10,63,25,54,84.6,396,468,17,13,31.8,7,22,7,14,13,1,12,0,0.0,1,3.0,1.0,,2.0,14,6.67,7.21
PL-2024-25-12436516,Jornada 21,2025-01-16,Man United,1,Southampton,3,1,3.0,0.0,23,9,2,12,0,2.0,4.0,6.0,4,2.0,8,34,49,60,84.8,504,594,14,10,23.1,3,13,12,17,10,7,22,1,0.0,0,5.0,,0.0,1.0,7,0.0,0.0,13,5,3,5,0,1.0,5.0,1.0,4,0.0,13,57,18,40,79.6,323,406,24,7,25.0,2,8,9,25,16,9,29,3,0.0,0,6.0,,1.0,3.0,10,7.18,7.14
PL-2024-25-12436885,Jornada 22,2025-01-18,Newcastle,1,Bournemouth,1,4,1.0,0.0,13,5,3,5,0,0.0,6.0,1.0,7,1.0,8,46,34,55,78.5,310,395,8,18,10.7,3,28,3,17,8,9,32,4,0.0,0,6.0,0.0,0.0,1.0,7,3.0,1.0,19,10,6,3,1,1.0,1.0,4.0,6,0.0,16,59,36,45,75.7,243,321,22,7,29.2,7,24,13,21,14,7,34,1,0.0,0,3.0,1.0,1.0,6.0,18,6.62,7.67
PL-2024-25-12436440,Jornada 22,2025-01-18,Brentford,1,Liverpool,0,2,0.0,0.0,11,6,4,1,0,0.0,2.0,2.0,2,6.0,8,30,24,39,79.0,252,319,26,14,11.1,1,9,10,12,6,6,35,2,0.0,0,6.0,1.0,1.0,2.0,6,2.0,0.0,37,8,14,15,1,1.0,8.0,4.0,15,0.0,7,53,61,61,87.4,423,484,20,6,31.2,10,32,4,10,5,5,19,0,0.0,1,7.0,0.0,0.0,3.0,14,7.12,7.62
PL-2024-25-12436442,Jornada 22,2025-01-18,Leicester,1,Fulham,0,2,0.0,0.0,8,4,3,1,0,1.0,0.0,1.0,5,2.0,6,45,29,39,77.4,294,380,16,8,23.5,4,17,8,11,8,3,18,2,0.0,0,0.0,,,3.0,8,2.0,0.0,17,2,9,6,1,0.0,3.0,4.0,2,2.0,7,74,33,61,85.6,505,590,33,8,47.8,11,23,7,21,13,8,25,0,0.0,1,5.0,,,1.0,8,6.64,7.51
PL-2024-25-12436889,Jornada 22,2025-01-18,West Ham,1,Crystal Palace,0,2,0.0,0.0,7,0,4,3,0,0.0,3.0,0.0,2,1.0,11,46,16,54,82.1,449,547,23,10,23.1,3,13,11,11,6,5,24,2,0.0,0,5.0,0.0,1.0,3.0,13,1.0,1.0,12,7,4,1,0,1.0,4.0,2.0,4,0.0,4,53,17,46,81.4,386,474,13,12,5.6,1,18,16,19,10,9,17,0,0.0,1,0.0,1.0,0.0,0.0,10,6.75,7.33
PL-2024-25-12436443,Jornada 22,2025-01-18,Arsenal,1,Aston Villa,2,2,2.0,0.0,18,6,7,5,1,1.0,6.0,2.0,10,3.0,7,82,37,66,88.8,429,483,21,18,22.0,9,41,8,12,7,5,10,2,0.0,0,2.0,0.0,,2.0,10,2.0,0.0,8,4,3,1,1,1.0,2.0,2.0,1,2.0,6,26,14,34,73.7,193,262,21,10,16.7,1,6,3,17,8,9,40,2,0.0,0,4.0,3.0,,3.0,18,7.2,6.71
PL-2024-25-12436448,Jornada 22,2025-01-19,Everton,1,Tottenham,3,2,2.0,0.0,12,6,4,2,1,1.0,2.0,5.0,3,2.0,12,51,25,35,82.5,269,326,31,14,26.3,5,19,12,23,19,4,34,2,0.0,0,3.0,1.0,,2.0,14,2.0,0.0,11,6,2,3,0,0.0,4.0,2.0,8,1.0,13,59,23,65,86.3,528,612,19,14,10.5,2,19,4,20,15,5,21,3,0.0,0,4.0,0.0,,1.0,14,7.32,6.82
PL-2024-25-12436883,Jornada 22,2025-01-19,Man United,1,Brighton,1,3,1.0,0.0,10,1,3,6,0,0.0,1.0,1.0,4,3.0,4,44,29,52,82.5,382,463,21,11,30.0,3,10,11,18,10,8,12,3,0.0,0,,,1.0,3.0,13,3.0,0.0,6,3,1,2,0,0.0,2.0,4.0,2,3.0,11,42,26,48,81.2,355,437,22,13,11.1,1,9,6,22,11,11,17,1,0.0,0,,,3.0,3.0,12,6.55,7.0
PL-2024-25-12436887,Jornada 22,2025-01-19,Nottm Forest,1,Southampton,3,2,1.0,2.0,14,5,7,2,0,0.0,3.0,4.0,2,3.0,7,52,26,45,82.4,318,386,25,18,27.8,5,18,8,19,11,8,21,2,0.0,0,1.0,1.0,1.0,0.0,4,2.0,0.0,10,4,2,4,0,0.0,2.0,2.0,8,0.0,12,51,24,55,87.2,414,475,10,4,41.7,10,24,6,11,10,1,32,3,0.0,0,1.0,1.0,1.0,4.0,18,7.22,6.68
PL-2024-25-12436439,Jornada 22,2025-01-19,Ipswich,1,Man City,0,6,0.0,0.0,8,4,1,3,0,1.0,1.0,1.0,4,1.0,7,38,14,33,87.3,308,353,26,7,25.0,3,12,8,13,9,4,21,6,0.0,0,3.0,1.0,2.0,0.0,4,5.0,1.0,17,9,3,5,0,0.0,2.0,6.0,7,1.0,9,63,42,67,91.8,686,747,20,4,,0,8,7,14,8,6,11,0,0.0,1,4.0,4.0,0.0,1.0,7,6.18,7.94
PL-2024-25-12436455,Jornada 22,2025-01-20,Chelsea,1,Wolves,3,1,3.0,0.0,19,7,6,6,0,1.0,3.0,4.0,3,5.0,7,60,52,63,88.9,504,567,24,14,26.1,6,23,7,9,8,1,19,1,0.0,0,3.0,1.0,1.0,4.0,8,1.0,0.0,9,4,2,3,0,1.0,2.0,1.0,6,2.0,5,37,18,37,78.4,261,333,18,8,16.7,3,18,9,21,11,10,34,3,0.0,0,3.0,1.0,0.0,2.0,14,7.27,6.8
PL-2024-25-12436891,Jornada 23,2025-01-25,Bournemouth,1,Nottm Forest,5,0,4.0,1.0,16,10,3,3,0,2.0,2.0,3.0,3,2.0,11,53,31,51,80.4,288,358,21,12,11.8,2,17,9,22,12,10,34,0,0.0,1,4.0,1.0,3.0,2.0,9,0.0,0.0,18,4,9,5,1,2.0,4.0,1.0,9,2.0,8,56,34,49,74.9,253,338,19,9,26.1,6,23,5,11,6,5,24,5,0.0,0,5.0,0.0,1.0,3.0,12,7.76,6.49
PL-2024-25-12436895,Jornada 23,2025-01-25,Brighton,1,Everton,0,1,0.0,0.0,16,1,11,4,0,0.0,7.0,0.0,9,2.0,8,84,32,69,87.4,560,641,25,11,16.7,5,30,7,23,10,13,18,1,0.0,0,0.0,0.0,0.0,4.0,8,1.0,0.0,3,1,2,0,0,0.0,1.0,1.0,1,1.0,5,38,7,31,75.2,224,298,24,7,,0,4,11,26,15,11,55,0,0.0,1,1.0,1.0,1.0,4.0,11,6.92,7.01
PL-2024-25-12436901,Jornada 23,2025-01-25,Liverpool,1,Ipswich,4,1,3.0,1.0,16,6,7,3,1,1.0,4.0,3.0,3,0.0,16,92,43,70,90.2,673,746,22,11,20.8,5,24,3,16,9,7,7,1,0.0,0,2.0,0.0,,0.0,10,1.0,0.0,3,3,0,0,0,1.0,0.0,2.0,4,1.0,8,29,7,30,77.2,241,312,18,10,33.3,3,9,13,22,12,10,34,4,0.0,0,2.0,1.0,,2.0,11,7.67,6.38
PL-2024-25-12436905,Jornada 23,2025-01-25,Southampton,1,Newcastle,1,3,1.0,0.0,12,5,3,4,0,1.0,4.0,1.0,3,2.0,9,53,15,53,84.3,396,470,29,5,25.0,4,16,5,21,7,14,23,3,0.0,0,5.0,1.0,1.0,1.0,10,3.0,0.0,17,9,4,4,1,1.0,5.0,6.0,8,4.0,7,39,34,47,83.4,357,428,9,9,9.1,1,11,11,19,12,7,19,1,0.0,0,4.0,0.0,0.0,0.0,5,6.98,7.29
PL-2024-25-12436909,Jornada 23,2025-01-25,Wolves,1,Arsenal,0,1,0.0,0.0,9,4,4,1,0,3.0,2.0,1.0,1,,7,52,12,52,84.1,364,433,20,10,21.4,3,14,7,27,20,7,30,1,0.0,0,2.0,1.0,1.0,2.0,20,1.0,0.0,9,3,3,3,0,0.0,3.0,3.0,5,,8,55,20,48,82.9,329,397,14,20,17.4,4,23,8,22,11,11,14,0,0.0,1,4.0,1.0,0.0,1.0,10,6.83,6.99
PL-2024-25-12436903,Jornada 23,2025-01-25,Man City,1,Chelsea,3,1,2.0,1.0,15,6,6,3,1,1.0,4.0,7.0,2,5.0,9,41,26,57,86.2,489,567,23,8,40.0,2,5,6,13,9,4,15,1,0.0,0,3.0,1.0,,3.0,6,1.0,0.0,10,4,3,3,0,1.0,2.0,3.0,3,2.0,11,37,23,43,82.8,352,425,25,6,,0,9,4,12,8,4,12,3,0.0,0,3.0,0.0,,2.0,8,7.23,6.55
PL-2024-25-12436897,Jornada 23,2025-01-26,Crystal Palace,1,Brentford,1,2,1.0,0.0,16,5,7,4,1,2.0,6.0,1.0,4,1.0,4,52,22,47,70.8,223,315,17,11,17.6,3,17,2,15,13,2,36,2,0.0,0,4.0,0.0,2.0,2.0,8,2.0,0.0,12,6,5,1,0,3.0,3.0,1.0,7,0.0,10,51,33,53,71.3,251,352,16,7,38.9,7,18,2,16,9,7,45,1,0.0,0,4.0,2.0,0.0,2.0,11,6.86,7.09
PL-2024-25-12436907,Jornada 23,2025-01-26,Tottenham,1,Leicester,1,2,1.0,0.0,15,6,5,4,2,4.0,3.0,2.0,6,5.0,6,61,23,61,84.1,450,535,20,16,17.6,6,34,9,10,6,4,16,2,0.0,0,1.0,0.0,1.0,1.0,6,1.0,1.0,12,3,2,7,0,1.0,4.0,1.0,4,2.0,10,53,15,39,74.3,263,354,27,6,18.8,3,16,16,26,17,9,32,1,0.0,0,5.0,1.0,3.0,5.0,16,6.95,7.28
PL-2024-25-12436893,Jornada 23,2025-01-26,Aston Villa,1,West Ham,1,1,1.0,0.0,14,4,6,4,0,1.0,4.0,0.0,4,2.0,8,35,26,46,81.7,309,378,8,16,23.5,4,17,9,27,15,12,22,1,0.0,0,2.0,,,2.0,13,1.0,0.0,14,4,6,4,0,1.0,4.0,4.0,3,4.0,15,57,39,54,84.4,374,443,39,13,40.9,9,22,14,31,17,14,24,1,0.0,0,3.0,,,3.0,16,7.09,7.13
PL-2024-25-12436899,Jornada 23,2025-01-26,Fulham,1,Man United,0,1,0.0,0.0,9,3,6,0,0,0.0,1.0,,3,2.0,4,51,22,51,83.3,413,496,20,9,34.8,8,23,7,16,10,6,10,1,0.0,0,0.0,0.0,,0.0,7,0.0,1.0,4,1,2,1,0,0.0,2.0,,0,2.0,3,48,10,49,83.9,412,491,21,7,14.3,1,7,7,18,9,9,22,0,0.0,1,2.0,2.0,,1.0,9,6.79,7.01
PL-2024-25-12436930,Jornada 24,2025-02-01,Nottm Forest,1,Brighton,7,0,6.0,0.0,14,9,4,1,1,1.0,2.0,6.0,4,1.0,15,47,29,37,78.5,256,326,26,12,40.0,4,10,7,21,15,6,38,0,0.0,1,6.0,,,1.0,8,0.0,0.0,10,5,3,2,1,2.0,2.0,1.0,6,0.0,14,65,31,63,85.8,458,534,19,8,20.0,5,25,5,21,13,8,11,7,0.0,0,3.0,,,3.0,13,7.78,6.08
PL-2024-25-12436911,Jornada 24,2025-02-01,Bournemouth,1,Liverpool,0,2,0.0,0.0,14,3,8,3,2,0.0,6.0,3.0,3,4.0,12,60,29,49,79.2,324,409,29,9,23.5,4,17,10,19,6,13,24,2,0.0,0,5.0,1.0,0.0,2.0,15,2.0,0.0,19,7,5,7,0,2.0,5.0,4.0,3,1.0,6,49,34,51,81.7,348,426,22,14,23.1,3,13,11,18,11,7,26,0,0.0,1,4.0,1.0,1.0,3.0,9,6.85,7.32
PL-2024-25-12436921,Jornada 24,2025-02-01,Everton,1,Leicester,4,0,4.0,0.0,13,7,4,2,1,1.0,1.0,7.0,5,3.0,9,49,33,47,81.0,359,443,31,13,30.8,4,13,4,13,8,5,30,0,0.0,1,1.0,1.0,,,7,0.0,0.0,9,1,2,6,0,0.0,4.0,0.0,6,1.0,4,51,17,53,81.4,398,489,20,7,13.6,3,22,5,15,10,5,19,4,0.0,0,3.0,0.0,,,13,7.62,6.34
PL-2024-25-12436924,Jornada 24,2025-02-01,Ipswich,1,Southampton,1,2,1.0,0.0,15,6,5,4,0,1.0,6.0,2.0,1,0.0,17,65,28,57,85.1,458,538,20,14,21.4,3,14,4,16,8,8,15,2,0.0,0,2.0,2.0,,0.0,11,2.0,0.0,9,4,1,4,0,0.0,3.0,1.0,2,4.0,7,54,16,43,77.6,312,402,32,11,35.7,5,14,10,34,17,17,27,1,0.0,0,5.0,2.0,,3.0,14,6.86,7.06
PL-2024-25-12436928,Jornada 24,2025-02-01,Newcastle,1,Fulham,1,2,1.0,0.0,11,4,6,1,2,0.0,2.0,3.0,3,4.0,3,47,32,48,82.4,332,403,23,15,29.4,5,17,4,7,2,5,24,2,0.0,0,2.0,1.0,1.0,4.0,10,2.0,0.0,15,4,4,7,0,2.0,3.0,2.0,7,0.0,9,52,30,52,81.9,353,431,26,10,25.0,8,32,7,20,12,8,26,1,0.0,0,3.0,0.0,1.0,4.0,15,6.87,7.12
PL-2024-25-12436932,Jornada 24,2025-02-01,Wolves,1,Aston Villa,2,0,2.0,0.0,8,5,3,0,0,0.0,2.0,4.0,5,6.0,7,24,10,31,81.0,200,247,14,13,,0,14,15,25,14,11,32,0,0.0,1,3.0,2.0,1.0,2.0,20,0.0,0.0,10,3,2,5,0,2.0,4.0,1.0,8,3.0,8,61,18,69,89.0,493,554,12,20,4.3,1,23,3,13,8,5,13,2,0.0,0,3.0,2.0,0.0,3.0,13,7.18,6.58
PL-2024-25-12436916,Jornada 24,2025-02-02,Brentford,1,Tottenham,0,2,0.0,0.0,20,4,10,6,1,0.0,5.0,2.0,10,0.0,10,61,49,54,81.9,389,475,29,11,31.6,12,38,6,24,17,7,11,2,0.0,0,1.0,0.0,0.0,0.0,4,1.0,0.0,13,2,5,6,0,1.0,4.0,2.0,3,1.0,10,48,21,46,82.4,356,432,20,4,22.2,2,9,11,22,13,9,49,0,0.0,1,3.0,1.0,1.0,1.0,11,7.02,7.25
PL-2024-25-12436925,Jornada 24,2025-02-02,Man United,1,Crystal Palace,0,2,0.0,0.0,17,2,6,9,1,0.0,5.0,1.0,11,0.0,5,64,57,67,82.2,463,563,23,13,30.4,7,23,12,15,10,5,20,2,0.0,0,1.0,1.0,0.0,3.0,12,2.0,0.0,11,3,7,1,1,1.0,1.0,4.0,0,1.0,4,51,22,33,65.3,188,288,6,12,28.6,2,7,12,21,10,11,45,0,0.0,1,2.0,2.0,1.0,1.0,13,6.95,7.3
PL-2024-25-12436913,Jornada 24,2025-02-02,Arsenal,1,Man City,5,1,3.0,2.0,12,7,2,3,0,1.0,1.0,2.0,5,3.0,9,39,17,46,87.2,347,398,17,7,8.3,1,12,5,16,8,8,20,1,0.0,0,3.0,,0.0,2.0,6,1.0,0.0,7,4,3,0,1,1.0,1.0,1.0,2,1.0,2,43,15,54,89.9,426,474,20,6,21.4,3,14,6,14,8,6,21,5,0.0,0,2.0,,2.0,0.0,7,7.3,6.39
PL-2024-25-12436919,Jornada 24,2025-02-03,Chelsea,1,West Ham,2,1,1.0,0.0,22,3,9,10,0,2.0,5.0,2.0,4,0.0,5,67,34,68,86.4,516,597,14,10,27.3,6,22,3,23,18,5,14,1,0.0,0,4.0,,,3.0,11,1.0,0.0,14,5,6,3,1,1.0,4.0,1.0,3,1.0,5,34,24,32,73.6,206,280,21,11,28.6,4,14,11,14,7,7,34,2,0.0,0,3.0,,,1.0,10,7.07,6.75
PL-2024-25-12436937,Jornada 25,2025-02-14,Brighton,1,Chelsea,3,0,2.0,1.0,13,5,6,2,1,0.0,4.0,5.0,2,2.0,7,34,22,31,76.8,251,327,22,15,66.7,2,3,13,20,11,9,32,0,0.0,1,1.0,1.0,1.0,1.0,12,0.0,0.0,8,0,6,2,0,0.0,2.0,1.0,9,3.0,9,62,26,69,90.3,664,735,17,12,5.6,1,18,7,19,4,15,9,3,0.0,0,3.0,0.0,0.0,2.0,15,7.35,6.51
PL-2024-25-12436943,Jornada 25,2025-02-15,Leicester,1,Arsenal,0,2,0.0,0.0,6,2,2,2,0,1.0,1.0,1.0,3,1.0,9,51,23,40,71.7,230,321,13,10,43.8,7,16,7,23,13,10,27,2,0.0,0,3.0,0.0,1.0,2.0,9,2.0,0.0,11,5,3,3,2,0.0,5.0,3.0,7,4.0,14,54,34,60,85.5,420,491,15,9,22.2,4,18,5,15,11,4,22,0,0.0,1,2.0,2.0,1.0,1.0,10,6.58,7.27
PL-2024-25-12436934,Jornada 25,2025-02-15,Aston Villa,1,Ipswich,1,1,1.0,0.0,25,6,10,9,1,1.0,9.0,6.0,16,2.0,17,71,47,76,90.5,603,666,14,11,15.6,5,32,5,12,8,4,9,1,0.0,0,3.0,1.0,0.0,0.0,7,1.0,0.0,4,3,0,1,0,2.0,0.0,0.0,1,3.0,5,28,9,24,73.1,160,219,16,7,50.0,3,6,13,22,10,12,39,1,0.0,0,6.0,0.0,1.0,5.0,11,6.98,6.91
PL-2024-25-12436940,Jornada 25,2025-02-15,Fulham,1,Nottm Forest,2,1,2.0,0.0,24,10,8,6,0,2.0,2.0,4.0,8,1.0,5,61,37,56,88.0,439,499,28,8,30.3,10,33,7,8,8,0,25,1,0.0,0,1.0,,1.0,,13,1.0,0.0,8,2,3,3,0,0.0,2.0,0.0,4,1.0,7,51,16,44,84.9,343,404,25,13,22.2,4,18,8,10,7,3,30,2,0.0,0,8.0,,1.0,,8,7.3,7.05
PL-2024-25-12436948,Jornada 25,2025-02-15,Man City,1,Newcastle,4,0,3.0,1.0,11,7,2,2,0,1.0,2.0,4.0,7,0.0,8,60,24,62,92.0,543,590,28,13,53.8,7,13,6,10,5,5,19,0,0.0,1,1.0,0.0,1.0,0.0,5,0.0,0.0,3,1,1,1,0,0.0,0.0,0.0,4,3.0,1,29,10,38,82.7,292,353,15,5,21.4,3,14,7,26,15,11,20,4,0.0,0,3.0,1.0,0.0,1.0,13,7.46,6.39
PL-2024-25-12436950,Jornada 25,2025-02-15,Southampton,1,Bournemouth,1,3,1.0,0.0,11,4,3,4,0,1.0,3.0,1.0,4,,15,53,25,45,79.3,306,386,21,15,20.0,4,20,11,27,18,9,28,3,0.0,0,5.0,0.0,,1.0,13,2.0,1.0,14,7,3,4,0,1.0,2.0,3.0,6,,10,60,30,55,82.6,399,483,24,13,27.8,5,18,9,16,7,9,26,1,0.0,0,3.0,1.0,,3.0,15,6.94,7.07
PL-2024-25-12436956,Jornada 25,2025-02-15,West Ham,1,Brentford,0,1,0.0,0.0,13,3,3,7,1,1.0,6.0,1.0,9,2.0,10,57,26,59,85.0,426,501,20,13,9.7,3,31,2,21,8,13,22,1,0.0,0,4.0,1.0,,1.0,10,1.0,0.0,14,5,5,4,1,0.0,4.0,2.0,2,4.0,4,56,34,41,77.9,282,362,25,10,25.0,4,16,5,19,9,10,29,0,0.0,1,3.0,3.0,,1.0,13,6.94,7.24
PL-2024-25-12436939,Jornada 25,2025-02-15,Crystal Palace,1,Everton,1,2,1.0,0.0,17,6,6,5,1,3.0,5.0,4.0,6,3.0,10,71,27,58,77.1,401,520,15,12,25.0,5,20,7,17,11,6,34,2,0.0,0,4.0,0.0,,0.0,9,2.0,0.0,11,6,1,4,0,1.0,4.0,2.0,2,1.0,9,64,18,42,71.7,264,368,31,9,17.6,3,17,11,20,6,14,48,1,0.0,0,5.0,2.0,,1.0,12,6.8,7.17
PL-2024-25-12436945,Jornada 25,2025-02-16,Liverpool,1,Wolves,2,1,2.0,0.0,10,3,6,1,0,0.0,2.0,2.0,4,5.0,4,53,23,50,82.2,364,443,22,12,23.1,3,13,15,16,10,6,18,1,0.0,0,3.0,,1.0,2.0,15,0.0,1.0,16,4,7,5,0,2.0,7.0,1.0,3,3.0,10,46,22,50,84.7,388,458,16,15,10.0,1,10,9,15,11,4,21,2,0.0,0,1.0,,0.0,2.0,13,6.94,6.82
PL-2024-25-12436952,Jornada 25,2025-02-16,Tottenham,1,Man United,1,0,1.0,0.0,22,7,6,9,0,2.0,1.0,1.0,10,0.0,13,48,44,56,88.1,459,521,9,9,35.5,11,31,5,13,6,7,26,0,0.0,1,6.0,,2.0,1.0,13,0.0,0.0,16,6,6,4,0,0.0,2.0,2.0,5,7.0,2,45,32,44,83.5,344,412,29,13,33.3,8,24,11,32,20,12,24,1,0.0,0,6.0,,0.0,2.0,9,7.49,7.41
PL-2024-25-12436623,Jornada 26,2025-02-21,Leicester,1,Brentford,0,4,0.0,0.0,8,3,3,2,0,0.0,3.0,1.0,5,1.0,5,38,22,48,82.2,314,382,11,10,11.1,3,27,13,11,5,6,32,4,0.0,0,3.0,0.0,3.0,4.0,10,4.0,0.0,14,6,3,5,1,0.0,2.0,3.0,6,1.0,9,61,35,52,84.5,359,425,34,10,45.0,9,20,9,10,9,1,34,0,0.0,1,3.0,1.0,0.0,0.0,10,6.48,7.6
PL-2024-25-12436625,Jornada 26,2025-02-22,Everton,1,Man United,2,2,2.0,0.0,9,8,0,1,0,1.0,0.0,4.0,7,1.0,6,56,23,38,73.8,231,313,25,9,34.8,8,23,9,24,18,6,35,2,0.0,0,1.0,1.0,,4.0,12,1.0,1.0,9,3,2,4,0,1.0,3.0,1.0,8,0.0,7,55,20,62,85.6,456,533,22,12,15.0,3,20,13,24,15,9,35,2,0.0,0,6.0,1.0,,1.0,9,6.85,7.1
PL-2024-25-12436960,Jornada 26,2025-02-22,Arsenal,1,West Ham,0,1,0.0,0.0,20,2,8,10,0,1.0,5.0,1.0,2,2.0,7,71,42,68,89.4,574,642,12,15,23.3,7,30,8,12,5,7,6,1,0.0,0,1.0,2.0,0.0,1.0,16,1.0,0.0,5,2,3,0,0,0.0,0.0,1.0,0,2.0,6,42,11,32,78.0,241,309,21,16,37.5,3,8,14,12,5,7,44,0,0.0,1,2.0,0.0,1.0,3.0,15,7.07,7.18
PL-2024-25-12436958,Jornada 26,2025-02-22,Bournemouth,1,Wolves,0,1,0.0,0.0,8,3,2,3,0,1.0,1.0,1.0,6,1.0,11,73,24,45,76.4,275,360,27,9,14.8,4,27,12,13,5,8,26,1,0.0,0,5.0,0.0,1.0,3.0,17,1.0,0.0,13,5,5,3,1,2.0,3.0,3.0,7,1.0,9,42,16,55,80.2,364,454,14,17,12.5,2,16,10,30,15,15,39,0,0.0,1,3.0,3.0,0.0,3.0,9,6.7,7.19
PL-2024-25-12436624,Jornada 26,2025-02-22,Fulham,1,Crystal Palace,0,2,0.0,0.0,10,0,5,5,0,0.0,6.0,0.0,7,0.0,3,74,22,62,82.9,450,543,31,7,18.5,5,27,8,15,5,10,18,2,0.0,0,4.0,0.0,1.0,1.0,10,1.0,0.0,10,5,3,2,0,2.0,1.0,2.0,7,3.0,9,51,16,38,76.0,254,334,21,10,20.0,2,10,10,25,11,14,33,0,0.0,1,0.0,1.0,0.0,3.0,7,6.62,7.24
PL-2024-25-12436629,Jornada 26,2025-02-22,Ipswich,1,Tottenham,1,4,1.0,0.0,17,5,5,7,1,2.0,5.0,3.0,4,2.0,5,56,26,41,82.3,292,355,20,14,31.6,6,19,10,23,12,11,11,4,0.0,0,2.0,0.0,1.0,2.0,15,4.0,0.0,10,6,1,3,0,0.0,0.0,1.0,4,1.0,5,41,21,59,86.5,461,533,16,15,25.0,1,4,6,17,9,8,14,1,0.0,0,4.0,1.0,0.0,1.0,14,6.74,7.16
PL-2024-25-12436965,Jornada 26,2025-02-22,Southampton,1,Brighton,0,4,0.0,0.0,6,1,2,3,0,0.0,4.0,0.0,5,2.0,7,43,5,50,80.3,346,431,18,12,9.1,1,11,13,13,7,6,23,4,0.0,0,8.0,,1.0,2.0,11,4.0,0.0,18,12,3,3,1,1.0,3.0,10.0,6,1.0,10,47,39,50,81.7,356,436,19,11,33.3,5,15,9,17,9,8,22,0,0.0,1,1.0,,0.0,0.0,12,6.57,7.35
PL-2024-25-12436621,Jornada 26,2025-02-22,Aston Villa,1,Chelsea,2,1,2.0,0.0,12,6,3,3,0,0.0,2.0,3.0,2,1.0,11,55,35,52,87.0,421,484,15,16,23.1,3,13,5,17,9,8,16,1,0.0,0,5.0,,,1.0,15,1.0,0.0,15,7,5,3,0,3.0,2.0,3.0,3,1.0,7,50,26,48,88.1,393,446,22,15,25.0,3,12,10,16,7,9,25,2,0.0,0,4.0,,,3.0,16,7.14,6.82
PL-2024-25-12436963,Jornada 26,2025-02-23,Newcastle,1,Nottm Forest,4,3,4.0,0.0,13,5,3,5,1,0.0,0.0,4.0,7,1.0,13,46,35,57,81.9,379,463,15,12,16.7,3,18,11,20,13,7,36,3,0.0,0,2.0,2.0,1.0,1.0,11,2.0,1.0,17,5,5,7,0,2.0,4.0,4.0,6,0.0,6,61,27,43,73.3,253,345,12,11,40.0,8,20,3,28,20,8,25,4,0.0,0,1.0,0.0,1.0,4.0,13,6.98,6.59
PL-2024-25-12436627,Jornada 26,2025-02-23,Man City,1,Liverpool,0,2,0.0,0.0,16,5,3,8,0,3.0,7.0,0.0,7,2.0,23,75,40,66,91.5,603,659,15,10,13.6,3,22,3,5,2,3,17,2,0.0,0,2.0,0.0,0.0,,3,2.0,0.0,8,4,2,2,0,1.0,1.0,1.0,5,4.0,6,26,27,34,80.7,268,332,18,3,28.6,2,7,4,22,13,9,34,0,0.0,1,5.0,1.0,1.0,,10,7.0,7.34
PL-2024-25-12436970,Jornada 27,2025-02-25,Brighton,1,Bournemouth,2,1,2.0,0.0,11,4,4,3,1,1.0,3.0,5.0,1,0.0,16,53,25,43,72.3,266,368,15,13,37.5,3,8,6,21,13,8,33,1,0.0,0,4.0,1.0,1.0,2.0,12,0.0,1.0,19,5,7,7,0,1.0,5.0,2.0,9,4.0,14,62,42,57,79.7,372,467,23,12,36.4,8,22,12,25,13,12,26,2,0.0,0,2.0,0.0,1.0,1.0,14,6.92,6.87
PL-2024-25-12436983,Jornada 27,2025-02-25,Crystal Palace,1,Aston Villa,4,1,4.0,0.0,19,6,8,5,0,0.0,4.0,6.0,3,7.0,4,47,29,36,72.8,187,257,16,10,33.3,4,12,10,32,21,11,23,1,0.0,0,1.0,,0.0,3.0,19,1.0,0.0,6,2,3,1,1,0.0,0.0,2.0,8,7.0,11,46,20,64,86.3,404,468,19,19,38.5,5,13,9,8,4,4,14,4,0.0,0,2.0,,1.0,1.0,10,7.17,6.58
PL-2024-25-12436981,Jornada 27,2025-02-25,Wolves,1,Fulham,1,2,1.0,0.0,18,5,7,6,0,1.0,6.0,0.0,7,1.0,10,68,22,60,88.4,504,570,14,15,20.7,6,29,6,10,5,5,9,2,0.0,0,3.0,,0.0,1.0,8,1.0,1.0,11,5,3,3,0,0.0,0.0,4.0,4,0.0,6,46,14,40,84.5,327,387,27,8,33.3,3,9,6,20,17,3,40,1,0.0,0,4.0,,1.0,3.0,15,6.9,7.12
PL-2024-25-12436986,Jornada 27,2025-02-25,Chelsea,1,Southampton,4,0,4.0,0.0,19,10,7,2,0,3.0,3.0,6.0,4,2.0,5,67,39,60,91.0,564,620,23,9,50.0,5,10,7,17,9,8,13,0,0.0,1,2.0,,,1.0,6,0.0,0.0,7,2,2,3,0,0.0,2.0,2.0,2,0.0,4,37,12,40,84.3,350,415,18,6,40.0,4,10,9,16,11,5,12,4,0.0,0,6.0,,,2.0,9,7.78,6.31
PL-2024-25-12436968,Jornada 27,2025-02-26,Brentford,1,Everton,1,1,1.0,0.0,12,3,6,3,1,1.0,3.0,2.0,2,1.0,9,56,31,52,83.8,384,458,25,6,20.0,4,20,9,13,8,5,24,1,0.0,0,3.0,3.0,1.0,2.0,3,1.0,0.0,14,4,8,2,0,1.0,6.0,3.0,5,0.0,4,47,17,48,82.6,351,425,26,3,19.0,4,21,4,15,8,7,33,1,0.0,0,2.0,0.0,0.0,1.0,6,7.09,7.0
PL-2024-25-12436991,Jornada 27,2025-02-26,Man United,1,Ipswich,3,2,2.0,0.0,10,6,1,3,0,0.0,2.0,2.0,5,0.0,7,45,23,45,81.9,298,364,20,16,27.8,5,18,4,18,10,8,24,2,0.0,0,1.0,0.0,,4.0,9,1.0,1.0,12,3,4,5,0,1.0,5.0,1.0,6,2.0,5,72,19,55,86.0,388,451,13,9,11.1,2,18,11,16,11,5,21,3,0.0,0,4.0,2.0,,4.0,16,6.86,6.87
PL-2024-25-12436974,Jornada 27,2025-02-26,Nottm Forest,1,Arsenal,0,0,0.0,0.0,6,2,1,3,0,1.0,1.0,1.0,3,1.0,5,44,16,35,74.3,199,268,19,17,22.2,4,18,8,18,10,8,31,0,0.0,1,1.0,,,1.0,10,0.0,0.0,13,1,3,9,1,0.0,5.0,2.0,11,2.0,12,61,30,65,87.3,438,502,12,10,22.2,6,27,5,14,9,5,22,0,0.0,1,2.0,,,1.0,17,6.99,7.2
PL-2024-25-12436975,Jornada 27,2025-02-26,Tottenham,1,Man City,0,1,0.0,0.0,11,6,3,2,0,0.0,0.0,2.0,8,0.0,9,48,27,56,87.9,465,529,12,15,50.0,8,16,7,26,15,11,15,1,0.0,0,4.0,,1.0,3.0,12,1.0,0.0,12,5,2,5,0,1.0,3.0,4.0,3,2.0,7,40,29,44,87.3,363,416,23,12,16.7,2,12,10,20,13,7,17,0,0.0,1,6.0,,1.0,0.0,15,7.1,7.13
PL-2024-25-12436988,Jornada 27,2025-02-26,Liverpool,1,Newcastle,2,0,2.0,0.0,12,3,5,4,0,0.0,3.0,2.0,4,0.0,8,82,30,61,89.7,533,594,39,11,,0,4,10,25,15,10,23,0,0.0,1,1.0,0.0,,0.0,12,0.0,0.0,3,0,2,1,0,0.0,1.0,1.0,2,1.0,7,47,16,39,84.4,309,366,16,12,7.1,1,14,5,20,12,8,20,2,0.0,0,1.0,1.0,,1.0,11,7.3,6.5
PL-2024-25-13365051,Jornada 27,2025-02-27,West Ham,1,Leicester,2,0,1.0,0.0,8,2,3,3,0,0.0,1.0,4.0,3,1.0,9,74,19,58,89.6,580,647,17,6,23.5,4,17,7,13,9,4,24,0,0.0,1,2.0,,0.0,,12,0.0,0.0,10,2,3,5,0,1.0,4.0,0.0,3,0.0,2,50,10,42,84.6,391,462,11,12,16.7,4,24,9,25,11,14,26,2,0.0,0,1.0,,1.0,,6,7.16,6.71
PL-2024-25-12437007,Jornada 28,2025-03-08,Nottm Forest,1,Man City,1,0,1.0,0.0,9,4,3,2,1,1.0,2.0,,3,1.0,7,50,18,31,79.7,208,261,17,7,38.9,7,18,5,17,8,9,25,0,0.0,1,3.0,0.0,,3.0,9,0.0,0.0,14,3,8,3,1,3.0,5.0,,2,1.0,13,56,24,69,89.8,547,609,13,9,5.9,1,17,5,18,12,6,19,1,0.0,0,3.0,1.0,,2.0,7,7.11,7.04
PL-2024-25-12436996,Jornada 28,2025-03-08,Brighton,1,Fulham,2,1,2.0,0.0,9,4,3,2,0,0.0,1.0,3.0,3,4.0,6,62,33,53,86.4,444,514,22,11,30.8,4,13,15,18,11,7,24,1,0.0,0,0.0,2.0,1.0,0.0,6,1.0,0.0,6,1,2,3,0,0.0,0.0,1.0,7,1.0,12,36,13,47,84.8,374,441,27,6,13.6,3,22,4,22,9,13,41,2,0.0,0,2.0,0.0,0.0,2.0,12,7.07,6.84
PL-2024-25-12437000,Jornada 28,2025-03-08,Crystal Palace,1,Ipswich,1,0,1.0,0.0,19,4,6,9,1,0.0,5.0,5.0,5,,9,54,25,55,74.0,301,407,28,7,36.8,7,19,7,23,11,12,40,0,0.0,1,7.0,,1.0,4.0,8,0.0,0.0,15,8,4,3,0,1.0,5.0,4.0,4,,10,46,16,45,75.2,252,335,18,8,18.8,3,16,8,14,9,5,38,1,0.0,0,3.0,,1.0,3.0,7,7.4,6.91
PL-2024-25-12437003,Jornada 28,2025-03-08,Liverpool,1,Southampton,3,1,3.0,0.0,28,7,13,8,0,0.0,5.0,8.0,6,0.0,18,71,59,71,90.5,593,655,23,7,30.0,6,20,10,19,15,4,10,1,0.0,0,3.0,,0.0,2.0,10,1.0,0.0,6,4,0,2,0,1.0,2.0,1.0,4,1.0,13,33,8,29,76.4,204,267,12,10,20.0,1,5,9,21,10,11,37,3,0.0,0,4.0,,1.0,1.0,9,7.28,6.75
PL-2024-25-12436994,Jornada 28,2025-03-08,Brentford,1,Aston Villa,0,1,0.0,0.0,13,3,4,6,1,2.0,4.0,0.0,6,2.0,9,59,37,60,86.1,395,459,27,5,18.5,5,27,7,15,6,9,32,1,0.0,0,3.0,2.0,,2.0,10,1.0,0.0,12,4,2,6,0,0.0,2.0,2.0,5,3.0,6,37,19,40,75.6,239,316,18,10,25.0,3,12,5,11,5,6,40,0,0.0,1,3.0,2.0,,2.0,5,7.13,7.05
PL-2024-25-12437012,Jornada 28,2025-03-08,Wolves,1,Everton,1,1,1.0,0.0,11,3,5,3,0,0.0,6.0,1.0,5,0.0,6,75,19,66,88.3,527,597,22,16,16.7,3,18,6,13,8,5,24,1,0.0,0,3.0,2.0,1.0,2.0,11,1.0,0.0,12,4,1,7,0,1.0,4.0,2.0,5,1.0,5,35,18,34,76.1,233,306,25,11,31.2,5,16,8,32,16,16,35,1,0.0,0,2.0,0.0,1.0,2.0,16,7.04,6.97
PL-2024-25-12436998,Jornada 28,2025-03-09,Chelsea,1,Leicester,1,0,0.0,1.0,20,7,5,8,0,2.0,7.0,1.0,12,0.0,13,75,54,57,86.3,467,541,23,12,23.1,6,26,10,11,9,2,21,0,0.0,1,3.0,1.0,,1.0,12,0.0,0.0,3,3,0,0,1,2.0,0.0,0.0,2,2.0,2,50,4,43,81.3,339,417,17,12,5.6,1,18,5,18,12,6,36,1,0.0,0,7.0,0.0,,0.0,13,7.5,6.87
PL-2024-25-12437009,Jornada 28,2025-03-09,Tottenham,1,Bournemouth,2,2,1.0,1.0,12,4,3,5,2,0.0,3.0,1.0,3,0.0,7,56,29,61,81.8,432,528,13,15,37.5,6,16,8,12,10,2,20,2,0.0,0,6.0,1.0,,3.0,15,2.0,0.0,17,8,4,5,2,0.0,2.0,5.0,6,3.0,7,41,27,39,76.5,257,336,25,15,35.7,5,14,15,29,18,11,28,2,0.0,0,2.0,0.0,,3.0,16,6.85,7.15
PL-2024-25-12437005,Jornada 28,2025-03-09,Man United,1,Arsenal,1,1,0.0,1.0,10,6,2,2,0,1.0,2.0,2.0,2,0.0,2,36,17,32,75.6,208,275,13,11,27.3,3,11,7,27,15,12,34,1,0.0,0,5.0,1.0,2.0,0.0,8,1.0,0.0,17,6,6,5,0,2.0,6.0,2.0,9,1.0,9,71,34,68,89.3,524,587,12,8,7.4,2,27,5,13,8,5,13,1,0.0,0,5.0,1.0,0.0,1.0,11,7.06,7.18
PL-2024-25-12437010,Jornada 28,2025-03-10,West Ham,1,Newcastle,0,1,0.0,0.0,9,2,1,6,0,1.0,4.0,1.0,3,1.0,7,52,20,51,80.7,372,461,22,15,19.0,4,21,9,15,9,6,19,1,0.0,0,3.0,1.0,0.0,0.0,7,1.0,0.0,9,3,3,3,0,0.0,3.0,3.0,4,1.0,11,57,30,49,81.3,352,433,18,7,33.3,7,21,8,12,5,7,25,0,0.0,1,2.0,1.0,2.0,1.0,15,6.88,7.21
PL-2024-25-12437019,Jornada 29,2025-02-19,Aston Villa,1,Liverpool,2,2,2.0,0.0,9,4,3,2,0,1.0,2.0,2.0,6,3.0,13,37,25,52,84.4,379,449,11,6,15.8,3,19,3,22,13,9,20,2,0.0,0,1.0,1.0,1.0,1.0,8,2.0,0.0,17,3,10,4,1,0.0,3.0,3.0,8,2.0,7,47,44,48,83.5,340,407,25,8,15.0,3,20,8,16,11,5,24,2,0.0,0,1.0,1.0,2.0,0.0,6,6.84,7.23
PL-2024-25-12437021,Jornada 29,2025-03-15,Everton,1,West Ham,1,1,1.0,0.0,13,5,4,4,0,1.0,0.0,1.0,6,1.0,6,63,29,54,84.6,413,488,27,8,29.4,10,34,9,15,9,6,25,1,0.0,0,5.0,0.0,0.0,1.0,12,1.0,0.0,10,5,4,1,0,1.0,1.0,1.0,5,0.0,10,46,24,46,80.5,346,430,13,12,26.7,4,15,10,17,6,11,34,1,0.0,0,4.0,1.0,2.0,2.0,8,7.16,7.11
PL-2024-25-12437025,Jornada 29,2025-03-15,Ipswich,1,Nottm Forest,2,4,1.0,1.0,11,4,5,2,0,1.0,4.0,0.0,6,1.0,9,52,12,56,84.2,369,438,22,13,16.7,3,18,4,10,8,2,21,4,0.0,0,2.0,1.0,,1.0,4,3.0,1.0,11,6,4,1,0,0.0,4.0,3.0,3,1.0,4,58,19,44,78.7,280,356,21,4,9.1,1,11,3,15,11,4,33,2,0.0,0,1.0,0.0,,1.0,13,6.58,7.02
PL-2024-25-12437029,Jornada 29,2025-03-15,Man City,1,Brighton,2,2,1.0,1.0,11,3,7,1,1,0.0,2.0,4.0,4,1.0,21,46,35,60,83.3,418,502,18,9,45.5,5,11,4,17,11,6,27,2,0.0,0,2.0,1.0,,2.0,10,0.0,1.0,15,3,10,2,0,0.0,2.0,6.0,5,1.0,6,36,27,40,74.7,245,328,20,10,63.6,7,11,10,27,15,12,27,2,0.0,0,1.0,0.0,,5.0,10,6.92,6.62
PL-2024-25-12436578,Jornada 29,2025-03-15,Southampton,1,Wolves,1,2,1.0,0.0,10,3,3,4,2,0.0,1.0,3.0,5,2.0,18,57,26,59,89.3,532,596,19,13,27.8,5,18,4,14,10,4,9,2,0.0,0,1.0,0.0,0.0,,12,1.0,1.0,5,3,2,0,0,1.0,0.0,1.0,1,1.0,4,38,12,41,86.0,355,413,15,12,18.2,2,11,9,27,17,10,35,1,0.0,0,2.0,2.0,1.0,,13,6.82,7.15
PL-2024-25-12437014,Jornada 29,2025-03-15,Bournemouth,1,Brentford,1,2,0.0,0.0,17,5,7,5,1,1.0,3.0,3.0,4,4.0,6,71,44,59,80.5,393,488,19,7,37.5,9,24,9,16,11,5,33,2,0.0,0,2.0,0.0,,3.0,13,2.0,0.0,10,4,5,1,0,0.0,3.0,2.0,3,2.0,7,61,26,41,70.6,247,350,32,13,20.0,2,10,8,18,10,8,39,1,0.0,0,5.0,1.0,,0.0,7,6.92,7.17
PL-2024-25-12437017,Jornada 29,2025-03-16,Arsenal,1,Chelsea,1,0,1.0,0.0,12,4,6,2,0,0.0,3.0,,5,2.0,6,39,27,41,84.5,294,348,16,13,33.3,5,15,4,12,6,6,21,0,0.0,1,2.0,2.0,,3.0,10,0.0,0.0,8,2,3,3,0,0.0,5.0,,4,1.0,4,78,10,59,86.6,446,515,20,10,30.8,4,13,5,13,8,5,24,1,0.0,0,4.0,0.0,,3.0,13,7.22,6.78
PL-2024-25-12437023,Jornada 29,2025-03-16,Fulham,1,Tottenham,2,0,2.0,0.0,13,4,3,6,0,0.0,6.0,2.0,6,1.0,9,64,27,57,84.7,447,528,24,10,21.2,7,33,10,31,20,11,18,0,0.0,1,4.0,1.0,0.0,,13,0.0,0.0,12,4,4,4,0,1.0,1.0,2.0,5,1.0,8,42,26,43,85.4,351,411,15,13,47.4,9,19,10,25,14,11,32,2,0.0,0,2.0,0.0,2.0,,10,7.3,6.87
PL-2024-25-12437027,Jornada 29,2025-03-16,Leicester,1,Man United,0,3,0.0,0.0,11,3,2,6,0,1.0,3.0,3.0,6,4.0,7,49,23,54,83.5,434,520,18,6,10.0,3,30,14,21,13,8,23,3,0.0,0,2.0,1.0,,2.0,6,2.0,1.0,18,5,8,5,1,1.0,8.0,0.0,4,2.0,6,33,17,46,77.9,359,461,31,6,25.0,3,12,9,20,12,8,31,0,0.0,1,3.0,1.0,,0.0,6,6.69,7.45
PL-2024-25-12437031,Jornada 29,2025-04-16,Newcastle,1,Crystal Palace,5,0,3.0,1.0,14,7,4,3,0,1.0,3.0,5.0,5,2.0,3,42,17,60,84.7,454,536,28,15,16.7,2,12,6,8,4,4,24,0,0.0,1,3.0,1.0,1.0,2.0,9,0.0,0.0,11,4,4,3,0,1.0,2.0,3.0,4,1.0,1,47,28,40,77.8,281,361,8,8,28.6,4,14,5,11,5,6,22,5,0.0,0,3.0,1.0,0.0,3.0,15,7.44,6.19
PL-2024-25-12436580,Jornada 30,2025-04-01,Arsenal,1,Fulham,2,1,2.0,0.0,17,4,6,7,0,0.0,2.0,2.0,5,5.0,8,52,38,51,90.0,431,479,14,10,32.0,8,25,3,15,7,8,14,1,0.0,0,2.0,0.0,0.0,1.0,2,1.0,0.0,9,3,4,2,0,0.0,1.0,2.0,4,0.0,7,63,15,49,86.3,408,473,22,2,26.7,4,15,4,16,13,3,29,2,0.0,0,3.0,1.0,1.0,3.0,10,7.06,6.78
PL-2024-25-12436599,Jornada 30,2025-04-01,Wolves,1,West Ham,1,0,0.0,1.0,9,2,6,1,1,0.0,4.0,2.0,1,1.0,8,46,16,41,80.8,328,406,10,12,33.3,3,9,12,23,13,10,34,0,0.0,1,1.0,1.0,,4.0,16,0.0,0.0,10,1,7,2,1,0.0,2.0,4.0,2,0.0,2,60,18,59,85.3,488,572,15,16,26.7,4,15,13,27,18,9,26,1,0.0,0,1.0,0.0,,2.0,12,7.02,6.78
PL-2024-25-12436591,Jornada 30,2025-04-01,Nottm Forest,1,Man United,1,0,1.0,0.0,8,2,4,2,0,0.0,2.0,0.0,3,1.0,15,62,17,32,73.2,227,310,17,12,27.3,3,11,6,16,7,9,42,0,0.0,1,5.0,,,1.0,5,0.0,0.0,23,6,9,8,1,1.0,6.0,3.0,10,1.0,11,59,41,68,86.0,558,649,19,5,27.0,10,37,3,19,15,4,18,1,0.0,0,1.0,,,3.0,12,7.23,7.19
PL-2024-25-12436576,Jornada 30,2025-04-02,Bournemouth,1,Ipswich,1,2,1.0,0.0,24,7,10,7,0,3.0,9.0,2.0,8,,4,98,28,64,81.6,426,522,29,15,21.6,8,37,9,16,12,4,18,2,0.0,0,0.0,1.0,1.0,1.0,14,2.0,0.0,10,2,6,2,0,0.0,3.0,3.0,3,,8,50,16,36,69.1,206,298,21,14,15.4,2,13,6,14,10,4,58,1,0.0,0,5.0,3.0,2.0,2.0,15,7.06,7.06
PL-2024-25-12436584,Jornada 30,2025-04-02,Brighton,1,Aston Villa,0,3,0.0,0.0,11,4,5,2,1,0.0,3.0,0.0,4,1.0,6,57,27,56,85.6,397,464,11,11,25.0,6,24,7,16,11,5,13,3,0.0,0,2.0,0.0,,2.0,16,2.0,1.0,8,5,3,0,0,0.0,0.0,2.0,0,0.0,5,42,18,44,83.8,321,383,22,16,40.0,2,5,7,26,15,11,33,0,0.0,1,4.0,1.0,,3.0,11,6.62,7.26
PL-2024-25-12436594,Jornada 30,2025-04-02,Man City,1,Leicester,2,0,2.0,0.0,18,5,5,8,0,1.0,6.0,2.0,5,2.0,12,76,46,72,93.8,735,784,15,8,25.0,3,12,3,9,6,3,16,0,0.0,1,0.0,0.0,0.0,1.0,11,0.0,0.0,2,0,2,0,0,0.0,1.0,0.0,0,1.0,4,26,4,28,80.7,242,300,17,11,16.7,1,6,6,19,9,10,26,2,0.0,0,3.0,1.0,2.0,4.0,8,7.56,6.57
PL-2024-25-12436600,Jornada 30,2025-04-02,Newcastle,1,Brentford,2,1,2.0,0.0,21,4,9,8,0,0.0,5.0,2.0,4,2.0,10,62,34,48,75.6,304,402,13,12,44.4,4,9,7,21,18,3,32,1,0.0,0,2.0,2.0,0.0,1.0,12,1.0,0.0,12,3,3,6,1,0.0,2.0,2.0,5,0.0,9,67,37,52,77.0,329,427,36,11,25.0,4,16,7,11,6,5,20,2,0.0,0,2.0,1.0,1.0,1.0,12,7.28,6.67
PL-2024-25-12436588,Jornada 30,2025-04-02,Southampton,1,Crystal Palace,1,1,1.0,0.0,8,2,3,3,0,0.0,1.0,1.0,2,2.0,10,45,21,42,78.3,299,382,25,9,53.8,7,13,9,14,4,10,29,1,0.0,0,2.0,2.0,,2.0,14,1.0,0.0,9,3,5,1,1,0.0,2.0,1.0,2,4.0,5,62,21,58,84.8,446,526,14,14,12.5,2,16,7,18,13,5,29,1,0.0,0,1.0,0.0,,1.0,9,6.98,6.85
PL-2024-25-12436593,Jornada 30,2025-04-02,Liverpool,1,Everton,1,0,1.0,0.0,17,3,5,9,0,1.0,5.0,1.0,11,2.0,10,95,34,74,87.4,532,609,36,11,13.3,4,30,8,14,5,9,18,0,0.0,1,0.0,1.0,1.0,2.0,7,0.0,0.0,5,0,2,3,1,0.0,2.0,2.0,5,4.0,3,30,17,26,63.1,130,206,16,7,5.9,1,17,12,17,12,5,47,1,0.0,0,3.0,2.0,2.0,2.0,11,7.39,6.85
PL-2024-25-12436587,Jornada 30,2025-04-03,Chelsea,1,Tottenham,1,0,1.0,0.0,11,5,4,2,1,1.0,2.0,4.0,4,5.0,6,71,34,50,85.6,374,437,30,16,22.7,5,22,2,16,15,1,25,0,0.0,1,2.0,,1.0,5.0,7,0.0,0.0,8,2,3,3,0,0.0,3.0,2.0,6,5.0,7,46,25,50,88.1,386,438,15,7,10.5,2,19,9,16,8,8,29,1,0.0,0,4.0,,2.0,5.0,16,7.3,6.83
PL-2024-25-12436596,Jornada 31,2025-04-05,Everton,1,Arsenal,1,1,1.0,0.0,5,2,2,1,0,0.0,1.0,2.0,3,0.0,7,38,19,30,68.8,130,189,15,12,14.3,2,14,5,17,11,6,31,1,0.0,0,3.0,0.0,1.0,3.0,17,1.0,0.0,14,5,3,6,0,1.0,2.0,1.0,8,1.0,9,38,43,70,86.7,398,459,14,17,22.2,4,18,3,22,9,13,29,1,0.0,0,1.0,3.0,0.0,1.0,13,6.82,6.93
PL-2024-25-12436595,Jornada 31,2025-04-05,Crystal Palace,1,Brighton,2,1,2.0,0.0,8,3,1,4,0,0.0,3.0,0.0,2,3.0,5,41,12,38,75.4,245,325,18,13,10.0,1,10,9,24,17,7,33,1,0.0,0,4.0,0.0,0.0,4.0,12,1.0,0.0,11,5,3,3,0,1.0,3.0,2.0,4,1.0,8,78,21,62,85.2,462,542,24,12,19.0,4,21,6,21,11,10,21,2,0.0,0,1.0,2.0,1.0,3.0,13,6.94,6.78
PL-2024-25-12436601,Jornada 31,2025-04-05,Ipswich,1,Wolves,1,2,1.0,0.0,6,2,2,2,0,1.0,0.0,1.0,4,1.0,4,52,16,44,75.5,244,323,27,16,7.1,1,14,4,12,6,6,33,2,0.0,0,4.0,3.0,,2.0,12,2.0,0.0,22,7,9,6,1,1.0,2.0,4.0,8,1.0,9,47,40,56,81.8,333,407,20,12,45.5,10,22,5,13,7,6,30,1,0.0,0,1.0,0.0,,2.0,16,6.91,7.05
PL-2024-25-12436604,Jornada 31,2025-04-05,West Ham,1,Bournemouth,2,2,2.0,0.0,9,3,5,1,0,1.0,2.0,1.0,4,4.0,11,58,16,56,79.1,372,470,22,13,29.4,5,17,7,11,10,1,30,2,0.0,0,4.0,,0.0,2.0,13,2.0,0.0,11,4,4,3,1,0.0,3.0,2.0,7,1.0,4,52,21,44,73.7,266,361,19,13,29.2,7,24,7,22,10,12,28,2,0.0,0,2.0,,1.0,2.0,13,6.73,6.85
PL-2024-25-12436597,Jornada 31,2025-04-05,Aston Villa,1,Nottm Forest,2,1,2.0,0.0,17,8,6,3,0,1.0,3.0,4.0,4,0.0,9,62,29,52,84.6,363,429,27,15,23.1,3,13,5,14,7,7,12,1,0.0,0,2.0,2.0,0.0,2.0,7,1.0,0.0,19,3,14,2,1,1.0,8.0,0.0,4,5.0,5,55,23,48,84.1,327,389,19,7,17.6,3,17,9,21,12,9,20,2,0.0,0,6.0,0.0,1.0,2.0,15,7.04,7.02
PL-2024-25-12436589,Jornada 31,2025-04-06,Brentford,1,Chelsea,0,0,0.0,0.0,9,2,5,2,0,0.0,2.0,3.0,3,3.0,6,49,25,41,76.1,251,330,27,12,20.0,4,20,9,23,11,12,20,0,0.0,1,6.0,2.0,,1.0,12,0.0,0.0,21,5,9,7,0,2.0,6.0,3.0,6,1.0,5,66,31,59,83.8,409,488,27,12,27.8,5,18,11,11,8,3,25,0,0.0,1,2.0,0.0,,3.0,12,7.23,7.11
PL-2024-25-12436598,Jornada 31,2025-04-06,Fulham,1,Liverpool,3,2,3.0,0.0,12,6,4,2,0,2.0,2.0,3.0,4,2.0,7,42,22,38,77.4,261,337,25,9,7.7,1,13,8,25,19,6,44,2,0.0,0,4.0,0.0,2.0,3.0,10,1.0,1.0,14,6,5,3,1,0.0,3.0,3.0,4,3.0,4,59,29,62,83.8,466,556,14,10,21.1,4,19,7,16,7,9,22,3,0.0,0,3.0,1.0,1.0,0.0,9,7.09,6.42
PL-2024-25-12436606,Jornada 31,2025-04-06,Tottenham,1,Southampton,3,1,3.0,0.0,13,8,2,3,0,1.0,1.0,4.0,4,1.0,9,60,24,51,88.9,424,477,18,19,13.3,2,15,9,16,10,6,13,1,0.0,0,3.0,3.0,0.0,1.0,16,1.0,0.0,12,4,2,6,1,1.0,2.0,3.0,1,1.0,10,46,25,49,88.5,416,470,17,16,13.3,2,15,7,30,19,11,16,3,0.0,0,5.0,0.0,1.0,1.0,20,7.31,6.95
PL-2024-25-12436602,Jornada 31,2025-04-06,Man United,1,Man City,0,0,0.0,0.0,13,2,5,6,0,0.0,5.0,0.0,5,1.0,6,35,29,41,84.5,322,381,18,9,22.2,4,18,15,32,16,16,18,0,0.0,1,6.0,1.0,,3.0,13,0.0,0.0,9,5,3,1,0,3.0,2.0,1.0,3,2.0,5,69,15,59,88.1,497,564,15,13,,0,6,8,21,13,8,21,0,0.0,1,2.0,1.0,,2.0,9,7.2,7.01
PL-2024-25-13560219,Jornada 31,2025-04-07,Leicester,1,Newcastle,0,3,0.0,0.0,7,2,4,1,0,0.0,1.0,0.0,12,3.0,9,61,16,58,83.7,458,547,26,9,22.6,7,31,15,16,10,6,11,3,0.0,0,2.0,1.0,0.0,2.0,8,3.0,0.0,16,5,8,3,1,1.0,5.0,4.0,2,2.0,8,35,22,42,80.4,332,413,15,8,14.3,1,7,7,19,14,5,32,0,0.0,1,2.0,1.0,2.0,0.0,9,6.58,7.37
PL-2024-25-12436610,Jornada 32,2025-04-12,Man City,1,Crystal Palace,5,2,3.0,2.0,21,9,7,5,1,0.0,3.0,12.0,1,1.0,13,68,32,68,90.8,673,741,13,16,16.7,2,12,7,10,7,3,11,2,0.0,0,1.0,0.0,1.0,2.0,10,2.0,0.0,8,3,5,0,0,0.0,2.0,3.0,4,3.0,6,18,10,32,81.5,278,341,24,10,30.8,4,13,13,12,5,7,23,5,0.0,0,3.0,1.0,0.0,3.0,16,7.19,6.49
PL-2024-25-12436607,Jornada 32,2025-04-12,Brighton,1,Leicester,2,2,2.0,0.0,21,7,9,5,2,2.0,4.0,7.0,3,1.0,9,59,47,59,86.8,460,530,17,9,50.0,8,16,7,15,11,4,14,2,0.0,0,4.0,0.0,,2.0,9,2.0,0.0,15,6,6,3,1,0.0,4.0,2.0,6,1.0,6,42,24,41,78.5,281,358,15,9,35.7,5,14,5,13,10,3,26,2,0.0,0,5.0,1.0,,5.0,11,7.18,6.82
PL-2024-25-12436613,Jornada 32,2025-04-12,Nottm Forest,1,Everton,0,1,0.0,0.0,10,5,2,3,0,0.0,5.0,0.0,1,2.0,1,50,8,42,74.8,249,333,10,13,33.3,4,12,5,15,9,6,43,1,0.0,0,4.0,0.0,,0.0,9,1.0,0.0,13,5,4,4,0,0.0,5.0,2.0,7,1.0,5,74,29,58,81.5,362,444,32,9,29.2,7,24,1,9,6,3,29,0,0.0,1,5.0,1.0,,3.0,13,6.88,7.21
PL-2024-25-12436614,Jornada 32,2025-04-12,Southampton,1,Aston Villa,0,3,0.0,0.0,7,2,4,1,0,1.0,1.0,1.0,2,,2,34,8,40,86.7,307,354,29,4,12.5,2,16,11,18,10,8,37,3,0.0,0,7.0,0.0,2.0,3.0,11,3.0,0.0,25,10,9,6,0,3.0,9.0,6.0,13,,4,67,48,60,92.6,497,537,14,9,10.0,3,30,10,25,11,14,19,0,0.0,1,2.0,1.0,0.0,1.0,4,6.77,7.47
PL-2024-25-12436608,Jornada 32,2025-04-12,Arsenal,1,Brentford,1,1,1.0,0.0,14,3,5,6,0,1.0,5.0,1.0,13,3.0,14,61,38,64,87.1,418,480,8,9,28.6,6,21,7,4,2,2,14,1,0.0,0,1.0,3.0,0.0,1.0,7,1.0,0.0,3,2,1,0,0,0.0,0.0,1.0,5,1.0,2,38,16,36,78.2,219,280,22,7,20.0,2,10,8,17,10,7,35,1,0.0,0,2.0,0.0,1.0,3.0,9,7.06,6.95
PL-2024-25-12436609,Jornada 32,2025-04-13,Chelsea,1,Ipswich,2,2,1.0,0.0,34,9,15,10,2,5.0,10.0,4.0,15,1.0,4,70,56,74,87.3,507,581,12,7,36.2,17,47,5,13,7,6,6,2,0.0,0,2.0,1.0,0.0,2.0,11,2.0,0.0,13,4,8,1,0,1.0,6.0,3.0,4,2.0,8,43,9,26,72.0,154,214,21,11,30.0,3,10,10,11,9,2,47,2,0.0,0,8.0,3.0,1.0,2.0,7,7.19,7.23
PL-2024-25-12436612,Jornada 32,2025-04-13,Liverpool,1,West Ham,2,1,2.0,0.0,15,6,4,5,2,1.0,2.0,2.0,10,5.0,6,68,37,55,85.3,425,498,25,8,23.8,5,21,4,18,11,7,17,1,0.0,0,4.0,1.0,1.0,0.0,15,0.0,0.0,11,4,6,1,2,0.0,1.0,4.0,3,4.0,10,48,18,45,85.5,348,407,15,15,10.0,1,10,12,10,3,7,38,2,0.0,0,4.0,0.0,0.0,2.0,8,7.3,6.84
PL-2024-25-12436617,Jornada 32,2025-04-13,Wolves,1,Tottenham,4,2,3.0,0.0,13,5,6,2,0,0.0,4.0,4.0,1,2.0,10,42,20,37,80.9,280,346,13,15,33.3,3,9,9,21,16,5,29,2,0.0,0,2.0,0.0,0.0,1.0,12,2.0,0.0,11,4,5,2,1,1.0,2.0,2.0,4,3.0,6,60,20,63,88.7,502,566,16,12,26.1,6,23,8,14,10,4,12,4,0.0,0,2.0,2.0,1.0,2.0,15,6.95,6.6
PL-2024-25-12436611,Jornada 32,2025-04-13,Newcastle,1,Man United,4,1,4.0,0.0,13,6,6,1,0,0.0,2.0,6.0,7,2.0,11,50,39,48,80.7,339,420,16,9,37.5,9,24,9,20,9,11,13,1,0.0,0,4.0,1.0,,0.0,7,1.0,0.0,9,5,2,2,0,2.0,2.0,2.0,2,1.0,11,35,12,52,80.9,382,472,19,7,42.9,3,7,5,20,11,9,23,4,0.0,0,2.0,2.0,,2.0,9,7.35,6.42
PL-2024-25-13560222,Jornada 32,2025-04-14,Bournemouth,1,Fulham,1,0,1.0,0.0,12,3,5,4,1,0.0,4.0,2.0,6,2.0,10,52,15,41,72.9,240,329,16,10,31.2,5,16,4,15,6,9,46,0,0.0,1,7.0,1.0,2.0,3.0,11,0.0,0.0,12,7,1,4,0,3.0,2.0,1.0,9,1.0,9,77,37,59,81.4,385,473,19,11,22.6,7,31,9,12,10,2,24,1,0.0,0,2.0,0.0,0.0,2.0,10,7.21,6.86
PL-2024-25-12436619,Jornada 33,2025-04-19,Brentford,1,Brighton,4,2,4.0,0.0,16,8,5,3,0,0.0,2.0,6.0,4,1.0,10,58,36,46,80.5,339,421,31,11,47.1,8,17,9,20,13,7,23,2,0.0,0,1.0,1.0,,3.0,7,2.0,0.0,12,3,6,3,0,0.0,5.0,2.0,7,0.0,6,56,32,54,84.6,405,479,16,7,26.9,7,26,9,18,13,5,27,4,0.0,0,4.0,0.0,,3.0,11,7.22,6.55
PL-2024-25-12436616,Jornada 33,2025-04-19,Crystal Palace,1,Bournemouth,0,0,0.0,0.0,5,0,2,3,0,0.0,2.0,0.0,5,1.0,2,44,16,27,61.0,128,210,21,10,16.7,2,12,7,10,4,6,32,0,0.0,1,4.0,1.0,0.0,5.0,13,0.0,0.0,15,4,6,5,0,0.0,6.0,1.0,4,1.0,7,61,30,73,87.5,499,570,19,13,25.0,7,28,6,12,10,2,34,0,0.0,1,0.0,0.0,1.0,4.0,10,6.78,7.26
PL-2024-25-12436628,Jornada 33,2025-04-19,Everton,1,Man City,0,2,0.0,0.0,8,3,2,3,1,0.0,1.0,1.0,2,5.0,12,46,21,33,78.3,249,318,34,6,42.9,6,14,13,19,10,9,23,2,0.0,0,4.0,0.0,,4.0,7,2.0,0.0,12,7,3,2,0,2.0,2.0,3.0,5,0.0,14,73,25,67,88.4,596,674,30,7,20.0,3,15,5,7,4,3,22,0,0.0,1,2.0,2.0,,0.0,6,7.08,7.28
PL-2024-25-12436554,Jornada 33,2025-04-19,West Ham,1,Southampton,1,1,1.0,0.0,12,4,3,5,0,0.0,4.0,0.0,2,1.0,3,54,24,52,90.1,447,496,14,13,15.4,2,13,4,13,8,5,27,1,0.0,0,3.0,,1.0,2.0,14,1.0,0.0,15,4,5,6,1,3.0,5.0,1.0,5,1.0,5,59,25,48,87.0,396,455,27,14,16.7,3,18,6,15,9,6,14,1,0.0,0,3.0,,1.0,1.0,13,7.04,7.1
PL-2024-25-12436615,Jornada 33,2025-04-19,Aston Villa,1,Newcastle,4,1,2.0,1.0,23,9,10,4,3,1.0,2.0,5.0,7,0.0,7,55,32,48,84.6,346,409,22,12,25.0,4,16,7,19,15,4,20,1,0.0,0,2.0,1.0,,1.0,9,1.0,0.0,10,3,4,3,0,1.0,0.0,2.0,7,1.0,10,43,36,52,85.3,367,430,15,9,27.3,6,22,3,12,5,7,22,4,0.0,0,6.0,4.0,,3.0,12,7.4,6.65
PL-2024-25-12436618,Jornada 33,2025-04-20,Fulham,1,Chelsea,1,2,1.0,0.0,6,1,2,3,0,0.0,3.0,0.0,5,1.0,4,34,16,41,81.2,280,345,21,9,20.0,5,25,5,14,12,2,33,2,0.0,0,5.0,0.0,,1.0,13,1.0,1.0,13,8,3,2,0,4.0,0.0,1.0,4,0.0,7,70,31,59,88.1,465,528,20,13,23.1,6,26,6,9,5,4,22,1,0.0,0,0.0,2.0,,3.0,9,6.84,6.99
PL-2024-25-12436620,Jornada 33,2025-04-20,Ipswich,1,Arsenal,0,4,0.0,0.0,4,0,2,2,0,0.0,2.0,0.0,0,1.0,5,29,5,25,79.6,199,250,14,7,50.0,2,4,12,15,7,8,39,4,0.0,0,3.0,,,,10,4.0,0.0,24,7,8,9,1,1.0,4.0,3.0,12,1.0,2,61,70,75,91.1,685,752,22,10,18.8,3,16,2,16,12,4,7,0,0.0,1,0.0,,,,7,6.35,7.82
PL-2024-25-12436622,Jornada 33,2025-04-20,Man United,1,Wolves,0,1,0.0,0.0,12,2,6,4,0,2.0,5.0,1.0,9,2.0,9,60,26,60,88.7,494,557,27,18,7.1,2,28,7,30,19,11,14,1,0.0,0,1.0,,0.0,2.0,11,0.0,1.0,4,2,1,1,0,1.0,1.0,0.0,2,1.0,10,26,8,40,81.7,316,387,21,11,18.2,2,11,7,21,10,11,27,0,0.0,1,2.0,,2.0,3.0,18,7.06,6.85
PL-2024-25-12436626,Jornada 33,2025-04-20,Leicester,1,Liverpool,0,1,0.0,0.0,5,0,4,1,1,0.0,2.0,0.0,1,2.0,2,41,13,42,77.1,283,367,15,7,20.0,2,10,7,17,14,3,43,1,0.0,0,7.0,2.0,2.0,1.0,11,1.0,0.0,28,10,12,6,3,2.0,2.0,10.0,13,2.0,10,72,48,58,86.5,435,503,20,11,33.3,11,33,10,16,12,4,22,0,0.0,1,0.0,1.0,0.0,2.0,7,6.93,7.41
PL-2024-25-12436537,Jornada 33,2025-04-21,Tottenham,1,Nottm Forest,1,2,1.0,0.0,22,6,12,4,0,2.0,4.0,4.0,7,0.0,8,66,43,70,88.4,465,526,19,12,32.7,17,52,7,14,10,4,17,2,0.0,0,1.0,,0.0,1.0,11,1.0,1.0,4,3,1,0,0,1.0,1.0,1.0,1,3.0,6,48,4,30,67.9,165,243,24,11,20.0,1,5,9,30,17,13,54,1,0.0,0,4.0,,1.0,4.0,12,6.72,7.14
PL-2024-25-12436551,Jornada 34,2025-04-22,Man City,1,Aston Villa,2,1,2.0,0.0,14,6,6,2,0,2.0,2.0,3.0,10,2.0,7,61,25,62,89.8,438,488,16,10,37.5,9,24,4,12,7,5,13,1,0.0,0,2.0,1.0,,3.0,9,1.0,0.0,7,3,3,1,1,1.0,0.0,3.0,2,2.0,6,31,23,38,82.7,254,307,23,8,20.0,2,10,4,15,11,4,23,2,0.0,0,4.0,2.0,,3.0,10,7.09,6.73
PL-2024-25-12436547,Jornada 34,2025-04-23,Arsenal,1,Crystal Palace,2,2,2.0,0.0,12,6,4,2,0,1.0,2.0,4.0,3,1.0,4,66,23,68,92.3,656,711,7,6,28.6,4,14,8,7,5,2,20,2,0.0,0,2.0,1.0,1.0,1.0,4,1.0,1.0,15,4,6,5,0,0.0,3.0,5.0,6,1.0,7,41,25,32,82.6,271,328,24,4,40.0,8,20,9,16,10,6,26,2,0.0,0,2.0,2.0,2.0,1.0,6,6.84,7.01
PL-2024-25-12436550,Jornada 34,2025-04-26,Chelsea,1,Everton,1,0,0.0,1.0,10,7,2,1,0,2.0,2.0,1.0,10,1.0,17,63,19,55,85.6,433,506,24,11,20.0,4,20,7,23,14,9,20,0,0.0,1,3.0,5.0,1.0,,11,0.0,0.0,6,3,1,2,0,2.0,0.0,2.0,2,3.0,5,51,11,45,84.5,348,412,24,11,33.3,6,18,7,17,13,4,21,1,0.0,0,6.0,0.0,1.0,,11,7.38,6.67
PL-2024-25-12436546,Jornada 34,2025-04-26,Brighton,1,West Ham,3,2,1.0,2.0,16,9,2,5,0,3.0,4.0,2.0,8,4.0,6,47,39,53,87.0,447,514,19,9,18.8,6,32,4,24,18,6,20,2,0.0,0,2.0,,0.0,2.0,7,2.0,0.0,12,4,4,4,1,0.0,4.0,2.0,1,3.0,13,51,24,47,88.3,414,469,29,7,14.3,2,14,8,9,1,8,41,3,0.0,0,6.0,,1.0,1.0,9,7.11,7.03
PL-2024-25-12436545,Jornada 34,2025-04-26,Newcastle,1,Ipswich,3,0,3.0,0.0,25,5,11,9,1,1.0,11.0,6.0,11,4.0,7,76,68,78,91.9,568,618,20,8,25.5,12,47,2,12,3,9,18,0,0.0,1,0.0,1.0,0.0,1.0,9,0.0,0.0,4,0,1,3,0,0.0,2.0,0.0,2,0.0,4,41,6,22,67.0,124,185,20,9,16.7,1,6,1,16,8,8,45,3,0.0,0,2.0,1.0,1.0,4.0,9,7.59,6.49
PL-2024-25-12436539,Jornada 34,2025-04-26,Southampton,1,Fulham,1,2,1.0,0.0,7,3,0,4,1,0.0,1.0,1.0,0,1.0,8,49,13,35,77.1,246,319,15,12,12.5,1,8,6,9,4,5,42,2,0.0,0,3.0,2.0,1.0,1.0,10,2.0,0.0,26,5,16,5,1,0.0,8.0,1.0,13,2.0,4,59,39,65,88.2,480,544,10,10,30.2,16,53,1,18,11,7,30,1,0.0,0,2.0,0.0,0.0,1.0,12,6.84,7.29
PL-2024-25-12436558,Jornada 34,2025-04-26,Wolves,1,Leicester,3,0,3.0,0.0,20,6,8,6,0,1.0,6.0,2.0,4,0.0,12,45,28,56,88.1,535,607,29,17,37.5,6,16,3,22,14,8,10,0,0.0,1,2.0,1.0,,1.0,7,0.0,0.0,8,2,3,3,0,0.0,4.0,1.0,2,3.0,10,46,15,44,84.7,399,471,19,6,46.2,6,13,7,22,15,7,20,3,0.0,0,2.0,2.0,,4.0,17,7.45,6.58
PL-2024-25-12436535,Jornada 34,2025-04-27,Bournemouth,1,Man United,1,1,1.0,0.0,8,1,6,1,1,0.0,1.0,1.0,5,2.0,3,35,14,38,72.6,207,285,15,12,23.5,4,17,11,9,4,5,34,1,0.0,0,5.0,3.0,0.0,4.0,11,1.0,0.0,25,6,6,13,0,1.0,7.0,2.0,10,2.0,9,49,44,62,83.0,390,470,22,11,8.0,2,25,9,15,10,5,18,1,0.0,0,0.0,0.0,1.0,2.0,12,7.02,7.05
PL-2024-25-12436544,Jornada 34,2025-04-27,Liverpool,1,Tottenham,5,1,3.0,1.0,25,8,8,9,0,1.0,7.0,2.0,8,1.0,6,51,37,62,86.0,443,515,18,9,11.8,2,17,6,19,13,6,19,1,0.0,0,2.0,1.0,0.0,2.0,16,1.0,0.0,8,3,3,2,0,1.0,3.0,1.0,2,3.0,8,37,17,38,73.8,236,320,17,16,16.7,2,12,9,12,6,6,21,5,0.0,0,2.0,1.0,1.0,1.0,9,7.37,6.39
PL-2024-25-12436552,Jornada 34,2025-05-01,Nottm Forest,1,Brentford,0,2,0.0,0.0,14,5,4,5,0,1.0,1.0,0.0,4,4.0,8,44,35,55,80.3,306,381,26,12,17.9,5,28,8,8,4,4,32,2,0.0,0,1.0,0.0,1.0,3.0,10,2.0,0.0,11,3,5,3,0,0.0,1.0,3.0,5,0.0,10,49,23,45,75.9,245,323,24,10,42.9,6,14,5,16,14,2,33,0,0.0,1,5.0,3.0,0.0,5.0,12,6.81,7.44
PL-2024-25-12436562,Jornada 35,2025-05-02,Man City,1,Wolves,1,0,1.0,0.0,9,2,5,2,0,0.0,4.0,1.0,4,0.0,9,74,40,64,90.9,622,684,35,11,18.8,3,16,6,19,10,9,15,0,0.0,1,0.0,0.0,,,7,0.0,0.0,6,1,4,1,2,0.0,2.0,2.0,5,1.0,8,25,15,36,83.4,317,380,18,7,15.4,2,13,6,28,18,10,19,1,0.0,0,1.0,1.0,,,11,7.24,6.78
PL-2024-25-12436553,Jornada 35,2025-05-03,Aston Villa,1,Fulham,1,0,1.0,0.0,10,3,5,2,1,0.0,3.0,5.0,5,1.0,9,55,16,52,87.4,389,445,25,17,23.1,3,13,3,12,6,6,27,0,0.0,1,3.0,2.0,,0.0,6,0.0,0.0,11,3,5,3,0,1.0,2.0,1.0,3,2.0,7,54,24,48,88.1,349,396,29,6,37.5,9,24,7,24,13,11,19,1,0.0,0,2.0,0.0,,5.0,17,7.08,7.0
PL-2024-25-12436572,Jornada 35,2025-05-03,Everton,1,Ipswich,2,2,1.0,1.0,8,3,4,1,0,0.0,1.0,2.0,2,,5,64,23,58,87.9,423,481,26,15,19.4,6,31,7,18,10,8,14,2,0.0,0,3.0,0.0,0.0,4.0,12,1.0,1.0,12,5,4,3,0,2.0,3.0,1.0,3,,7,39,19,42,85.1,308,362,18,12,16.7,2,12,4,15,13,2,34,2,0.0,0,1.0,1.0,2.0,4.0,15,6.93,6.77
PL-2024-25-12436571,Jornada 35,2025-05-03,Leicester,1,Southampton,2,0,1.0,1.0,14,4,4,6,1,1.0,3.0,1.0,6,1.0,5,36,21,50,89.5,399,446,13,13,29.4,5,17,12,13,7,6,20,0,0.0,1,2.0,,1.0,1.0,12,0.0,0.0,8,2,1,5,0,0.0,2.0,1.0,7,1.0,4,44,20,50,87.0,396,455,18,12,40.0,6,15,5,13,10,3,16,2,0.0,0,2.0,,0.0,3.0,13,7.27,6.77
PL-2024-25-12436543,Jornada 35,2025-05-03,Arsenal,1,Bournemouth,1,2,1.0,0.0,13,4,5,4,0,0.0,1.0,4.0,2,3.0,10,42,32,50,85.0,363,427,12,16,12.5,1,8,8,12,9,3,15,2,0.0,0,0.0,,,0.0,7,2.0,0.0,9,2,5,2,0,0.0,3.0,3.0,3,0.0,7,46,10,50,82.7,345,417,18,7,40.0,6,15,9,12,6,6,17,1,0.0,0,3.0,,,2.0,16,6.85,6.84
PL-2024-25-12436560,Jornada 35,2025-05-04,Brentford,1,Man United,4,3,3.0,0.0,12,6,4,2,0,0.0,1.0,6.0,7,,10,53,27,47,79.8,327,410,19,10,15.0,3,20,6,20,8,12,16,3,0.0,0,2.0,0.0,0.0,0.0,8,2.0,1.0,14,5,2,7,0,0.0,4.0,1.0,3,,6,30,23,53,82.0,391,477,13,8,30.0,3,10,4,17,12,5,34,4,0.0,0,3.0,2.0,3.0,2.0,10,7.02,6.64
PL-2024-25-12436567,Jornada 35,2025-05-04,Brighton,1,Newcastle,1,1,1.0,0.0,5,2,2,1,0,0.0,1.0,1.0,1,1.0,9,53,18,46,77.8,295,379,19,10,20.0,2,10,10,15,10,5,26,1,0.0,0,4.0,1.0,,2.0,15,1.0,0.0,13,5,4,4,0,1.0,4.0,1.0,4,1.0,3,50,32,54,83.5,369,442,23,14,16.7,3,18,6,14,9,5,28,1,0.0,0,1.0,0.0,,1.0,10,6.95,7.01
PL-2024-25-12436565,Jornada 35,2025-05-04,West Ham,1,Tottenham,1,1,1.0,0.0,11,2,4,5,0,0.0,5.0,2.0,1,3.0,7,56,20,56,73.7,328,445,23,15,26.3,5,19,6,27,18,9,14,1,0.0,0,1.0,,,2.0,18,1.0,0.0,7,2,5,0,0,0.0,2.0,1.0,3,4.0,5,37,11,44,72.5,261,360,14,18,9.1,1,11,8,14,8,6,27,1,0.0,0,1.0,,,2.0,15,6.82,6.73
PL-2024-25-12436563,Jornada 35,2025-05-04,Chelsea,1,Liverpool,3,1,2.0,0.0,17,7,6,4,2,1.0,2.0,5.0,3,6.0,9,53,37,35,84.3,300,356,16,10,16.7,1,6,14,19,13,6,32,1,0.0,0,1.0,1.0,1.0,2.0,10,1.0,0.0,11,2,5,4,0,0.0,2.0,3.0,6,0.0,9,59,34,65,88.8,573,645,17,10,31.8,7,22,4,9,7,2,11,3,0.0,0,5.0,0.0,0.0,2.0,11,7.29,6.85
PL-2024-25-12436561,Jornada 35,2025-05-05,Crystal Palace,1,Nottm Forest,1,1,1.0,0.0,20,3,11,6,1,0.0,5.0,4.0,7,1.0,11,42,44,49,73.6,282,383,17,14,22.6,7,31,12,11,10,1,31,1,0.0,0,4.0,0.0,0.0,3.0,9,1.0,0.0,12,4,2,6,0,1.0,3.0,0.0,4,1.0,2,71,16,51,82.2,337,410,24,9,25.0,4,16,10,13,6,7,54,1,0.0,0,2.0,2.0,1.0,8.0,15,7.15,7.02
PL-2024-25-12436566,Jornada 36,2025-05-10,Fulham,1,Everton,1,3,1.0,0.0,18,6,8,4,0,3.0,4.0,1.0,5,,8,69,34,64,86.2,476,552,23,9,25.0,7,28,3,15,8,7,29,3,0.0,0,4.0,1.0,1.0,1.0,15,1.0,2.0,11,7,1,3,0,0.0,0.0,3.0,5,,2,50,21,36,78.7,247,314,25,15,35.3,6,17,14,10,6,4,31,1,0.0,0,5.0,1.0,0.0,0.0,9,6.92,7.08
PL-2024-25-12436564,Jornada 36,2025-05-10,Ipswich,1,Brentford,0,1,0.0,0.0,11,4,5,2,1,0.0,6.0,1.0,5,,9,36,14,50,81.5,299,367,13,12,20.0,3,15,3,12,8,4,30,1,0.0,0,4.0,3.0,,2.0,6,1.0,0.0,15,5,4,6,0,0.0,4.0,1.0,6,,7,52,27,50,84.8,319,376,25,6,18.2,4,22,5,13,6,7,17,0,0.0,1,4.0,1.0,,4.0,12,6.91,7.2
PL-2024-25-12436575,Jornada 36,2025-05-10,Southampton,1,Man City,0,0,0.0,0.0,2,0,0,2,0,0.0,0.0,,1,2.0,3,37,7,28,76.0,196,258,21,8,20.0,1,5,11,13,8,5,52,0,0.0,1,4.0,1.0,3.0,2.0,9,0.0,0.0,26,5,8,13,1,2.0,10.0,,15,1.0,13,64,76,72,89.4,573,641,15,9,22.7,10,44,3,12,6,6,8,0,0.0,1,0.0,0.0,0.0,0.0,8,7.04,7.55
PL-2024-25-12436581,Jornada 36,2025-05-10,Wolves,1,Brighton,0,2,0.0,0.0,10,3,5,2,0,1.0,1.0,1.0,7,0.0,10,51,25,56,86.7,458,528,20,12,16.0,4,25,9,17,11,6,26,2,0.0,0,0.0,1.0,,1.0,8,2.0,0.0,7,2,4,1,0,0.0,4.0,2.0,4,1.0,7,45,15,44,83.8,352,420,19,7,26.7,4,15,11,25,15,10,30,0,0.0,1,4.0,0.0,,1.0,12,6.84,7.15
PL-2024-25-12436570,Jornada 36,2025-05-10,Bournemouth,1,Aston Villa,0,1,0.0,0.0,10,4,3,3,0,0.0,2.0,2.0,10,2.0,9,79,27,66,86.9,425,489,23,12,16.1,5,31,4,16,8,8,33,1,0.0,0,2.0,1.0,,4.0,19,1.0,0.0,6,3,3,0,1,0.0,2.0,2.0,0,0.0,3,53,15,34,68.9,175,254,16,19,25.0,2,8,5,13,8,5,23,0,0.0,1,4.0,4.0,,5.0,12,6.86,7.05
PL-2024-25-12436573,Jornada 36,2025-05-11,Newcastle,1,Chelsea,2,0,1.0,1.0,15,6,6,3,0,0.0,0.0,2.0,2,,5,47,38,45,84.1,345,410,20,13,50.0,5,10,4,10,7,3,27,0,0.0,1,3.0,2.0,,4.0,9,0.0,0.0,10,3,3,4,0,1.0,3.0,1.0,8,,13,60,23,55,87.0,436,501,28,9,13.0,3,23,5,15,7,8,16,2,0.0,0,4.0,0.0,,2.0,13,7.35,6.72
PL-2024-25-12436569,Jornada 36,2025-05-11,Man United,1,West Ham,0,2,0.0,0.0,20,5,11,4,0,0.0,9.0,4.0,8,0.0,2,60,35,52,90.3,455,504,30,13,32.3,10,31,3,21,11,10,13,2,0.0,0,2.0,0.0,1.0,0.0,3,2.0,0.0,9,4,3,2,0,0.0,1.0,4.0,5,2.0,7,29,19,48,85.8,406,473,14,3,20.0,3,15,8,20,13,7,20,0,0.0,1,5.0,1.0,0.0,1.0,13,6.87,7.24
PL-2024-25-12436574,Jornada 36,2025-05-11,Nottm Forest,1,Leicester,2,2,2.0,0.0,15,4,6,5,0,0.0,6.0,4.0,4,1.0,4,53,18,56,85.0,368,433,16,11,29.6,8,27,4,17,8,9,25,2,0.0,0,4.0,0.0,1.0,3.0,11,2.0,0.0,10,6,4,0,0,2.0,1.0,4.0,4,2.0,7,42,21,44,79.5,276,347,13,11,33.3,5,15,6,11,7,4,33,2,0.0,0,2.0,2.0,1.0,3.0,11,6.96,6.69
PL-2024-25-12436583,Jornada 36,2025-05-11,Tottenham,1,Crystal Palace,0,2,0.0,0.0,8,1,2,5,0,0.0,0.0,1.0,4,2.0,7,41,16,47,77.0,285,370,14,10,15.4,2,13,7,21,12,9,27,2,0.0,0,8.0,2.0,,1.0,12,2.0,0.0,23,10,6,7,1,0.0,6.0,9.0,8,3.0,3,50,34,53,81.8,333,407,23,12,37.5,9,24,11,17,8,9,16,0,0.0,1,1.0,1.0,,1.0,10,6.94,7.42
PL-2024-25-12436568,Jornada 36,2025-05-11,Liverpool,1,Arsenal,2,2,2.0,0.0,14,5,8,1,0,1.0,3.0,4.0,3,3.0,2,41,36,44,82.3,292,355,17,10,18.2,2,11,4,16,10,6,16,2,0.0,0,4.0,0.0,,1.0,13,2.0,0.0,15,7,4,4,1,2.0,2.0,4.0,1,1.0,8,48,36,56,85.9,384,447,14,13,35.7,5,14,5,20,12,8,17,2,0.0,0,3.0,1.0,,3.0,10,6.85,7.06
PL-2024-25-12436577,Jornada 37,2025-05-16,Aston Villa,1,Tottenham,2,0,2.0,0.0,18,7,7,4,0,1.0,6.0,3.0,9,1.0,12,63,40,68,89.8,522,581,14,12,14.3,4,28,3,16,14,2,9,0,0.0,1,1.0,2.0,,1.0,5,0.0,0.0,3,1,1,1,0,0.0,0.0,1.0,1,0.0,4,30,8,32,80.1,217,271,10,5,11.1,1,9,13,9,4,5,35,2,0.0,0,5.0,5.0,,2.0,12,7.59,6.58
PL-2024-25-12436582,Jornada 37,2025-05-16,Chelsea,1,Man United,1,0,1.0,0.0,11,3,4,4,1,1.0,4.0,3.0,7,3.0,7,55,16,47,80.6,325,403,17,14,7.7,1,13,5,18,15,3,15,0,0.0,1,1.0,2.0,,1.0,10,0.0,0.0,4,1,3,0,0,0.0,0.0,0.0,2,2.0,4,47,14,53,80.9,381,471,38,10,11.1,1,9,4,23,13,10,13,1,0.0,0,2.0,1.0,,6.0,14,7.05,6.79
PL-2024-25-12436579,Jornada 37,2025-05-18,Everton,1,Southampton,2,0,2.0,0.0,13,5,5,3,0,0.0,0.0,4.0,4,2.0,5,58,33,50,86.9,439,505,31,10,30.0,6,20,11,25,17,8,19,0,0.0,1,2.0,0.0,,1.0,6,0.0,0.0,6,2,3,1,1,0.0,1.0,2.0,5,1.0,12,33,17,50,86.6,441,509,12,6,18.2,2,11,8,18,11,7,30,2,0.0,0,2.0,1.0,,1.0,10,7.35,6.62
PL-2024-25-12436533,Jornada 37,2025-05-18,West Ham,1,Nottm Forest,1,2,1.0,0.0,16,5,5,6,0,0.0,3.0,0.0,8,0.0,11,67,31,61,87.0,434,499,26,7,25.0,7,28,7,19,14,5,29,2,0.0,0,3.0,2.0,0.0,6.0,14,2.0,0.0,10,5,2,3,1,1.0,2.0,4.0,7,2.0,2,56,29,39,78.5,256,326,19,14,28.6,6,21,17,33,19,14,43,1,0.0,0,4.0,0.0,1.0,3.0,7,6.8,7.25
PL-2024-25-12436586,Jornada 37,2025-05-18,Brentford,1,Fulham,2,3,2.0,0.0,11,6,3,2,0,0.0,1.0,4.0,5,,8,66,36,51,78.1,292,374,24,7,21.1,4,19,5,11,7,4,15,3,0.0,0,4.0,,0.0,4.0,12,2.0,1.0,16,7,0,9,0,2.0,4.0,2.0,3,,5,47,19,49,84.6,314,371,22,12,27.8,5,18,6,19,13,6,36,2,0.0,0,3.0,,1.0,4.0,8,6.86,6.88
PL-2024-25-12436534,Jornada 37,2025-05-18,Leicester,1,Ipswich,2,0,2.0,0.0,9,3,4,2,1,0.0,1.0,0.0,2,0.0,6,41,11,51,84.3,387,459,19,12,,0,8,9,25,18,7,16,0,0.0,1,2.0,0.0,,1.0,15,0.0,0.0,20,2,9,9,1,0.0,4.0,1.0,2,4.0,11,48,31,49,85.8,368,429,12,15,50.0,7,14,3,13,10,3,13,2,0.0,0,1.0,1.0,,0.0,12,7.14,6.79
PL-2024-25-12436585,Jornada 37,2025-05-18,Arsenal,1,Newcastle,1,0,0.0,1.0,12,4,3,5,0,1.0,3.0,1.0,10,,8,56,32,51,82.6,337,408,18,9,33.3,5,15,6,17,9,8,30,0,0.0,1,5.0,2.0,1.0,3.0,9,0.0,0.0,14,5,3,6,0,1.0,3.0,3.0,7,,4,45,32,49,82.7,307,371,19,9,14.8,4,27,6,20,12,8,26,1,0.0,0,3.0,0.0,0.0,3.0,9,7.35,6.89
PL-2024-25-12436590,Jornada 37,2025-05-19,Brighton,1,Liverpool,3,2,2.0,1.0,25,12,9,4,0,4.0,3.0,2.0,3,2.0,8,46,60,49,87.2,388,445,24,8,21.7,5,23,7,27,13,14,14,2,0.0,0,3.0,1.0,0.0,1.0,9,2.0,0.0,18,5,6,7,0,1.0,5.0,3.0,3,1.0,8,36,45,51,87.1,411,472,22,9,14.3,1,7,8,9,2,7,24,3,0.0,0,9.0,1.0,1.0,0.0,8,7.25,6.96
PL-2024-25-12436592,Jornada 37,2025-05-20,Crystal Palace,1,Wolves,4,2,3.0,1.0,14,10,4,0,0,1.0,1.0,2.0,0,2.0,2,41,19,31,73.8,208,282,15,8,50.0,2,4,6,22,13,9,30,2,0.0,0,1.0,1.0,,1.0,14,2.0,0.0,12,3,3,6,0,0.0,4.0,2.0,9,0.0,7,64,21,69,87.2,538,617,17,14,27.8,5,18,2,18,9,9,16,4,0.0,0,6.0,0.0,,2.0,8,6.95,6.8
PL-2024-25-13854588,Jornada 37,2025-05-20,Man City,1,Bournemouth,3,1,2.0,1.0,12,5,5,2,1,1.0,5.0,3.0,3,2.0,3,56,21,57,90.3,550,609,23,13,28.6,2,7,7,8,3,5,19,1,0.0,0,1.0,2.0,0.0,1.0,7,1.0,0.0,8,2,4,2,1,0.0,2.0,2.0,1,3.0,4,57,17,43,85.7,378,441,24,7,33.3,6,18,5,10,5,5,25,3,0.0,0,2.0,0.0,1.0,3.0,13,7.04,6.52
PL-2024-25-12436536,Jornada 38,2025-05-25,Bournemouth,1,Leicester,2,0,1.0,1.0,20,7,7,6,0,3.0,6.0,3.0,6,2.0,10,63,52,63,82.3,409,497,16,16,31.8,7,22,7,15,9,6,11,0,0.0,1,0.0,1.0,0.0,0.0,19,0.0,0.0,3,0,3,0,0,0.0,1.0,0.0,1,2.0,5,38,12,37,74.4,224,301,15,19,25.0,2,8,6,18,12,6,30,2,0.0,0,5.0,1.0,1.0,2.0,16,7.38,6.69
PL-2024-25-12436559,Jornada 38,2025-05-25,Fulham,1,Man City,0,2,0.0,0.0,13,3,6,4,0,0.0,2.0,4.0,1,2.0,7,43,32,47,84.7,375,443,32,5,41.7,5,12,11,18,8,10,29,2,0.0,0,3.0,1.0,,,11,2.0,0.0,20,5,7,8,0,1.0,3.0,3.0,6,0.0,7,57,46,53,85.7,424,495,36,10,16.7,3,18,13,14,9,5,14,0,0.0,1,3.0,0.0,,,5,6.71,7.51
PL-2024-25-12436538,Jornada 38,2025-05-25,Ipswich,1,West Ham,1,3,0.0,1.0,14,4,5,5,0,1.0,2.0,1.0,4,2.0,7,52,33,41,83.6,347,415,18,9,18.2,4,22,7,11,7,4,25,3,0.0,0,3.0,1.0,0.0,1.0,10,2.0,1.0,10,6,1,3,0,1.0,1.0,1.0,0,1.0,13,62,16,59,87.2,543,623,23,10,22.2,2,9,9,25,11,14,34,1,0.0,0,3.0,3.0,1.0,1.0,9,6.64,7.25
PL-2024-25-12436548,Jornada 38,2025-05-25,Liverpool,1,Crystal Palace,1,1,1.0,0.0,14,3,7,4,1,0.0,2.0,4.0,11,1.0,6,98,35,69,86.7,549,633,25,10,14.3,5,35,12,19,9,10,15,1,0.0,0,4.0,0.0,,2.0,7,1.0,0.0,8,5,2,1,1,1.0,1.0,2.0,0,2.0,8,42,15,31,70.7,210,297,20,7,33.3,2,6,15,18,10,8,52,1,0.0,0,2.0,2.0,,0.0,10,7.14,6.99
PL-2024-25-12436540,Jornada 38,2025-05-25,Man United,1,Aston Villa,2,0,2.0,0.0,26,10,14,2,2,2.0,10.0,3.0,4,5.0,0,66,55,67,88.3,535,606,31,9,31.6,6,19,7,20,15,5,19,0,0.0,1,1.0,0.0,1.0,2.0,10,0.0,0.0,6,1,2,3,0,0.0,2.0,0.0,3,3.0,10,45,18,33,72.3,217,300,20,10,,0,9,6,9,5,4,20,2,0.0,0,8.0,1.0,1.0,2.0,10,7.56,6.55
PL-2024-25-12436541,Jornada 38,2025-05-25,Newcastle,1,Everton,0,1,0.0,0.0,17,6,7,4,0,3.0,4.0,1.0,12,,5,68,29,65,87.8,461,525,18,9,29.4,10,34,5,11,8,3,21,1,0.0,0,5.0,1.0,1.0,1.0,12,1.0,0.0,14,6,6,2,0,3.0,2.0,2.0,3,,9,49,13,35,77.8,224,288,26,12,27.3,3,11,14,13,8,5,25,0,0.0,1,6.0,4.0,3.0,4.0,9,7.08,7.37
PL-2024-25-12436556,Jornada 38,2025-05-25,Nottm Forest,1,Chelsea,0,1,0.0,0.0,10,2,4,4,0,1.0,1.0,2.0,7,5.0,2,64,28,52,83.8,352,420,21,11,21.2,7,33,3,14,9,5,22,1,0.0,0,1.0,0.0,,2.0,10,1.0,0.0,6,2,2,2,0,0.0,2.0,3.0,4,1.0,4,57,11,48,80.0,327,409,13,10,9.1,1,11,4,15,10,5,36,0,0.0,1,2.0,5.0,,2.0,11,6.75,7.04
PL-2024-25-12436549,Jornada 38,2025-05-25,Southampton,1,Arsenal,1,2,1.0,0.0,7,2,2,3,0,0.0,2.0,0.0,5,1.0,14,39,17,38,82.0,278,339,17,8,27.3,3,11,6,18,9,9,34,2,0.0,0,6.0,1.0,1.0,,7,1.0,1.0,23,8,5,10,1,1.0,5.0,4.0,8,1.0,10,67,38,62,91.2,486,533,14,7,20.7,6,29,2,18,4,14,23,1,0.0,0,1.0,2.0,1.0,,8,7.07,7.18
PL-2024-25-12436557,Jornada 38,2025-05-25,Tottenham,1,Brighton,1,4,1.0,0.0,4,2,1,1,0,0.0,0.0,3.0,2,1.0,4,26,10,33,76.4,207,271,15,7,,0,5,11,13,7,6,39,4,0.0,0,4.0,1.0,,3.0,13,3.0,1.0,23,8,7,8,1,0.0,4.0,5.0,11,2.0,10,67,47,67,89.0,485,545,13,12,36.4,12,33,7,18,16,2,7,1,0.0,0,1.0,0.0,,1.0,8,6.46,7.28
PL-2024-25-12436542,Jornada 38,2025-05-25,Wolves,1,Brentford,1,1,0.0,1.0,18,6,8,4,0,2.0,6.0,1.0,8,3.0,14,54,32,49,81.9,339,414,20,9,20.0,4,20,5,25,16,9,23,1,0.0,0,6.0,2.0,,2.0,7,1.0,0.0,13,7,5,1,0,1.0,1.0,3.0,3,1.0,3,54,27,51,84.4,383,454,28,7,30.8,4,13,6,23,13,10,21,1,0.0,0,5.0,1.0,,1.0,9,7.21,7.03
PL-2025-26-14025013,Jornada 1,2025-08-15,Liverpool,1,Bournemouth,4,2,4.0,0.0,19,10,7,2,0,2.0,2.0,3.0,6,2.0,8,61,36,61,82.0,401,489,29,10,29.4,5,17,4,16,13,3,41,2,0.0,0,1.0,1.0,2.0,1.0,7,1.0,1.0,10,3,4,3,0,0.0,1.0,3.0,7,2.0,8,45,28,39,69.9,209,299,24,7,25.0,5,20,11,20,12,8,45,4,0.0,0,6.0,2.0,1.0,2.0,10,7.22,6.62
PL-2025-26-14025016,Jornada 1,2025-08-16,Aston Villa,1,Newcastle,0,0,0.0,0.0,3,3,0,0,0,0.0,0.0,1.0,3,2.0,9,46,14,40,73.2,227,310,17,11,27.3,3,11,10,11,5,6,20,0,0.0,1,3.0,3.0,1.0,1.0,13,0.0,0.0,16,3,6,7,0,2.0,6.0,2.0,6,1.0,2,55,33,60,83.4,376,451,21,13,23.1,6,26,12,10,8,2,22,0,0.0,1,3.0,3.0,0.0,1.0,11,6.92,7.03
PL-2025-26-14025020,Jornada 1,2025-08-16,Brighton,1,Fulham,1,1,1.0,0.0,10,4,5,1,0,2.0,2.0,2.0,4,3.0,4,47,25,50,87.6,374,427,28,14,36.4,4,11,9,19,9,10,27,1,0.0,0,1.0,1.0,,3.0,16,1.0,0.0,7,2,4,1,0,0.0,2.0,1.0,3,2.0,5,49,19,50,82.5,349,423,29,16,21.4,3,14,2,15,8,7,15,1,0.0,0,3.0,2.0,,3.0,15,6.99,6.63
PL-2025-26-14025038,Jornada 1,2025-08-16,Sunderland,1,West Ham,3,0,3.0,0.0,10,5,4,1,0,0.0,1.0,2.0,5,,1,48,15,37,77.4,250,323,18,10,29.4,5,17,9,14,5,9,32,0,0.0,1,4.0,1.0,3.0,0.0,8,0.0,0.0,12,4,2,6,0,0.0,5.0,0.0,7,,7,78,28,63,85.1,468,550,26,8,19.2,5,26,4,12,7,5,16,3,0.0,0,2.0,1.0,1.0,1.0,10,7.12,6.51
PL-2025-26-14025047,Jornada 1,2025-08-16,Tottenham,1,Burnley,3,0,3.0,0.0,16,6,9,1,0,0.0,4.0,2.0,6,0.0,11,58,26,67,88.3,451,511,20,8,29.6,8,27,1,12,9,3,26,0,0.0,1,4.0,0.0,1.0,,14,0.0,0.0,14,4,7,3,0,2.0,5.0,0.0,5,4.0,7,34,25,33,73.6,181,246,18,14,21.4,3,14,7,6,2,4,25,3,0.0,0,3.0,3.0,0.0,,8,7.65,6.39
PL-2025-26-14025050,Jornada 1,2025-08-16,Wolves,1,Man City,0,4,0.0,0.0,9,3,3,3,0,0.0,3.0,0.0,4,4.0,5,46,19,42,82.7,326,394,24,7,20.0,4,20,6,25,17,8,20,4,0.0,0,0.0,1.0,0.0,1.0,13,3.0,1.0,15,4,7,4,0,0.0,6.0,3.0,5,0.0,14,48,28,58,90.6,510,563,13,13,30.0,6,20,7,18,11,7,22,0,0.0,1,3.0,1.0,1.0,2.0,7,6.32,7.5
PL-2025-26-14025053,Jornada 1,2025-08-17,Chelsea,1,Crystal Palace,0,0,0.0,0.0,19,3,7,9,0,0.0,8.0,2.0,11,,12,62,31,72,89.8,510,568,21,12,20.7,6,29,11,13,6,7,19,0,0.0,1,4.0,,1.0,2.0,10,0.0,0.0,11,4,3,4,0,3.0,4.0,1.0,2,,5,28,8,28,74.3,168,226,18,10,,0,11,7,16,13,3,41,0,0.0,1,2.0,,0.0,3.0,12,7.06,7.02
PL-2025-26-14025028,Jornada 1,2025-08-17,Nottm Forest,1,Brentford,3,1,3.0,0.0,11,5,4,2,0,2.0,3.0,4.0,5,2.0,9,64,25,54,82.3,343,417,18,15,20.8,5,24,9,12,7,5,24,1,0.0,0,2.0,2.0,0.0,1.0,7,1.0,0.0,10,3,4,3,0,1.0,2.0,1.0,5,0.0,7,47,19,46,78.3,271,346,14,6,18.8,3,16,5,20,6,14,27,3,0.0,0,2.0,0.0,3.0,2.0,15,7.16,6.26
PL-2025-26-14025056,Jornada 1,2025-08-17,Man United,1,Arsenal,0,1,0.0,0.0,22,7,7,8,1,2.0,5.0,0.0,3,1.0,9,54,36,61,82.7,393,475,41,19,20.0,3,15,4,22,11,11,23,1,0.0,0,2.0,1.0,0.0,1.0,10,1.0,0.0,9,3,3,3,0,1.0,3.0,1.0,4,2.0,9,35,20,39,74.5,219,294,20,10,18.2,2,11,4,18,10,8,30,0,0.0,1,7.0,2.0,1.0,4.0,19,7.0,7.11
PL-2025-26-14025059,Jornada 1,2025-08-18,Leeds,1,Everton,1,0,1.0,0.0,21,3,7,11,0,1.0,8.0,3.0,7,1.0,6,57,28,54,83.4,401,481,25,7,26.9,7,26,9,15,7,8,30,0,0.0,1,1.0,1.0,2.0,0.0,6,0.0,0.0,7,1,3,3,0,0.0,2.0,1.0,2,2.0,6,48,14,46,78.8,324,411,18,6,36.4,4,11,2,16,12,4,31,1,0.0,0,2.0,1.0,1.0,2.0,8,6.85,6.64
PL-2025-26-14025088,Jornada 2,2025-08-22,West Ham,1,Chelsea,1,5,0.0,1.0,12,4,5,3,0,1.0,1.0,1.0,7,4.0,5,43,19,41,86.5,339,392,15,10,43.8,7,16,7,11,6,5,29,5,0.0,0,2.0,1.0,,0.0,7,5.0,0.0,12,7,4,1,0,0.0,2.0,7.0,5,2.0,4,63,26,59,87.5,505,577,17,7,20.0,3,15,4,19,13,6,17,1,0.0,0,3.0,1.0,,1.0,10,6.45,7.37
PL-2025-26-14025083,Jornada 2,2025-08-23,Man City,1,Tottenham,0,2,0.0,0.0,10,4,3,3,0,2.0,2.0,2.0,7,0.0,7,47,34,61,86.9,456,525,15,12,26.3,5,19,6,20,10,10,23,2,0.0,0,3.0,,0.0,1.0,7,2.0,0.0,12,5,5,2,0,0.0,2.0,3.0,2,1.0,8,50,26,39,78.2,259,331,20,7,36.4,4,11,7,24,16,8,25,0,0.0,1,4.0,,1.0,4.0,12,6.63,7.15
PL-2025-26-14025062,Jornada 2,2025-08-23,Bournemouth,1,Wolves,1,0,1.0,0.0,14,4,5,5,1,2.0,4.0,2.0,8,2.0,10,70,30,59,86.6,387,447,23,16,15.0,3,20,6,12,9,3,32,0,0.0,1,1.0,1.0,1.0,2.0,13,0.0,0.0,6,1,3,2,0,0.0,2.0,0.0,3,2.0,5,61,14,41,73.3,225,307,29,13,29.4,5,17,9,21,14,7,30,1,0.0,0,3.0,2.0,1.0,4.0,16,7.06,6.69
PL-2025-26-14025068,Jornada 2,2025-08-23,Brentford,1,Aston Villa,1,0,1.0,0.0,9,2,4,3,0,0.0,1.0,2.0,2,1.0,8,38,25,24,71.9,128,178,23,9,45.5,5,11,11,28,15,13,45,0,0.0,1,2.0,1.0,1.0,1.0,11,0.0,0.0,17,2,7,8,0,2.0,3.0,1.0,9,0.0,8,69,43,76,87.6,514,587,25,11,14.8,4,27,6,14,12,2,12,1,0.0,0,1.0,0.0,0.0,2.0,9,7.22,6.72
PL-2025-26-14025071,Jornada 2,2025-08-23,Burnley,1,Sunderland,2,0,2.0,0.0,7,2,4,1,1,0.0,3.0,2.0,4,0.0,3,58,17,42,80.5,356,442,15,5,26.7,4,15,7,22,11,11,29,0,0.0,1,1.0,1.0,2.0,0.0,9,0.0,0.0,9,1,3,5,0,0.0,3.0,2.0,3,2.0,2,68,17,58,86.0,530,616,16,9,20.8,5,24,7,18,8,10,27,2,0.0,0,0.0,1.0,0.0,1.0,5,7.21,6.5
PL-2025-26-14025065,Jornada 2,2025-08-23,Arsenal,1,Leeds,5,0,5.0,0.0,18,5,9,4,0,0.0,5.0,3.0,2,,12,52,34,68,91.7,549,599,24,10,42.1,8,19,5,12,8,4,7,0,0.0,1,1.0,,,0.0,8,0.0,0.0,3,1,0,2,0,0.0,1.0,0.0,2,,4,17,6,32,75.5,219,290,13,8,20.0,1,5,6,18,12,6,20,5,0.0,0,0.0,,,2.0,11,7.67,5.9
PL-2025-26-14025074,Jornada 2,2025-08-24,Crystal Palace,1,Nottm Forest,1,1,1.0,0.0,8,4,4,0,1,1.0,0.0,2.0,1,2.0,3,51,21,42,76.1,287,377,8,11,33.3,6,18,7,20,11,9,21,1,0.0,0,0.0,1.0,,3.0,11,1.0,0.0,9,1,7,1,1,0.0,1.0,2.0,3,2.0,6,70,20,58,86.0,442,514,31,11,11.5,3,26,10,12,7,5,15,1,0.0,0,3.0,1.0,,3.0,11,6.79,6.72
PL-2025-26-14025077,Jornada 2,2025-08-24,Everton,1,Brighton,2,0,1.0,1.0,11,3,7,1,0,1.0,3.0,2.0,2,0.0,9,73,18,42,75.1,272,362,31,15,33.3,4,12,8,15,8,7,35,0,0.0,1,4.0,1.0,1.0,4.0,7,0.0,0.0,13,4,5,4,2,2.0,4.0,3.0,2,6.0,8,58,29,58,83.9,411,490,12,6,27.3,3,11,5,17,8,9,24,2,0.0,0,1.0,0.0,0.0,3.0,15,7.45,6.25
PL-2025-26-14025080,Jornada 2,2025-08-24,Fulham,1,Man United,1,1,1.0,0.0,13,4,4,5,0,1.0,2.0,3.0,9,2.0,2,47,38,52,84.2,353,419,21,10,30.3,10,33,8,10,8,2,24,1,0.0,0,3.0,0.0,2.0,1.0,12,0.0,0.0,10,3,6,1,1,1.0,1.0,2.0,6,1.0,2,50,25,48,82.6,328,397,22,11,28.6,4,14,5,17,11,6,27,1,0.0,0,2.0,1.0,0.0,1.0,10,6.78,6.92
PL-2025-26-14147154,Jornada 2,2025-08-25,Newcastle,1,Liverpool,2,3,2.0,0.0,10,3,4,3,0,0.0,1.0,4.0,7,,8,51,27,38,68.8,170,247,12,15,23.1,6,26,8,12,5,7,21,3,0.0,0,1.0,0.0,0.0,2.0,17,2.0,1.0,5,4,0,1,0,0.0,1.0,2.0,1,,5,49,17,62,83.1,370,445,15,17,22.2,2,9,2,13,8,5,43,2,0.0,0,1.0,1.0,3.0,3.0,15,6.46,6.75
PL-2025-26-14025097,Jornada 3,2025-08-30,Chelsea,1,Fulham,2,0,2.0,0.0,13,6,1,6,0,2.0,1.0,3.0,6,3.0,8,64,27,54,86.8,429,494,17,16,30.8,4,13,18,19,9,10,20,0,0.0,1,1.0,0.0,,2.0,11,0.0,0.0,11,3,6,2,0,1.0,2.0,1.0,4,1.0,3,49,20,46,81.2,337,415,25,11,33.3,5,15,6,29,12,17,20,2,0.0,0,4.0,1.0,,2.0,17,7.31,6.67
PL-2025-26-14025106,Jornada 3,2025-08-30,Man United,1,Burnley,3,2,2.0,0.0,26,6,13,7,2,1.0,6.0,4.0,7,1.0,5,59,38,62,82.3,418,508,32,8,50.0,13,26,3,16,9,7,17,2,0.0,0,1.0,1.0,0.0,1.0,9,2.0,0.0,6,3,1,2,0,0.0,1.0,2.0,1,1.0,3,48,18,38,70.8,225,318,24,9,11.1,1,9,9,20,14,6,39,3,0.0,0,5.0,0.0,1.0,5.0,9,6.95,6.56
PL-2025-26-14025112,Jornada 3,2025-08-30,Sunderland,1,Brentford,2,1,2.0,0.0,12,3,6,3,0,0.0,3.0,2.0,3,0.0,4,70,16,54,81.1,340,419,23,11,16.7,3,18,7,28,14,14,34,1,0.0,0,3.0,1.0,,3.0,11,1.0,0.0,7,4,2,1,0,1.0,2.0,2.0,4,3.0,8,44,14,46,79.9,283,354,17,10,37.5,6,16,4,9,7,2,34,2,0.0,0,1.0,0.0,,2.0,12,6.97,6.5
PL-2025-26-14025115,Jornada 3,2025-08-30,Tottenham,1,Bournemouth,0,1,0.0,0.0,5,1,3,1,0,0.0,2.0,0.0,0,2.0,10,67,18,61,82.6,394,477,19,13,25.0,5,20,4,16,8,8,33,1,0.0,0,5.0,1.0,0.0,2.0,17,1.0,0.0,20,6,9,5,1,1.0,4.0,3.0,8,3.0,8,61,29,39,70.3,208,296,19,17,27.8,5,18,9,28,13,15,31,0,0.0,1,1.0,3.0,1.0,4.0,13,6.74,7.09
PL-2025-26-14025118,Jornada 3,2025-08-30,Wolves,1,Everton,2,3,2.0,0.0,12,4,3,5,0,2.0,4.0,2.0,2,2.0,3,67,22,59,80.3,421,524,22,10,50.0,8,16,10,23,13,10,19,3,0.0,0,1.0,1.0,1.0,0.0,15,3.0,0.0,10,4,2,4,0,0.0,3.0,3.0,2,1.0,8,61,23,41,74.1,275,371,23,15,15.4,2,13,16,16,11,5,28,2,0.0,0,2.0,1.0,0.0,1.0,10,6.45,6.82
PL-2025-26-14025100,Jornada 3,2025-08-30,Leeds,1,Newcastle,0,0,0.0,0.0,10,1,6,3,0,0.0,6.0,1.0,5,1.0,7,49,19,43,79.2,328,414,16,15,23.5,4,17,13,18,14,4,18,0,0.0,1,2.0,1.0,,1.0,10,0.0,0.0,8,2,3,3,0,1.0,3.0,0.0,5,0.0,5,65,13,57,84.6,463,547,30,10,9.5,2,21,8,10,4,6,6,0,0.0,1,1.0,2.0,,1.0,15,6.89,6.83
PL-2025-26-14025094,Jornada 3,2025-08-31,Brighton,1,Man City,2,1,2.0,0.0,12,7,2,3,0,2.0,0.0,3.0,3,1.0,8,46,22,36,74.6,235,315,14,13,37.5,3,8,8,17,13,4,10,1,0.0,0,2.0,1.0,,2.0,16,1.0,0.0,12,3,8,1,0,0.0,4.0,3.0,2,0.0,14,38,24,64,87.3,493,565,19,16,20.0,1,5,9,15,7,8,15,2,0.0,0,5.0,1.0,,2.0,14,6.67,6.97
PL-2025-26-14025109,Jornada 3,2025-08-31,Nottm Forest,1,West Ham,0,3,0.0,0.0,11,3,3,5,0,0.0,2.0,1.0,9,,6,80,29,58,86.9,470,541,11,6,11.4,4,35,6,19,14,5,16,3,0.0,0,5.0,0.0,1.0,,14,2.0,1.0,12,8,4,0,0,1.0,0.0,4.0,7,,8,33,18,42,82.1,316,385,13,13,38.9,7,18,6,16,9,7,32,0,0.0,1,3.0,3.0,1.0,,6,6.46,7.07
PL-2025-26-14025103,Jornada 3,2025-08-31,Liverpool,1,Arsenal,1,0,0.0,1.0,9,3,2,4,0,0.0,4.0,,3,1.0,7,50,16,53,84.6,368,435,27,10,14.3,1,7,7,11,9,2,29,0,0.0,1,1.0,0.0,,2.0,7,0.0,0.0,11,1,3,7,0,0.0,3.0,,8,0.0,3,46,29,47,81.7,303,371,25,7,17.6,3,17,9,14,6,8,19,1,0.0,0,2.0,1.0,,2.0,10,7.16,6.61
PL-2025-26-14025091,Jornada 3,2025-08-31,Aston Villa,1,Crystal Palace,0,3,0.0,0.0,13,4,8,1,0,1.0,2.0,2.0,10,0.0,7,79,20,58,89.5,475,531,29,14,19.4,6,31,6,11,5,6,17,3,0.0,0,1.0,1.0,1.0,2.0,7,3.0,0.0,6,4,1,1,0,0.0,1.0,4.0,1,2.0,6,51,14,42,85.0,328,386,17,6,18.2,2,11,10,26,16,10,37,0,0.0,1,4.0,4.0,0.0,3.0,14,6.38,7.45
PL-2025-26-14025124,Jornada 4,2025-09-13,Arsenal,1,Nottm Forest,3,0,2.0,1.0,16,5,6,5,1,0.0,3.0,5.0,8,2.0,11,48,38,54,86.8,415,478,15,11,25.0,5,20,7,13,11,2,15,0,0.0,1,1.0,,,1.0,8,0.0,0.0,5,1,1,3,1,0.0,2.0,0.0,3,0.0,5,50,14,46,85.6,350,409,18,8,15.4,2,13,11,12,8,4,19,3,0.0,0,2.0,,,1.0,11,7.54,6.31
PL-2025-26-14025121,Jornada 4,2025-09-13,Bournemouth,1,Brighton,2,1,1.0,1.0,13,5,4,4,0,1.0,4.0,1.0,4,1.0,6,65,28,51,78.6,309,393,25,9,21.1,4,19,3,18,14,4,35,1,0.0,0,1.0,,0.0,4.0,16,1.0,0.0,6,2,2,2,0,0.0,1.0,2.0,4,0.0,10,56,24,49,78.3,293,374,24,16,17.6,3,17,6,20,16,4,35,2,0.0,0,3.0,,1.0,4.0,10,6.86,6.78
PL-2025-26-14025133,Jornada 4,2025-09-13,Crystal Palace,1,Sunderland,0,0,0.0,0.0,14,6,4,4,0,2.0,4.0,3.0,5,0.0,2,45,21,56,83.5,410,491,27,8,25.0,5,20,6,10,6,4,25,0,0.0,1,0.0,0.0,0.0,1.0,10,0.0,0.0,6,0,4,2,0,0.0,1.0,0.0,3,2.0,11,60,17,44,80.3,310,386,21,10,23.5,4,17,10,13,9,4,34,0,0.0,1,6.0,2.0,1.0,1.0,8,6.81,7.22
PL-2025-26-14025136,Jornada 4,2025-09-13,Everton,1,Aston Villa,0,0,0.0,0.0,20,2,9,9,1,0.0,5.0,3.0,10,2.0,8,53,46,48,81.9,281,343,25,15,36.4,8,22,5,23,16,7,17,0,0.0,1,1.0,1.0,0.0,3.0,17,0.0,0.0,7,1,1,5,0,1.0,3.0,0.0,3,2.0,2,43,8,52,81.5,313,384,14,17,30.0,3,10,4,16,11,5,19,0,0.0,1,2.0,1.0,1.0,3.0,15,7.16,6.75
PL-2025-26-14025139,Jornada 4,2025-09-13,Fulham,1,Leeds,1,0,0.0,0.0,5,3,2,0,0,2.0,0.0,2.0,3,1.0,6,76,10,54,84.7,382,451,19,15,13.6,3,22,6,24,16,8,23,0,0.0,1,3.0,0.0,1.0,1.0,20,0.0,0.0,10,3,3,4,1,1.0,2.0,1.0,3,3.0,4,54,21,46,80.7,313,388,23,20,7.7,1,13,7,18,11,7,30,1,0.0,0,3.0,1.0,1.0,2.0,15,7.15,6.74
PL-2025-26-14025145,Jornada 4,2025-09-13,Newcastle,1,Wolves,1,0,1.0,0.0,16,4,7,5,1,0.0,7.0,1.0,9,1.0,5,75,28,57,80.4,361,449,21,17,32.0,8,25,6,10,5,5,20,0,0.0,1,3.0,1.0,0.0,1.0,10,0.0,0.0,8,3,3,2,0,0.0,1.0,0.0,4,0.0,8,45,22,43,75.5,259,343,22,10,20.0,3,15,14,16,8,8,34,1,0.0,0,3.0,0.0,1.0,4.0,17,7.32,6.69
PL-2025-26-14025148,Jornada 4,2025-09-13,West Ham,1,Tottenham,0,3,0.0,0.0,7,4,3,0,0,0.0,1.0,1.0,2,0.0,6,48,10,36,77.1,239,310,17,7,33.3,3,9,5,13,9,4,41,3,0.0,0,2.0,,2.0,0.0,8,3.0,0.0,14,5,4,5,0,0.0,4.0,2.0,13,4.0,11,60,37,64,87.1,465,534,23,8,16.1,5,31,3,16,11,5,10,0,0.0,1,4.0,,1.0,1.0,7,6.37,7.29
PL-2025-26-14025127,Jornada 4,2025-09-13,Brentford,1,Chelsea,2,2,2.0,0.0,7,4,2,1,0,0.0,0.0,1.0,5,0.0,11,35,20,34,75.7,215,284,28,9,33.3,6,18,6,17,10,7,33,2,0.0,0,4.0,0.0,1.0,3.0,13,1.0,1.0,16,6,3,7,1,1.0,4.0,2.0,6,4.0,4,70,38,66,90.5,516,570,23,13,17.6,3,17,13,15,9,6,33,2,0.0,0,3.0,3.0,0.0,2.0,9,6.91,6.84
PL-2025-26-14025130,Jornada 4,2025-09-14,Burnley,1,Liverpool,0,1,0.0,0.0,3,0,3,0,0,0.0,2.0,0.0,1,3.0,2,39,2,19,47.6,80,168,15,9,,0,3,17,16,11,5,48,1,0.0,0,3.0,1.0,4.0,2.0,9,1.0,0.0,27,4,11,12,0,1.0,12.0,3.0,13,1.0,12,85,56,81,87.5,610,697,15,8,22.7,10,44,7,10,7,3,12,0,0.0,1,0.0,0.0,0.0,2.0,9,6.52,6.93
PL-2025-26-14025142,Jornada 4,2025-09-14,Man City,1,Man United,3,0,3.0,0.0,13,6,7,0,1,0.0,1.0,4.0,2,2.0,7,41,26,45,81.9,352,430,22,8,50.0,1,2,10,13,7,6,33,0,0.0,1,2.0,,3.0,,8,0.0,0.0,12,2,8,2,0,1.0,4.0,2.0,4,3.0,6,66,29,55,83.8,420,501,36,8,26.1,6,23,13,23,15,8,10,3,0.0,0,3.0,,0.0,,8,7.39,6.53
PL-2025-26-14025166,Jornada 5,2025-09-20,Liverpool,1,Everton,2,1,2.0,0.0,11,3,3,5,0,0.0,2.0,1.0,5,1.0,10,46,26,57,85.1,404,475,14,10,16.7,2,12,12,18,7,11,37,1,0.0,0,1.0,,2.0,2.0,11,1.0,0.0,9,2,4,3,0,0.0,3.0,0.0,4,1.0,12,54,21,43,76.2,263,345,23,11,25.0,5,20,10,18,13,5,23,2,0.0,0,1.0,,0.0,3.0,10,7.04,6.74
PL-2025-26-14025157,Jornada 5,2025-09-20,Brighton,1,Tottenham,2,2,1.0,1.0,12,4,7,1,0,1.0,5.0,1.0,2,0.0,6,51,17,36,76.9,236,307,22,13,25.0,2,8,5,25,17,8,40,2,0.0,0,2.0,0.0,1.0,1.0,10,1.0,0.0,11,3,6,2,0,0.0,2.0,1.0,10,1.0,13,66,44,64,88.7,464,523,27,10,9.4,3,32,9,26,10,16,17,2,0.0,0,2.0,1.0,0.0,2.0,13,6.83,6.6
PL-2025-26-14025160,Jornada 5,2025-09-20,Burnley,1,Nottm Forest,1,1,1.0,0.0,12,5,4,3,1,2.0,1.0,2.0,4,1.0,11,53,23,37,77.5,272,351,16,11,30.8,8,26,10,11,9,2,35,1,0.0,0,7.0,1.0,1.0,1.0,12,1.0,0.0,17,8,2,7,0,2.0,6.0,2.0,5,2.0,4,70,29,63,89.9,567,631,17,12,16.7,5,30,7,11,6,5,29,1,0.0,0,4.0,1.0,0.0,1.0,11,6.95,6.79
PL-2025-26-14025175,Jornada 5,2025-09-20,West Ham,1,Crystal Palace,1,2,1.0,0.0,8,3,4,1,0,0.0,1.0,1.0,8,1.0,14,56,20,57,83.3,375,450,21,5,31.8,7,22,7,9,6,3,22,2,0.0,0,1.0,1.0,1.0,4.0,15,2.0,0.0,18,3,9,6,2,0.0,4.0,4.0,8,2.0,5,47,27,43,82.3,284,345,22,15,44.4,8,18,10,22,16,6,35,1,0.0,0,2.0,0.0,2.0,3.0,5,6.62,7.18
PL-2025-26-14025178,Jornada 5,2025-09-20,Wolves,1,Leeds,1,3,1.0,0.0,16,6,6,4,0,1.0,3.0,1.0,4,0.0,9,83,39,56,83.8,425,507,24,9,40.0,14,35,3,28,14,14,16,3,0.0,0,1.0,0.0,0.0,1.0,11,2.0,1.0,6,4,2,0,0,1.0,2.0,1.0,0,2.0,8,43,13,44,84.4,351,416,16,11,,0,7,7,20,13,7,49,1,0.0,0,5.0,1.0,2.0,1.0,9,6.68,7.03
PL-2025-26-14025169,Jornada 5,2025-09-20,Man United,1,Chelsea,2,1,2.0,0.0,11,4,3,4,0,1.0,4.0,3.0,5,3.0,5,49,21,41,78.7,292,371,13,14,30.8,8,26,10,21,16,5,19,1,0.0,0,0.0,,1.0,2.0,13,1.0,0.0,5,1,2,2,0,0.0,1.0,1.0,5,2.0,8,54,16,59,84.7,466,550,21,13,13.3,2,15,8,16,13,3,29,2,0.0,0,2.0,,1.0,5.0,14,6.93,6.27
PL-2025-26-14025163,Jornada 5,2025-09-20,Fulham,1,Brentford,3,1,2.0,0.0,14,3,5,6,0,0.0,6.0,3.0,2,2.0,8,40,27,53,83.8,382,456,22,13,38.5,5,13,6,19,9,10,39,1,0.0,0,2.0,1.0,1.0,4.0,11,1.0,0.0,8,3,2,3,0,0.0,0.0,1.0,10,2.0,4,46,17,47,81.4,324,398,17,11,9.5,2,21,5,13,6,7,18,3,0.0,0,2.0,0.0,1.0,1.0,13,7.07,6.27
PL-2025-26-14025151,Jornada 5,2025-09-21,Bournemouth,1,Newcastle,0,0,0.0,0.0,11,2,3,6,0,1.0,6.0,,5,3.0,6,71,16,56,82.1,409,498,17,10,,0,21,16,15,8,7,28,0,0.0,1,1.0,1.0,1.0,2.0,7,0.0,0.0,4,1,2,1,0,0.0,3.0,,2,2.0,12,67,17,44,76.4,298,390,21,7,12.5,2,16,8,19,11,8,35,0,0.0,1,2.0,3.0,0.0,1.0,10,6.77,6.94
PL-2025-26-14025172,Jornada 5,2025-09-21,Sunderland,1,Aston Villa,1,1,1.0,0.0,14,4,6,4,1,2.0,2.0,1.0,6,0.0,5,41,16,29,69.3,151,218,16,8,16.7,2,12,8,20,13,7,34,1,0.0,0,1.0,1.0,1.0,2.0,14,0.0,1.0,12,2,4,6,0,0.0,5.0,2.0,5,3.0,0,67,34,71,89.2,488,547,15,14,15.4,4,26,3,11,7,4,28,1,0.0,0,3.0,0.0,1.0,1.0,8,6.7,6.84
PL-2025-26-14025154,Jornada 5,2025-09-21,Arsenal,1,Man City,1,1,1.0,0.0,12,3,6,3,0,0.0,1.0,2.0,11,4.0,6,61,39,67,88.8,517,582,33,10,15.6,5,32,5,20,13,7,18,1,0.0,0,2.0,,0.0,1.0,11,1.0,0.0,5,3,2,0,0,0.0,1.0,2.0,1,2.0,10,48,7,33,76.3,229,300,19,11,,0,4,5,13,9,4,60,1,0.0,0,2.0,,4.0,2.0,10,6.65,6.92
PL-2025-26-14025184,Jornada 6,2025-09-27,Brentford,1,Man United,3,1,2.0,1.0,10,8,1,1,0,0.0,2.0,6.0,4,2.0,6,61,23,44,76.3,274,359,21,10,50.0,7,14,7,14,8,6,24,1,0.0,0,5.0,2.0,1.0,2.0,14,1.0,0.0,14,6,4,4,0,2.0,3.0,4.0,2,1.0,2,44,17,56,80.8,370,458,18,13,28.6,4,14,4,16,9,7,29,3,0.0,0,5.0,1.0,0.0,2.0,10,7.05,6.52
PL-2025-26-14025187,Jornada 6,2025-09-27,Chelsea,1,Brighton,1,3,1.0,0.0,13,3,4,6,0,2.0,3.0,2.0,5,2.0,10,53,17,60,84.3,396,470,15,16,21.4,3,14,10,21,11,10,8,3,0.0,0,0.0,4.0,,3.0,9,3.0,0.0,12,3,7,2,0,0.0,4.0,4.0,7,2.0,7,51,27,40,84.2,266,316,16,9,38.5,5,13,12,21,13,8,26,1,0.0,0,2.0,0.0,,5.0,16,6.61,6.84
PL-2025-26-14025190,Jornada 6,2025-09-27,Crystal Palace,1,Liverpool,2,1,2.0,0.0,16,7,7,2,1,0.0,4.0,7.0,2,2.0,6,58,33,28,64.8,175,270,23,8,25.0,2,8,9,24,16,8,32,1,0.0,0,3.0,1.0,,1.0,10,1.0,0.0,20,4,11,5,1,1.0,6.0,6.0,6,1.0,6,93,28,72,88.5,609,688,19,10,30.8,8,26,10,7,5,2,36,2,0.0,0,5.0,1.0,,3.0,8,7.0,6.79
PL-2025-26-14025196,Jornada 6,2025-09-27,Leeds,1,Bournemouth,2,2,2.0,0.0,19,8,5,6,0,1.0,2.0,3.0,7,0.0,8,48,35,41,78.4,280,357,32,13,56.2,9,16,9,27,16,11,25,2,0.0,0,3.0,,1.0,2.0,12,1.0,1.0,12,5,4,3,0,0.0,4.0,1.0,4,2.0,11,60,21,59,85.7,436,509,24,12,14.3,3,21,7,23,11,12,30,2,0.0,0,6.0,,0.0,2.0,13,6.98,6.85
PL-2025-26-14025199,Jornada 6,2025-09-27,Man City,1,Burnley,5,1,3.0,0.0,21,8,7,6,0,1.0,7.0,5.0,10,1.0,14,64,64,69,88.7,566,638,10,7,39.1,9,23,4,8,6,2,19,1,0.0,0,1.0,0.0,0.0,1.0,5,1.0,0.0,9,2,2,5,0,1.0,3.0,0.0,2,1.0,1,38,11,31,82.0,242,295,31,5,14.3,1,7,10,20,9,11,31,5,0.0,0,5.0,1.0,1.0,3.0,7,7.27,6.16
PL-2025-26-14025205,Jornada 6,2025-09-27,Nottm Forest,1,Sunderland,0,1,0.0,0.0,22,6,10,6,0,2.0,5.0,1.0,7,0.0,9,79,36,65,90.1,521,578,23,6,19.0,8,42,1,16,9,7,20,1,0.0,0,2.0,0.0,1.0,4.0,11,1.0,0.0,11,3,5,3,0,0.0,3.0,3.0,4,1.0,7,42,21,35,81.1,258,318,33,11,15.8,3,19,6,10,7,3,42,0,0.0,1,6.0,4.0,1.0,2.0,6,6.75,7.29
PL-2025-26-14025208,Jornada 6,2025-09-27,Tottenham,1,Wolves,1,1,0.0,1.0,10,3,5,2,1,0.0,2.0,1.0,10,2.0,11,65,24,51,81.7,325,398,26,11,28.1,9,32,10,17,12,5,19,1,0.0,0,2.0,1.0,0.0,3.0,9,1.0,0.0,9,3,5,1,1,0.0,3.0,1.0,9,0.0,8,45,16,49,81.5,321,394,22,9,26.7,4,15,10,31,14,17,41,1,0.0,0,2.0,1.0,2.0,2.0,11,6.81,6.86
PL-2025-26-14025181,Jornada 6,2025-09-28,Aston Villa,1,Fulham,3,1,2.0,1.0,9,4,3,2,0,1.0,3.0,3.0,2,2.0,5,43,18,48,84.4,340,403,17,13,10.0,1,10,7,10,4,6,26,1,0.0,0,3.0,1.0,,1.0,10,1.0,0.0,11,4,4,3,0,0.0,2.0,1.0,8,4.0,11,56,27,52,86.2,357,414,26,10,23.3,7,30,9,16,7,9,23,3,0.0,0,1.0,2.0,,4.0,13,6.87,6.51
PL-2025-26-14025202,Jornada 6,2025-09-28,Newcastle,1,Arsenal,1,2,1.0,0.0,8,3,1,4,0,1.0,0.0,1.0,7,1.0,3,46,17,37,69.5,194,279,20,9,20.0,3,15,8,12,8,4,41,2,0.0,0,5.0,2.0,0.0,2.0,8,2.0,0.0,20,7,7,6,1,0.0,1.0,4.0,12,0.0,11,63,43,63,81.8,405,495,22,8,39.1,9,23,10,13,6,7,29,1,0.0,0,2.0,1.0,1.0,1.0,9,6.88,6.78
PL-2025-26-14311407,Jornada 6,2025-09-29,Everton,1,West Ham,1,1,1.0,0.0,12,6,3,3,0,1.0,2.0,0.0,3,0.0,4,51,30,52,85.0,380,447,25,16,13.6,3,22,5,11,6,5,37,1,0.0,0,2.0,,0.0,3.0,7,1.0,0.0,14,3,5,6,0,0.0,4.0,1.0,5,2.0,4,53,29,48,79.8,332,416,19,7,22.2,4,18,6,16,7,9,36,1,0.0,0,5.0,,1.0,4.0,16,6.96,6.74
PL-2025-26-14025211,Jornada 7,2025-10-03,Bournemouth,1,Fulham,3,1,2.0,1.0,11,6,2,3,0,1.0,3.0,1.0,4,2.0,10,89,30,54,85.8,460,536,25,10,4.0,1,25,8,10,7,3,23,1,0.0,0,3.0,,1.0,0.0,8,1.0,0.0,12,4,4,4,0,2.0,5.0,1.0,3,2.0,9,55,17,46,81.0,383,473,22,8,17.6,3,17,7,11,9,2,38,3,0.0,0,3.0,,2.0,1.0,10,7.19,6.52
PL-2025-26-14025225,Jornada 7,2025-10-04,Leeds,1,Tottenham,1,2,1.0,0.0,16,4,10,2,1,0.0,5.0,4.0,4,1.0,3,65,22,57,83.9,401,478,16,12,47.6,10,21,6,19,11,8,25,2,0.0,0,1.0,1.0,,2.0,10,1.0,1.0,9,3,4,2,1,1.0,3.0,1.0,1,2.0,10,51,18,43,79.7,298,374,11,10,10.0,1,10,6,15,10,5,34,1,0.0,0,3.0,0.0,,3.0,12,6.54,6.85
PL-2025-26-14025214,Jornada 7,2025-10-04,Arsenal,1,West Ham,2,0,2.0,0.0,21,5,7,9,1,0.0,5.0,4.0,8,1.0,5,44,46,68,88.0,498,566,10,13,13.0,3,23,7,23,14,9,27,0,0.0,1,0.0,0.0,0.0,0.0,14,0.0,0.0,4,0,3,1,0,0.0,0.0,2.0,3,1.0,3,34,8,32,78.4,210,268,14,14,18.2,2,11,12,17,7,10,50,2,0.0,0,3.0,1.0,2.0,2.0,14,7.13,6.55
PL-2025-26-14025227,Jornada 7,2025-10-04,Man United,1,Sunderland,2,0,2.0,0.0,15,6,7,2,1,2.0,2.0,2.0,2,1.0,7,55,32,50,78.3,351,448,19,12,71.4,5,7,10,17,10,7,24,0,0.0,1,3.0,2.0,,1.0,10,0.0,0.0,8,3,4,1,0,1.0,2.0,2.0,3,2.0,11,48,14,50,79.7,341,428,16,10,20.0,4,20,10,21,9,12,31,2,0.0,0,4.0,0.0,,4.0,12,7.19,6.48
PL-2025-26-14025221,Jornada 7,2025-10-04,Chelsea,1,Liverpool,2,1,1.0,1.0,12,6,4,2,2,2.0,3.0,2.0,7,2.0,6,56,22,53,83.1,422,508,29,8,15.0,3,20,13,21,12,9,12,1,0.0,0,1.0,1.0,0.0,0.0,9,1.0,0.0,12,2,5,5,0,1.0,3.0,4.0,2,2.0,2,50,25,47,82.2,370,450,16,9,27.3,3,11,9,16,12,4,26,2,0.0,0,4.0,2.0,1.0,2.0,8,6.95,6.59
PL-2025-26-14025217,Jornada 7,2025-10-05,Aston Villa,1,Burnley,2,1,2.0,0.0,15,7,5,3,0,2.0,1.0,2.0,6,3.0,6,40,23,55,87.5,434,496,21,15,72.7,8,11,5,15,10,5,23,1,0.0,0,1.0,1.0,,3.0,9,1.0,0.0,5,2,1,2,1,1.0,1.0,1.0,4,5.0,2,60,12,45,80.9,331,409,23,9,42.9,3,7,13,27,11,16,5,2,0.0,0,5.0,0.0,,1.0,15,7.19,6.57
PL-2025-26-14025223,Jornada 7,2025-10-05,Everton,1,Crystal Palace,2,1,2.0,0.0,14,7,5,2,0,0.0,3.0,5.0,2,0.0,6,66,28,50,81.1,351,433,24,15,31.6,6,19,11,19,10,9,35,1,0.0,0,5.0,0.0,,2.0,13,1.0,0.0,15,8,4,3,1,1.0,3.0,5.0,4,1.0,2,56,23,50,80.8,349,432,17,13,21.4,3,14,14,31,15,16,38,2,0.0,0,5.0,1.0,,3.0,16,7.27,7.01
PL-2025-26-14025229,Jornada 7,2025-10-05,Newcastle,1,Nottm Forest,2,0,1.0,1.0,18,9,4,5,1,1.0,3.0,6.0,8,0.0,5,71,33,51,83.4,387,464,13,14,19.2,5,26,9,16,11,5,16,0,0.0,1,4.0,,1.0,0.0,16,0.0,0.0,5,4,1,0,0,1.0,0.0,0.0,1,2.0,13,38,18,49,82.3,372,452,20,16,21.4,3,14,9,13,8,5,38,2,0.0,0,7.0,,0.0,4.0,15,7.15,6.86
PL-2025-26-14025231,Jornada 7,2025-10-05,Wolves,1,Brighton,1,1,0.0,0.0,6,3,3,0,2,0.0,1.0,1.0,2,1.0,6,48,8,42,76.5,270,353,31,9,20.0,3,15,9,26,14,12,32,1,0.0,0,5.0,1.0,,2.0,13,1.0,0.0,17,6,6,5,0,2.0,4.0,2.0,8,3.0,8,66,28,58,86.8,427,492,26,13,41.9,13,31,9,19,10,9,16,1,0.0,0,3.0,1.0,,4.0,9,6.89,6.66
PL-2025-26-14025219,Jornada 7,2025-10-05,Brentford,1,Man City,0,1,0.0,0.0,6,1,3,2,0,0.0,2.0,1.0,3,1.0,2,44,8,30,80.1,249,311,17,6,14.3,2,14,11,16,10,6,14,1,0.0,0,3.0,2.0,0.0,3.0,10,1.0,0.0,10,4,2,4,0,1.0,3.0,2.0,2,1.0,10,59,23,70,91.4,698,764,18,10,22.2,2,9,6,14,10,4,21,0,0.0,1,1.0,3.0,1.0,2.0,6,6.45,7.1
PL-2025-26-14025245,Jornada 8,2025-10-18,Nottm Forest,1,Chelsea,0,3,0.0,0.0,12,2,8,2,1,0.0,4.0,4.0,5,1.0,8,50,23,50,82.5,367,445,15,16,21.7,5,23,9,19,10,9,15,3,0.0,0,3.0,0.0,1.0,2.0,13,2.0,1.0,17,6,6,5,0,1.0,4.0,4.0,2,2.0,12,52,20,50,85.7,397,463,28,13,33.3,3,9,13,15,8,7,19,0,0.0,1,2.0,1.0,0.0,4.0,16,6.35,7.44
PL-2025-26-14025233,Jornada 8,2025-10-18,Brighton,1,Newcastle,2,1,1.0,1.0,13,5,3,5,0,2.0,4.0,1.0,8,3.0,11,48,30,46,81.0,341,421,16,9,22.2,4,18,5,21,14,7,30,1,0.0,0,2.0,0.0,0.0,0.0,9,1.0,0.0,16,3,8,5,0,0.0,6.0,1.0,4,1.0,10,49,25,54,85.3,419,491,17,9,29.2,7,24,7,17,13,4,22,2,0.0,0,3.0,2.0,1.0,1.0,9,7.15,6.7
PL-2025-26-14025235,Jornada 8,2025-10-18,Burnley,1,Leeds,2,0,1.0,1.0,4,3,1,0,0,1.0,1.0,1.0,1,1.0,2,36,3,31,75.7,221,292,23,7,14.3,1,7,17,14,8,6,50,0,0.0,1,4.0,1.0,2.0,2.0,10,0.0,0.0,19,4,12,3,1,1.0,1.0,4.0,5,0.0,6,61,44,69,85.5,526,615,13,10,38.3,18,47,12,13,6,7,12,2,0.0,0,1.0,1.0,0.0,1.0,7,7.04,6.67
PL-2025-26-14025237,Jornada 8,2025-10-18,Crystal Palace,1,Bournemouth,3,3,3.0,0.0,20,7,6,7,0,2.0,3.0,7.0,6,3.0,4,60,41,52,76.2,308,404,36,15,31.6,6,19,6,23,14,9,32,3,0.0,0,2.0,0.0,,1.0,8,3.0,0.0,8,5,3,0,0,0.0,2.0,3.0,5,3.0,6,43,19,48,76.9,280,364,20,8,16.7,2,12,12,18,7,11,47,3,0.0,0,4.0,4.0,,4.0,16,7.21,6.64
PL-2025-26-14025243,Jornada 8,2025-10-18,Man City,1,Everton,2,0,2.0,0.0,19,7,5,7,1,0.0,3.0,6.0,11,0.0,15,69,46,71,91.5,685,749,23,14,27.8,5,18,5,15,9,6,26,0,0.0,1,1.0,1.0,2.0,0.0,8,0.0,0.0,5,1,2,2,0,0.0,1.0,1.0,3,1.0,5,43,15,29,79.0,237,300,25,8,10.0,1,10,7,18,11,7,28,2,0.0,0,5.0,0.0,0.0,2.0,14,7.45,6.58
PL-2025-26-14025247,Jornada 8,2025-10-18,Sunderland,1,Wolves,2,0,1.0,0.0,8,2,3,3,1,0.0,3.0,2.0,2,2.0,8,47,17,41,72.7,248,341,15,12,25.0,3,12,7,14,9,5,36,0,0.0,1,3.0,1.0,0.0,,5,0.0,0.0,16,3,8,5,0,1.0,7.0,0.0,2,2.0,7,65,38,59,84.3,393,466,29,5,35.5,11,31,8,15,12,3,40,2,0.0,0,1.0,0.0,1.0,,12,7.05,6.64
PL-2025-26-14025239,Jornada 8,2025-10-18,Fulham,1,Arsenal,0,1,0.0,0.0,9,0,6,3,0,0.0,3.0,0.0,6,0.0,6,37,16,37,79.2,248,313,19,4,11.1,2,18,7,20,13,7,35,1,0.0,0,4.0,2.0,2.0,,11,1.0,0.0,16,5,7,4,0,0.0,2.0,3.0,10,2.0,10,80,46,63,87.0,475,546,20,11,20.8,5,24,1,9,5,4,29,0,0.0,1,0.0,0.0,0.0,,4,6.68,7.05
PL-2025-26-14025249,Jornada 8,2025-10-19,Tottenham,1,Aston Villa,1,2,1.0,0.0,10,3,5,2,0,1.0,2.0,3.0,6,6.0,5,47,28,53,88.0,336,382,25,7,22.7,5,22,6,25,15,10,29,2,0.0,0,0.0,0.0,,2.0,11,0.0,2.0,8,2,4,2,0,0.0,4.0,0.0,6,1.0,7,43,7,47,83.9,292,348,15,11,,0,16,2,24,15,9,29,1,0.0,0,2.0,2.0,,0.0,7,6.66,6.76
PL-2025-26-14025241,Jornada 8,2025-10-19,Liverpool,1,Man United,1,2,1.0,0.0,19,6,11,2,3,1.0,2.0,5.0,9,1.0,4,63,52,64,85.0,408,480,27,14,18.8,9,48,5,13,7,6,28,2,0.0,0,2.0,0.0,0.0,0.0,8,2.0,0.0,12,4,5,3,1,1.0,1.0,5.0,4,1.0,4,63,16,36,68.0,200,294,18,8,33.3,4,12,6,15,9,6,46,1,0.0,0,5.0,2.0,1.0,2.0,14,6.68,6.9
PL-2025-26-14504827,Jornada 8,2025-10-20,West Ham,1,Brentford,0,2,0.0,0.0,7,1,3,3,0,1.0,4.0,0.0,6,3.0,2,33,14,44,74.7,257,344,19,10,10.0,2,20,2,16,12,4,39,2,0.0,0,4.0,2.0,,1.0,10,2.0,0.0,22,7,10,5,2,0.0,2.0,5.0,10,2.0,6,52,42,56,82.5,372,451,23,10,54.2,13,24,7,11,8,3,26,0,0.0,1,1.0,2.0,,1.0,10,6.73,7.35
PL-2025-26-14025265,Jornada 9,2025-10-24,Leeds,1,West Ham,2,1,2.0,0.0,13,5,5,3,1,1.0,4.0,3.0,3,1.0,5,38,10,41,81.0,302,373,20,11,45.5,5,11,13,21,13,8,39,1,0.0,0,2.0,1.0,,3.0,12,1.0,0.0,9,3,3,3,0,0.0,5.0,0.0,4,1.0,6,62,10,59,82.3,441,536,19,12,13.0,3,23,4,13,6,7,12,2,0.0,0,3.0,0.0,,3.0,11,6.96,6.65
PL-2025-26-14025261,Jornada 9,2025-10-25,Chelsea,1,Sunderland,1,2,1.0,0.0,16,7,5,4,0,2.0,4.0,2.0,9,3.0,9,61,26,68,90.1,567,629,19,13,13.8,4,29,3,8,8,0,18,2,0.0,0,2.0,1.0,0.0,1.0,15,2.0,0.0,10,4,2,4,0,1.0,2.0,2.0,1,2.0,4,55,17,32,78.5,230,293,19,15,11.1,1,9,8,14,8,6,33,1,0.0,0,6.0,3.0,1.0,1.0,13,6.95,6.96
PL-2025-26-14025269,Jornada 9,2025-10-25,Newcastle,1,Fulham,2,1,2.0,0.0,18,7,6,5,2,2.0,6.0,4.0,4,0.0,6,51,35,51,84.3,381,452,22,18,31.6,6,19,7,14,9,5,20,1,0.0,0,4.0,1.0,0.0,0.0,11,1.0,0.0,12,5,2,5,1,2.0,2.0,2.0,3,1.0,5,48,25,49,79.1,351,444,22,11,7.7,1,13,9,19,11,8,21,2,0.0,0,5.0,0.0,1.0,2.0,18,7.11,6.62
PL-2025-26-14025267,Jornada 9,2025-10-25,Man United,1,Brighton,4,2,2.0,2.0,13,9,3,1,1,2.0,2.0,4.0,1,2.0,13,46,21,44,81.7,361,442,27,13,11.1,1,9,14,21,13,8,15,2,0.0,0,3.0,1.0,,2.0,4,1.0,1.0,17,5,8,4,0,2.0,5.0,1.0,6,2.0,17,45,20,56,85.4,485,568,20,4,29.4,5,17,12,18,12,6,18,4,0.0,0,5.0,1.0,,2.0,13,7.33,6.33
PL-2025-26-14025259,Jornada 9,2025-10-25,Brentford,1,Liverpool,3,2,3.0,0.0,17,8,7,2,0,2.0,3.0,7.0,5,2.0,7,50,34,34,69.8,201,288,22,9,31.6,6,19,14,15,9,6,35,2,0.0,0,3.0,,0.0,3.0,7,2.0,0.0,18,5,7,6,0,1.0,4.0,3.0,4,0.0,9,74,37,66,83.6,490,586,24,7,33.3,7,21,4,21,12,9,41,3,0.0,0,5.0,,1.0,2.0,10,7.07,6.75
PL-2025-26-14025255,Jornada 9,2025-10-26,Arsenal,1,Crystal Palace,1,0,1.0,0.0,10,3,4,3,1,0.0,3.0,2.0,4,2.0,5,87,25,60,83.1,449,540,18,11,40.0,4,10,6,12,7,5,28,0,0.0,1,1.0,,,,6,0.0,0.0,7,1,3,3,0,0.0,2.0,0.0,3,1.0,4,46,15,40,73.6,265,360,19,6,30.0,3,10,12,16,9,7,44,1,0.0,0,2.0,,,,11,7.22,6.69
PL-2025-26-14025257,Jornada 9,2025-10-26,Aston Villa,1,Man City,1,0,0.0,1.0,9,3,1,5,0,0.0,2.0,2.0,5,1.0,6,48,26,47,86.4,388,449,25,16,25.0,3,12,7,18,11,7,19,0,0.0,1,3.0,1.0,,1.0,8,0.0,0.0,18,4,5,9,0,0.0,4.0,2.0,6,3.0,6,52,33,53,90.3,455,504,10,8,33.3,7,21,11,14,8,6,19,1,0.0,0,2.0,0.0,,4.0,16,7.29,6.72
PL-2025-26-14025253,Jornada 9,2025-10-26,Bournemouth,1,Nottm Forest,2,0,1.0,1.0,13,5,4,4,0,2.0,4.0,,6,3.0,7,45,16,52,80.3,359,447,17,7,20.0,2,10,12,9,7,2,16,0,0.0,1,4.0,0.0,,3.0,17,0.0,0.0,8,4,2,2,0,2.0,3.0,,4,0.0,2,62,7,48,77.8,318,409,30,17,23.1,3,13,9,19,10,9,18,2,0.0,0,3.0,1.0,,1.0,7,7.06,6.55
PL-2025-26-14025271,Jornada 9,2025-10-26,Wolves,1,Burnley,2,3,2.0,0.0,15,7,6,2,1,1.0,4.0,3.0,4,2.0,7,73,35,57,84.0,414,493,28,6,27.3,12,44,9,14,6,8,24,3,0.0,0,4.0,,,1.0,12,2.0,1.0,11,7,1,3,0,2.0,2.0,2.0,3,2.0,3,56,20,43,78.8,308,391,27,12,10.0,1,10,5,19,8,11,42,2,0.0,0,5.0,,,0.0,7,6.74,6.84
PL-2025-26-14025263,Jornada 9,2025-10-26,Everton,1,Tottenham,0,3,0.0,0.0,12,2,5,5,0,1.0,3.0,3.0,9,2.0,8,56,31,54,84.6,374,442,16,8,9.1,3,33,6,19,10,9,27,3,0.0,0,1.0,0.0,1.0,2.0,9,3.0,0.0,7,4,2,1,0,0.0,2.0,4.0,8,2.0,8,37,16,46,83.3,329,395,14,9,26.7,4,15,6,20,11,9,54,0,0.0,1,2.0,1.0,2.0,0.0,8,6.63,7.3
PL-2025-26-14025273,Jornada 10,2025-11-01,Brighton,1,Leeds,3,0,3.0,0.0,14,7,5,2,0,0.0,6.0,3.0,4,3.0,9,50,26,50,87.8,431,491,19,7,20.0,2,10,3,24,15,9,14,0,0.0,1,2.0,1.0,,0.0,10,0.0,0.0,5,2,2,1,0,0.0,2.0,1.0,7,1.0,11,35,18,50,87.0,423,486,22,10,21.1,4,19,6,12,8,4,19,3,0.0,0,4.0,0.0,,1.0,7,7.6,6.35
PL-2025-26-14025275,Jornada 10,2025-11-01,Burnley,1,Arsenal,0,2,0.0,0.0,3,0,3,0,1,0.0,1.0,1.0,1,0.0,6,57,12,46,81.5,348,427,27,13,7.7,1,13,7,14,9,5,28,2,0.0,0,5.0,0.0,1.0,2.0,10,2.0,0.0,12,8,3,1,0,2.0,1.0,4.0,6,1.0,5,50,23,54,86.2,426,494,13,10,28.6,4,14,6,16,7,9,28,0,0.0,1,0.0,1.0,0.0,1.0,13,6.64,7.13
PL-2025-26-14025277,Jornada 10,2025-11-01,Crystal Palace,1,Brentford,2,0,1.0,0.0,10,3,3,4,1,0.0,3.0,1.0,6,1.0,2,57,24,36,66.4,178,268,17,11,11.8,2,17,12,13,7,6,31,0,0.0,1,2.0,3.0,1.0,0.0,7,0.0,0.0,6,2,2,2,0,1.0,3.0,1.0,5,3.0,6,66,16,64,79.5,392,493,27,7,5.9,1,17,4,16,11,5,38,2,0.0,0,2.0,3.0,0.0,3.0,11,7.05,6.44
PL-2025-26-14025279,Jornada 10,2025-11-01,Fulham,1,Wolves,3,0,1.0,1.0,19,6,5,8,1,2.0,5.0,2.0,10,3.0,7,58,37,63,86.9,477,549,19,14,28.6,6,21,4,6,2,4,22,0,0.0,1,2.0,1.0,1.0,1.0,13,0.0,0.0,5,2,2,1,0,0.0,2.0,1.0,1,0.0,2,64,17,37,76.9,243,316,31,13,25.0,4,16,10,17,12,5,31,3,0.0,0,4.0,0.0,0.0,3.0,14,7.25,6.52
PL-2025-26-14025285,Jornada 10,2025-11-01,Nottm Forest,1,Man United,2,2,2.0,0.0,17,3,8,6,0,1.0,5.0,1.0,8,2.0,5,57,24,41,75.1,263,350,23,7,20.0,5,25,11,17,10,7,17,2,0.0,0,4.0,1.0,1.0,1.0,17,1.0,1.0,18,7,6,5,1,2.0,7.0,0.0,5,1.0,8,63,17,59,84.2,442,525,31,10,38.5,5,13,10,12,10,2,22,2,0.0,0,1.0,0.0,1.0,1.0,0,6.81,7.01
PL-2025-26-14025289,Jornada 10,2025-11-01,Tottenham,1,Chelsea,0,1,0.0,0.0,3,1,1,1,0,0.0,1.0,0.0,6,1.0,9,47,15,48,76.0,294,387,13,12,,0,16,4,30,19,11,20,1,0.0,0,8.0,0.0,1.0,4.0,14,1.0,0.0,15,9,5,1,0,1.0,2.0,6.0,5,1.0,8,53,36,52,80.7,343,425,26,14,23.1,3,13,17,20,12,8,19,0,0.0,1,1.0,5.0,1.0,2.0,12,6.75,7.07
PL-2025-26-14025281,Jornada 10,2025-11-01,Liverpool,1,Aston Villa,2,0,1.0,1.0,16,4,7,5,0,2.0,6.0,4.0,1,8.0,9,63,21,53,87.4,408,467,19,11,9.1,1,11,6,12,8,4,25,0,0.0,1,3.0,,,2.0,13,0.0,0.0,10,3,6,1,2,3.0,3.0,0.0,4,0.0,6,51,22,47,84.4,336,398,21,13,5.6,1,18,6,11,7,4,26,2,0.0,0,2.0,,,3.0,11,7.35,6.35
PL-2025-26-14025291,Jornada 10,2025-11-02,West Ham,1,Newcastle,3,1,1.0,1.0,15,9,3,3,1,3.0,1.0,2.0,7,4.0,7,41,21,37,76.6,245,320,20,10,28.6,6,21,7,21,13,8,41,1,0.0,0,3.0,1.0,2.0,1.0,5,0.0,1.0,12,4,6,2,0,1.0,4.0,0.0,6,0.0,7,89,22,63,85.7,467,545,22,5,7.4,2,27,9,8,5,3,19,3,0.0,0,7.0,1.0,3.0,2.0,10,6.95,6.55
PL-2025-26-14025283,Jornada 10,2025-11-02,Man City,1,Bournemouth,3,1,3.0,0.0,15,8,4,3,0,1.0,1.0,4.0,9,0.0,13,53,43,48,86.2,425,493,16,11,25.0,4,16,9,10,7,3,23,1,0.0,0,4.0,0.0,2.0,2.0,8,1.0,0.0,8,5,2,1,0,3.0,1.0,1.0,4,3.0,4,55,17,52,88.5,461,521,26,8,5.0,1,20,5,23,10,13,27,3,0.0,0,4.0,1.0,2.0,2.0,11,7.09,6.58
PL-2025-26-14723615,Jornada 10,2025-11-03,Sunderland,1,Everton,1,1,0.0,1.0,17,3,7,7,0,0.0,3.0,1.0,4,2.0,7,80,29,61,84.9,449,529,29,12,28.6,6,21,5,14,10,4,21,1,0.0,0,1.0,3.0,,3.0,10,1.0,0.0,8,2,3,3,1,1.0,2.0,1.0,1,0.0,6,47,19,39,76.9,267,347,13,10,22.2,2,9,8,14,6,8,45,1,0.0,0,2.0,0.0,,2.0,12,7.01,6.81
PL-2025-26-14025057,Jornada 11,2025-11-08,Tottenham,1,Man United,2,2,2.0,0.0,10,4,3,3,0,0.0,4.0,3.0,5,2.0,12,65,18,55,83.0,385,464,14,8,17.2,5,29,7,26,15,11,17,2,0.0,0,0.0,1.0,,5.0,10,2.0,0.0,5,2,2,1,0,0.0,0.0,2.0,3,3.0,3,40,19,45,77.0,305,396,29,10,33.3,4,12,6,21,8,13,23,2,0.0,0,2.0,0.0,,1.0,8,6.56,6.9
PL-2025-26-14025043,Jornada 11,2025-11-08,Everton,1,Fulham,2,0,2.0,0.0,14,5,5,4,0,2.0,6.0,4.0,7,5.0,6,53,26,50,84.2,342,406,16,14,27.3,6,22,4,15,10,5,23,0,0.0,1,4.0,,0.0,2.0,11,0.0,0.0,8,4,1,3,0,0.0,3.0,0.0,5,1.0,9,37,19,50,82.2,338,411,22,11,14.3,2,14,13,17,12,5,34,2,0.0,0,3.0,,1.0,2.0,14,7.26,6.57
PL-2025-26-14025060,Jornada 11,2025-11-08,West Ham,1,Burnley,3,2,3.0,0.0,15,6,1,8,0,2.0,5.0,3.0,7,2.0,6,47,22,43,82.4,308,374,25,13,22.2,4,18,13,14,10,4,30,2,0.0,0,5.0,1.0,1.0,2.0,15,2.0,0.0,16,7,2,7,0,2.0,5.0,4.0,4,1.0,3,68,25,57,85.1,440,517,21,15,23.1,3,13,7,16,11,5,28,3,0.0,0,3.0,1.0,0.0,2.0,13,6.69,6.74
PL-2025-26-14025054,Jornada 11,2025-11-08,Sunderland,1,Arsenal,2,2,2.0,0.0,6,2,2,2,0,0.0,0.0,2.0,2,2.0,2,43,14,35,78.7,226,287,12,13,,0,11,6,16,8,8,39,2,0.0,0,5.0,,1.0,2.0,13,1.0,1.0,17,7,6,4,1,1.0,3.0,4.0,2,0.0,8,62,32,65,87.0,460,529,10,13,18.2,4,22,3,12,4,8,25,2,0.0,0,0.0,,0.0,1.0,13,6.62,6.81
PL-2025-26-14025023,Jornada 11,2025-11-08,Chelsea,1,Wolves,3,0,3.0,0.0,20,8,6,6,1,1.0,5.0,6.0,10,,9,70,36,64,88.4,543,614,25,14,15.4,4,26,7,9,8,1,15,0,0.0,1,0.0,1.0,0.0,1.0,12,0.0,0.0,3,0,3,0,0,0.0,2.0,0.0,1,,4,40,8,36,80.6,279,346,29,12,11.1,1,9,12,10,3,7,30,3,0.0,0,5.0,0.0,1.0,2.0,14,7.45,6.39
PL-2025-26-14025014,Jornada 11,2025-11-09,Aston Villa,1,Bournemouth,4,0,2.0,2.0,16,8,2,6,0,2.0,2.0,2.0,6,0.0,7,54,27,52,78.3,271,346,20,20,18.8,3,16,6,20,12,8,22,0,0.0,1,3.0,2.0,0.0,2.0,8,0.0,0.0,12,3,5,4,1,2.0,4.0,2.0,9,2.0,13,43,12,48,80.1,253,316,17,7,9.5,2,21,11,16,9,7,35,4,0.0,0,4.0,0.0,1.0,2.0,20,7.25,6.48
PL-2025-26-14025017,Jornada 11,2025-11-09,Brentford,1,Newcastle,3,1,3.0,0.0,15,7,4,4,0,0.0,2.0,4.0,6,2.0,6,64,35,49,75.9,321,423,28,12,31.2,5,16,10,17,12,5,16,1,0.0,0,0.0,0.0,1.0,2.0,23,1.0,0.0,5,1,3,1,0,0.0,3.0,1.0,2,0.0,7,51,16,51,82.3,362,440,23,10,13.3,2,15,5,10,7,3,56,3,0.0,0,4.0,1.0,2.0,3.0,0,7.05,6.51
PL-2025-26-14025033,Jornada 11,2025-11-09,Crystal Palace,1,Brighton,0,0,0.0,0.0,10,2,7,1,0,1.0,1.0,0.0,4,2.0,5,47,30,42,72.9,272,373,17,12,54.5,6,11,14,21,14,7,32,0,0.0,1,3.0,0.0,4.0,1.0,10,0.0,0.0,7,3,1,3,0,1.0,1.0,1.0,8,1.0,4,48,28,58,84.1,423,503,25,10,15.4,4,26,4,16,11,5,22,0,0.0,1,2.0,2.0,0.0,4.0,12,7.08,6.93
PL-2025-26-14025051,Jornada 11,2025-11-09,Nottm Forest,1,Leeds,3,1,3.0,0.0,14,6,2,6,0,2.0,2.0,3.0,6,2.0,7,66,24,46,79.6,277,348,23,10,23.1,6,26,6,27,17,10,27,1,0.0,0,2.0,0.0,,2.0,10,1.0,0.0,10,3,5,2,0,1.0,4.0,1.0,4,1.0,5,64,20,54,81.1,353,435,19,10,15.4,2,13,9,15,10,5,28,3,0.0,0,3.0,1.0,,1.0,11,7.09,6.68
PL-2025-26-14025048,Jornada 11,2025-11-09,Man City,1,Liverpool,3,0,1.0,2.0,14,6,3,5,0,0.0,4.0,1.0,7,1.0,9,35,28,49,83.4,377,452,14,14,36.4,4,11,9,17,12,5,23,0,0.0,1,2.0,,,2.0,14,0.0,0.0,7,1,2,4,0,1.0,1.0,2.0,7,7.0,4,64,22,51,87.0,410,471,18,14,5.6,1,18,9,8,7,1,13,3,0.0,0,3.0,,,4.0,15,7.41,6.21
PL-2025-26-14025072,Jornada 12,2025-11-22,Burnley,1,Chelsea,0,2,0.0,0.0,8,2,3,3,0,1.0,1.0,1.0,1,0.0,1,48,17,44,78.7,329,418,21,8,14.3,1,7,12,16,7,9,28,2,0.0,0,3.0,0.0,5.0,2.0,13,2.0,0.0,15,5,5,5,1,1.0,4.0,2.0,9,3.0,9,39,31,56,83.8,439,524,18,13,7.7,1,13,12,15,9,6,19,0,0.0,1,2.0,1.0,0.0,3.0,8,6.52,7.1
PL-2025-26-14025063,Jornada 12,2025-11-22,Bournemouth,1,West Ham,2,2,2.0,0.0,28,10,11,7,0,0.0,6.0,4.0,9,2.0,9,95,57,76,85.6,527,616,13,9,27.8,15,54,7,19,10,9,11,2,0.0,0,0.0,0.0,0.0,3.0,9,1.0,1.0,5,2,2,1,0,0.0,0.0,0.0,2,2.0,8,49,8,24,56.9,115,202,24,9,16.7,1,6,9,13,10,3,57,2,0.0,0,10.0,3.0,3.0,2.0,10,6.81,7.11
PL-2025-26-14025069,Jornada 12,2025-11-22,Brighton,1,Brentford,2,1,1.0,1.0,14,5,8,1,0,1.0,4.0,1.0,7,0.0,10,59,35,64,83.2,479,576,20,9,16.7,3,18,8,23,10,13,19,1,0.0,0,3.0,,1.0,4.0,10,1.0,0.0,10,4,5,1,0,1.0,2.0,3.0,4,1.0,9,42,25,36,74.5,234,314,18,8,21.4,3,14,13,20,8,12,29,2,0.0,0,3.0,,0.0,2.0,9,6.87,6.61
PL-2025-26-14025075,Jornada 12,2025-11-22,Fulham,1,Sunderland,1,0,1.0,0.0,24,6,13,5,0,2.0,5.0,4.0,7,1.0,2,51,46,57,84.9,412,485,22,13,30.8,8,26,6,11,7,4,28,0,0.0,1,2.0,1.0,0.0,3.0,5,0.0,0.0,4,2,1,1,0,0.0,0.0,0.0,4,3.0,3,51,22,43,80.2,299,373,17,5,14.3,2,14,9,21,9,12,25,1,0.0,0,4.0,0.0,1.0,3.0,13,7.0,6.85
PL-2025-26-14025081,Jornada 12,2025-11-22,Liverpool,1,Nottm Forest,0,3,0.0,0.0,21,4,8,9,0,1.0,4.0,1.0,8,0.0,14,88,50,75,88.9,559,629,19,8,23.1,9,39,4,15,10,5,17,3,0.0,0,4.0,2.0,0.0,2.0,11,3.0,0.0,15,7,3,5,0,2.0,3.0,2.0,6,2.0,7,39,23,25,70.2,151,215,21,11,20.0,3,15,7,27,17,10,46,0,0.0,1,3.0,2.0,1.0,0.0,8,6.67,7.39
PL-2025-26-14025090,Jornada 12,2025-11-22,Wolves,1,Crystal Palace,0,2,0.0,0.0,8,1,5,2,0,1.0,2.0,2.0,1,2.0,7,59,24,48,80.9,330,408,27,9,14.3,2,14,8,21,10,11,44,2,0.0,0,2.0,3.0,1.0,2.0,13,1.0,1.0,10,4,3,3,0,1.0,2.0,2.0,4,3.0,7,53,23,52,83.3,364,437,24,13,,0,23,10,19,11,8,30,0,0.0,1,1.0,0.0,0.0,3.0,9,6.57,7.19
PL-2025-26-14025087,Jornada 12,2025-11-22,Newcastle,1,Man City,2,1,1.0,1.0,9,5,3,1,1,1.0,0.0,5.0,5,3.0,4,41,14,33,77.2,220,285,25,8,35.7,5,14,7,17,11,6,36,1,0.0,0,3.0,1.0,,1.0,13,1.0,0.0,17,4,9,4,0,0.0,3.0,3.0,9,2.0,9,73,43,67,89.9,525,584,18,13,23.1,6,26,10,13,9,4,15,2,0.0,0,3.0,1.0,,3.0,8,6.98,6.74
PL-2025-26-14025078,Jornada 12,2025-11-23,Leeds,1,Aston Villa,1,2,1.0,0.0,14,5,5,4,0,0.0,5.0,3.0,3,4.0,9,62,24,48,84.8,339,400,20,16,15.4,4,26,12,26,16,10,21,2,0.0,0,2.0,0.0,,5.0,18,1.0,1.0,14,3,7,4,0,0.0,5.0,1.0,3,2.0,12,51,23,52,79.7,358,449,18,18,36.4,4,11,7,20,8,12,18,1,0.0,0,3.0,3.0,,1.0,16,6.79,7.08
PL-2025-26-14025066,Jornada 12,2025-11-23,Arsenal,1,Tottenham,4,1,4.0,0.0,17,8,7,2,0,2.0,3.0,3.0,4,3.0,5,65,27,57,81.0,363,448,20,15,26.7,4,15,11,23,16,7,17,1,0.0,0,1.0,2.0,0.0,1.0,11,0.0,1.0,3,2,1,0,0,1.0,1.0,0.0,1,1.0,4,37,4,43,75.8,250,330,18,11,,0,7,8,21,12,9,34,4,0.0,0,4.0,0.0,1.0,3.0,15,7.21,6.45
PL-2025-26-14723574,Jornada 12,2025-11-24,Man United,1,Everton,0,1,0.0,0.0,25,6,12,7,0,3.0,5.0,3.0,9,1.0,4,70,50,70,87.9,558,635,18,9,18.4,7,38,8,14,7,7,19,1,0.0,0,0.0,1.0,0.0,2.0,12,1.0,0.0,3,1,1,1,0,0.0,1.0,0.0,1,2.0,4,45,10,30,67.6,190,281,26,12,11.1,1,9,11,6,3,3,46,0,0.0,1,6.0,0.0,2.0,0.0,9,6.82,6.8
PL-2025-26-14025096,Jornada 13,2025-11-29,Brentford,1,Burnley,3,1,3.0,0.0,14,4,9,1,0,1.0,2.0,6.0,5,3.0,7,71,35,52,79.1,321,406,19,6,20.8,5,24,11,9,8,1,51,1,0.0,0,1.0,1.0,0.0,0.0,7,1.0,0.0,6,2,1,3,0,1.0,3.0,1.0,6,1.0,2,53,13,48,69.4,263,379,20,6,6.7,1,15,7,26,18,8,37,3,0.0,0,1.0,1.0,1.0,2.0,7,7.09,6.29
PL-2025-26-14025108,Jornada 13,2025-11-29,Man City,1,Leeds,3,2,3.0,0.0,18,9,3,6,0,1.0,3.0,6.0,8,2.0,7,59,45,62,88.2,495,561,26,11,34.6,9,26,2,6,2,4,25,2,0.0,0,1.0,,,4.0,17,2.0,0.0,9,4,3,2,0,0.0,1.0,3.0,1,4.0,4,42,20,38,76.1,265,348,20,16,21.4,3,14,8,26,14,12,21,3,0.0,0,6.0,,,1.0,11,6.89,6.66
PL-2025-26-14025114,Jornada 13,2025-11-29,Sunderland,1,Bournemouth,3,2,3.0,0.0,12,6,4,2,0,1.0,1.0,2.0,6,1.0,9,58,29,43,71.9,240,334,13,12,27.3,6,22,8,14,8,6,26,2,0.0,0,4.0,2.0,1.0,5.0,14,1.0,1.0,18,6,8,4,2,0.0,4.0,2.0,3,2.0,3,76,36,57,81.2,376,463,24,14,21.7,5,23,9,19,10,9,21,3,0.0,0,3.0,0.0,1.0,5.0,13,6.87,6.61
PL-2025-26-14025105,Jornada 13,2025-11-29,Everton,1,Newcastle,1,4,1.0,0.0,10,2,6,2,1,1.0,2.0,1.0,8,,4,77,31,49,88.1,458,520,30,6,20.0,5,25,9,19,12,7,19,4,0.0,0,3.0,0.0,1.0,,4,4.0,0.0,13,8,1,4,1,1.0,2.0,5.0,7,,5,47,28,51,87.7,485,553,20,4,41.2,7,17,3,16,16,0,30,1,0.0,0,1.0,1.0,0.0,,6,6.64,7.38
PL-2025-26-14025117,Jornada 13,2025-11-29,Tottenham,1,Fulham,1,2,1.0,0.0,14,2,6,6,0,0.0,4.0,3.0,8,3.0,7,73,27,63,86.6,439,507,21,7,15.4,6,39,13,14,7,7,18,2,0.0,0,1.0,1.0,1.0,3.0,11,0.0,2.0,7,3,1,3,1,1.0,1.0,0.0,2,4.0,5,32,15,37,75.0,240,320,21,11,16.7,1,6,9,29,16,13,47,1,0.0,0,0.0,1.0,3.0,2.0,7,6.55,6.95
PL-2025-26-14025102,Jornada 13,2025-11-30,Crystal Palace,1,Man United,1,2,1.0,0.0,14,3,6,5,0,0.0,3.0,3.0,4,3.0,2,62,26,44,72.0,244,339,16,13,23.5,4,17,7,14,9,5,44,2,0.0,0,4.0,,4.0,3.0,14,1.0,1.0,14,6,8,0,0,1.0,4.0,2.0,4,0.0,5,70,18,56,79.5,352,443,27,14,16.7,3,18,10,16,6,10,31,1,0.0,0,2.0,,0.0,2.0,14,6.68,6.94
PL-2025-26-14025093,Jornada 13,2025-11-30,Aston Villa,1,Wolves,1,0,0.0,1.0,16,6,6,4,1,2.0,3.0,0.0,7,0.0,7,65,28,52,87.0,401,461,14,21,23.8,5,21,4,16,9,7,26,0,0.0,1,4.0,1.0,,0.0,13,0.0,0.0,9,4,2,3,1,1.0,1.0,1.0,3,2.0,7,51,20,48,87.2,369,423,22,13,27.8,5,18,6,22,11,11,28,1,0.0,0,5.0,1.0,,4.0,21,7.27,6.73
PL-2025-26-14025111,Jornada 13,2025-11-30,Nottm Forest,1,Brighton,0,2,0.0,0.0,19,3,6,10,0,0.0,6.0,1.0,9,1.0,17,67,35,52,83.1,409,492,29,10,24.2,8,33,7,22,14,8,19,2,0.0,0,3.0,0.0,,0.0,11,2.0,0.0,17,6,5,6,0,1.0,5.0,4.0,2,0.0,6,56,28,48,82.4,392,476,26,11,60.0,3,5,13,19,13,6,37,0,0.0,1,3.0,1.0,,1.0,10,6.77,7.15
PL-2025-26-14025120,Jornada 13,2025-11-30,West Ham,1,Liverpool,0,2,0.0,0.0,7,0,2,5,0,0.0,3.0,0.0,7,2.0,5,47,11,44,79.7,303,380,16,14,8.3,2,24,9,13,9,4,21,2,0.0,0,3.0,,1.0,3.0,12,2.0,0.0,9,5,4,0,0,1.0,3.0,3.0,2,1.0,6,63,20,56,86.4,445,515,19,12,20.0,2,10,4,11,7,4,29,0,0.0,1,0.0,,1.0,0.0,14,6.49,7.24
PL-2025-26-14025099,Jornada 13,2025-11-30,Chelsea,1,Arsenal,1,1,1.0,0.0,11,4,5,2,0,2.0,3.0,1.0,3,1.0,5,50,20,38,79.6,222,279,26,13,33.3,5,15,6,13,6,7,30,1,0.0,0,3.0,2.0,1.0,1.0,12,1.0,0.0,8,4,3,1,0,1.0,1.0,1.0,3,3.0,5,54,23,62,84.2,390,463,11,12,26.7,4,15,10,15,9,6,17,1,0.0,0,3.0,0.0,0.0,6.0,13,6.92,6.94
PL-2025-26-14025123,Jornada 14,2025-12-02,Bournemouth,1,Everton,0,1,0.0,0.0,5,2,1,2,0,0.0,0.0,1.0,1,1.0,8,64,28,55,84.5,402,476,15,14,17.6,3,17,3,15,10,5,55,1,0.0,0,2.0,1.0,3.0,3.0,14,0.0,1.0,13,3,5,5,2,0.0,3.0,2.0,6,1.0,2,61,33,45,74.3,281,378,18,14,7.7,2,26,4,18,11,7,24,0,0.0,1,2.0,0.0,0.0,3.0,14,6.84,7.03
PL-2025-26-14025135,Jornada 14,2025-12-02,Fulham,1,Man City,4,5,3.0,1.0,12,6,3,3,0,0.0,2.0,1.0,7,4.0,8,47,23,57,87.9,538,612,25,7,23.8,5,21,11,18,11,7,19,5,0.0,0,0.0,,1.0,0.0,9,3.0,1.0,11,4,3,4,2,0.0,1.0,3.0,2,1.0,8,41,23,43,83.9,392,467,23,9,57.1,4,7,16,16,7,9,27,4,0.0,0,1.0,,1.0,1.0,7,6.22,6.95
PL-2025-26-14025141,Jornada 14,2025-12-02,Newcastle,1,Tottenham,2,2,2.0,0.0,19,7,5,7,1,0.0,6.0,1.0,11,3.0,9,53,38,53,85.7,377,440,13,11,25.0,10,40,9,18,13,5,28,2,0.0,0,0.0,1.0,1.0,0.0,5,2.0,0.0,8,2,1,5,0,0.0,1.0,1.0,8,1.0,10,43,22,47,80.7,313,388,12,5,21.4,6,28,8,17,13,4,37,2,0.0,0,4.0,1.0,3.0,3.0,12,6.85,6.79
PL-2025-26-14025126,Jornada 14,2025-12-03,Arsenal,1,Brentford,2,0,2.0,0.0,15,7,4,4,0,2.0,3.0,4.0,4,,7,71,28,62,84.1,456,542,25,9,13.3,2,15,6,26,14,12,25,0,0.0,1,1.0,2.0,1.0,0.0,7,0.0,0.0,6,1,2,3,1,0.0,1.0,1.0,8,,5,55,13,38,76.6,255,333,28,7,25.0,3,12,10,19,12,7,34,2,0.0,0,5.0,0.0,0.0,1.0,9,7.23,6.54
PL-2025-26-14025129,Jornada 14,2025-12-03,Brighton,1,Aston Villa,3,4,2.0,0.0,16,7,6,3,0,2.0,2.0,3.0,5,4.0,13,54,29,56,85.4,404,473,15,9,21.1,4,19,9,23,13,10,16,4,0.0,0,6.0,,,2.0,10,4.0,0.0,14,10,2,2,1,1.0,1.0,6.0,6,1.0,13,37,25,44,82.9,300,362,15,10,26.7,4,15,8,23,13,10,25,3,0.0,0,4.0,,,2.0,9,6.71,6.73
PL-2025-26-14025132,Jornada 14,2025-12-03,Burnley,1,Crystal Palace,0,1,0.0,0.0,11,4,1,6,1,0.0,3.0,2.0,3,0.0,3,65,29,58,83.6,474,567,23,8,26.3,5,19,16,13,7,6,42,1,0.0,0,2.0,0.0,1.0,,9,1.0,0.0,3,3,0,0,0,0.0,0.0,2.0,3,3.0,1,49,22,42,74.1,309,417,22,9,45.5,5,11,11,17,13,4,42,0,0.0,1,3.0,1.0,0.0,,8,6.58,7.23
PL-2025-26-14025144,Jornada 14,2025-12-03,Wolves,1,Nottm Forest,0,1,0.0,0.0,5,1,2,2,0,0.0,1.0,1.0,3,2.0,8,45,10,50,79.3,329,415,24,11,16.7,3,18,10,19,14,5,19,1,0.0,0,2.0,0.0,3.0,2.0,19,1.0,0.0,10,3,3,4,0,1.0,2.0,2.0,9,2.0,4,56,23,50,80.3,334,416,28,19,38.1,8,21,5,17,7,10,19,0,0.0,1,1.0,1.0,1.0,2.0,11,6.65,6.93
PL-2025-26-14025138,Jornada 14,2025-12-03,Leeds,1,Chelsea,3,1,2.0,1.0,17,5,10,2,0,0.0,5.0,2.0,4,3.0,4,55,20,29,70.5,186,264,20,13,33.3,6,18,9,21,15,6,32,1,0.0,0,1.0,1.0,,1.0,10,1.0,0.0,14,2,7,5,0,0.0,4.0,1.0,2,1.0,8,69,33,71,89.1,608,682,15,10,25.0,5,20,3,16,11,5,35,3,0.0,0,2.0,1.0,,1.0,13,7.02,6.48
PL-2025-26-14025147,Jornada 14,2025-12-03,Liverpool,1,Sunderland,1,1,0.0,0.0,23,4,8,11,1,2.0,8.0,1.0,7,2.0,5,84,33,68,86.8,554,638,15,5,17.6,6,34,6,12,9,3,26,1,0.0,0,4.0,0.0,1.0,1.0,10,0.0,1.0,9,6,2,1,2,3.0,0.0,1.0,3,2.0,3,43,16,32,71.7,218,304,24,10,25.0,3,12,9,15,7,8,47,1,0.0,0,4.0,5.0,0.0,1.0,5,6.68,6.85
PL-2025-26-14025150,Jornada 14,2025-12-04,Man United,1,West Ham,1,1,1.0,0.0,17,4,5,8,1,0.0,3.0,3.0,6,3.0,9,65,43,65,81.5,446,547,22,9,16.1,5,31,5,19,14,5,17,1,0.0,0,1.0,1.0,0.0,2.0,13,1.0,0.0,11,3,3,5,0,0.0,1.0,1.0,6,2.0,11,60,28,35,71.4,212,297,27,13,18.8,3,16,20,15,8,7,39,1,0.0,0,3.0,0.0,4.0,2.0,9,6.87,6.98
PL-2025-26-14025156,Jornada 15,2025-12-06,Aston Villa,1,Arsenal,2,1,2.0,0.0,15,6,2,7,0,0.0,2.0,5.0,3,0.0,10,53,43,47,81.9,325,397,31,8,7.1,1,14,6,15,10,5,23,1,0.0,0,7.0,,,0.0,10,1.0,0.0,15,9,5,1,0,5.0,1.0,4.0,3,3.0,6,59,33,53,84.9,376,443,18,10,25.0,4,16,11,20,11,9,24,2,0.0,0,4.0,,,2.0,8,6.9,6.78
PL-2025-26-14025153,Jornada 15,2025-12-06,Bournemouth,1,Chelsea,0,0,0.0,0.0,13,5,6,2,0,1.0,4.0,1.0,5,4.0,7,59,24,39,70.5,232,329,26,13,9.1,1,11,14,17,12,5,23,0,0.0,1,4.0,0.0,0.0,0.0,15,0.0,0.0,11,4,6,1,1,2.0,3.0,0.0,0,0.0,7,66,20,61,82.9,430,519,21,15,35.7,5,14,10,17,9,8,26,0,0.0,1,5.0,2.0,1.0,2.0,13,6.89,7.05
PL-2025-26-14025162,Jornada 15,2025-12-06,Everton,1,Nottm Forest,3,0,2.0,0.0,11,5,2,4,1,1.0,3.0,1.0,6,3.0,3,56,27,41,77.8,238,306,15,15,16.7,3,18,11,15,11,4,42,0,0.0,1,2.0,1.0,1.0,4.0,17,0.0,0.0,7,3,2,2,0,0.0,1.0,1.0,3,1.0,8,41,12,59,81.0,357,441,14,17,16.7,3,18,6,24,15,9,35,3,0.0,0,3.0,0.0,1.0,3.0,15,7.18,6.37
PL-2025-26-14025171,Jornada 15,2025-12-06,Man City,1,Sunderland,3,0,2.0,1.0,18,6,7,5,1,0.0,2.0,3.0,6,0.0,11,53,42,64,89.7,559,623,15,10,31.6,6,19,4,8,8,0,21,0,0.0,1,1.0,0.0,,1.0,9,0.0,0.0,8,1,4,3,1,0.0,4.0,1.0,5,3.0,3,29,7,36,79.8,277,347,20,9,7.7,1,13,8,20,13,7,28,3,0.0,0,2.0,2.0,,0.0,10,7.65,6.59
PL-2025-26-14025174,Jornada 15,2025-12-06,Newcastle,1,Burnley,2,1,2.0,0.0,17,7,7,3,2,4.0,6.0,2.0,9,3.0,9,78,26,70,90.7,554,611,29,10,4.0,1,25,1,19,15,4,27,1,0.0,0,2.0,,1.0,2.0,9,1.0,0.0,9,3,3,3,1,1.0,3.0,3.0,9,2.0,4,42,19,30,72.6,188,259,18,8,30.0,6,20,7,15,8,7,28,2,0.0,0,6.0,,2.0,2.0,11,7.21,6.3
PL-2025-26-14025177,Jornada 15,2025-12-06,Tottenham,1,Brentford,2,0,2.0,0.0,15,7,5,3,0,2.0,4.0,4.0,7,2.0,8,49,23,53,82.2,329,400,24,9,19.2,5,26,11,17,10,7,29,0,0.0,1,1.0,2.0,0.0,3.0,8,0.0,0.0,4,1,2,1,0,0.0,1.0,1.0,6,1.0,8,50,16,47,79.2,281,355,17,8,11.1,2,18,7,24,16,8,34,2,0.0,0,5.0,0.0,4.0,4.0,9,7.32,6.71
PL-2025-26-14025168,Jornada 15,2025-12-06,Leeds,1,Liverpool,3,3,3.0,0.0,12,5,5,2,0,1.0,2.0,2.0,5,2.0,5,65,19,45,79.9,321,402,14,13,28.6,4,14,10,9,6,3,19,3,0.0,0,4.0,,2.0,3.0,14,3.0,0.0,16,7,5,4,1,0.0,4.0,4.0,4,2.0,6,46,27,55,83.1,418,503,16,14,35.3,6,17,5,17,9,8,28,3,0.0,0,2.0,,0.0,3.0,14,6.48,6.85
PL-2025-26-14025159,Jornada 15,2025-12-07,Brighton,1,West Ham,1,1,1.0,0.0,22,4,8,10,1,0.0,7.0,3.0,10,1.0,6,59,44,68,87.9,515,586,19,8,33.3,13,39,9,12,7,5,13,1,0.0,0,4.0,,,2.0,12,1.0,0.0,14,5,6,3,0,1.0,1.0,3.0,6,1.0,13,39,24,32,73.3,203,277,15,12,27.3,3,11,13,14,7,7,41,1,0.0,0,4.0,,,2.0,8,7.01,7.04
PL-2025-26-14025165,Jornada 15,2025-12-07,Fulham,1,Crystal Palace,1,2,1.0,0.0,12,4,5,3,0,1.0,2.0,2.0,6,3.0,9,69,26,63,86.9,556,640,23,8,36.8,7,19,8,12,7,5,23,2,0.0,0,3.0,,0.0,,5,2.0,0.0,11,5,1,5,0,0.0,2.0,4.0,4,2.0,6,50,18,37,82.6,303,367,21,5,23.1,3,13,9,20,14,6,28,1,0.0,0,3.0,,1.0,,8,6.84,7.04
PL-2025-26-14912436,Jornada 15,2025-12-08,Wolves,1,Man United,1,4,1.0,0.0,8,2,3,3,0,0.0,4.0,1.0,1,2.0,13,61,21,37,70.7,208,294,26,12,24.0,6,25,13,26,12,14,24,4,0.0,0,4.0,,2.0,3.0,17,4.0,0.0,27,10,3,14,0,0.0,7.0,8.0,9,3.0,10,50,42,63,84.7,458,541,20,16,21.4,3,14,7,16,9,7,27,1,0.0,0,1.0,,0.0,2.0,12,6.85,7.15
PL-2025-26-14025192,Jornada 16,2025-12-13,Chelsea,1,Everton,2,0,2.0,0.0,17,5,9,3,0,2.0,3.0,5.0,4,0.0,7,44,24,58,88.1,473,537,22,11,30.0,3,10,11,15,8,7,32,0,0.0,1,2.0,2.0,0.0,1.0,13,0.0,0.0,11,2,5,4,1,0.0,2.0,3.0,7,1.0,6,58,23,42,82.0,306,373,25,13,21.7,5,23,8,22,8,14,12,2,0.0,0,3.0,1.0,1.0,0.0,11,7.34,6.54
PL-2025-26-14025198,Jornada 16,2025-12-13,Liverpool,1,Brighton,2,0,2.0,0.0,18,4,8,6,0,2.0,7.0,3.0,2,2.0,17,45,38,49,86.3,448,519,29,15,40.0,2,5,8,22,12,10,31,0,0.0,1,1.0,1.0,1.0,1.0,8,0.0,0.0,14,1,7,6,1,0.0,3.0,3.0,2,0.0,7,62,28,51,89.4,470,526,28,8,22.2,4,18,6,13,7,6,6,2,0.0,0,2.0,0.0,0.0,2.0,15,7.51,6.41
PL-2025-26-14025189,Jornada 16,2025-12-13,Burnley,1,Fulham,2,3,2.0,0.0,16,8,4,4,0,1.0,5.0,5.0,10,1.0,6,88,25,53,82.8,444,536,22,8,17.6,3,17,9,13,9,4,10,3,0.0,0,1.0,1.0,1.0,1.0,8,3.0,0.0,6,4,2,0,0,0.0,0.0,2.0,4,0.0,4,43,15,47,82.0,393,479,18,8,26.7,4,15,12,22,12,10,38,2,0.0,0,6.0,0.0,1.0,2.0,8,6.63,7.3
PL-2025-26-14025183,Jornada 16,2025-12-13,Arsenal,1,Wolves,2,1,0.0,0.0,16,2,11,3,1,1.0,3.0,3.0,8,1.0,10,81,41,69,87.4,500,572,11,15,20.0,6,30,8,5,3,2,21,1,0.0,0,1.0,0.0,0.0,0.0,7,1.0,0.0,3,2,0,1,0,0.0,0.0,1.0,0,1.0,4,52,14,31,69.0,180,261,21,7,50.0,4,8,5,8,5,3,54,2,0.0,0,2.0,1.0,3.0,4.0,15,6.9,6.45
PL-2025-26-14025195,Jornada 16,2025-12-14,Crystal Palace,1,Man City,0,3,0.0,0.0,16,4,6,6,2,1.0,3.0,1.0,2,3.0,4,40,33,39,75.7,284,375,21,6,14.3,2,14,6,23,17,6,20,3,0.0,0,3.0,,0.0,2.0,9,2.0,1.0,7,6,1,0,0,1.0,0.0,2.0,2,2.0,14,65,13,61,86.3,516,598,20,8,33.3,3,9,8,14,6,8,39,0,0.0,1,4.0,,2.0,0.0,6,6.41,7.39
PL-2025-26-14025204,Jornada 16,2025-12-14,Nottm Forest,1,Tottenham,3,0,1.0,2.0,15,6,7,2,1,1.0,2.0,4.0,3,4.0,6,49,24,48,81.6,320,392,23,13,33.3,5,15,12,17,9,8,23,0,0.0,1,1.0,,2.0,1.0,9,0.0,0.0,6,1,1,4,0,0.0,1.0,0.0,3,1.0,12,48,13,52,79.8,335,420,18,9,15.8,3,19,11,30,20,10,17,3,0.0,0,3.0,,2.0,3.0,13,7.45,6.36
PL-2025-26-14025207,Jornada 16,2025-12-14,Sunderland,1,Newcastle,1,0,0.0,0.0,5,1,2,2,0,0.0,2.0,1.0,3,,7,69,15,47,76.6,302,394,18,10,14.3,2,14,11,10,7,3,29,0,0.0,1,2.0,3.0,1.0,5.0,10,0.0,0.0,6,2,1,3,0,2.0,2.0,0.0,6,,8,57,14,53,84.9,377,444,32,10,7.7,2,26,3,8,5,3,53,1,0.0,0,1.0,1.0,1.0,4.0,10,6.94,6.68
PL-2025-26-14025210,Jornada 16,2025-12-14,West Ham,1,Aston Villa,2,3,2.0,0.0,10,3,4,3,0,1.0,2.0,2.0,5,1.0,6,56,19,41,83.9,324,386,16,13,,0,13,9,17,10,7,14,3,0.0,0,2.0,0.0,0.0,1.0,18,1.0,1.0,7,4,2,1,0,1.0,1.0,1.0,3,1.0,10,41,12,59,88.9,503,566,27,18,27.3,3,11,6,22,17,5,13,2,0.0,0,1.0,2.0,1.0,2.0,13,6.32,6.84
PL-2025-26-14025186,Jornada 16,2025-12-14,Brentford,1,Leeds,1,1,1.0,0.0,7,2,4,1,0,0.0,3.0,1.0,0,2.0,4,62,14,57,81.1,403,497,33,9,5.6,1,18,8,12,9,3,44,1,0.0,0,3.0,0.0,2.0,,8,1.0,0.0,18,4,6,8,0,0.0,7.0,2.0,3,0.0,8,51,31,43,75.1,271,361,18,8,26.1,6,23,7,15,8,7,43,1,0.0,0,1.0,1.0,0.0,,9,6.93,6.73
PL-2025-26-15035359,Jornada 16,2025-12-15,Man United,1,Bournemouth,4,4,3.0,1.0,25,9,6,10,1,3.0,3.0,2.0,5,0.0,7,53,49,57,78.9,310,393,16,12,28.6,6,21,3,16,8,8,47,4,0.0,0,5.0,,,2.0,15,3.0,1.0,14,9,5,0,0,1.0,3.0,6.0,4,1.0,9,65,24,43,67.3,202,300,15,15,17.6,3,17,8,14,8,6,29,4,0.0,0,5.0,,,3.0,12,7.03,6.75
PL-2025-26-14025228,Jornada 17,2025-12-20,Newcastle,1,Chelsea,2,2,2.0,0.0,11,5,6,0,0,0.0,1.0,7.0,6,2.0,5,46,21,47,77.0,278,361,16,14,28.6,8,28,14,13,8,5,19,2,0.0,0,2.0,2.0,0.0,3.0,13,1.0,1.0,13,4,5,4,0,0.0,2.0,1.0,4,0.0,9,46,26,53,81.1,351,433,14,13,12.5,2,16,13,11,9,2,24,2,0.0,0,3.0,1.0,1.0,6.0,14,6.83,6.81
PL-2025-26-14025213,Jornada 17,2025-12-20,Bournemouth,1,Burnley,1,1,0.0,1.0,16,1,12,3,0,0.0,4.0,3.0,5,2.0,6,74,37,66,79.8,404,506,18,11,27.3,6,22,8,21,15,6,31,1,0.0,0,,1.0,0.0,1.0,11,1.0,0.0,4,1,1,2,0,0.0,3.0,1.0,3,2.0,2,57,16,34,66.2,178,269,30,11,25.0,2,8,10,15,10,5,38,1,0.0,0,,0.0,2.0,1.0,11,6.95,6.55
PL-2025-26-14025218,Jornada 17,2025-12-20,Brighton,1,Sunderland,0,0,0.0,0.0,16,4,7,5,0,4.0,5.0,0.0,3,1.0,13,56,37,57,82.5,364,441,17,15,38.1,8,21,7,12,8,4,30,0,0.0,1,6.0,0.0,,2.0,11,0.0,0.0,14,6,4,4,1,2.0,3.0,2.0,4,1.0,2,50,26,43,76.3,255,334,24,11,35.7,5,14,9,25,15,10,22,0,0.0,1,4.0,1.0,,2.0,15,7.13,7.06
PL-2025-26-14025226,Jornada 17,2025-12-20,Man City,1,West Ham,3,0,3.0,0.0,17,8,7,2,0,1.0,2.0,8.0,6,1.0,9,54,40,66,92.4,693,750,24,10,28.6,6,21,9,12,7,5,9,0,0.0,1,4.0,,,1.0,16,0.0,0.0,7,3,4,0,0,1.0,1.0,2.0,0,2.0,7,28,12,34,80.3,314,391,17,16,100.0,1,1,12,24,15,9,13,3,0.0,0,5.0,,,1.0,10,7.45,6.54
PL-2025-26-14025232,Jornada 17,2025-12-20,Wolves,1,Brentford,0,2,0.0,0.0,9,2,1,6,0,0.0,3.0,2.0,3,2.0,7,53,22,43,78.5,281,358,21,14,18.2,4,22,9,16,9,7,37,2,0.0,0,4.0,,0.0,2.0,12,2.0,0.0,7,6,1,0,0,0.0,0.0,4.0,4,2.0,4,49,28,57,83.2,400,481,20,12,45.5,10,22,16,12,6,6,36,0,0.0,1,2.0,,1.0,4.0,15,6.67,7.24
PL-2025-26-14025230,Jornada 17,2025-12-20,Tottenham,1,Liverpool,1,2,1.0,0.0,15,4,4,7,1,2.0,2.0,2.0,2,1.0,4,53,20,35,76.4,246,322,17,7,20.0,4,20,7,11,7,4,33,2,0.0,0,2.0,0.0,1.0,5.0,7,2.0,0.0,8,4,1,3,0,0.0,1.0,2.0,6,6.0,8,74,30,65,88.3,542,614,23,9,21.7,5,23,7,4,4,0,22,1,0.0,0,4.0,1.0,1.0,3.0,2,6.34,6.87
PL-2025-26-14025220,Jornada 17,2025-12-20,Everton,1,Arsenal,0,1,0.0,0.0,5,1,2,2,0,0.0,1.0,0.0,2,0.0,4,56,13,35,73.7,250,339,19,5,14.3,2,14,8,26,13,13,23,1,0.0,0,0.0,0.0,1.0,2.0,4,1.0,0.0,13,2,9,2,2,0.0,1.0,3.0,3,1.0,9,61,43,65,87.6,573,654,23,3,16.7,2,12,7,14,9,5,32,0,0.0,1,1.0,5.0,0.0,2.0,5,6.75,6.95
PL-2025-26-14025224,Jornada 17,2025-12-20,Leeds,1,Crystal Palace,4,1,3.0,1.0,20,8,7,5,0,0.0,5.0,4.0,9,2.0,6,51,37,53,81.8,327,400,19,10,27.3,6,22,7,15,11,4,29,1,0.0,0,2.0,1.0,,1.0,5,1.0,0.0,9,3,3,3,1,1.0,3.0,2.0,5,3.0,5,40,19,47,78.5,284,362,14,4,12.5,2,16,6,22,13,9,58,4,0.0,0,2.0,0.0,,3.0,10,7.26,6.53
PL-2025-26-14025216,Jornada 17,2025-12-21,Aston Villa,1,Man United,2,1,2.0,0.0,12,4,3,5,1,1.0,3.0,2.0,5,3.0,3,27,20,43,80.1,281,351,16,14,14.3,1,7,7,18,10,8,22,1,0.0,0,5.0,7.0,1.0,1.0,11,1.0,0.0,15,6,6,3,0,4.0,6.0,3.0,5,1.0,8,49,34,57,86.1,396,460,22,11,15.4,4,26,9,26,14,12,21,2,0.0,0,2.0,1.0,0.0,2.0,14,6.82,6.95
PL-2025-26-14907281,Jornada 17,2025-12-22,Fulham,1,Nottm Forest,1,0,1.0,0.0,11,1,4,6,0,0.0,3.0,2.0,1,2.0,8,38,24,50,80.0,396,495,27,8,57.1,4,7,10,21,13,8,29,0,0.0,1,2.0,2.0,2.0,5.0,5,0.0,0.0,12,2,6,4,0,2.0,4.0,0.0,5,2.0,3,65,21,50,85.1,417,490,28,5,8.7,2,23,8,10,5,5,16,1,0.0,0,0.0,0.0,0.0,4.0,9,7.12,6.45
PL-2025-26-14025246,Jornada 18,2025-12-26,Man United,1,Newcastle,1,0,1.0,0.0,10,4,6,0,1,0.0,1.0,1.0,2,0.0,7,36,15,33,76.8,252,328,11,5,37.5,3,8,18,20,8,12,45,0,0.0,1,3.0,2.0,,2.0,9,0.0,0.0,16,3,6,7,1,0.0,2.0,1.0,11,1.0,11,85,44,67,87.4,548,627,18,9,15.2,7,46,6,14,7,7,13,1,0.0,0,3.0,0.0,,1.0,5,7.11,6.72
PL-2025-26-14025248,Jornada 18,2025-12-27,Nottm Forest,1,Man City,1,2,1.0,0.0,7,2,2,3,0,1.0,1.0,1.0,5,1.0,6,43,12,34,74.7,219,293,33,13,18.2,4,22,8,15,12,3,22,2,0.0,0,3.0,,0.0,1.0,5,2.0,0.0,16,5,4,7,1,0.0,7.0,1.0,5,1.0,11,69,33,66,90.1,536,595,15,5,16.7,3,18,4,14,8,6,37,1,0.0,0,1.0,,2.0,2.0,13,6.8,6.87
PL-2025-26-14025234,Jornada 18,2025-12-27,Arsenal,1,Brighton,2,1,0.0,1.0,24,6,8,10,0,1.0,1.0,4.0,7,1.0,10,50,57,53,83.6,376,450,16,13,31.6,6,19,9,14,6,8,16,1,0.0,0,2.0,1.0,0.0,2.0,7,1.0,0.0,8,3,3,2,1,0.0,1.0,1.0,2,1.0,7,55,18,47,82.6,336,407,23,7,30.0,3,10,5,16,13,3,28,2,0.0,0,5.0,1.0,2.0,3.0,13,7.01,6.6
PL-2025-26-14025236,Jornada 18,2025-12-27,Brentford,1,Bournemouth,4,1,3.0,0.0,15,7,4,4,1,1.0,4.0,5.0,2,3.0,12,52,32,49,78.7,311,395,35,8,25.0,2,8,10,12,7,5,51,1,0.0,0,9.0,0.0,0.0,2.0,9,1.0,0.0,20,10,2,8,1,5.0,2.0,4.0,15,1.0,14,51,40,51,77.1,290,376,22,9,7.9,3,38,7,18,13,5,27,4,0.0,0,4.0,1.0,2.0,2.0,8,7.44,6.46
PL-2025-26-14025238,Jornada 18,2025-12-27,Burnley,1,Everton,0,0,0.0,0.0,16,0,9,7,0,0.0,8.0,1.0,6,2.0,7,77,28,54,77.0,359,466,27,8,6.2,1,16,4,22,12,10,39,0,0.0,1,6.0,,5.0,0.0,8,0.0,0.0,15,6,6,3,0,0.0,4.0,1.0,5,3.0,6,64,24,46,77.9,307,394,22,8,11.1,2,18,11,25,14,11,48,0,0.0,1,0.0,,1.0,2.0,8,7.06,7.0
PL-2025-26-14025244,Jornada 18,2025-12-27,Liverpool,1,Wolves,2,1,2.0,0.0,14,4,7,3,1,1.0,2.0,1.0,6,1.0,13,77,41,67,88.0,581,660,18,13,38.1,8,21,9,19,16,3,21,1,0.0,0,3.0,2.0,0.0,0.0,5,1.0,0.0,9,4,4,1,0,2.0,3.0,1.0,4,0.0,2,53,13,33,77.1,252,327,17,5,13.3,2,15,8,16,10,6,24,2,0.0,0,2.0,1.0,1.0,1.0,13,7.41,6.55
PL-2025-26-14025252,Jornada 18,2025-12-27,West Ham,1,Fulham,0,1,0.0,0.0,11,2,4,5,0,1.0,3.0,1.0,5,7.0,7,47,27,44,81.7,330,404,23,8,11.8,2,17,9,29,17,12,25,1,0.0,0,4.0,1.0,0.0,1.0,8,1.0,0.0,17,5,6,6,0,2.0,3.0,1.0,4,2.0,7,64,35,56,86.4,439,508,22,8,41.7,10,24,12,16,5,11,34,0,0.0,1,2.0,0.0,1.0,3.0,8,7.05,7.08
PL-2025-26-14025240,Jornada 18,2025-12-27,Chelsea,1,Aston Villa,1,2,1.0,0.0,14,3,4,7,0,1.0,5.0,2.0,6,,6,58,42,63,88.8,469,528,28,8,13.8,4,29,9,26,19,7,6,2,0.0,0,6.0,1.0,,5.0,16,2.0,0.0,11,8,1,2,0,1.0,3.0,5.0,7,,6,25,19,37,80.1,257,321,19,16,12.5,1,8,4,8,2,6,28,1,0.0,0,2.0,2.0,,3.0,8,7.05,6.66
PL-2025-26-14025250,Jornada 18,2025-12-28,Sunderland,1,Leeds,1,1,1.0,0.0,8,3,3,2,1,0.0,0.0,2.0,3,4.0,5,45,21,43,81.9,322,393,25,9,21.4,3,14,5,14,8,6,42,1,0.0,0,4.0,,,1.0,7,1.0,0.0,17,6,5,6,0,2.0,4.0,4.0,9,3.0,4,52,42,57,84.4,433,513,21,7,25.9,7,27,6,14,8,6,20,1,0.0,0,2.0,,,0.0,9,7.07,6.93
PL-2025-26-14025242,Jornada 18,2025-12-28,Crystal Palace,1,Tottenham,0,1,0.0,0.0,15,2,8,5,0,0.0,6.0,2.0,3,1.0,7,78,35,62,79.2,431,544,26,5,14.8,4,27,7,16,11,5,23,1,0.0,0,3.0,1.0,,3.0,7,1.0,0.0,8,4,3,1,1,1.0,2.0,1.0,2,3.0,8,52,18,38,69.4,236,340,28,7,25.0,3,12,6,20,10,10,50,0,0.0,1,2.0,3.0,,2.0,5,6.84,7.06
PL-2025-26-14025258,Jornada 19,2025-12-30,Burnley,1,Newcastle,1,3,1.0,0.0,15,4,8,3,1,1.0,6.0,2.0,3,1.0,5,54,27,48,79.5,349,439,16,3,8.3,1,12,11,21,14,7,27,3,0.0,0,4.0,1.0,1.0,2.0,9,2.0,1.0,20,9,5,6,0,1.0,5.0,7.0,4,2.0,6,45,23,52,83.3,389,467,19,9,21.1,4,19,11,19,10,9,36,1,0.0,0,2.0,0.0,0.0,1.0,3,6.63,7.12
PL-2025-26-14025260,Jornada 19,2025-12-30,Chelsea,1,Bournemouth,2,2,2.0,0.0,17,3,6,8,1,1.0,1.0,2.0,12,0.0,11,64,52,67,85.8,483,563,21,11,30.8,8,26,8,17,9,8,29,2,0.0,0,4.0,0.0,0.0,1.0,5,2.0,0.0,17,6,7,4,0,0.0,5.0,6.0,3,1.0,9,42,23,33,73.2,197,269,17,5,18.8,3,16,17,16,12,4,41,2,0.0,0,2.0,1.0,4.0,1.0,12,7.07,6.74
PL-2025-26-14025268,Jornada 19,2025-12-30,Nottm Forest,1,Everton,0,2,0.0,0.0,21,6,8,7,0,4.0,5.0,1.0,9,,16,85,42,70,90.2,600,665,19,9,17.3,9,52,5,21,14,7,12,2,0.0,0,1.0,0.0,,1.0,11,2.0,0.0,11,3,4,4,0,0.0,4.0,3.0,2,,7,46,18,30,74.1,223,301,26,11,28.6,2,7,9,23,11,12,53,0,0.0,1,6.0,2.0,,0.0,9,6.73,7.49
PL-2025-26-14025272,Jornada 19,2025-12-30,West Ham,1,Brighton,2,2,2.0,0.0,10,4,3,3,0,0.0,0.0,4.0,5,1.0,4,50,21,39,74.9,251,335,31,17,12.5,2,16,9,27,14,13,27,2,0.0,0,5.0,2.0,1.0,3.0,11,2.0,0.0,16,6,6,4,1,0.0,7.0,4.0,5,1.0,8,61,31,61,86.1,466,541,21,9,4.3,1,23,16,13,10,3,24,2,0.0,0,2.0,2.0,1.0,5.0,18,6.75,6.63
PL-2025-26-14025254,Jornada 19,2025-12-30,Arsenal,1,Aston Villa,4,1,2.0,2.0,22,7,8,7,0,2.0,1.0,6.0,3,4.0,5,51,38,46,86.0,302,351,17,9,41.7,5,12,8,17,7,10,17,1,0.0,0,2.0,1.0,,2.0,18,1.0,0.0,11,3,4,4,2,0.0,2.0,5.0,3,0.0,8,23,21,54,87.0,362,416,21,18,8.3,1,12,3,10,3,7,17,4,0.0,0,3.0,0.0,,3.0,9,7.39,6.32
PL-2025-26-14025266,Jornada 19,2025-12-30,Man United,1,Wolves,1,1,0.0,1.0,15,6,5,4,1,1.0,3.0,2.0,8,3.0,5,58,21,56,88.9,450,506,26,12,27.3,6,22,4,21,14,7,16,1,0.0,0,3.0,,0.0,0.0,9,1.0,0.0,11,4,5,2,0,1.0,2.0,2.0,4,1.0,10,36,23,44,84.4,335,397,18,9,28.6,4,14,10,20,9,11,28,1,0.0,0,5.0,,2.0,2.0,12,6.96,6.82
PL-2025-26-14025262,Jornada 19,2026-01-01,Crystal Palace,1,Fulham,1,1,1.0,0.0,11,2,5,4,1,0.0,2.0,3.0,6,5.0,7,54,37,40,77.1,299,388,22,10,8.3,1,12,9,14,9,5,29,1,0.0,0,4.0,,0.0,0.0,7,0.0,1.0,17,5,6,6,1,1.0,4.0,3.0,3,1.0,5,75,31,60,85.7,502,586,30,7,36.8,7,19,9,16,9,7,35,1,0.0,0,1.0,,1.0,5.0,10,6.99,6.84
PL-2025-26-14025264,Jornada 19,2026-01-01,Liverpool,1,Leeds,0,0,0.0,0.0,19,4,7,8,0,2.0,6.0,2.0,8,6.0,12,90,35,68,86.3,549,636,16,8,16.0,4,25,6,8,3,5,21,0,0.0,1,2.0,,2.0,0.0,10,0.0,0.0,4,2,1,1,0,1.0,0.0,1.0,3,1.0,8,50,11,32,65.8,194,295,18,10,30.0,3,10,11,18,10,8,37,0,0.0,1,4.0,,0.0,2.0,8,6.95,7.0
PL-2025-26-14025256,Jornada 19,2026-01-01,Brentford,1,Tottenham,0,0,0.0,0.0,7,2,3,2,0,0.0,3.0,1.0,3,4.0,3,72,20,56,82.7,426,515,24,10,20.0,4,20,9,18,12,6,20,0,0.0,1,2.0,2.0,0.0,1.0,8,0.0,0.0,9,3,2,4,0,0.0,2.0,0.0,1,0.0,9,48,18,44,78.6,324,412,24,8,9.1,1,11,10,18,13,5,33,0,0.0,1,2.0,2.0,2.0,2.0,10,7.15,6.95
PL-2025-26-14025270,Jornada 19,2026-01-01,Sunderland,1,Man City,0,0,0.0,0.0,10,4,4,2,0,0.0,3.0,2.0,3,0.0,9,60,22,32,72.7,221,304,22,6,33.3,3,9,17,18,15,3,31,0,0.0,1,4.0,,,1.0,9,0.0,0.0,14,4,5,5,1,0.0,2.0,5.0,5,1.0,16,62,52,68,85.6,548,640,21,9,28.6,6,21,12,23,17,6,21,0,0.0,1,4.0,,,1.0,6,7.08,7.02
PL-2025-26-14025276,Jornada 20,2026-01-03,Aston Villa,1,Nottm Forest,3,1,1.0,2.0,11,4,3,4,0,0.0,4.0,2.0,4,1.0,4,65,46,73,89.8,579,645,16,20,12.5,2,16,11,18,9,9,12,1,0.0,0,4.0,1.0,1.0,1.0,10,1.0,0.0,10,5,3,2,0,2.0,2.0,2.0,4,4.0,8,18,13,27,71.1,170,239,20,10,,0,9,14,19,8,11,28,3,0.0,0,1.0,1.0,1.0,2.0,20,7.28,6.36
PL-2025-26-14025278,Jornada 20,2026-01-03,Brighton,1,Burnley,2,0,2.0,0.0,15,4,7,4,1,0.0,5.0,2.0,4,3.0,8,39,26,60,89.8,546,608,17,17,36.4,4,11,6,17,10,7,25,0,0.0,1,2.0,0.0,1.0,0.0,7,0.0,0.0,5,3,2,0,1,1.0,0.0,0.0,4,1.0,8,43,12,40,82.1,325,396,21,7,6.2,1,16,3,25,13,12,21,2,0.0,0,2.0,1.0,1.0,4.0,17,7.37,6.34
PL-2025-26-14025292,Jornada 20,2026-01-03,Wolves,1,West Ham,3,0,2.0,1.0,11,8,3,0,0,1.0,1.0,3.0,6,1.0,6,34,14,33,77.7,234,301,12,9,31.2,5,16,9,23,12,11,34,0,0.0,1,0.0,3.0,5.0,1.0,11,0.0,0.0,6,0,6,0,0,0.0,2.0,0.0,7,1.0,8,80,25,67,87.5,546,624,26,11,25.0,7,28,6,27,17,10,15,3,0.0,0,5.0,1.0,0.0,0.0,10,7.22,6.34
PL-2025-26-14025274,Jornada 20,2026-01-03,Bournemouth,1,Arsenal,2,3,1.0,1.0,15,3,7,5,0,1.0,8.0,1.0,7,1.0,8,62,13,43,76.4,259,339,22,8,18.2,4,22,4,16,12,4,37,3,0.0,0,2.0,0.0,3.0,3.0,13,2.0,1.0,12,5,3,4,0,1.0,3.0,2.0,5,1.0,7,60,28,57,79.7,368,462,18,13,15.0,3,20,7,25,11,14,30,2,0.0,0,1.0,1.0,0.0,1.0,8,6.54,6.9
PL-2025-26-14025284,Jornada 20,2026-01-04,Leeds,1,Man United,1,1,1.0,0.0,11,3,6,2,1,0.0,2.0,1.0,6,1.0,4,67,25,45,73.4,312,425,21,9,15.0,3,20,17,18,10,8,23,1,0.0,0,1.0,,,0.0,9,1.0,0.0,15,2,8,5,1,0.0,6.0,3.0,4,3.0,5,66,22,55,79.2,419,529,23,9,20.0,2,10,8,25,15,10,38,1,0.0,0,2.0,,,1.0,9,6.85,6.89
PL-2025-26-14025280,Jornada 20,2026-01-04,Everton,1,Brentford,2,4,2.0,0.0,14,6,3,5,0,1.0,2.0,1.0,4,0.0,13,53,31,45,78.6,286,364,24,8,37.0,10,27,7,24,15,9,22,4,0.0,0,3.0,,0.0,0.0,9,4.0,0.0,11,7,2,2,0,0.0,2.0,6.0,5,2.0,6,61,23,55,78.0,355,455,21,9,50.0,6,12,10,16,8,8,24,2,0.0,0,4.0,,2.0,2.0,8,6.72,7.19
PL-2025-26-14025288,Jornada 20,2026-01-04,Newcastle,1,Crystal Palace,2,0,2.0,0.0,12,7,3,2,1,1.0,0.0,5.0,8,5.0,15,62,35,59,82.6,408,494,25,12,22.6,7,31,7,16,9,7,35,0,0.0,1,1.0,1.0,0.0,1.0,5,0.0,0.0,11,1,5,5,0,0.0,2.0,1.0,6,2.0,8,43,26,41,69.5,239,344,11,5,13.3,2,15,11,28,11,17,45,2,0.0,0,5.0,0.0,3.0,3.0,12,7.38,6.65
PL-2025-26-14025290,Jornada 20,2026-01-04,Tottenham,1,Sunderland,1,1,1.0,0.0,13,5,6,2,0,1.0,2.0,2.0,3,4.0,10,53,33,49,78.7,284,361,26,6,30.4,7,23,8,15,12,3,33,1,0.0,0,2.0,0.0,1.0,2.0,9,1.0,0.0,10,3,4,3,1,0.0,1.0,0.0,5,2.0,7,54,20,51,77.0,294,382,20,9,19.0,4,21,9,17,13,4,27,1,0.0,0,3.0,1.0,1.0,3.0,6,6.85,6.85
PL-2025-26-14025282,Jornada 20,2026-01-04,Fulham,1,Liverpool,2,2,1.0,1.0,8,2,3,3,1,0.0,2.0,1.0,3,2.0,5,39,15,42,83.5,386,462,14,4,7.7,1,13,10,15,9,6,40,2,0.0,0,,,,1.0,11,2.0,0.0,10,2,5,3,1,0.0,3.0,3.0,8,4.0,4,87,33,58,88.1,563,639,26,11,4.3,1,23,5,7,5,2,24,2,0.0,0,,,,1.0,4,6.65,6.7
PL-2025-26-14025286,Jornada 20,2026-01-04,Man City,1,Chelsea,1,1,1.0,0.0,14,3,6,5,1,1.0,1.0,0.0,8,2.0,9,57,35,57,86.9,504,580,22,14,33.3,5,15,9,24,18,6,6,1,0.0,0,2.0,,,3.0,12,1.0,0.0,8,3,4,1,0,0.0,0.0,3.0,2,2.0,7,24,16,43,83.3,363,436,15,12,50.0,2,4,14,20,10,10,23,1,0.0,0,2.0,,,3.0,14,7.09,6.65
PL-2025-26-14025055,Jornada 21,2026-01-06,West Ham,1,Nottm Forest,1,2,0.0,0.0,14,3,6,5,0,1.0,2.0,3.0,6,1.0,2,70,17,47,76.5,290,379,19,9,10.5,2,19,7,28,19,9,33,2,0.0,0,3.0,1.0,,3.0,15,2.0,0.0,13,5,4,4,1,2.0,4.0,1.0,5,0.0,2,70,26,53,80.6,337,418,19,14,17.9,5,28,6,15,9,6,32,1,0.0,0,3.0,1.0,,0.0,9,6.7,6.95
PL-2025-26-14025015,Jornada 21,2026-01-07,Bournemouth,1,Tottenham,3,2,2.0,1.0,11,3,3,5,0,0.0,5.0,1.0,3,4.0,4,44,14,42,74.8,240,321,9,10,25.0,3,12,10,17,8,9,35,2,0.0,0,2.0,1.0,1.0,3.0,19,2.0,0.0,16,4,7,5,1,1.0,4.0,2.0,7,0.0,14,44,29,58,77.4,336,434,22,19,23.8,5,21,5,24,16,8,15,3,0.0,0,0.0,1.0,0.0,3.0,10,6.83,6.66
PL-2025-26-14025027,Jornada 21,2026-01-07,Brentford,1,Sunderland,3,0,3.0,0.0,18,6,7,5,4,0.0,3.0,5.0,7,1.0,4,41,42,51,83.7,328,392,30,13,18.2,4,22,8,8,3,5,22,0,0.0,1,3.0,1.0,0.0,2.0,13,0.0,0.0,11,3,4,4,0,1.0,3.0,2.0,4,1.0,3,55,21,49,80.7,314,389,21,12,15.4,2,13,10,7,6,1,26,3,0.0,0,3.0,3.0,1.0,1.0,13,7.42,6.34
PL-2025-26-14025058,Jornada 21,2026-01-07,Crystal Palace,1,Aston Villa,0,0,0.0,0.0,11,5,2,4,0,0.0,2.0,3.0,3,2.0,2,46,21,41,80.5,297,369,12,3,27.3,3,11,4,20,6,14,31,0,0.0,1,4.0,,2.0,2.0,8,0.0,0.0,15,3,7,5,1,1.0,3.0,3.0,5,0.0,7,49,37,59,87.5,470,537,19,8,25.0,4,16,9,14,8,6,21,0,0.0,1,5.0,,0.0,0.0,3,7.05,6.99
PL-2025-26-14025046,Jornada 21,2026-01-07,Everton,1,Wolves,1,1,1.0,0.0,13,2,8,3,1,0.0,4.0,2.0,2,,8,43,30,45,81.3,296,364,12,15,26.3,5,19,6,17,8,9,42,1,0.0,0,3.0,0.0,0.0,3.0,13,0.0,1.0,13,4,6,3,0,1.0,2.0,1.0,7,,5,67,28,55,84.6,367,434,24,13,23.3,7,30,5,16,9,7,24,1,0.0,0,1.0,2.0,1.0,3.0,15,6.94,6.77
PL-2025-26-14025049,Jornada 21,2026-01-07,Fulham,1,Chelsea,2,1,2.0,0.0,16,5,3,8,0,2.0,5.0,0.0,2,1.0,12,55,34,55,87.9,503,572,24,6,21.1,4,19,9,16,10,6,28,1,0.0,0,4.0,,1.0,3.0,11,1.0,0.0,14,6,5,3,2,1.0,2.0,4.0,11,2.0,7,54,25,45,85.4,392,459,27,11,18.2,4,22,8,13,9,4,30,2,0.0,0,3.0,,0.0,3.0,6,7.35,6.58
PL-2025-26-14025061,Jornada 21,2026-01-07,Man City,1,Brighton,1,1,1.0,0.0,21,6,9,6,1,1.0,4.0,7.0,6,2.0,16,54,53,60,87.2,530,608,23,15,46.2,6,13,19,14,11,3,7,1,0.0,0,2.0,,,1.0,6,0.0,1.0,6,3,3,0,1,0.0,0.0,5.0,2,3.0,2,36,15,40,78.4,313,399,18,6,33.3,3,9,20,22,12,10,24,1,0.0,0,3.0,,,6.0,16,6.94,6.75
PL-2025-26-14025037,Jornada 21,2026-01-07,Burnley,1,Man United,2,2,1.0,0.0,7,1,1,5,0,0.0,1.0,0.0,2,3.0,10,36,9,35,76.2,240,315,20,8,,0,7,7,16,10,6,25,2,0.0,0,6.0,1.0,1.0,2.0,9,2.0,0.0,30,10,13,7,2,0.0,9.0,5.0,6,0.0,16,74,43,65,87.5,519,593,17,9,34.6,9,26,6,19,16,3,13,2,0.0,0,0.0,1.0,0.0,0.0,8,6.77,7.05
PL-2025-26-14025052,Jornada 21,2026-01-07,Newcastle,1,Leeds,4,3,4.0,0.0,18,8,6,4,2,1.0,2.0,3.0,8,1.0,8,51,37,63,86.4,471,545,25,9,25.7,9,35,9,14,11,3,32,3,0.0,0,3.0,2.0,0.0,3.0,11,2.0,1.0,14,6,5,3,1,1.0,0.0,3.0,4,0.0,8,62,26,37,76.6,256,334,24,10,33.3,4,12,16,17,7,10,33,4,0.0,0,3.0,2.0,2.0,2.0,10,7.08,6.96
PL-2025-26-14025019,Jornada 21,2026-01-08,Arsenal,1,Liverpool,0,0,0.0,0.0,9,4,1,4,0,2.0,1.0,1.0,3,2.0,8,51,24,48,86.3,396,459,12,9,20.0,3,15,7,11,6,5,15,0,0.0,1,0.0,0.0,0.0,2.0,10,0.0,0.0,8,0,5,3,1,0.0,6.0,0.0,0,1.0,10,63,11,52,89.0,453,509,20,10,,0,9,8,10,7,3,23,0,0.0,1,4.0,2.0,1.0,2.0,9,6.9,7.03
PL-2025-26-14025079,Jornada 22,2026-01-17,Man United,1,Man City,2,0,2.0,0.0,11,7,4,1,2,1.0,0.0,6.0,1,6.0,5,50,21,32,79.5,240,302,26,8,40.0,4,10,12,24,12,12,27,0,0.0,1,1.0,1.0,,2.0,13,0.0,0.0,7,1,3,3,0,0.0,3.0,0.0,6,1.0,6,59,35,68,89.9,581,646,15,13,10.0,2,20,9,13,11,2,19,2,0.0,0,5.0,1.0,,3.0,8,7.27,6.65
PL-2025-26-14025070,Jornada 22,2026-01-17,Chelsea,1,Brentford,2,0,2.0,0.0,6,2,2,2,0,0.0,2.0,2.0,3,0.0,7,40,11,46,84.4,374,443,27,9,9.1,1,11,11,17,9,8,42,0,0.0,1,6.0,3.0,,3.0,7,0.0,0.0,15,5,5,5,1,1.0,4.0,3.0,9,1.0,3,62,33,54,86.9,446,513,22,7,24.1,7,29,8,14,9,5,16,2,0.0,0,0.0,0.0,,2.0,10,7.29,6.45
PL-2025-26-14025073,Jornada 22,2026-01-17,Leeds,1,Fulham,1,0,1.0,0.0,14,5,8,1,0,2.0,2.0,5.0,7,8.0,4,55,22,46,77.4,311,402,18,11,23.8,5,21,7,10,8,2,13,0,0.0,1,1.0,0.0,,1.0,6,0.0,0.0,8,1,5,2,0,0.0,3.0,0.0,3,3.0,3,48,7,54,81.3,388,477,22,6,12.5,1,8,10,16,7,9,31,1,0.0,0,4.0,3.0,,5.0,11,6.83,6.68
PL-2025-26-14025076,Jornada 22,2026-01-17,Liverpool,1,Burnley,1,1,1.0,0.0,32,11,8,13,1,5.0,7.0,3.0,9,1.0,15,80,78,73,87.2,635,728,26,9,26.5,9,34,8,7,4,3,13,1,0.0,0,1.0,,1.0,1.0,8,1.0,0.0,7,1,4,2,0,0.0,2.0,0.0,1,2.0,7,35,15,27,69.5,191,275,12,8,,0,7,9,19,7,12,41,1,0.0,0,8.0,,3.0,2.0,10,7.17,7.13
PL-2025-26-14025085,Jornada 22,2026-01-17,Sunderland,1,Crystal Palace,2,1,2.0,0.0,13,7,5,1,1,0.0,3.0,3.0,3,0.0,6,62,18,57,80.0,365,456,21,15,38.9,7,18,11,15,11,4,35,1,0.0,0,1.0,1.0,2.0,3.0,8,1.0,0.0,6,2,2,2,0,0.0,0.0,2.0,4,2.0,3,62,16,43,75.2,255,339,15,8,13.3,2,15,9,12,7,5,36,2,0.0,0,5.0,0.0,0.0,3.0,15,7.0,6.52
PL-2025-26-14025089,Jornada 22,2026-01-17,Tottenham,1,West Ham,1,2,1.0,0.0,21,6,11,4,0,3.0,3.0,3.0,11,1.0,13,64,52,62,83.4,401,481,21,17,23.3,10,43,7,19,15,4,15,2,0.0,0,2.0,1.0,0.0,5.0,12,2.0,0.0,17,4,7,6,0,0.0,0.0,4.0,5,1.0,6,37,28,38,75.2,230,306,24,12,30.0,6,20,19,25,12,13,43,1,0.0,0,5.0,0.0,1.0,3.0,17,6.85,7.02
PL-2025-26-14025082,Jornada 22,2026-01-17,Nottm Forest,1,Arsenal,0,0,0.0,0.0,6,0,3,3,0,0.0,5.0,0.0,4,1.0,4,52,14,40,80.7,259,321,18,14,20.0,5,25,6,12,5,7,33,0,0.0,1,3.0,0.0,1.0,1.0,8,0.0,0.0,15,3,4,8,0,0.0,1.0,4.0,9,0.0,6,50,36,60,84.2,416,494,15,8,42.3,11,26,4,16,7,9,27,0,0.0,1,0.0,2.0,1.0,1.0,14,7.13,6.84
PL-2025-26-14025092,Jornada 22,2026-01-18,Wolves,1,Newcastle,0,0,0.0,0.0,6,2,2,2,0,0.0,0.0,,4,1.0,7,37,14,33,77.6,235,303,18,8,17.6,3,17,8,11,9,2,28,0,0.0,1,2.0,1.0,2.0,2.0,14,0.0,0.0,12,2,6,4,0,0.0,3.0,,7,3.0,6,60,24,67,91.7,563,614,22,14,29.4,10,34,8,10,7,3,20,0,0.0,1,2.0,0.0,0.0,2.0,8,6.86,7.05
PL-2025-26-14025064,Jornada 22,2026-01-18,Aston Villa,1,Everton,0,1,0.0,0.0,18,5,7,6,1,3.0,3.0,0.0,6,1.0,5,50,31,63,87.7,434,495,22,13,21.1,4,19,4,14,7,7,16,1,0.0,0,2.0,2.0,0.0,1.0,15,1.0,0.0,9,3,2,4,1,2.0,2.0,1.0,4,4.0,2,43,16,37,77.7,227,292,26,15,28.6,2,7,13,17,10,7,28,0,0.0,1,5.0,1.0,2.0,2.0,13,6.72,7.21
PL-2025-26-15129445,Jornada 22,2026-01-19,Brighton,1,Bournemouth,1,1,1.0,0.0,17,5,5,7,1,2.0,3.0,1.0,11,1.0,12,74,45,67,84.5,490,580,24,6,21.7,5,23,2,21,10,11,24,1,0.0,0,1.0,1.0,1.0,2.0,7,1.0,0.0,11,2,4,5,1,0.0,4.0,1.0,6,3.0,6,49,18,33,68.8,194,282,27,6,13.3,2,15,17,18,6,12,31,1,0.0,0,4.0,0.0,2.0,3.0,6,6.84,6.87
PL-2025-26-14025122,Jornada 23,2026-01-24,West Ham,1,Sunderland,3,1,2.0,1.0,13,5,5,3,1,1.0,4.0,4.0,3,0.0,4,56,25,47,76.2,279,366,26,15,15.4,2,13,5,25,16,9,24,1,0.0,0,1.0,1.0,0.0,2.0,9,1.0,0.0,7,2,4,1,1,1.0,2.0,3.0,3,1.0,2,55,13,53,82.5,335,406,22,9,23.5,4,17,3,13,6,7,30,3,0.0,0,2.0,1.0,1.0,4.0,16,7.05,6.26
PL-2025-26-14025104,Jornada 23,2026-01-24,Burnley,1,Tottenham,2,2,2.0,0.0,9,4,2,3,0,1.0,2.0,3.0,1,3.0,9,44,15,38,77.0,292,379,13,9,33.3,2,6,16,19,13,6,20,2,0.0,0,9.0,,2.0,1.0,8,2.0,0.0,18,11,7,0,1,3.0,4.0,4.0,3,1.0,17,50,28,62,84.8,526,620,23,8,36.8,7,19,10,26,16,10,14,2,0.0,0,2.0,,0.0,0.0,9,6.74,6.93
PL-2025-26-14025113,Jornada 23,2026-01-24,Fulham,1,Brighton,2,1,1.0,1.0,12,4,5,3,0,1.0,5.0,2.0,6,1.0,4,46,19,49,83.1,417,502,26,6,11.1,2,18,7,11,8,3,41,1,0.0,0,3.0,1.0,0.0,1.0,10,1.0,0.0,13,5,4,4,0,0.0,2.0,4.0,6,3.0,7,47,28,51,83.6,432,517,15,10,30.8,8,26,12,16,9,7,23,2,0.0,0,2.0,1.0,1.0,1.0,6,6.83,6.75
PL-2025-26-14025116,Jornada 23,2026-01-24,Man City,1,Wolves,2,0,2.0,0.0,11,4,7,0,2,0.0,3.0,1.0,4,0.0,2,70,24,64,90.2,581,644,27,14,33.3,3,9,17,16,6,10,11,0,0.0,1,1.0,,0.0,1.0,16,0.0,0.0,11,1,5,5,1,0.0,6.0,1.0,6,6.0,9,29,17,36,79.7,278,349,12,16,33.3,4,12,10,19,13,6,21,2,0.0,0,2.0,,1.0,3.0,14,7.22,6.51
PL-2025-26-14025095,Jornada 23,2026-01-24,Bournemouth,1,Liverpool,3,2,3.0,0.0,12,5,4,3,1,1.0,1.0,6.0,3,,4,37,26,33,77.2,230,298,22,7,23.1,3,13,14,20,10,10,38,2,0.0,0,2.0,3.0,1.0,1.0,7,1.0,1.0,14,4,4,6,0,0.0,7.0,1.0,11,,7,81,40,67,87.2,537,616,20,7,20.0,4,20,4,12,8,4,27,3,0.0,0,2.0,0.0,0.0,1.0,7,7.07,6.63
PL-2025-26-14025101,Jornada 23,2026-01-25,Brentford,1,Nottm Forest,0,2,0.0,0.0,10,1,6,3,1,0.0,1.0,3.0,6,1.0,10,74,42,66,86.4,490,567,32,10,19.4,7,36,15,14,6,8,22,2,0.0,0,0.0,1.0,0.0,1.0,11,2.0,0.0,7,2,2,3,0,0.0,2.0,1.0,5,0.0,9,43,16,34,74.2,219,295,19,11,18.8,3,16,8,18,11,7,54,0,0.0,1,1.0,0.0,2.0,0.0,10,6.72,7.08
PL-2025-26-14025107,Jornada 23,2026-01-25,Crystal Palace,1,Chelsea,1,3,1.0,0.0,13,7,3,3,0,0.0,1.0,6.0,4,2.0,8,52,27,43,77.7,342,440,19,10,15.0,3,20,10,17,9,8,23,3,0.0,0,2.0,0.0,1.0,4.0,11,3.0,0.0,10,6,3,1,0,1.0,1.0,5.0,5,1.0,6,35,21,57,85.4,504,590,31,10,33.3,5,15,14,15,10,5,45,1,0.0,0,5.0,1.0,0.0,2.0,10,6.42,7.11
PL-2025-26-14025119,Jornada 23,2026-01-25,Newcastle,1,Aston Villa,0,2,0.0,0.0,15,4,4,7,0,0.0,6.0,3.0,6,2.0,13,79,24,61,86.1,447,519,18,12,17.6,6,34,3,24,15,9,22,2,0.0,0,6.0,0.0,0.0,1.0,7,1.0,1.0,14,8,4,2,0,4.0,2.0,2.0,5,0.0,6,58,26,39,77.1,272,353,16,7,50.0,5,10,7,21,13,8,29,0,0.0,1,4.0,6.0,1.0,2.0,12,6.94,7.18
PL-2025-26-14025098,Jornada 23,2026-01-25,Arsenal,1,Man United,2,3,1.0,0.0,15,4,5,6,0,1.0,5.0,1.0,9,3.0,7,47,28,56,83.7,371,443,14,9,16.0,4,25,11,11,7,4,20,3,0.0,0,0.0,1.0,0.0,2.0,11,1.0,2.0,10,3,5,2,0,0.0,5.0,2.0,2,0.0,4,56,9,44,79.4,289,364,15,11,20.0,1,5,6,14,9,5,25,2,0.0,0,3.0,3.0,3.0,0.0,9,6.31,6.68
PL-2025-26-15129439,Jornada 23,2026-01-26,Everton,1,Leeds,1,1,1.0,0.0,10,3,3,4,1,1.0,3.0,1.0,4,1.0,10,79,25,58,83.0,450,542,16,13,15.0,3,20,6,20,15,5,32,1,0.0,0,3.0,0.0,,0.0,9,1.0,0.0,14,4,7,3,1,1.0,3.0,3.0,4,0.0,1,57,23,42,77.2,304,394,27,9,16.7,2,12,10,31,20,11,44,1,0.0,0,2.0,1.0,,3.0,13,6.95,6.91
PL-2025-26-14025128,Jornada 24,2026-01-31,Brighton,1,Everton,1,1,1.0,0.0,11,2,5,4,0,0.0,2.0,2.0,5,3.0,4,50,23,54,82.9,408,492,13,14,30.8,4,13,9,20,9,11,30,1,0.0,0,3.0,,,1.0,13,1.0,0.0,7,4,2,1,0,0.0,0.0,2.0,2,0.0,4,57,26,46,78.7,333,423,35,13,20.0,3,15,7,23,14,9,20,1,0.0,0,1.0,,,2.0,14,6.88,6.86
PL-2025-26-14025134,Jornada 24,2026-01-31,Leeds,1,Arsenal,0,4,0.0,0.0,3,1,1,1,0,0.0,1.0,0.0,4,0.0,6,53,21,50,80.0,316,395,17,7,5.3,1,19,10,16,6,10,36,4,0.0,0,4.0,0.0,1.0,1.0,10,3.0,0.0,15,9,4,2,0,1.0,1.0,6.0,12,1.0,10,57,28,50,79.2,313,395,23,10,30.8,8,26,6,14,7,7,31,0,0.0,1,1.0,1.0,0.0,1.0,7,6.42,7.28
PL-2025-26-14025152,Jornada 24,2026-01-31,Wolves,1,Bournemouth,0,2,0.0,0.0,17,7,7,3,1,5.0,5.0,4.0,5,2.0,6,41,26,51,81.7,389,476,19,15,31.8,7,22,3,23,17,6,19,2,0.0,0,2.0,2.0,1.0,2.0,11,2.0,0.0,9,4,4,1,0,0.0,2.0,2.0,6,2.0,9,49,15,49,84.6,397,469,24,11,27.3,3,11,13,20,11,9,32,0,0.0,1,7.0,1.0,1.0,3.0,15,6.7,7.24
PL-2025-26-14025131,Jornada 24,2026-01-31,Chelsea,1,West Ham,3,2,3.0,0.0,14,6,4,4,1,2.0,1.0,4.0,9,0.0,3,78,35,71,89.3,644,721,30,13,16.7,6,36,8,14,8,6,23,2,0.0,0,4.0,,0.0,3.0,11,1.0,1.0,11,6,2,3,1,1.0,1.0,2.0,3,2.0,11,60,24,29,68.3,205,300,24,11,18.2,2,11,7,15,9,6,47,3,0.0,0,3.0,,4.0,2.0,13,6.71,6.72
PL-2025-26-14025137,Jornada 24,2026-01-31,Liverpool,1,Newcastle,4,1,4.0,0.0,17,7,7,3,0,2.0,4.0,7.0,7,1.0,7,63,41,54,83.9,345,411,21,7,25.0,4,16,6,18,11,7,38,1,0.0,0,1.0,1.0,2.0,1.0,11,1.0,0.0,8,2,3,3,1,0.0,4.0,0.0,11,3.0,3,54,21,46,80.1,266,332,14,11,24.0,6,25,8,13,7,6,23,4,0.0,0,3.0,1.0,0.0,3.0,7,7.44,6.25
PL-2025-26-14025125,Jornada 24,2026-02-01,Aston Villa,1,Brentford,0,1,0.0,0.0,27,5,11,11,0,1.0,9.0,3.0,12,1.0,8,42,77,72,87.7,558,636,15,8,26.9,7,26,3,19,10,9,19,1,0.0,0,0.0,1.0,1.0,1.0,8,1.0,0.0,6,2,3,1,0,0.0,1.0,2.0,1,6.0,2,53,13,28,71.9,184,256,26,8,14.3,1,7,13,7,4,3,34,0,0.0,1,5.0,0.0,2.0,3.0,8,6.93,6.95
PL-2025-26-14025140,Jornada 24,2026-02-01,Man United,1,Fulham,3,2,3.0,0.0,13,6,4,3,1,0.0,1.0,3.0,3,1.0,5,68,27,42,86.9,372,428,27,9,50.0,6,12,10,22,10,12,30,2,0.0,0,4.0,,2.0,2.0,6,1.0,1.0,14,6,3,5,0,2.0,3.0,2.0,7,2.0,6,53,26,58,89.8,517,576,11,5,28.6,8,28,13,17,12,5,10,3,0.0,0,3.0,,0.0,1.0,9,7.33,6.57
PL-2025-26-14025143,Jornada 24,2026-02-01,Nottm Forest,1,Crystal Palace,1,1,1.0,0.0,9,1,5,3,0,0.0,3.0,2.0,5,2.0,15,47,19,33,73.0,206,282,31,12,15.4,2,13,10,16,11,5,25,1,0.0,0,1.0,1.0,1.0,1.0,4,1.0,0.0,14,3,8,3,0,1.0,4.0,1.0,7,0.0,0,73,28,67,85.0,489,575,27,3,25.0,6,24,6,14,10,4,24,1,0.0,0,0.0,2.0,2.0,3.0,12,6.87,6.61
PL-2025-26-14025149,Jornada 24,2026-02-01,Tottenham,1,Man City,2,2,2.0,0.0,12,6,1,5,0,2.0,3.0,2.0,3,1.0,10,45,28,40,80.8,311,385,23,12,38.5,5,13,6,24,10,14,19,2,0.0,0,1.0,0.0,,3.0,15,2.0,0.0,15,3,8,4,0,0.0,1.0,2.0,4,2.0,7,56,30,60,90.3,522,578,25,15,41.2,7,17,4,23,12,11,25,2,0.0,0,4.0,1.0,,3.0,12,6.81,7.08
PL-2025-26-15129444,Jornada 24,2026-02-02,Sunderland,1,Burnley,3,0,1.0,1.0,14,5,7,2,0,1.0,2.0,3.0,1,0.0,9,70,25,44,83.3,355,426,27,10,10.0,1,10,9,9,7,2,25,0,0.0,1,0.0,1.0,,1.0,12,0.0,0.0,5,0,3,2,0,0.0,3.0,0.0,2,2.0,1,57,8,56,87.0,460,529,22,12,9.1,2,22,5,14,11,3,27,3,0.0,0,3.0,0.0,,4.0,10,7.14,6.43
PL-2025-26-14025170,Jornada 25,2026-02-06,Leeds,1,Nottm Forest,3,1,3.0,0.0,14,5,3,6,1,0.0,1.0,7.0,5,1.0,11,48,30,56,83.4,398,477,17,12,41.2,7,17,5,22,16,6,36,1,0.0,0,5.0,,,1.0,9,1.0,0.0,16,6,6,4,0,1.0,6.0,2.0,10,4.0,10,53,24,44,78.3,274,350,24,9,29.4,10,34,8,14,10,4,18,3,0.0,0,2.0,,,1.0,12,7.41,6.45
PL-2025-26-14025176,Jornada 25,2026-02-07,Man United,1,Tottenham,2,0,2.0,0.0,23,10,7,6,0,5.0,8.0,3.0,7,3.0,9,78,37,65,89.7,582,649,12,11,25.0,5,20,5,18,11,7,11,0,0.0,1,1.0,1.0,,1.0,12,0.0,0.0,7,1,1,5,0,0.0,3.0,1.0,0,1.0,6,38,17,35,82.7,283,342,17,12,40.0,4,10,9,16,6,10,30,2,0.0,0,8.0,3.0,,2.0,11,7.37,6.52
PL-2025-26-14025158,Jornada 25,2026-02-07,Arsenal,1,Sunderland,3,0,2.0,1.0,16,5,6,5,0,0.0,5.0,1.0,5,3.0,6,44,34,49,83.5,325,389,22,8,10.5,2,19,12,15,8,7,22,0,0.0,1,2.0,1.0,,1.0,11,0.0,0.0,5,3,1,1,0,0.0,1.0,1.0,2,1.0,5,58,13,51,80.1,327,408,19,11,16.7,2,12,6,13,7,6,30,3,0.0,0,2.0,0.0,,2.0,8,7.15,6.28
PL-2025-26-14025155,Jornada 25,2026-02-07,Bournemouth,1,Aston Villa,1,1,1.0,0.0,20,9,7,4,1,3.0,5.0,3.0,11,3.0,3,64,26,53,83.1,343,413,25,11,11.1,3,27,11,10,6,4,25,1,0.0,0,3.0,0.0,0.0,1.0,4,1.0,0.0,7,4,0,3,0,1.0,1.0,1.0,4,3.0,5,51,20,47,81.2,310,382,21,4,36.4,4,11,7,18,12,6,40,1,0.0,0,7.0,3.0,1.0,1.0,11,6.97,6.99
PL-2025-26-14025164,Jornada 25,2026-02-07,Burnley,1,West Ham,0,2,0.0,0.0,18,5,5,8,0,3.0,4.0,2.0,5,0.0,7,57,24,54,85.1,400,470,15,10,20.0,7,35,2,16,9,7,23,2,0.0,0,2.0,0.0,1.0,3.0,11,2.0,0.0,6,4,2,0,0,1.0,2.0,2.0,2,1.0,11,53,16,46,81.4,345,424,18,11,25.0,2,8,17,14,10,4,34,0,0.0,1,5.0,2.0,1.0,1.0,10,6.59,7.3
PL-2025-26-14025167,Jornada 25,2026-02-07,Fulham,1,Everton,1,2,0.0,0.0,13,3,8,2,2,0.0,2.0,4.0,6,2.0,3,44,26,55,86.7,419,483,16,12,52.6,10,19,9,20,12,8,22,2,0.0,0,2.0,3.0,1.0,1.0,11,1.0,0.0,16,3,10,3,1,1.0,2.0,3.0,6,2.0,4,49,28,45,85.2,334,392,24,11,28.6,6,21,8,15,10,5,29,1,0.0,0,3.0,0.0,1.0,5.0,12,6.79,6.91
PL-2025-26-14025182,Jornada 25,2026-02-07,Wolves,1,Chelsea,1,3,1.0,0.0,11,3,4,4,1,0.0,2.0,1.0,3,2.0,13,38,24,34,84.1,307,365,15,10,30.0,6,20,8,12,8,4,21,3,0.0,0,3.0,0.0,,1.0,9,3.0,0.0,15,6,3,6,0,0.0,4.0,6.0,4,1.0,8,51,28,66,92.9,694,747,16,7,15.4,2,13,10,21,10,11,28,1,0.0,0,2.0,1.0,,1.0,10,6.58,7.15
PL-2025-26-14025179,Jornada 25,2026-02-07,Newcastle,1,Brentford,2,3,2.0,0.0,16,4,8,4,0,1.0,5.0,4.0,9,1.0,10,65,24,54,82.0,351,428,28,17,19.0,4,21,4,9,6,3,31,3,0.0,0,3.0,,0.0,2.0,14,3.0,0.0,11,5,2,4,0,2.0,3.0,4.0,3,2.0,6,64,21,46,75.5,286,379,20,13,15.4,2,13,3,15,10,5,22,2,0.0,0,1.0,,2.0,2.0,18,6.7,6.74
PL-2025-26-14025161,Jornada 25,2026-02-08,Brighton,1,Crystal Palace,0,1,0.0,0.0,7,2,2,3,0,1.0,1.0,1.0,3,3.0,5,61,13,64,85.5,476,557,32,9,13.3,2,15,3,17,7,10,34,1,0.0,0,3.0,,1.0,1.0,12,1.0,0.0,7,4,3,0,0,0.0,1.0,1.0,4,3.0,7,58,25,36,69.8,217,311,22,12,25.0,3,12,10,21,11,10,33,0,0.0,1,2.0,,0.0,3.0,9,6.69,7.03
PL-2025-26-14025173,Jornada 25,2026-02-08,Liverpool,1,Man City,1,2,0.0,1.0,15,4,8,3,0,2.0,3.0,1.0,5,6.0,8,55,32,47,78.5,306,390,30,16,28.6,6,21,7,17,9,8,20,2,0.0,0,5.0,0.0,0.0,2.0,13,2.0,0.0,17,7,6,4,0,1.0,6.0,3.0,4,2.0,3,50,25,53,84.5,393,465,20,12,27.3,3,11,10,15,8,7,31,1,0.0,0,3.0,1.0,4.0,4.0,16,6.67,6.91
PL-2025-26-14025188,Jornada 26,2026-02-10,Chelsea,1,Leeds,2,2,2.0,0.0,19,4,8,7,0,2.0,3.0,5.0,4,4.0,5,54,34,66,92.1,593,644,18,12,31.6,6,19,7,14,6,8,22,2,0.0,0,0.0,1.0,0.0,4.0,9,2.0,0.0,4,2,0,2,0,0.0,2.0,2.0,1,1.0,2,40,17,34,81.5,274,336,21,8,25.0,1,4,9,11,6,5,33,2,0.0,0,2.0,0.0,1.0,4.0,13,6.91,6.62
PL-2025-26-14025191,Jornada 26,2026-02-10,Everton,1,Bournemouth,1,2,1.0,0.0,16,6,5,5,1,1.0,1.0,3.0,7,1.0,5,67,37,53,80.6,357,443,22,14,45.8,11,24,8,11,6,5,20,2,0.0,0,2.0,1.0,0.0,1.0,14,2.0,0.0,11,4,2,5,0,1.0,5.0,2.0,2,0.0,3,48,14,47,76.9,310,403,16,14,16.7,2,12,8,21,9,12,35,1,0.0,0,5.0,0.0,1.0,3.0,15,6.65,7.04
PL-2025-26-14025200,Jornada 26,2026-02-10,Tottenham,1,Newcastle,1,2,1.0,0.0,16,2,6,8,0,1.0,5.0,2.0,2,0.0,9,56,29,53,83.8,341,407,23,11,53.8,7,13,7,16,11,5,42,2,0.0,0,3.0,1.0,1.0,3.0,15,2.0,0.0,21,5,7,9,0,1.0,3.0,3.0,12,2.0,3,53,53,47,81.7,277,339,24,15,23.5,8,34,3,23,15,8,26,1,0.0,0,1.0,2.0,1.0,2.0,11,7.02,7.01
PL-2025-26-14025203,Jornada 26,2026-02-10,West Ham,1,Man United,1,1,1.0,0.0,7,3,1,3,0,2.0,1.0,2.0,5,1.0,4,47,9,35,79.3,261,329,21,4,21.4,3,14,16,15,10,5,24,1,0.0,0,2.0,1.0,1.0,1.0,10,1.0,0.0,9,3,4,2,0,1.0,0.0,1.0,3,3.0,10,73,22,65,87.6,551,629,21,10,30.0,6,20,8,19,12,7,12,1,0.0,0,2.0,0.0,1.0,1.0,4,6.75,6.86
PL-2025-26-14025206,Jornada 26,2026-02-11,Aston Villa,1,Brighton,1,0,0.0,0.0,15,1,10,4,0,0.0,5.0,,7,0.0,2,50,31,50,81.8,342,418,25,15,35.7,5,14,7,11,5,6,22,0,0.0,1,3.0,3.0,1.0,2.0,9,0.0,0.0,9,3,5,1,1,2.0,0.0,,5,3.0,5,57,24,50,83.3,348,418,24,9,18.5,5,27,13,16,10,6,13,1,0.0,0,2.0,0.0,0.0,3.0,15,6.94,6.66
PL-2025-26-14025209,Jornada 26,2026-02-11,Crystal Palace,1,Burnley,2,3,2.0,0.0,21,3,7,11,0,0.0,6.0,3.0,8,1.0,2,67,39,65,80.8,462,572,21,8,44.0,11,25,8,14,8,6,25,3,0.0,0,1.0,2.0,,2.0,11,2.0,0.0,8,3,4,1,0,0.0,4.0,1.0,2,1.0,5,54,19,35,67.1,212,316,16,11,23.1,3,13,7,16,8,8,37,2,0.0,0,1.0,0.0,,1.0,8,6.71,6.8
PL-2025-26-14025212,Jornada 26,2026-02-11,Man City,1,Fulham,3,0,2.0,1.0,13,5,3,5,0,1.0,6.0,2.0,4,3.0,5,59,18,56,91.0,577,634,27,10,11.1,1,9,7,22,11,11,16,0,0.0,1,3.0,,1.0,3.0,8,0.0,0.0,14,3,8,3,0,0.0,2.0,1.0,4,1.0,3,33,21,44,85.0,418,492,22,8,28.6,4,14,8,23,14,9,11,3,0.0,0,2.0,,0.0,1.0,10,7.36,6.27
PL-2025-26-14025194,Jornada 26,2026-02-11,Nottm Forest,1,Wolves,0,0,0.0,0.0,35,10,16,9,0,3.0,16.0,4.0,8,2.0,6,55,40,63,88.8,426,480,27,13,26.3,10,38,6,18,10,8,26,0,0.0,1,3.0,0.0,0.0,0.0,12,0.0,0.0,7,3,4,0,0,1.0,2.0,0.0,2,0.0,5,50,13,37,75.3,216,287,24,12,9.1,1,11,6,20,14,6,39,0,0.0,1,10.0,3.0,2.0,2.0,13,7.38,7.14
PL-2025-26-14025197,Jornada 26,2026-02-11,Sunderland,1,Liverpool,0,1,0.0,0.0,11,2,5,4,0,1.0,2.0,1.0,3,2.0,8,44,27,43,83.6,311,372,18,10,16.0,4,25,8,14,7,7,39,1,0.0,0,2.0,2.0,3.0,1.0,8,1.0,0.0,23,3,7,13,1,1.0,6.0,4.0,11,1.0,10,64,42,57,86.2,432,501,24,8,11.5,3,26,4,15,9,6,37,0,0.0,1,2.0,2.0,2.0,0.0,10,6.77,7.27
PL-2025-26-14025185,Jornada 26,2026-02-12,Brentford,1,Arsenal,1,1,1.0,0.0,12,3,4,5,0,0.0,3.0,3.0,6,,6,39,23,41,74.8,235,314,23,11,33.3,5,15,12,11,6,5,28,1,0.0,0,1.0,0.0,,3.0,12,1.0,0.0,7,2,2,3,0,0.0,1.0,1.0,4,,3,46,32,59,85.0,384,452,29,12,34.8,8,23,4,22,12,10,37,1,0.0,0,2.0,1.0,,2.0,11,6.72,6.99
PL-2025-26-14025215,Jornada 27,2026-02-21,Aston Villa,1,Leeds,1,1,1.0,0.0,16,4,7,5,1,1.0,8.0,1.0,7,4.0,8,64,30,67,85.2,443,520,16,16,25.0,7,28,8,14,8,6,20,1,0.0,0,3.0,0.0,1.0,1.0,11,0.0,1.0,14,4,6,4,0,0.0,5.0,2.0,2,5.0,5,36,21,33,71.1,182,256,17,11,38.5,5,13,11,22,13,9,40,1,0.0,0,3.0,3.0,2.0,4.0,16,6.85,6.97
PL-2025-26-14024006,Jornada 27,2026-02-21,Brentford,1,Brighton,0,2,0.0,0.0,13,3,10,0,0,2.0,2.0,3.0,6,1.0,5,54,24,52,78.1,343,439,22,14,28.6,6,21,10,8,6,2,21,2,0.0,0,5.0,0.0,,1.0,9,2.0,0.0,11,7,3,1,1,2.0,3.0,2.0,4,1.0,3,63,19,48,76.7,319,416,18,9,15.4,2,13,9,16,8,8,26,0,0.0,1,4.0,2.0,,2.0,14,6.45,7.05
PL-2025-26-14024007,Jornada 27,2026-02-21,Chelsea,1,Burnley,1,1,1.0,0.0,12,2,5,5,0,1.0,4.0,3.0,9,2.0,8,72,25,67,88.1,533,605,23,11,11.1,2,18,9,13,8,5,13,1,0.0,0,3.0,0.0,,4.0,13,1.0,0.0,12,4,6,2,0,1.0,2.0,1.0,5,4.0,4,39,15,33,79.5,240,302,17,13,45.5,5,11,15,9,6,3,20,1,0.0,0,1.0,1.0,,2.0,11,7.12,6.68
PL-2025-26-14023969,Jornada 27,2026-02-21,West Ham,1,Bournemouth,0,0,0.0,0.0,20,3,10,7,0,0.0,4.0,3.0,9,2.0,5,51,35,42,72.5,242,334,15,11,36.4,8,22,8,21,13,8,30,0,0.0,1,5.0,1.0,2.0,1.0,10,0.0,0.0,10,5,1,4,1,4.0,2.0,0.0,5,3.0,7,58,17,58,79.3,384,484,17,10,6.7,1,15,8,17,12,5,25,0,0.0,1,3.0,1.0,1.0,1.0,11,7.27,6.89
PL-2025-26-14024010,Jornada 27,2026-02-21,Man City,1,Newcastle,2,1,2.0,0.0,15,7,6,2,0,0.0,5.0,5.0,5,1.0,14,39,31,55,84.2,393,467,19,13,54.5,6,11,5,21,13,8,23,1,0.0,0,6.0,1.0,1.0,2.0,12,0.0,1.0,13,7,3,3,0,1.0,3.0,0.0,5,5.0,3,45,20,45,81.3,305,375,27,12,30.8,4,13,8,18,10,8,18,2,0.0,0,5.0,0.0,1.0,5.0,13,7.26,6.77
PL-2025-26-14024008,Jornada 27,2026-02-22,Crystal Palace,1,Wolves,1,0,1.0,0.0,14,3,7,4,1,1.0,4.0,3.0,7,0.0,2,61,23,61,80.0,340,425,18,13,20.8,5,24,7,15,12,3,31,0,0.0,1,7.0,0.0,2.0,5.0,19,0.0,0.0,12,7,2,3,0,2.0,3.0,2.0,3,1.0,10,56,16,39,75.8,210,277,12,18,46.7,7,15,13,17,9,8,48,1,0.0,0,2.0,2.0,2.0,3.0,13,6.92,6.77
PL-2025-26-14024013,Jornada 27,2026-02-22,Nottm Forest,1,Liverpool,0,1,0.0,0.0,18,2,8,8,0,0.0,11.0,1.0,7,1.0,6,42,23,47,82.7,348,421,24,9,23.3,7,30,10,18,14,4,35,1,0.0,0,3.0,,1.0,2.0,13,1.0,0.0,10,4,2,4,0,0.0,2.0,4.0,2,1.0,8,59,18,53,84.3,412,489,28,13,30.8,4,13,9,14,7,7,27,0,0.0,1,2.0,,1.0,0.0,9,6.91,6.86
PL-2025-26-14024011,Jornada 27,2026-02-22,Sunderland,1,Fulham,1,3,1.0,0.0,12,2,5,5,0,1.0,3.0,3.0,6,1.0,4,64,34,53,82.3,334,406,24,12,7.1,1,14,5,12,5,7,25,3,0.0,0,1.0,,,1.0,6,3.0,0.0,12,4,5,3,0,1.0,2.0,3.0,4,1.0,3,44,19,47,80.8,287,355,19,5,17.6,3,17,9,22,10,12,37,1,0.0,0,1.0,,,1.0,13,6.49,7.05
PL-2025-26-14024012,Jornada 27,2026-02-22,Tottenham,1,Arsenal,1,4,1.0,0.0,6,5,0,1,0,2.0,1.0,0.0,2,,2,29,7,40,72.5,232,320,10,11,18.2,2,11,15,24,13,11,42,4,0.0,0,2.0,0.0,0.0,2.0,17,3.0,1.0,20,7,6,7,0,0.0,6.0,6.0,5,,4,80,45,60,78.8,378,480,17,17,20.0,3,15,8,31,21,10,15,1,0.0,0,4.0,3.0,1.0,1.0,11,6.49,7.16
PL-2025-26-15238290,Jornada 27,2026-02-23,Everton,1,Man United,0,1,0.0,0.0,12,4,2,6,0,3.0,4.0,0.0,10,1.0,10,57,16,48,76.5,316,413,21,7,14.3,5,35,14,18,8,10,13,1,0.0,0,1.0,0.0,0.0,2.0,12,1.0,0.0,11,3,6,2,0,0.0,5.0,2.0,1,0.0,5,52,16,52,80.3,388,483,23,12,16.7,1,6,8,12,8,4,38,0,0.0,1,4.0,2.0,4.0,3.0,7,6.94,7.01
PL-2025-26-14023979,Jornada 28,2026-02-27,Wolves,1,Aston Villa,2,0,2.0,0.0,9,2,4,3,0,0.0,3.0,2.0,0,1.0,9,39,12,39,78.0,256,328,14,19,18.2,2,11,10,16,12,4,25,0,0.0,1,4.0,1.0,,3.0,13,0.0,0.0,14,5,3,6,0,2.0,2.0,2.0,5,0.0,5,54,24,61,87.5,439,502,24,13,26.9,7,26,11,11,5,6,15,2,0.0,0,0.0,0.0,,3.0,19,7.2,6.48
PL-2025-26-14023970,Jornada 28,2026-02-28,Bournemouth,1,Sunderland,1,1,1.0,0.0,21,5,9,7,0,1.0,10.0,2.0,7,1.0,12,79,28,62,77.2,358,464,28,12,15.4,4,26,14,16,10,6,27,1,0.0,0,3.0,0.0,1.0,4.0,15,1.0,0.0,8,4,2,2,0,1.0,1.0,1.0,3,2.0,4,58,14,38,67.2,193,287,18,15,8.3,1,12,6,26,16,10,46,1,0.0,0,4.0,3.0,2.0,2.0,12,6.76,6.68
PL-2025-26-14023975,Jornada 28,2026-02-28,Burnley,1,Brentford,3,4,2.0,0.0,12,3,7,2,0,0.0,3.0,1.0,4,2.0,16,47,13,41,78.5,256,326,20,9,29.4,5,17,4,13,8,5,39,4,0.0,0,2.0,1.0,2.0,2.0,9,4.0,0.0,16,7,4,5,0,1.0,2.0,5.0,8,0.0,15,48,44,59,81.2,376,463,28,9,22.7,5,22,8,14,11,3,28,3,0.0,0,1.0,0.0,0.0,2.0,9,6.7,6.88
PL-2025-26-14023976,Jornada 28,2026-02-28,Liverpool,1,West Ham,5,2,4.0,0.0,18,7,4,7,0,1.0,4.0,2.0,10,1.0,4,52,34,49,81.0,328,405,17,11,10.0,2,20,6,21,10,11,22,2,0.0,0,3.0,1.0,0.0,2.0,12,2.0,0.0,11,4,4,3,0,1.0,2.0,2.0,5,1.0,6,51,31,51,78.7,332,422,25,12,19.0,4,21,13,13,8,5,19,5,0.0,0,2.0,1.0,1.0,2.0,11,7.15,6.42
PL-2025-26-14023977,Jornada 28,2026-02-28,Newcastle,1,Everton,2,3,1.0,1.0,17,7,6,4,1,2.0,7.0,1.0,7,0.0,12,67,32,66,86.9,510,587,10,7,13.3,4,30,5,13,5,8,11,3,0.0,0,2.0,,1.0,2.0,15,3.0,0.0,9,5,3,1,1,2.0,3.0,3.0,2,4.0,12,47,11,34,74.3,231,311,18,15,50.0,2,4,9,27,14,13,41,2,0.0,0,4.0,,0.0,3.0,7,6.37,6.98
PL-2025-26-14023974,Jornada 28,2026-02-28,Leeds,1,Man City,0,1,0.0,0.0,14,2,7,5,0,1.0,6.0,3.0,5,1.0,1,40,25,33,73.6,229,311,18,8,27.3,6,22,9,14,5,9,26,1,0.0,0,4.0,0.0,0.0,0.0,10,1.0,0.0,14,5,5,4,0,0.0,3.0,4.0,3,4.0,16,70,25,67,89.6,587,655,23,10,23.8,5,21,0,17,8,9,39,0,0.0,1,2.0,1.0,1.0,3.0,8,6.77,7.45
PL-2025-26-14023972,Jornada 28,2026-03-01,Brighton,1,Nottm Forest,2,1,2.0,0.0,14,7,5,2,0,3.0,4.0,2.0,4,0.0,2,55,28,54,86.8,453,522,25,13,54.5,6,11,6,17,11,6,20,1,0.0,0,3.0,,,3.0,12,0.0,1.0,13,4,3,6,0,1.0,4.0,1.0,4,4.0,11,40,17,46,85.6,380,444,29,12,23.5,4,17,8,9,5,4,15,2,0.0,0,5.0,,,1.0,13,7.1,6.63
PL-2025-26-14023973,Jornada 28,2026-03-01,Fulham,1,Tottenham,2,1,1.0,1.0,18,4,10,4,0,0.0,2.0,3.0,5,1.0,8,51,34,54,80.0,384,480,23,14,38.5,5,13,10,12,8,4,34,1,0.0,0,0.0,0.0,3.0,3.0,11,1.0,0.0,13,1,5,7,0,0.0,3.0,1.0,8,1.0,6,51,30,46,74.2,293,395,21,11,28.6,6,21,10,16,11,5,18,2,0.0,0,2.0,1.0,0.0,3.0,14,7.05,6.39
PL-2025-26-14023978,Jornada 28,2026-03-01,Man United,1,Crystal Palace,2,1,2.0,0.0,20,11,4,5,0,6.0,3.0,3.0,7,1.0,7,58,32,61,86.1,527,612,22,11,44.0,11,25,4,14,6,8,16,1,0.0,0,2.0,1.0,0.0,2.0,13,1.0,0.0,8,3,3,2,0,1.0,2.0,0.0,1,2.0,3,49,13,39,77.2,308,399,17,13,16.7,1,6,6,16,5,11,29,2,0.0,0,9.0,2.0,1.0,2.0,12,7.05,6.57
PL-2025-26-14023971,Jornada 28,2026-03-01,Arsenal,1,Chelsea,2,1,2.0,0.0,12,5,3,4,0,1.0,4.0,2.0,5,0.0,7,57,30,41,82.0,277,338,21,14,18.2,2,11,5,17,9,8,21,1,0.0,0,4.0,1.0,,1.0,11,0.0,0.0,9,3,5,1,1,1.0,3.0,3.0,10,1.0,3,29,13,59,88.2,425,482,19,11,22.2,4,18,13,20,8,12,22,2,0.0,0,3.0,0.0,,5.0,14,7.05,6.75
PL-2025-26-14023980,Jornada 29,2026-03-03,Bournemouth,1,Brentford,0,0,0.0,0.0,13,2,8,3,2,1.0,3.0,4.0,4,2.0,8,56,27,48,77.5,320,413,20,10,18.8,3,16,12,13,9,4,43,0,0.0,1,2.0,1.0,1.0,2.0,9,0.0,0.0,5,2,1,2,0,0.0,2.0,2.0,3,0.0,5,54,15,52,76.7,348,454,34,9,13.3,2,15,6,14,3,11,30,0,0.0,1,2.0,1.0,1.0,1.0,10,7.19,6.88
PL-2025-26-14023941,Jornada 29,2026-03-03,Everton,1,Burnley,2,0,2.0,0.0,14,5,5,4,1,1.0,4.0,2.0,6,1.0,9,67,24,55,87.6,509,581,26,12,15.0,3,20,10,18,12,6,25,0,0.0,1,2.0,0.0,,0.0,10,0.0,0.0,5,2,2,1,0,1.0,1.0,1.0,3,2.0,1,55,11,45,85.5,407,476,23,10,14.3,1,7,14,17,10,7,29,2,0.0,0,3.0,1.0,,1.0,12,7.35,6.59
PL-2025-26-14023982,Jornada 29,2026-03-03,Leeds,1,Sunderland,0,1,0.0,0.0,18,4,5,9,1,2.0,4.0,0.0,9,2.0,3,65,25,70,82.7,455,550,30,19,13.8,4,29,6,16,6,10,20,1,0.0,0,0.0,1.0,0.0,1.0,15,1.0,0.0,3,1,1,2,0,0.0,0.0,1.0,2,5.0,2,41,8,30,61.4,143,233,17,14,12.5,1,8,7,16,11,5,50,0,0.0,1,4.0,0.0,2.0,3.0,19,6.7,6.87
PL-2025-26-14023985,Jornada 29,2026-03-03,Wolves,1,Liverpool,2,1,1.0,1.0,4,3,1,0,0,0.0,1.0,1.0,2,1.0,7,32,11,34,79.0,249,315,6,13,22.2,2,9,9,25,16,9,35,1,0.0,0,5.0,1.0,4.0,2.0,10,1.0,0.0,20,7,10,3,2,2.0,4.0,5.0,11,1.0,6,68,47,66,88.7,540,609,21,10,18.5,5,27,8,16,9,7,11,2,0.0,0,1.0,1.0,0.0,1.0,13,7.0,6.67
PL-2025-26-14023986,Jornada 29,2026-03-04,Aston Villa,1,Chelsea,1,4,1.0,0.0,9,4,4,1,1,0.0,3.0,3.0,3,2.0,2,43,17,43,86.1,371,431,18,9,9.1,1,11,7,11,8,3,14,4,0.0,0,4.0,2.0,,3.0,10,4.0,0.0,15,8,3,4,0,1.0,0.0,5.0,8,2.0,6,37,34,57,91.2,515,565,13,10,15.8,3,19,9,15,6,9,15,1,0.0,0,3.0,3.0,,2.0,9,6.47,7.41
PL-2025-26-14023933,Jornada 29,2026-03-04,Brighton,1,Arsenal,0,1,0.0,0.0,11,3,3,5,0,1.0,4.0,2.0,4,3.0,5,62,29,60,81.9,385,470,23,12,16.7,5,30,11,23,15,8,28,1,0.0,0,1.0,0.0,1.0,4.0,14,1.0,0.0,7,2,4,1,0,0.0,1.0,0.0,3,0.0,5,60,18,40,70.2,226,322,25,14,14.3,1,7,8,16,6,10,50,0,0.0,1,2.0,2.0,1.0,1.0,12,6.69,7.13
PL-2025-26-14023947,Jornada 29,2026-03-04,Fulham,1,West Ham,0,1,0.0,0.0,13,5,4,4,0,1.0,2.0,0.0,6,0.0,6,64,29,60,83.5,470,563,28,12,36.0,9,25,3,9,4,5,21,1,0.0,0,3.0,1.0,,2.0,14,1.0,0.0,9,3,4,2,0,0.0,3.0,3.0,5,7.0,8,42,13,40,79.7,302,379,13,14,13.3,2,15,14,7,4,3,31,0,0.0,1,5.0,1.0,,4.0,12,6.84,6.98
PL-2025-26-14023984,Jornada 29,2026-03-04,Man City,1,Nottm Forest,2,2,2.0,0.0,21,7,8,6,1,1.0,4.0,5.0,6,1.0,14,83,46,70,92.2,714,774,24,6,16.7,4,24,6,10,6,4,6,2,0.0,0,2.0,0.0,,0.0,10,1.0,1.0,9,4,2,3,0,0.0,2.0,2.0,1,3.0,6,26,13,30,81.8,269,329,18,10,18.2,2,11,6,20,14,6,27,2,0.0,0,3.0,2.0,,4.0,6,7.14,6.85
PL-2025-26-14023983,Jornada 29,2026-03-04,Newcastle,1,Man United,2,1,2.0,0.0,12,5,6,1,1,1.0,3.0,3.0,2,,4,48,23,45,76.4,291,381,32,15,33.3,5,15,9,18,14,4,30,1,0.0,0,4.0,0.0,,4.0,15,1.0,0.0,14,5,4,5,0,2.0,4.0,4.0,4,,7,49,33,55,81.9,384,469,18,15,14.3,2,14,9,12,9,3,18,2,0.0,0,3.0,2.0,,3.0,16,6.92,6.63
PL-2025-26-14023981,Jornada 29,2026-03-05,Tottenham,1,Crystal Palace,1,3,1.0,0.0,12,4,3,5,0,0.0,2.0,1.0,6,1.0,7,43,23,40,77.8,242,311,19,14,41.7,5,12,10,17,10,7,28,3,0.0,0,1.0,0.0,1.0,3.0,14,3.0,0.0,9,4,2,3,0,0.0,1.0,3.0,3,1.0,3,51,21,60,86.8,402,463,22,13,10.0,2,20,6,24,13,11,30,1,0.0,0,3.0,1.0,1.0,2.0,14,6.45,7.09
PL-2025-26-14023988,Jornada 30,2026-03-14,Burnley,1,Bournemouth,0,0,0.0,0.0,15,2,5,8,1,0.0,2.0,3.0,5,1.0,7,56,25,38,70.3,199,283,23,5,30.0,6,20,3,13,8,5,38,0,0.0,1,2.0,0.0,,1.0,11,0.0,0.0,22,3,10,9,1,1.0,7.0,3.0,8,1.0,10,56,32,62,80.0,377,471,15,11,26.9,7,26,11,20,16,4,42,0,0.0,1,2.0,1.0,,0.0,5,7.02,7.2
PL-2025-26-14023996,Jornada 30,2026-03-14,Sunderland,1,Brighton,0,1,0.0,0.0,14,4,5,5,0,1.0,5.0,0.0,7,3.0,9,66,28,48,78.7,332,422,22,12,5.0,1,20,5,7,4,3,22,1,0.0,0,3.0,,1.0,1.0,7,1.0,0.0,12,4,3,5,0,1.0,2.0,1.0,3,1.0,7,54,31,52,78.8,371,471,15,7,38.5,5,13,12,26,17,9,43,0,0.0,1,3.0,,0.0,2.0,12,6.67,7.2
PL-2025-26-14023987,Jornada 30,2026-03-14,Arsenal,1,Everton,2,0,2.0,0.0,25,7,9,9,0,2.0,11.0,2.0,8,2.0,7,61,40,65,86.6,503,581,14,12,19.0,4,21,4,16,12,4,29,0,0.0,1,3.0,,2.0,,11,0.0,0.0,9,3,2,4,1,2.0,2.0,2.0,3,1.0,5,48,15,35,74.1,238,321,14,11,22.2,2,9,16,15,8,7,33,2,0.0,0,4.0,,0.0,,12,7.11,6.56
PL-2025-26-14023990,Jornada 30,2026-03-14,Chelsea,1,Newcastle,0,1,0.0,0.0,22,3,10,9,1,2.0,10.0,2.0,8,,5,55,33,67,91.9,620,675,17,10,25.0,7,28,9,11,6,5,22,1,0.0,0,4.0,1.0,0.0,2.0,9,1.0,0.0,7,5,1,1,1,3.0,1.0,1.0,1,,6,54,12,33,78.2,259,331,17,9,16.7,2,12,7,16,9,7,29,0,0.0,1,3.0,4.0,1.0,2.0,10,6.88,7.07
PL-2025-26-14023993,Jornada 30,2026-03-14,West Ham,1,Man City,1,1,1.0,0.0,1,1,0,0,0,0.0,0.0,1.0,1,3.0,5,32,6,29,73.7,224,304,13,5,16.7,1,6,12,25,15,10,34,1,0.0,0,5.0,2.0,,2.0,14,1.0,0.0,24,6,11,7,1,0.0,4.0,1.0,15,2.0,12,86,40,71,90.6,684,755,21,14,30.3,10,33,13,8,7,1,16,1,0.0,0,0.0,0.0,,2.0,5,6.98,6.78
PL-2025-26-14023991,Jornada 30,2026-03-15,Crystal Palace,1,Leeds,0,0,0.0,0.0,12,0,5,7,0,0.0,5.0,0.0,8,5.0,5,68,26,67,78.6,364,463,27,11,19.0,4,21,3,9,8,1,51,0,0.0,1,3.0,1.0,1.0,2.0,12,0.0,0.0,10,3,4,3,0,1.0,2.0,1.0,3,2.0,4,50,20,33,62.3,142,228,18,11,28.6,4,14,6,15,8,7,55,0,0.0,1,0.0,1.0,0.0,3.0,11,7.01,6.63
PL-2025-26-14023994,Jornada 30,2026-03-15,Man United,1,Aston Villa,3,1,3.0,0.0,16,6,6,4,0,0.0,5.0,3.0,6,1.0,4,56,20,52,85.6,410,479,22,5,9.5,2,21,12,19,9,10,22,1,0.0,0,1.0,,,3.0,10,1.0,0.0,9,2,5,2,0,0.0,3.0,3.0,6,1.0,5,51,31,48,85.1,376,442,15,10,35.3,6,17,8,16,10,6,31,3,0.0,0,3.0,,,2.0,5,7.15,6.5
PL-2025-26-14023995,Jornada 30,2026-03-15,Nottm Forest,1,Fulham,0,0,0.0,0.0,11,2,4,5,1,2.0,4.0,1.0,5,3.0,10,53,18,46,80.0,321,401,28,11,21.4,3,14,7,8,7,1,22,0,0.0,1,1.0,,,2.0,8,0.0,0.0,6,1,3,2,0,0.0,1.0,1.0,4,1.0,8,60,15,54,79.7,378,474,26,8,16.7,3,18,10,16,10,6,22,0,0.0,1,2.0,,,3.0,11,6.86,6.87
PL-2025-26-14023992,Jornada 30,2026-03-15,Liverpool,1,Tottenham,1,1,0.0,1.0,17,4,7,6,1,1.0,5.0,1.0,3,0.0,12,64,45,63,84.1,465,553,21,13,15.0,3,20,11,12,8,4,17,1,0.0,0,6.0,,1.0,,8,1.0,0.0,13,7,3,3,0,3.0,3.0,2.0,4,1.0,12,46,18,37,72.8,233,320,26,8,33.3,4,12,12,20,11,9,36,1,0.0,0,3.0,,0.0,,13,7.03,6.83
PL-2025-26-15408501,Jornada 30,2026-03-16,Brentford,1,Wolves,2,2,2.0,0.0,10,3,7,0,1,1.0,0.0,5.0,1,0.0,3,49,23,50,76.7,336,438,24,10,50.0,7,14,11,15,10,5,25,2,0.0,0,2.0,1.0,0.0,2.0,12,1.0,1.0,13,4,6,3,2,0.0,3.0,3.0,5,2.0,6,51,28,50,80.8,346,428,30,12,25.9,7,27,8,8,7,1,27,2,0.0,0,1.0,1.0,2.0,4.0,10,7.03,6.57
PL-2025-26-14025018,Jornada 31,2026-02-18,Wolves,1,Arsenal,2,2,1.0,1.0,5,2,3,0,0,0.0,2.0,1.0,1,1.0,2,45,10,43,74.5,269,361,24,8,21.4,3,14,8,26,14,12,18,2,0.0,0,2.0,2.0,1.0,2.0,6,2.0,0.0,10,4,4,2,0,0.0,1.0,3.0,3,3.0,14,81,31,57,81.3,395,486,12,6,28.6,6,21,13,20,12,8,25,2,0.0,0,0.0,0.0,0.0,1.0,8,6.53,6.78
PL-2025-26-14023997,Jornada 31,2026-03-20,Bournemouth,1,Man United,2,2,2.0,0.0,16,5,7,4,1,3.0,7.0,2.0,6,2.0,7,72,23,55,84.9,426,502,19,8,9.1,2,22,9,13,8,5,24,2,0.0,0,4.0,1.0,0.0,2.0,10,1.0,0.0,14,5,2,7,0,1.0,5.0,2.0,8,0.0,3,44,27,45,77.1,320,415,20,9,20.0,3,15,12,16,10,6,30,2,0.0,0,3.0,3.0,1.0,2.0,9,6.87,6.6
PL-2025-26-14024015,Jornada 31,2026-03-21,Brighton,1,Liverpool,2,1,2.0,0.0,16,7,7,2,0,2.0,3.0,5.0,4,2.0,6,58,32,47,78.2,297,380,23,11,37.5,6,16,7,11,6,5,25,1,0.0,0,4.0,1.0,1.0,5.0,11,1.0,0.0,12,5,4,3,0,0.0,2.0,1.0,8,1.0,10,46,29,53,80.3,346,431,24,11,27.8,5,18,12,12,6,6,30,2,0.0,0,4.0,0.0,0.0,5.0,11,7.01,6.69
PL-2025-26-14024016,Jornada 31,2026-03-21,Fulham,1,Burnley,3,1,3.0,0.0,22,6,10,6,0,1.0,4.0,4.0,6,1.0,3,68,42,56,85.3,442,518,30,8,22.7,5,22,6,18,13,5,25,1,0.0,0,4.0,0.0,,2.0,6,1.0,0.0,9,5,1,3,0,2.0,1.0,4.0,6,0.0,3,57,16,44,83.1,343,413,36,6,22.2,4,18,7,13,6,7,24,3,0.0,0,3.0,4.0,,2.0,9,7.28,6.67
PL-2025-26-14024017,Jornada 31,2026-03-21,Everton,1,Chelsea,3,0,3.0,0.0,10,9,0,1,0,1.0,0.0,2.0,3,,8,43,25,36,81.1,318,392,20,7,33.3,6,18,7,22,11,11,29,0,0.0,1,4.0,,1.0,0.0,6,0.0,0.0,12,4,4,4,1,0.0,3.0,2.0,9,,9,65,32,64,89.4,617,690,15,6,4.2,1,24,7,15,7,8,22,3,0.0,0,5.0,,1.0,2.0,7,7.62,6.44
PL-2025-26-14024018,Jornada 31,2026-03-21,Leeds,1,Brentford,0,0,0.0,0.0,14,4,3,7,0,2.0,5.0,,6,1.0,5,55,33,57,80.0,369,461,26,9,15.6,5,32,8,15,6,9,38,0,0.0,1,2.0,,0.0,2.0,6,0.0,0.0,6,2,3,1,0,0.0,2.0,,2,3.0,7,56,19,43,65.4,234,358,16,6,38.5,5,13,7,11,8,3,47,0,0.0,1,4.0,,2.0,0.0,9,7.05,6.91
PL-2025-26-14024021,Jornada 31,2026-03-22,Newcastle,1,Sunderland,1,2,1.0,0.0,16,4,8,4,1,2.0,6.0,1.0,9,1.0,4,49,22,60,81.4,328,403,19,19,30.4,7,23,6,13,9,4,38,2,0.0,0,4.0,1.0,1.0,1.0,8,2.0,0.0,17,7,5,5,0,1.0,5.0,3.0,5,0.0,5,43,30,40,71.4,187,262,13,8,26.1,6,23,4,17,14,3,32,1,0.0,0,3.0,0.0,0.0,6.0,19,7.05,6.71
PL-2025-26-14024014,Jornada 31,2026-03-22,Aston Villa,1,West Ham,2,0,1.0,1.0,23,7,9,7,0,2.0,7.0,3.0,6,0.0,6,64,35,59,89.2,452,507,22,7,29.4,5,17,4,18,13,5,17,0,0.0,1,1.0,1.0,0.0,0.0,3,0.0,0.0,9,1,3,5,0,0.0,1.0,1.0,6,4.0,9,35,19,41,82.7,283,342,23,3,31.6,6,19,10,13,8,5,21,2,0.0,0,4.0,1.0,1.0,1.0,7,7.46,6.71
PL-2025-26-14024020,Jornada 31,2026-03-22,Tottenham,1,Nottm Forest,0,3,0.0,0.0,14,3,5,6,1,2.0,5.0,3.0,13,2.0,13,61,27,59,79.5,365,459,14,13,19.4,6,31,7,19,11,8,14,3,0.0,0,4.0,,0.0,1.0,13,3.0,0.0,8,7,0,1,0,1.0,1.0,3.0,3,0.0,6,48,16,41,75.0,252,336,21,13,27.3,3,11,9,21,14,7,40,0,0.0,1,3.0,,1.0,2.0,13,6.68,7.33
PL-2025-26-15999228,Jornada 31,2026-05-13,Man City,1,Crystal Palace,3,0,3.0,0.0,15,4,8,3,0,0.0,5.0,3.0,9,0.0,11,73,40,73,89.1,662,743,21,7,22.2,4,18,7,11,5,6,6,0,0.0,1,2.0,2.0,,0.0,10,0.0,0.0,6,2,2,2,0,0.0,0.0,0.0,4,4.0,0,24,9,27,76.9,216,281,18,10,28.6,2,7,5,28,14,14,40,3,0.0,0,1.0,0.0,,2.0,7,7.33,6.48
PL-2025-26-14025029,Jornada 32,2026-04-10,West Ham,1,Wolves,4,0,4.0,0.0,18,7,7,4,1,1.0,3.0,6.0,5,0.0,5,53,24,44,81.1,288,355,28,7,23.5,4,17,5,23,9,14,21,0,0.0,1,4.0,0.0,0.0,2.0,11,0.0,0.0,14,3,8,3,1,2.0,3.0,0.0,2,1.0,10,40,22,56,86.2,393,456,8,11,17.6,3,17,8,17,10,7,19,4,0.0,0,3.0,2.0,1.0,2.0,7,7.57,6.34
PL-2025-26-14025021,Jornada 32,2026-04-11,Arsenal,1,Bournemouth,1,2,1.0,0.0,15,3,4,8,0,1.0,4.0,5.0,10,2.0,9,47,33,52,80.7,314,389,21,17,22.7,5,22,7,17,11,6,23,2,0.0,0,1.0,2.0,0.0,1.0,12,2.0,0.0,8,3,3,2,0,0.0,3.0,2.0,1,0.0,8,50,18,48,79.6,292,367,13,12,12.5,1,8,9,20,11,9,28,1,0.0,0,2.0,1.0,3.0,3.0,18,6.66,6.79
PL-2025-26-14025022,Jornada 32,2026-04-11,Brentford,1,Everton,2,2,2.0,0.0,17,4,7,6,2,0.0,5.0,4.0,2,0.0,8,70,35,55,83.2,380,457,38,6,40.9,9,22,8,15,8,7,30,2,0.0,0,4.0,1.0,2.0,0.0,6,2.0,0.0,14,7,3,4,0,0.0,5.0,2.0,3,1.0,2,54,22,45,80.9,304,376,14,6,10.0,2,20,7,16,9,7,44,2,0.0,0,2.0,1.0,0.0,2.0,7,7.03,6.62
PL-2025-26-14024002,Jornada 32,2026-04-11,Burnley,1,Brighton,0,2,0.0,0.0,10,5,3,2,0,0.0,2.0,1.0,8,2.0,12,51,15,50,81.5,387,475,28,11,27.3,6,22,10,11,6,5,25,2,0.0,0,3.0,0.0,,2.0,7,1.0,1.0,13,6,3,4,0,0.0,3.0,1.0,2,1.0,7,55,39,50,83.2,397,477,19,7,50.0,8,16,18,29,19,10,26,0,0.0,1,4.0,1.0,,1.0,11,6.84,7.45
PL-2025-26-14024000,Jornada 32,2026-04-11,Liverpool,1,Fulham,2,0,2.0,0.0,18,5,7,6,0,1.0,3.0,4.0,6,4.0,5,45,47,53,87.6,447,510,29,4,11.8,2,17,7,17,11,6,26,0,0.0,1,4.0,1.0,1.0,,10,0.0,0.0,19,4,7,8,0,1.0,5.0,2.0,9,2.0,6,44,42,47,85.3,371,435,24,10,36.7,11,30,15,20,11,9,28,2,0.0,0,3.0,1.0,0.0,,4,7.44,6.9
PL-2025-26-14023999,Jornada 32,2026-04-12,Crystal Palace,1,Newcastle,2,1,2.0,0.0,11,5,3,3,1,1.0,1.0,4.0,2,1.0,1,60,21,41,79.7,303,380,23,11,35.7,5,14,12,21,13,8,41,1,0.0,0,2.0,0.0,1.0,0.0,17,1.0,0.0,7,3,1,3,0,0.0,1.0,2.0,4,0.0,8,64,14,59,80.6,437,542,20,17,5.0,1,20,12,6,4,2,16,2,0.0,0,3.0,1.0,0.0,3.0,12,6.87,6.63
PL-2025-26-14025025,Jornada 32,2026-04-12,Nottm Forest,1,Aston Villa,1,1,0.0,1.0,15,4,6,5,0,2.0,3.0,1.0,7,1.0,5,41,35,41,82.7,278,336,19,10,27.3,6,22,9,15,12,3,21,1,0.0,0,5.0,0.0,,2.0,15,0.0,0.0,12,5,7,1,1,2.0,2.0,3.0,3,2.0,10,50,22,59,88.2,442,501,21,15,21.4,3,14,8,15,6,9,12,1,0.0,0,4.0,1.0,,2.0,10,6.93,6.65
PL-2025-26-14025026,Jornada 32,2026-04-12,Sunderland,1,Tottenham,1,0,0.0,1.0,13,2,8,3,0,0.0,4.0,3.0,2,,8,63,20,52,78.9,318,403,19,15,33.3,6,18,9,22,13,9,22,0,0.0,1,7.0,,0.0,3.0,14,0.0,0.0,11,7,3,1,0,0.0,0.0,1.0,6,,5,39,25,48,82.5,301,365,22,14,33.3,8,24,8,10,5,5,28,1,0.0,0,1.0,,1.0,3.0,15,7.33,6.55
PL-2025-26-14023998,Jornada 32,2026-04-12,Chelsea,1,Man City,0,3,0.0,0.0,12,3,4,5,0,1.0,4.0,1.0,4,6.0,7,42,15,37,84.0,342,407,12,15,44.4,4,9,5,21,10,11,21,3,0.0,0,5.0,0.0,0.0,3.0,10,3.0,0.0,18,8,4,6,0,1.0,3.0,3.0,12,0.0,11,70,47,63,91.5,627,685,20,10,27.3,6,22,8,20,8,12,10,0,0.0,1,3.0,1.0,1.0,1.0,15,6.55,7.48
PL-2025-26-14025024,Jornada 32,2026-04-13,Man United,1,Leeds,1,2,1.0,0.0,20,9,5,6,0,1.0,4.0,1.0,11,1.0,7,53,36,53,84.5,420,497,29,15,24.0,6,25,15,18,13,5,25,2,0.0,0,3.0,0.0,0.0,3.0,12,1.0,1.0,15,6,4,5,0,0.0,3.0,4.0,4,0.0,9,59,32,47,83.0,376,453,31,12,47.1,8,17,7,12,8,4,37,1,0.0,0,6.0,1.0,2.0,2.0,15,7.11,7.35
PL-2025-26-14025031,Jornada 33,2026-04-18,Brentford,1,Fulham,0,0,0.0,0.0,13,4,6,3,0,1.0,0.0,4.0,9,1.0,7,58,22,48,79.3,310,391,16,13,36.4,8,22,3,12,7,5,15,0,0.0,1,0.0,2.0,0.0,0.0,8,0.0,0.0,11,0,5,6,0,0.0,3.0,1.0,3,1.0,5,41,20,52,81.6,355,435,16,8,15.4,2,13,5,13,10,3,22,0,0.0,1,4.0,1.0,2.0,1.0,13,6.95,6.83
PL-2025-26-14025036,Jornada 33,2026-04-18,Leeds,1,Wolves,3,0,3.0,0.0,17,6,7,4,0,0.0,2.0,7.0,5,0.0,5,51,29,56,81.3,378,465,24,16,23.5,4,17,15,12,6,6,22,0,0.0,1,1.0,1.0,0.0,2.0,9,0.0,0.0,7,2,2,3,0,0.0,0.0,2.0,6,1.0,5,48,19,44,73.9,264,357,29,9,22.2,4,18,4,23,13,10,35,3,0.0,0,3.0,1.0,1.0,1.0,17,7.33,6.62
PL-2025-26-14025040,Jornada 33,2026-04-18,Newcastle,1,Bournemouth,1,2,1.0,0.0,12,3,4,5,0,0.0,1.0,2.0,2,1.0,7,66,41,54,79.4,346,436,22,12,26.3,5,19,2,15,8,7,25,2,0.0,0,1.0,0.0,1.0,2.0,11,2.0,0.0,12,3,6,3,0,0.0,4.0,4.0,3,1.0,7,56,23,46,74.6,288,386,17,11,33.3,4,12,6,25,14,11,27,1,0.0,0,2.0,1.0,0.0,4.0,12,6.75,7.09
PL-2025-26-14025042,Jornada 33,2026-04-18,Tottenham,1,Brighton,2,2,1.0,1.0,13,6,4,3,1,0.0,2.0,3.0,7,2.0,13,34,32,42,80.2,263,328,12,14,21.4,3,14,11,14,10,4,32,2,0.0,0,1.0,,1.0,3.0,14,2.0,0.0,10,3,4,3,1,0.0,2.0,2.0,5,0.0,5,59,30,58,83.7,364,435,14,14,28.6,8,28,8,14,7,7,28,2,0.0,0,4.0,,1.0,1.0,14,6.84,6.55
PL-2025-26-14025032,Jornada 33,2026-04-18,Chelsea,1,Man United,0,1,0.0,0.0,21,3,5,13,3,1.0,9.0,0.0,7,2.0,5,75,40,59,89.4,541,605,30,13,28.6,8,28,10,10,6,4,14,1,0.0,0,1.0,,,1.0,12,1.0,0.0,4,1,1,2,0,0.0,3.0,1.0,1,0.0,2,36,10,41,84.0,362,431,15,12,9.1,1,11,6,16,11,5,29,0,0.0,1,3.0,,,3.0,13,6.85,7.11
PL-2025-26-14025030,Jornada 33,2026-04-19,Aston Villa,1,Sunderland,4,3,4.0,0.0,15,7,5,3,1,1.0,4.0,7.0,4,0.0,6,41,26,50,84.6,341,403,31,11,37.5,6,16,5,10,6,4,20,3,0.0,0,4.0,1.0,,1.0,11,3.0,0.0,10,7,2,1,0,0.0,0.0,3.0,5,3.0,5,48,16,50,83.7,340,406,13,11,25.0,4,16,7,14,9,5,23,4,0.0,0,3.0,0.0,,3.0,11,7.15,6.35
PL-2025-26-14025035,Jornada 33,2026-04-19,Everton,1,Liverpool,1,2,1.0,0.0,10,4,5,1,0,0.0,3.0,2.0,1,4.0,4,64,20,44,76.4,288,377,25,12,25.0,4,16,10,29,18,11,28,2,0.0,0,3.0,0.0,,2.0,8,2.0,0.0,14,6,4,4,0,1.0,6.0,2.0,6,0.0,5,61,18,56,82.9,413,498,15,8,20.0,2,10,10,12,8,4,25,1,0.0,0,3.0,1.0,,0.0,12,6.95,6.83
PL-2025-26-14025041,Jornada 33,2026-04-19,Nottm Forest,1,Burnley,4,1,4.0,0.0,10,4,4,2,0,0.0,2.0,2.0,4,2.0,9,60,24,51,82.1,389,474,21,12,25.0,5,20,5,22,8,14,17,1,0.0,0,2.0,1.0,0.0,0.0,8,1.0,0.0,4,3,0,1,0,1.0,0.0,1.0,4,0.0,2,51,12,49,81.7,370,453,23,8,28.6,4,14,13,22,11,11,34,4,0.0,0,1.0,3.0,1.0,2.0,12,7.08,6.21
PL-2025-26-14025039,Jornada 33,2026-04-19,Man City,1,Arsenal,2,1,2.0,0.0,15,5,5,5,2,0.0,2.0,5.0,8,0.0,9,44,40,59,85.1,424,498,24,12,18.8,3,16,9,12,10,2,27,1,0.0,0,1.0,,1.0,2.0,5,1.0,0.0,9,3,3,3,2,0.0,1.0,5.0,5,4.0,3,50,14,41,75.3,262,348,22,5,16.7,2,12,9,22,14,8,26,2,0.0,0,2.0,,0.0,2.0,12,7.12,6.62
PL-2025-26-14025034,Jornada 33,2026-04-20,Crystal Palace,1,West Ham,0,0,0.0,0.0,9,1,7,1,0,0.0,4.0,1.0,4,0.0,4,60,18,54,81.5,370,454,16,12,16.7,4,24,5,13,10,3,41,0,0.0,1,3.0,1.0,2.0,2.0,13,0.0,0.0,9,4,3,2,0,0.0,2.0,1.0,6,2.0,10,54,28,46,74.0,271,366,19,13,13.3,4,30,6,16,13,3,30,0,0.0,1,1.0,1.0,0.0,1.0,12,7.01,6.89
PL-2025-26-14024001,Jornada 34,2026-04-21,Brighton,1,Chelsea,3,0,3.0,0.0,15,9,4,2,0,1.0,1.0,5.0,6,0.0,5,58,31,53,85.7,456,532,21,6,13.0,3,23,8,14,8,6,20,0,0.0,1,0.0,2.0,,1.0,15,0.0,0.0,6,0,2,4,0,0.0,3.0,0.0,5,4.0,8,44,15,47,84.2,400,475,15,15,16.7,2,12,8,7,3,4,25,3,0.0,0,4.0,2.0,,1.0,6,7.31,6.52
PL-2025-26-14025044,Jornada 34,2026-04-22,Bournemouth,1,Leeds,2,2,2.0,0.0,17,7,5,5,1,2.0,3.0,4.0,12,1.0,11,71,45,60,79.9,378,473,26,10,34.4,11,32,13,10,6,4,24,2,0.0,0,2.0,1.0,0.0,3.0,6,1.0,0.0,10,3,5,2,2,0.0,0.0,1.0,1,1.0,8,53,27,40,74.9,236,315,23,6,23.1,3,13,6,22,14,8,62,2,0.0,0,5.0,1.0,2.0,0.0,10,6.84,6.87
PL-2025-26-14024003,Jornada 34,2026-04-22,Burnley,1,Man City,0,1,0.0,0.0,9,1,4,4,0,0.0,3.0,1.0,3,4.0,6,28,21,35,78.9,281,356,18,12,22.2,2,9,12,24,13,11,29,1,0.0,0,8.0,,1.0,,10,1.0,0.0,28,9,9,10,2,3.0,6.0,4.0,11,1.0,11,59,73,65,90.0,620,689,9,10,8.3,1,12,13,11,10,1,17,0,0.0,1,1.0,,0.0,,12,7.08,7.14
PL-2025-26-14023932,Jornada 34,2026-04-24,Sunderland,1,Nottm Forest,0,5,0.0,0.0,14,4,3,7,0,2.0,5.0,1.0,3,1.0,9,72,34,61,82.1,358,436,20,15,18.2,4,22,8,9,8,1,20,5,0.0,0,2.0,1.0,,2.0,13,4.0,0.0,10,6,2,2,0,1.0,3.0,3.0,6,1.0,3,38,17,39,72.9,199,273,21,13,25.0,4,16,7,15,9,6,53,0,0.0,1,4.0,1.0,,5.0,15,6.08,7.32
PL-2025-26-14024004,Jornada 34,2026-04-25,Fulham,1,Aston Villa,1,0,1.0,0.0,13,6,2,5,0,2.0,5.0,2.0,2,7.0,7,53,19,39,81.9,276,337,16,12,26.7,4,15,16,18,12,6,25,0,0.0,1,1.0,1.0,2.0,2.0,14,0.0,0.0,10,1,8,1,0,1.0,3.0,1.0,5,0.0,6,58,16,61,86.2,456,529,24,14,5.6,1,18,6,13,10,3,9,1,0.0,0,5.0,0.0,0.0,2.0,12,7.11,6.72
PL-2025-26-14024005,Jornada 34,2026-04-25,Liverpool,1,Crystal Palace,3,1,3.0,0.0,9,3,2,4,0,0.0,3.0,3.0,5,1.0,4,52,32,53,81.3,378,465,27,10,33.3,4,12,4,9,6,3,36,1,0.0,0,5.0,,0.0,1.0,10,0.0,1.0,14,7,6,1,2,0.0,2.0,5.0,8,4.0,6,52,25,47,81.5,326,400,24,10,33.3,6,18,9,13,10,3,29,3,0.0,0,0.0,,2.0,3.0,10,7.19,6.58
PL-2025-26-14023934,Jornada 34,2026-04-25,West Ham,1,Everton,2,1,2.0,0.0,10,3,4,3,0,0.0,1.0,3.0,3,1.0,12,56,23,44,80.5,301,374,18,11,33.3,4,12,10,22,14,8,27,1,0.0,0,1.0,1.0,1.0,3.0,9,1.0,0.0,11,3,3,5,1,1.0,2.0,1.0,4,2.0,10,58,28,56,83.2,397,477,24,9,5.3,1,19,6,17,10,7,21,2,0.0,0,1.0,2.0,0.0,4.0,11,7.17,6.77
PL-2025-26-14024022,Jornada 34,2026-04-25,Wolves,1,Tottenham,0,1,0.0,0.0,11,2,5,4,0,1.0,4.0,1.0,5,1.0,10,42,14,41,75.7,234,309,18,14,42.9,9,21,6,32,22,10,22,1,0.0,0,1.0,1.0,1.0,3.0,8,1.0,0.0,11,2,7,2,0,0.0,5.0,2.0,5,2.0,12,73,24,59,85.7,401,468,36,8,6.2,1,16,15,29,19,10,23,0,0.0,1,2.0,1.0,0.0,4.0,14,6.78,7.04
PL-2025-26-14025045,Jornada 34,2026-04-25,Arsenal,1,Newcastle,1,0,0.0,1.0,11,4,2,5,0,2.0,2.0,0.0,7,2.0,5,54,27,45,80.8,323,400,13,10,15.4,2,13,10,15,9,6,24,0,0.0,1,3.0,2.0,,2.0,13,0.0,0.0,13,3,5,5,0,1.0,6.0,2.0,2,1.0,3,63,20,55,85.4,415,486,18,13,22.2,4,18,12,14,7,7,21,1,0.0,0,3.0,1.0,,2.0,10,7.05,6.85
PL-2025-26-14023926,Jornada 34,2026-04-27,Man United,1,Brentford,2,1,2.0,0.0,11,6,5,0,0,0.0,4.0,4.0,7,1.0,7,42,21,45,82.1,340,414,29,9,20.0,3,15,8,29,15,14,45,1,0.0,0,5.0,2.0,1.0,2.0,6,0.0,1.0,12,4,4,4,1,0.0,2.0,2.0,8,2.0,8,56,42,55,87.1,433,497,24,6,24.2,8,33,15,9,5,4,21,2,0.0,0,3.0,0.0,0.0,4.0,9,7.54,6.53
PL-2025-26-14023940,Jornada 35,2026-05-01,Leeds,1,Burnley,3,1,2.0,1.0,18,8,5,5,0,2.0,4.0,2.0,5,0.0,2,66,26,48,79.4,359,452,25,12,30.0,6,20,12,10,7,3,13,1,0.0,0,2.0,,,4.0,12,1.0,0.0,9,3,2,4,0,1.0,3.0,0.0,0,1.0,7,44,17,52,82.9,421,508,20,12,62.5,5,8,8,13,6,7,33,3,0.0,0,5.0,,,3.0,12,6.94,6.45
PL-2025-26-14023945,Jornada 35,2026-05-02,Brentford,1,West Ham,3,0,2.0,0.0,14,6,5,3,1,1.0,6.0,4.0,2,0.0,7,46,23,48,79.0,263,333,22,11,38.5,5,13,5,19,12,7,20,0,0.0,1,4.0,0.0,1.0,1.0,8,0.0,0.0,13,4,9,0,4,1.0,3.0,1.0,6,1.0,5,60,23,52,77.3,269,348,26,8,33.3,7,21,8,25,15,10,19,3,0.0,0,4.0,1.0,1.0,3.0,12,7.25,6.36
PL-2025-26-14023949,Jornada 35,2026-05-02,Newcastle,1,Brighton,3,1,3.0,0.0,13,6,6,1,0,0.0,1.0,5.0,2,1.0,9,24,24,32,69.2,164,237,18,12,38.5,5,13,6,11,9,2,44,1,0.0,0,3.0,1.0,1.0,3.0,10,1.0,0.0,13,4,6,3,2,0.0,3.0,4.0,10,1.0,6,70,28,68,84.2,426,506,23,10,15.8,6,38,3,11,9,2,18,3,0.0,0,4.0,2.0,1.0,3.0,12,7.17,6.35
PL-2025-26-14023951,Jornada 35,2026-05-02,Wolves,1,Sunderland,1,1,1.0,0.0,20,7,8,5,0,2.0,5.0,3.0,6,1.0,6,41,42,58,86.1,377,438,23,11,41.4,12,29,6,12,5,7,28,1,0.0,0,1.0,1.0,,0.0,11,1.0,0.0,10,2,3,5,0,0.0,2.0,1.0,3,0.0,5,60,18,42,76.1,249,327,30,11,18.8,3,16,9,17,10,7,23,1,0.0,0,6.0,1.0,,4.0,11,7.17,6.85
PL-2025-26-14023931,Jornada 35,2026-05-02,Arsenal,1,Fulham,3,0,3.0,0.0,18,9,6,3,1,2.0,3.0,6.0,3,7.0,12,52,36,54,88.6,453,511,23,12,33.3,3,9,11,6,2,4,15,0,0.0,1,1.0,0.0,0.0,0.0,7,0.0,0.0,10,1,3,6,0,0.0,5.0,1.0,4,0.0,3,43,12,46,82.9,359,433,13,7,8.3,1,12,5,22,16,6,20,3,0.0,0,6.0,1.0,1.0,1.0,12,7.58,6.42
PL-2025-26-14024023,Jornada 35,2026-05-03,Bournemouth,1,Crystal Palace,3,0,2.0,0.0,16,5,5,6,0,2.0,4.0,2.0,7,3.0,15,58,32,50,81.8,320,391,13,10,26.3,5,19,9,17,10,7,26,0,0.0,1,1.0,2.0,0.0,0.0,10,0.0,0.0,7,1,5,1,1,0.0,1.0,1.0,1,0.0,6,50,21,50,77.5,314,405,24,10,27.3,3,11,4,22,9,13,31,3,0.0,0,3.0,1.0,1.0,2.0,11,7.21,6.33
PL-2025-26-14023939,Jornada 35,2026-05-03,Man United,1,Liverpool,3,2,2.0,1.0,18,6,6,6,1,0.0,3.0,3.0,3,3.0,7,48,30,37,79.3,287,362,19,11,53.8,7,13,16,19,12,7,22,2,0.0,0,3.0,,,2.0,12,2.0,0.0,13,5,5,3,0,2.0,4.0,1.0,2,3.0,10,67,21,63,88.3,541,613,13,12,28.6,4,14,10,8,4,4,14,3,0.0,0,3.0,,,2.0,11,6.98,6.58
PL-2025-26-14023927,Jornada 35,2026-05-03,Aston Villa,1,Tottenham,1,2,1.0,0.0,5,1,1,3,0,0.0,3.0,1.0,5,2.0,6,44,9,45,83.4,312,374,9,12,15.4,2,13,5,19,12,7,14,2,0.0,0,3.0,,0.0,2.0,12,1.0,1.0,10,5,3,2,1,1.0,2.0,2.0,5,4.0,7,46,18,55,85.8,400,466,14,12,61.5,8,13,10,23,13,10,16,1,0.0,0,0.0,,1.0,5.0,12,6.51,6.85
PL-2025-26-14023925,Jornada 35,2026-05-04,Chelsea,1,Nottm Forest,1,3,1.0,0.0,21,5,8,8,1,1.0,8.0,2.0,10,1.0,6,57,37,67,90.6,597,659,18,9,28.6,10,35,7,14,6,8,9,3,0.0,0,1.0,,1.0,3.0,12,3.0,0.0,6,4,1,1,0,0.0,0.0,3.0,1,2.0,4,29,17,33,79.9,267,334,16,11,25.0,1,4,10,22,10,12,25,1,0.0,0,4.0,,0.0,1.0,10,6.55,7.06
PL-2025-26-14023930,Jornada 35,2026-05-04,Everton,1,Man City,3,3,3.0,0.0,14,6,2,6,0,1.0,3.0,4.0,5,4.0,3,41,16,25,68.7,138,201,18,5,42.9,3,7,4,26,13,13,22,3,0.0,0,1.0,,1.0,4.0,15,2.0,1.0,21,4,8,9,0,0.0,7.0,1.0,9,0.0,16,69,48,75,90.3,568,629,16,15,21.7,5,23,2,18,12,6,20,3,0.0,0,3.0,,1.0,1.0,5,6.65,6.89
PL-2025-26-14024024,Jornada 36,2026-05-09,Liverpool,1,Chelsea,1,1,0.0,1.0,8,3,4,1,2,0.0,2.0,1.0,5,2.0,8,35,24,48,84.1,398,473,15,17,37.5,6,16,6,10,6,4,10,1,0.0,0,2.0,0.0,,2.0,17,0.0,1.0,6,3,2,1,0,0.0,1.0,1.0,2,2.0,9,45,22,52,86.6,446,515,11,17,28.6,2,7,10,20,10,10,14,1,0.0,0,2.0,1.0,,4.0,17,6.74,6.74
PL-2025-26-14023935,Jornada 36,2026-05-09,Brighton,1,Wolves,3,0,3.0,0.0,14,6,5,3,0,0.0,3.0,4.0,7,1.0,8,59,36,72,86.2,498,578,28,11,32.0,8,25,10,15,10,5,7,0,0.0,1,1.0,1.0,0.0,1.0,9,0.0,0.0,5,1,4,0,1,0.0,1.0,2.0,1,3.0,9,33,15,28,68.4,154,225,14,9,50.0,3,6,13,17,7,10,32,3,0.0,0,3.0,1.0,2.0,2.0,11,7.51,6.37
PL-2025-26-14023948,Jornada 36,2026-05-09,Fulham,1,Bournemouth,0,1,0.0,0.0,14,2,6,6,2,1.0,2.0,1.0,11,1.0,7,49,33,60,87.7,456,520,23,21,10.7,3,28,5,16,12,4,9,1,0.0,0,3.0,0.0,,4.0,12,0.0,1.0,10,5,3,2,1,2.0,2.0,2.0,2,3.0,5,52,17,40,85.8,308,359,25,12,33.3,3,9,5,11,8,3,33,0,0.0,1,2.0,1.0,,2.0,21,6.85,6.95
PL-2025-26-14023938,Jornada 36,2026-05-09,Sunderland,1,Man United,0,0,0.0,0.0,15,4,6,5,1,0.0,6.0,2.0,6,1.0,6,64,27,51,84.0,414,493,18,12,11.8,2,17,10,10,8,2,22,0,0.0,1,1.0,,1.0,0.0,12,0.0,0.0,11,1,5,5,0,0.0,5.0,0.0,7,0.0,5,45,21,49,82.0,392,478,28,12,25.0,4,16,11,14,10,4,24,0,0.0,1,4.0,,0.0,3.0,12,7.21,7.07
PL-2025-26-14023946,Jornada 36,2026-05-09,Man City,1,Brentford,3,0,3.0,0.0,25,10,7,8,0,0.0,10.0,6.0,10,0.0,21,40,61,58,86.3,409,474,17,14,26.3,5,19,5,14,8,6,30,0,0.0,1,2.0,1.0,0.0,4.0,8,0.0,0.0,4,2,1,1,1,0.0,2.0,2.0,2,2.0,8,48,11,42,76.9,259,337,19,8,8.3,1,12,11,24,14,10,29,3,0.0,0,7.0,2.0,1.0,2.0,14,7.4,6.67
PL-2025-26-14023929,Jornada 36,2026-05-10,Burnley,1,Aston Villa,2,2,2.0,0.0,15,6,4,5,0,3.0,5.0,3.0,2,1.0,5,35,21,34,73.8,192,260,12,8,20.0,3,15,9,21,13,8,31,2,0.0,0,5.0,1.0,1.0,1.0,18,2.0,0.0,18,7,6,5,0,4.0,5.0,3.0,8,1.0,4,49,31,66,86.4,456,528,17,18,23.1,6,26,5,13,8,5,13,2,0.0,0,4.0,1.0,0.0,1.0,8,6.81,6.57
PL-2025-26-14023937,Jornada 36,2026-05-10,Crystal Palace,1,Everton,2,2,2.0,0.0,21,8,8,5,1,1.0,5.0,6.0,5,1.0,2,50,28,59,82.9,387,467,20,13,36.4,8,22,4,21,9,12,31,2,0.0,0,5.0,0.0,1.0,0.0,5,2.0,0.0,13,6,3,4,0,1.0,2.0,4.0,10,2.0,15,46,42,41,73.7,232,315,19,5,30.0,6,20,6,14,7,7,25,2,0.0,0,6.0,1.0,1.0,2.0,13,7.03,6.88
PL-2025-26-14023943,Jornada 36,2026-05-10,Nottm Forest,1,Newcastle,1,1,1.0,0.0,17,6,5,6,0,0.0,5.0,2.0,2,1.0,9,54,24,46,81.5,343,421,17,11,21.4,3,14,5,16,8,8,26,1,0.0,0,5.0,0.0,,2.0,16,1.0,0.0,16,6,6,4,1,1.0,8.0,4.0,1,0.0,8,59,28,54,85.1,421,495,15,16,28.6,4,14,9,17,9,8,28,1,0.0,0,5.0,1.0,,0.0,11,6.81,6.81
PL-2025-26-14023942,Jornada 36,2026-05-10,West Ham,1,Arsenal,0,1,0.0,0.0,9,3,2,4,0,1.0,2.0,2.0,4,,8,58,15,36,66.1,187,283,17,12,14.3,2,14,5,15,7,8,24,1,0.0,0,1.0,,0.0,3.0,14,1.0,0.0,15,4,6,5,2,0.0,6.0,3.0,3,,2,65,27,64,83.2,416,500,14,14,23.5,4,17,3,8,4,4,26,0,0.0,1,3.0,,2.0,4.0,12,6.92,6.97
PL-2025-26-14023944,Jornada 36,2026-05-11,Tottenham,1,Leeds,1,1,0.0,1.0,16,3,8,5,0,0.0,1.0,2.0,14,1.0,12,48,34,57,80.0,345,431,21,7,30.0,9,30,11,21,14,7,21,1,0.0,0,3.0,,0.0,3.0,12,1.0,0.0,11,4,6,1,2,0.0,5.0,2.0,2,3.0,5,65,13,43,72.3,243,336,21,11,42.9,6,14,9,25,19,6,47,1,0.0,0,1.0,,3.0,1.0,7,6.91,6.8
PL-2025-26-14023928,Jornada 37,2026-05-15,Aston Villa,1,Liverpool,4,2,3.0,1.0,14,9,2,3,1,1.0,3.0,5.0,4,2.0,8,38,19,45,81.9,299,365,21,9,9.1,1,11,5,11,9,2,24,2,0.0,0,3.0,1.0,1.0,3.0,12,2.0,0.0,16,5,8,3,1,2.0,4.0,3.0,9,3.0,6,44,32,55,86.7,384,443,17,12,37.5,9,24,9,9,6,3,16,4,0.0,0,5.0,0.0,0.0,1.0,9,7.09,6.57
PL-2025-26-14023956,Jornada 37,2026-05-17,Man United,1,Nottm Forest,3,2,3.0,0.0,29,8,9,12,2,1.0,6.0,7.0,7,0.0,9,35,45,48,87.4,383,438,31,5,43.8,7,16,10,16,9,7,32,2,0.0,0,2.0,2.0,0.0,2.0,11,2.0,0.0,11,4,4,3,0,0.0,0.0,4.0,6,1.0,11,49,23,52,84.3,398,472,15,11,30.0,6,20,12,20,13,7,18,3,0.0,0,5.0,0.0,1.0,1.0,5,7.28,6.9
PL-2025-26-14023953,Jornada 37,2026-05-17,Brentford,1,Crystal Palace,2,2,2.0,0.0,14,3,8,3,0,0.0,3.0,1.0,9,2.0,6,71,29,58,79.7,372,467,27,5,13.6,3,22,7,5,4,1,40,2,0.0,0,3.0,0.0,0.0,1.0,7,1.0,1.0,16,5,5,6,2,2.0,3.0,2.0,4,1.0,2,55,27,42,66.6,229,344,19,6,33.3,4,12,13,18,11,7,43,2,0.0,0,1.0,1.0,3.0,3.0,5,6.75,6.81
PL-2025-26-14023955,Jornada 37,2026-05-17,Everton,1,Sunderland,1,3,0.0,1.0,10,4,4,2,0,1.0,2.0,2.0,3,0.0,5,69,15,48,85.0,346,407,18,9,38.9,7,18,10,13,9,4,35,3,0.0,0,0.0,0.0,0.0,3.0,14,3.0,0.0,7,3,4,0,0,0.0,2.0,2.0,2,1.0,3,55,12,52,85.1,384,451,17,14,10.0,2,20,3,10,6,4,30,1,0.0,0,3.0,1.0,3.0,0.0,9,6.45,6.85
PL-2025-26-14023954,Jornada 37,2026-05-17,Leeds,1,Brighton,1,0,1.0,0.0,7,1,3,3,0,0.0,4.0,1.0,7,3.0,8,51,17,34,67.1,188,280,17,7,15.0,3,20,3,12,5,7,37,0,0.0,1,7.0,1.0,1.0,1.0,9,0.0,0.0,19,8,6,5,0,3.0,1.0,3.0,8,2.0,6,60,39,66,84.7,471,556,13,9,36.1,13,36,6,6,3,3,34,1,0.0,0,1.0,2.0,1.0,0.0,7,7.24,6.75
PL-2025-26-14023958,Jornada 37,2026-05-17,Wolves,1,Fulham,1,1,0.0,1.0,11,3,8,0,1,2.0,1.0,3.0,3,1.0,5,54,20,31,69.3,181,261,19,8,42.9,6,14,12,16,11,5,22,1,0.0,0,4.0,3.0,,1.0,20,1.0,0.0,13,5,5,3,0,2.0,3.0,2.0,6,2.0,10,55,35,69,86.5,512,592,19,19,20.0,4,20,10,19,11,8,24,1,0.0,0,2.0,2.0,,0.0,8,6.66,6.87
PL-2025-26-14023957,Jornada 37,2026-05-17,Newcastle,1,West Ham,3,1,2.0,1.0,15,7,2,6,0,2.0,3.0,3.0,9,2.0,6,52,43,55,82.3,414,503,19,11,22.2,4,18,8,24,17,7,14,1,0.0,0,7.0,2.0,,1.0,8,0.0,1.0,15,8,3,4,1,1.0,3.0,1.0,1,2.0,8,62,34,45,82.9,340,410,20,8,35.3,6,17,9,20,14,6,19,3,0.0,0,4.0,0.0,,3.0,11,7.29,6.61
PL-2025-26-14023950,Jornada 37,2026-05-18,Arsenal,1,Burnley,1,0,1.0,0.0,13,3,7,3,2,1.0,3.0,1.0,3,1.0,3,73,38,60,86.5,444,513,18,16,15.4,2,13,2,17,9,8,15,0,0.0,1,0.0,,0.0,1.0,7,0.0,0.0,5,0,4,1,0,0.0,3.0,0.0,3,0.0,4,42,7,40,79.2,266,336,23,7,40.0,4,10,7,21,11,10,24,1,0.0,0,2.0,,1.0,3.0,16,7.28,6.63
PL-2025-26-14023936,Jornada 37,2026-05-19,Bournemouth,1,Man City,1,1,1.0,0.0,10,2,5,3,2,0.0,4.0,3.0,7,2.0,4,47,16,46,80.9,361,446,15,7,21.4,3,14,2,18,7,11,36,1,0.0,0,3.0,,,4.0,16,1.0,0.0,14,5,3,6,1,1.0,3.0,1.0,6,2.0,17,68,45,54,86.6,464,536,24,16,11.8,2,17,6,5,4,1,18,1,0.0,0,2.0,,,2.0,7,7.15,6.78
PL-2025-26-16087727,Jornada 37,2026-05-19,Chelsea,1,Tottenham,2,1,1.0,1.0,9,4,3,2,1,1.0,2.0,1.0,3,1.0,5,39,11,44,83.3,360,432,15,18,10.0,1,10,14,19,14,5,10,1,0.0,0,2.0,0.0,,4.0,11,1.0,0.0,9,3,5,1,1,0.0,1.0,4.0,4,1.0,14,45,25,56,87.7,479,546,23,11,25.0,4,16,11,14,9,5,14,2,0.0,0,2.0,2.0,,3.0,18,7.01,6.47
