Partido_id,Fase,Fecha,Equipo1,Es_Local_E1,Equipo2,EQUIPO1_GOLES,EQUIPO2_GOLES,Goles_dentro_area_E1,Goles_Fuera_Area_E1,Disparos_totales_E1,Disparos_a_puerta_E1,Disparos_fuera_E1,Disparo_Bloqueados_E1,Disparos_Al palo_E1,Disparos_Larguero_E1,Disparos_Poste_E1,Disparos_a_puerta_fuera_del_area_E1,Disparos_fuera_desde_fuera_del_area_E1,Asistencias_E1,Penaltis_marcados_E1,Penaltis_fallados_E1,Penaltis_forzados_E1,Ataques_E1,Oportunidades_claras_E1,Saques_de_esquina_sacados_E1,Fueras_de_juego_E1,Regates_E1,Ataques_tercio_ofensivo_E1,Ataques_zonas_clave_E1,Carreras_hacia_el_area_E1,Posesion_E1,Precision_pase_E1,Pases_completados_E1,Pases_realizados_E1,Pases_cortos_completados_E1,Pases_media_distancia_completados_E1,Pases_en_largo_completados_E1,Pases_completados_atras_E1,Pases_completadosa_izquierda_E1,Pases_completados_derecha_E1,Libres_directos_sacados_E1,Centros__tercio_ofensivo_E1,Pases_zonas_clave_E1,Pases_al_area_E1,Precision_en_el_centro_E1,Centros_completados_E1,Centros_realizados_E1,Tiempo_de_posesion_E1,Balones_recuperados_E1,Bloqueos_E1,Penaltis_cometidos_E1,Entradas_E1,Entradas_con_exito_E1,Entradas_perdidas_E1,Despejes_completados_E1,Despejes_realizados_E1,goles_encajados_E1,Goles_encajados_propia_puerta_E1,Porterias_a_cero_E1,Paradas_E1,Paradas_en_libres_directo_E1,Paradas-tras_libre_indirecto_E1,Penaltis_parados_E1,Balones_blocados_E1,Balones_blocados_por arriba_E1,Balones_blocados_por_abajo_E1,Despejes_de_puños_E1,Tarjetas_amarillas_E1,Tarjetas_rojas_E1,Faltas_cometidas_E1,Faltas_cometidas_tercio_def_E1,Faltas_cometidas_en_campo_propio_E1,Goles_dentro_area_E2,Goles_Fuera_Area_E2,Disparos_totales_E2,Disparos_a_puerta_E2,Disparos_fuera_E2,Disparo_Bloqueados_E2,Disparos_Al palo_E2,Disparos_Larguero_E2,Disparos_Poste_E2,Disparos_a_puerta_fuera_del_area_E2,Disparos_fuera_desde_fuera_del_area_E2,Asistencias_E2,Penaltis_marcados_E2,Penaltis_fallados_E2,Penaltis_forzados_E2,Ataques_E2,Oportunidades_claras_E2,Saques_de_esquina_sacados_E2,Fueras_de_juego_E2,Regates_E2,Ataques_tercio_ofensivo_E2,Ataques_zonas_clave_E2,Carreras_hacia_el_area_E2,Posesion_E2,Precision_pase_E2,Pases_completados_E2,Pases_realizados_E2,Pases_cortos_completados_E2,Pases_media_distancia_completados_E2,Pases_en_largo_completados_E2,Pases_completados_atras_E2,Pases_completadosa_izquierda_E2,Pases_completados_derecha_E2,Libres_directos_sacados_E2,Centros__tercio_ofensivo_E2,Pases_zonas_clave_E2,Pases_al_area_E2,Precision_en_el_centro_E2,Centros_completados_E2,Centros_realizados_E2,Tiempo_de_posesion_E2,Balones_recuperados_E2,Bloqueos_E2,Penaltis_cometidos_E2,Entradas_E2,Entradas_con_exito_E2,Entradas_perdidas_E2,Despejes_completados_E2,Despejes_realizados_E2,goles_encajados_E2,Goles_encajados_propia_puerta_E2,Porterias_a_cero_E2,Paradas_E2,Paradas_en_libres_directo_E2,Paradas-tras_libre_indirecto_E2,Penaltis_parados_E2,Balones_blocados_E2,Balones_blocados_por arriba_E2,Balones_blocados_por_abajo_E2,Despejes_de_puños_E2,Tarjetas_amarillas_E2,Tarjetas_rojas_E2,Faltas_cometidas_E2,Faltas_cometidas_tercio_def_E2,Faltas_cometidas_en_campo_propio_E2,media11_titular_E1,media11_titular_E2,Formacion_E1,Formacion_E2,Formacion_Def_E1,Formacion_Def_E2,GK_Rating_E1,GK_Rating_E2,GK_Saves_E1,GK_Saves_E2,GK_GoalsPrevented_E1,GK_GoalsPrevented_E2,Def_Avg_Rating_E1,Def_Avg_Rating_E2,Def_Avg_Tackles_E1,Def_Avg_Tackles_E2,Def_Avg_Clearances_E1,Def_Avg_Clearances_E2,Mid_Avg_Rating_E1,Mid_Avg_Rating_E2,Mid_Avg_KeyPasses_E1,Mid_Avg_KeyPasses_E2,Mid_Avg_Recovery_E1,Mid_Avg_Recovery_E2,Fwd_Avg_Rating_E1,Fwd_Avg_Rating_E2,Fwd_Avg_Shots_E1,Fwd_Avg_Shots_E2,Fwd_Avg_Goals_E1,Fwd_Avg_Goals_E2,Top1_Rating_E1,Top1_Rating_E2,Top2_Rating_E1,Top2_Rating_E2,Top3_Rating_E1,Top3_Rating_E2,Rating_Std_E1,Rating_Std_E2
PL-2024-25-12436870,Jornada 1,2024-08-16,Man United,1,Fulham,1,0,1.0,0.0,14,5,7,2,0,,,1.0,6.0,,,,,,4.0,7,3.0,8,46,,22,55,84.6,408,482,,,23,,,,10,,,,16.7,3,18,,19,,,21,14,7,,20,0,0.0,1,2.0,,,,,2.0,,0.0,2.0,,12,,,0.0,0.0,10,2,4,4,0,,,1.0,3.0,,,,,,0.0,8,1.0,8,40,,22,45,79.7,306,384,,,17,,,,11,,,,28.6,6,21,,9,,,24,17,7,,19,1,0.0,0,4.0,,,,,0.0,,1.0,3.0,,10,,,7.24,6.9,4-2-3-1,4-2-3-1,4.0,4.0,7.3,6.8,2.0,4.0,0.917,1.067,7.35,7.0,1.75,3.5,3.0,3.75,7.567,6.875,1.0,1.5,6.333,6.25,6.733,6.8,0.333,2.5,0.0,0.0,8.4,7.3,7.6,7.3,7.5,7.2,0.512,0.28
PL-2024-25-12436871,Jornada 1,2024-08-17,Ipswich,1,Liverpool,0,2,0.0,0.0,7,2,2,3,0,,,1.0,1.0,,,,,,0.0,2,5.0,3,41,,17,38,78.4,272,347,,,19,,,,18,,,,25.0,2,8,,9,,,20,10,10,,28,2,0.0,0,3.0,,,,,1.0,,,3.0,,9,,,2.0,0.0,18,5,6,7,0,,,0.0,6.0,,,,,,6.0,10,0.0,11,47,,50,62,86.3,492,570,,,30,,,,9,,,,17.4,4,23,,5,,,9,4,5,,16,0,0.0,1,2.0,,,,,0.0,,,1.0,,18,,,6.77,7.29,4-2-3-1,4-2-3-1,4.0,4.0,6.8,7.1,3.0,2.0,0.347,0.244,6.825,7.15,1.75,0.75,5.0,1.75,6.76,7.46,0.2,1.6,3.8,3.8,6.6,7.2,0.0,3.0,0.0,1.0,7.2,8.1,7.0,7.8,6.9,7.7,0.222,0.434
PL-2024-25-12436872,Jornada 1,2024-08-17,Arsenal,1,Wolves,2,0,2.0,0.0,18,6,6,6,0,,,2.0,4.0,,,,,,2.0,8,0.0,9,40,,50,53,85.0,357,420,,,17,,,,14,,,,20.0,3,15,,8,,,18,13,5,,15,0,0.0,1,3.0,,,,,1.0,,0.0,2.0,,17,,,0.0,0.0,9,3,5,1,0,,,0.0,3.0,,,,,,1.0,2,1.0,8,56,,18,47,81.9,307,375,,,20,,,,17,,,,28.6,4,14,,7,,,19,12,7,,14,2,0.0,0,4.0,,,,,1.0,,2.0,2.0,,14,,,7.46,6.67,4-3-3,4-2-3-1,4.0,4.0,7.6,7.1,3.0,4.0,0.193,-0.297,7.0,6.65,1.5,2.75,2.0,1.25,7.267,6.675,2.333,0.0,3.667,3.5,8.233,6.5,3.667,0.5,0.667,0.0,8.9,7.1,8.3,7.1,7.6,7.0,0.591,0.302
PL-2024-25-12436873,Jornada 1,2024-08-17,Everton,1,Brighton,0,3,0.0,0.0,9,1,4,4,0,,,0.0,3.0,,,,,,0.0,1,7.0,5,69,,18,38,77.3,266,344,,,45,,,,8,,,,23.5,4,17,,13,,,23,11,12,,11,3,0.0,0,2.0,,,,,1.0,,0.0,1.0,1.0,8,,,3.0,0.0,10,5,3,2,1,,,0.0,1.0,,,,,,2.0,5,1.0,6,36,,29,62,85.6,492,575,,,20,,,,8,,,,28.6,4,14,,8,,,21,13,8,,19,0,0.0,1,1.0,,,,,0.0,,2.0,1.0,0.0,8,,,6.56,7.24,4-2-3-1,4-2-3-1,4.0,4.0,7.0,7.2,2.0,1.0,-0.625,0.05,6.4,7.1,1.5,2.0,1.5,3.0,6.55,7.175,0.25,1.5,5.5,2.25,6.7,7.65,1.5,1.5,0.0,0.5,7.0,8.2,6.8,7.6,6.8,7.3,0.311,0.367
PL-2024-25-12436874,Jornada 1,2024-08-17,Newcastle,1,Southampton,1,0,1.0,0.0,3,1,0,2,0,,,0.0,0.0,,,,,,1.0,3,1.0,1,31,,14,22,64.6,117,181,,,12,,,,16,,,,8.3,1,12,,4,,,16,14,2,,34,0,0.0,1,3.0,,,,,0.0,,0.0,2.0,1.0,15,,,0.0,0.0,19,4,4,11,0,,,0.0,6.0,,,,,,3.0,12,2.0,6,67,,48,78,89.2,579,649,,,19,,,,15,,,,13.3,4,30,,3,,,13,6,7,,14,1,0.0,0,0.0,,,,,2.0,,1.0,4.0,0.0,16,,,6.97,6.91,4-3-3,3-5-2,4.0,3.0,7.3,6.2,3.0,0.0,0.422,-0.369,6.575,7.02,0.5,0.4,3.5,1.6,7.4,7.0,0.0,1.5,3.0,3.25,6.967,6.7,0.0,5.0,0.0,0.0,7.9,7.5,7.4,7.2,7.3,7.2,0.72,0.408
PL-2024-25-12436875,Jornada 1,2024-08-17,Nottm Forest,1,Bournemouth,1,1,1.0,0.0,14,8,3,3,0,,,2.0,4.0,,,,,,1.0,2,1.0,9,51,,29,53,79.9,402,503,,,22,,,,8,,,,23.1,3,13,,7,,,24,12,12,,25,1,0.0,0,3.0,,,,,,,1.0,1.0,,17,,,1.0,0.0,13,4,6,3,0,,,2.0,5.0,,,,,,3.0,6,4.0,5,63,,23,47,77.5,335,432,,,25,,,,17,,,,16.0,4,25,,14,,,18,7,11,,29,1,0.0,0,7.0,,,,,,,2.0,3.0,,8,,,7.04,7.02,4-2-3-1,4-2-3-1,4.0,4.0,7.3,8.1,3.0,7.0,0.188,0.851,7.05,6.825,3.0,0.75,4.25,4.0,6.9,7.12,1.5,1.0,4.75,4.2,7.15,6.2,1.0,2.0,0.5,0.0,7.3,8.1,7.3,7.4,7.2,7.4,0.274,0.517
PL-2024-25-12436877,Jornada 1,2024-08-17,West Ham,1,Aston Villa,1,2,1.0,0.0,14,3,7,4,0,,,0.0,3.0,,,,,,4.0,5,1.0,4,39,,26,52,84.4,352,417,,,27,,,,11,,,,20.0,5,25,,6,,,14,10,4,,22,2,0.0,0,1.0,,,,,1.0,,1.0,1.0,,18,,,2.0,0.0,15,3,6,6,1,,,1.0,4.0,,,,,,4.0,3,1.0,8,51,,23,48,83.5,329,394,,,19,,,,18,,,,20.0,3,15,,7,,,24,15,9,,20,1,0.0,0,3.0,,,,,1.0,,0.0,2.0,,11,,,6.76,7.08,4-1-4-1,4-2-3-1,4.0,4.0,6.8,7.3,1.0,3.0,-0.672,0.32,6.75,7.1,1.25,2.5,4.25,2.5,6.8,7.2,1.2,1.4,1.8,4.4,6.6,6.2,2.0,0.0,0.0,0.0,7.1,7.7,7.0,7.4,7.0,7.3,0.231,0.388
PL-2024-25-12436879,Jornada 1,2024-08-18,Brentford,1,Crystal Palace,2,1,2.0,0.0,9,5,3,1,0,,,0.0,1.0,,,,,,3.0,4,1.0,5,45,,13,46,77.2,311,403,,,35,,,,15,,,,23.5,4,17,,11,,,19,10,9,,21,1,0.0,0,6.0,,,,,1.0,,1.0,1.0,,6,,,0.0,0.0,14,6,4,4,0,,,3.0,5.0,,,,,,1.0,7,3.0,3,59,,21,54,80.9,389,481,,,16,,,,6,,,,7.1,1,14,,5,,,22,13,9,,29,2,0.0,0,3.0,,,,,0.0,,0.0,5.0,,15,,,7.19,6.75,4-3-3,3-4-2-1,4.0,3.0,8.4,6.6,6.0,3.0,0.015,1.114,6.725,6.6,1.75,2.0,3.25,6.0,6.925,6.917,0.75,1.0,4.0,4.5,8.05,6.3,1.5,0.0,1.0,0.0,8.4,7.2,8.1,7.2,8.0,7.0,0.678,0.309
PL-2024-25-12436880,Jornada 1,2024-08-18,Chelsea,1,Man City,0,2,0.0,0.0,10,3,3,4,0,,,2.0,2.0,,,,,,1.0,4,2.0,4,47,,26,48,89.0,436,490,,,17,,,,9,,,,33.3,6,18,,10,,,20,14,6,,13,2,0.0,0,3.0,,,,,1.0,,,1.0,,12,,,1.0,1.0,11,5,3,3,0,,,1.0,3.0,,,,,,1.0,3,1.0,15,37,,27,52,89.2,477,535,,,17,,,,12,,,,9.1,1,11,,10,,,16,9,7,,17,0,0.0,1,3.0,,,,,0.0,,,1.0,,9,,,6.82,7.36,4-2-3-1,3-2-4-1,4.0,3.0,6.9,7.3,3.0,3.0,-1.178,0.701,6.625,7.15,2.0,1.5,2.75,2.75,7.05,7.54,1.0,1.6,5.0,4.4,6.7,7.4,1.0,2.0,0.0,1.0,7.3,7.9,7.2,7.6,7.0,7.5,0.324,0.305
PL-2024-25-12436881,Jornada 1,2024-08-19,Leicester,1,Tottenham,1,1,1.0,0.0,7,3,3,1,0,,,0.0,1.0,,,,,,2.0,2,2.0,7,34,,11,30,76.7,211,275,,,9,,,,12,,,,53.3,8,15,,10,,,22,15,7,,38,1,0.0,0,5.0,,,,,0.0,,,1.0,,11,,,1.0,0.0,15,7,3,5,0,,,0.0,3.0,,,,,,2.0,13,1.0,13,70,,62,70,89.6,601,671,,,13,,,,11,,,,28.6,8,28,,6,,,23,13,10,,16,1,0.0,0,2.0,,,,,1.0,,,1.0,,12,,,7.05,7.27,4-2-3-1,4-3-3,4.0,4.0,7.6,7.2,5.0,2.0,0.923,0.322,6.875,7.225,1.0,1.25,6.0,2.25,7.06,7.233,0.8,1.333,4.6,2.667,7.1,7.4,2.0,2.0,1.0,0.0,7.8,7.8,7.6,7.8,7.5,7.5,0.474,0.316
PL-2024-25-12436888,Jornada 2,2024-08-24,Brighton,1,Man United,2,1,2.0,0.0,14,5,6,3,1,,,0.0,4.0,,,,,,2.0,4,0.0,10,52,,33,48,85.3,407,477,,,30,,,,13,,,,50.0,6,12,,7,,,17,12,5,,10,1,0.0,0,2.0,,,,,2.0,,0.0,1.0,,9,,,1.0,0.0,11,4,5,2,0,,,1.0,2.0,,,,,,2.0,4,6.0,10,44,,28,52,87.3,446,511,,,24,,,,8,,,,25.0,3,12,,12,,,19,11,8,,10,2,0.0,0,2.0,,,,,0.0,,1.0,2.0,,13,,,7.14,6.97,4-2-3-1,4-2-3-1,4.0,4.0,7.1,7.2,2.0,2.0,-0.573,0.529,7.033,7.05,2.333,1.5,2.0,1.5,7.02,7.1,1.0,1.0,2.6,4.333,7.6,6.667,3.0,1.0,1.0,0.333,8.0,7.7,7.3,7.3,7.2,7.2,0.299,0.336
PL-2024-25-12436892,Jornada 2,2024-08-24,Crystal Palace,1,West Ham,0,2,0.0,0.0,14,2,8,4,2,,,1.0,5.0,,,,,,2.0,3,3.0,3,77,,23,58,82.2,454,552,,,30,,,,16,,,,20.0,4,20,,9,,,23,11,12,,9,2,0.0,0,1.0,,,,,0.0,,,1.0,,9,,,2.0,0.0,18,3,10,5,0,,,0.0,5.0,,,,,,1.0,3,2.0,14,57,,21,42,76.8,302,393,,,31,,,,9,,,,28.6,4,14,,15,,,20,12,8,,25,0,0.0,1,2.0,,,,,1.0,,,1.0,,17,,,6.75,7.21,3-4-2-1,4-1-4-1,3.0,4.0,6.0,7.2,1.0,2.0,-1.091,0.257,6.633,7.4,2.333,1.5,1.333,3.75,7.02,7.24,1.6,1.2,5.8,6.8,6.65,6.3,2.5,2.0,0.0,0.0,7.3,8.0,7.2,7.6,7.0,7.6,0.373,0.464
PL-2024-25-12436894,Jornada 2,2024-08-24,Fulham,1,Leicester,2,1,2.0,0.0,18,6,7,5,0,,,0.0,5.0,,,,,,3.0,7,0.0,4,66,,31,54,85.3,459,538,,,25,,,,12,,,,33.3,7,21,,8,,,14,10,4,,7,1,0.0,0,3.0,,,,,1.0,,1.0,2.0,,14,,,1.0,0.0,10,4,4,2,0,,,2.0,2.0,,,,,,1.0,5,5.0,7,37,,10,46,83.9,381,454,,,17,,,,14,,,,41.7,5,12,,7,,,21,14,7,,30,2,0.0,0,4.0,,,,,2.0,,0.0,2.0,,13,,,7.24,6.95,4-2-3-1,4-2-3-1,4.0,4.0,7.1,7.5,3.0,4.0,0.722,-0.116,6.825,7.025,2.25,2.0,1.0,6.25,7.425,6.88,2.25,1.0,4.25,3.8,7.75,6.4,5.0,0.0,0.0,0.0,8.4,7.9,7.9,7.5,7.6,7.3,0.573,0.448
PL-2024-25-12436898,Jornada 2,2024-08-24,Man City,1,Ipswich,4,1,2.0,2.0,14,5,6,3,2,,,0.0,3.0,,,,,,5.0,10,3.0,11,72,,49,75,92.7,700,755,,,22,,,,15,,,,29.4,5,17,,6,,,14,6,8,,8,1,0.0,0,0.0,,,,,,,,2.0,,4,,,0.0,1.0,1,1,0,0,0,,,0.0,0.0,,,,,,1.0,1,1.0,2,21,,6,25,81.6,200,245,,,10,,,,3,,,,16.7,1,6,,10,,,17,8,9,,40,4,0.0,0,1.0,,,,,,,,3.0,,15,,,7.65,6.13,3-2-4-1,5-4-1,3.0,5.0,6.4,4.5,0.0,1.0,-0.707,-0.534,7.45,6.18,1.25,1.0,1.0,4.4,7.76,6.475,2.0,0.0,1.6,3.75,9.2,6.1,7.0,0.0,3.0,0.0,9.6,6.9,9.2,6.9,8.2,6.4,0.947,0.603
PL-2024-25-12436900,Jornada 2,2024-08-24,Southampton,1,Nottm Forest,0,1,0.0,0.0,5,1,1,3,0,,,1.0,2.0,,,,,,0.0,4,0.0,7,45,,21,65,90.9,596,656,,,11,,,,13,,,,14.3,2,14,,2,,,18,12,6,,17,1,0.0,0,7.0,,,,,1.0,,,3.0,,14,,,1.0,0.0,23,8,8,7,0,,,2.0,7.0,,,,,,6.0,10,1.0,7,40,,33,35,83.5,294,352,,,25,,,,14,,,,26.3,5,19,,11,,,24,15,9,,23,0,0.0,1,1.0,,,,,2.0,,,3.0,,14,,,6.83,7.3,3-5-2,4-2-3-1,3.0,4.0,8.1,6.8,7.0,1.0,0.63,0.024,6.86,7.375,2.0,1.0,2.6,3.75,6.625,7.6,0.75,2.0,4.0,4.25,6.2,6.8,1.0,2.5,0.0,0.0,8.1,8.1,7.2,8.1,7.0,7.8,0.488,0.515
PL-2024-25-12436902,Jornada 2,2024-08-24,Tottenham,1,Everton,4,0,3.0,1.0,13,7,5,1,0,,,1.0,2.0,,,,,,6.0,12,0.0,7,51,,33,71,88.7,540,609,,,19,,,,15,,,,30.0,6,20,,4,,,22,16,6,,11,0,0.0,1,1.0,,,,,1.0,,0.0,,,11,,,0.0,0.0,10,1,3,6,0,,,0.0,0.0,,,,,,0.0,5,4.0,5,44,,24,29,74.9,188,251,,,25,,,,11,,,,46.7,7,15,,15,,,29,19,10,,15,4,0.0,0,3.0,,,,,0.0,,1.0,,,15,,,7.56,6.54,4-3-3,4-2-3-1,4.0,4.0,7.2,6.1,1.0,3.0,0.141,-1.437,7.75,6.55,2.5,2.5,0.75,2.25,7.667,6.65,2.0,1.5,2.0,4.75,7.333,6.5,1.667,1.5,0.667,0.0,9.0,7.6,8.9,6.8,7.8,6.8,0.764,0.435
PL-2024-25-12436886,Jornada 2,2024-08-24,Aston Villa,1,Arsenal,0,2,0.0,0.0,11,3,3,5,1,,,0.0,4.0,,,,,,2.0,4,3.0,11,28,,17,39,82.4,271,329,,,16,,,,16,,,,30.0,3,10,,4,,,22,10,12,,16,2,0.0,0,2.0,,,,,1.0,,0.0,1.0,,8,,,1.0,1.0,9,4,4,1,0,,,0.0,3.0,,,,,,2.0,1,1.0,6,48,,35,61,91.2,469,514,,,18,,,,8,,,,7.7,1,13,,8,,,17,9,8,,15,0,0.0,1,3.0,,,,,0.0,,1.0,3.0,,16,,,6.66,7.15,4-4-2,4-3-3,4.0,4.0,6.5,7.6,2.0,3.0,-1.102,1.047,6.6,7.175,1.75,1.5,2.25,2.25,6.9,7.2,1.0,1.0,3.6,4.0,5.9,6.9,2.0,0.667,0.0,0.0,7.3,7.7,7.1,7.6,6.9,7.5,0.37,0.431
PL-2024-25-12436884,Jornada 2,2024-08-25,Bournemouth,1,Newcastle,1,1,1.0,0.0,16,4,7,5,1,,,1.0,4.0,,,,,,2.0,8,,2,60,,27,39,76.3,245,321,,,27,,,,8,,,,21.1,4,19,,6,,,21,16,5,,34,1,0.0,0,4.0,,,,,1.0,,0.0,2.0,,20,,,1.0,0.0,14,5,4,5,0,,,1.0,1.0,,,,,,4.0,9,,6,58,,32,61,79.4,393,495,,,24,,,,19,,,,30.8,8,26,,4,,,21,12,9,,17,1,0.0,0,3.0,,,,,1.0,,3.0,2.0,,8,,,7.1,6.91,4-2-3-1,4-3-3,4.0,4.0,7.6,7.5,4.0,3.0,1.648,0.117,6.875,6.7,1.5,1.75,5.0,2.0,7.22,6.933,2.6,1.333,5.8,7.667,6.9,6.967,3.0,2.333,0.0,0.333,7.7,8.0,7.7,8.0,7.6,7.5,0.409,0.643
PL-2024-25-12436904,Jornada 2,2024-08-25,Wolves,1,Chelsea,2,6,2.0,0.0,12,4,6,2,2,,,2.0,2.0,,,,,,5.0,5,3.0,8,34,,25,40,79.1,253,320,,,17,,,,13,,,,7.7,1,13,,9,,,19,10,9,,19,6,0.0,0,2.0,,,,,0.0,,,2.0,,13,,,5.0,1.0,14,8,3,3,1,,,0.0,3.0,,,,,,5.0,5,1.0,9,41,,21,60,86.1,426,495,,,23,,,,13,,,,9.1,1,11,,9,,,14,11,3,,18,2,0.0,0,2.0,,,,,2.0,,,3.0,,13,,,6.42,7.27,4-2-3-1,4-2-3-1,4.0,4.0,5.9,6.6,2.0,2.0,-2.765,-1.227,6.2,6.775,2.0,1.5,2.75,3.25,6.4,7.7,0.0,1.4,2.333,3.6,6.9,7.8,2.0,1.0,0.667,1.0,7.3,9.7,7.3,9.0,6.6,7.8,0.469,1.072
PL-2024-25-12436896,Jornada 2,2024-08-25,Liverpool,1,Brentford,2,0,2.0,0.0,19,8,4,7,2,,,0.0,2.0,,,,,,4.0,9,1.0,8,62,,42,62,91.4,550,602,,,22,,,,7,,,,20.0,3,15,,7,,,17,10,7,,11,0,0.0,1,2.0,,,,,,,1.0,2.0,,10,,,0.0,0.0,8,2,3,3,0,,,1.0,3.0,,,,,,2.0,4,2.0,6,36,,10,38,81.9,298,364,,,25,,,,10,,,,40.0,4,10,,5,,,10,6,4,,16,2,0.0,0,6.0,,,,,,,1.0,3.0,,7,,,7.6,6.75,4-2-3-1,4-4-2,4.0,4.0,7.2,8.1,2.0,6.0,0.784,0.81,7.65,6.66,1.5,0.8,2.0,1.8,7.72,6.533,1.6,0.667,4.4,4.333,7.2,6.6,4.0,0.5,0.0,0.0,8.9,8.1,7.9,7.7,7.9,6.8,0.492,0.599
PL-2024-25-12436906,Jornada 3,2024-08-31,Arsenal,1,Brighton,1,1,0.0,1.0,11,7,2,2,0,,,0.0,0.0,,,,,,5.0,3,3.0,8,37,,31,36,74.1,200,270,,,21,,,,7,,,,28.6,2,7,,12,,,17,11,6,,20,1,0.0,0,3.0,,,,,5.0,,1.0,5.0,1.0,12,,,1.0,0.0,22,4,10,8,0,,,0.0,7.0,,,,,,3.0,7,1.0,10,48,,33,64,85.8,404,471,,,30,,,,12,,,,26.9,7,26,,5,,,18,7,11,,11,1,0.0,0,6.0,,,,,0.0,,0.0,2.0,0.0,7,,,6.98,7.12,4-3-3,4-2-3-1,4.0,4.0,7.6,8.1,3.0,6.0,-0.38,1.359,7.125,7.267,2.75,2.0,3.75,2.333,6.467,6.74,0.333,0.8,3.0,2.6,7.1,7.35,2.333,1.0,0.333,0.5,7.6,8.1,7.5,8.1,7.3,7.8,0.476,0.592
PL-2024-25-12436908,Jornada 3,2024-08-31,Brentford,1,Southampton,3,1,3.0,0.0,20,7,7,6,1,,,2.0,3.0,,,,,,6.0,2,1.0,6,43,,42,37,86.6,310,358,,,23,,,,7,,,,15.4,2,13,,11,,,17,13,4,,19,1,0.0,0,5.0,,,,,,,,2.0,,10,,,1.0,0.0,18,6,7,5,1,,,2.0,7.0,,,,,,2.0,8,2.0,7,57,,31,63,88.2,548,621,,,16,,,,10,,,,20.0,4,20,,9,,,15,10,5,,17,3,0.0,0,4.0,,,,,,,,1.0,,7,,,7.52,6.76,4-3-3,3-5-2,4.0,3.0,7.4,6.9,5.0,4.0,-0.303,0.163,7.2,6.68,1.667,0.4,3.667,3.2,7.22,6.925,1.8,1.75,3.8,2.5,8.8,6.4,5.0,1.0,1.5,0.0,9.7,8.1,7.9,7.5,7.9,7.1,0.799,0.639
PL-2024-25-12436912,Jornada 3,2024-08-31,Everton,1,Bournemouth,2,3,2.0,0.0,18,8,8,2,1,,,2.0,3.0,,,,,,5.0,8,2.0,10,70,,37,47,73.6,257,349,,,37,,,,11,,,,33.3,7,21,,12,,,17,11,6,,21,3,0.0,0,4.0,,,,,,,1.0,2.0,,6,,,3.0,0.0,17,7,5,5,0,,,2.0,3.0,,,,,,5.0,4,2.0,5,53,,28,53,76.5,300,392,,,21,,,,6,,,,45.8,11,24,,7,,,26,10,16,,23,2,0.0,0,6.0,,,,,,,0.0,1.0,,11,,,7.21,6.81,4-2-3-1,4-2-3-1,4.0,4.0,7.0,7.6,4.0,6.0,-0.446,-0.41,6.775,6.55,1.5,2.0,4.0,3.25,7.325,6.96,2.0,1.4,7.25,4.8,7.95,6.3,2.0,1.0,0.5,0.0,8.1,7.6,8.0,7.5,7.9,7.2,0.518,0.446
PL-2024-25-12436915,Jornada 3,2024-08-31,Ipswich,1,Fulham,1,1,0.0,1.0,11,4,3,4,0,,,0.0,4.0,,,,,,1.0,8,4.0,10,50,,13,49,86.0,345,401,,,19,,,,15,,,,31.2,5,16,,4,,,13,9,4,,30,1,0.0,0,3.0,,,,,0.0,,1.0,2.0,,15,,,1.0,0.0,9,4,2,3,0,,,0.0,0.0,,,,,,2.0,6,0.0,14,40,,19,51,85.9,359,418,,,21,,,,15,,,,19.2,5,26,,6,,,11,7,4,,11,1,0.0,0,3.0,,,,,1.0,,0.0,3.0,,15,,,6.99,6.95,4-2-3-1,4-3-3,4.0,4.0,7.1,7.0,3.0,3.0,0.124,-0.593,7.15,6.85,1.25,1.75,4.75,2.0,6.8,6.875,0.4,0.75,2.8,2.5,7.2,7.3,4.0,1.5,1.0,0.5,7.6,7.9,7.2,7.2,7.2,7.1,0.297,0.358
PL-2024-25-12436918,Jornada 3,2024-08-31,Leicester,1,Aston Villa,1,2,1.0,0.0,9,3,5,1,0,,,1.0,5.0,,,,,,1.0,1,3.0,6,60,,16,58,89.1,457,513,,,18,,,,21,,,,22.2,4,18,,11,,,22,11,11,,18,2,0.0,0,3.0,,,,,0.0,,1.0,4.0,,13,,,2.0,0.0,10,5,3,2,0,,,1.0,1.0,,,,,,4.0,4,1.0,13,33,,22,42,83.0,318,383,,,22,,,,13,,,,30.0,3,10,,7,,,17,10,7,,25,1,0.0,0,2.0,,,,,2.0,,0.0,5.0,,21,,,6.89,6.81,4-2-3-1,4-4-2,4.0,4.0,7.4,7.2,3.0,2.0,0.344,-0.603,6.9,6.8,1.75,1.667,3.25,5.333,6.8,6.8,0.25,0.5,3.25,4.0,6.8,6.5,0.5,2.0,0.0,0.0,7.5,7.4,7.4,7.2,7.1,7.2,0.32,0.378
PL-2024-25-12436926,Jornada 3,2024-08-31,Nottm Forest,1,Wolves,1,1,1.0,0.0,16,5,5,6,0,,,1.0,2.0,,,,,,1.0,7,4.0,8,50,,37,52,79.8,293,367,,,26,,,,17,,,,21.7,5,23,,10,,,17,12,5,,13,1,0.0,0,1.0,,,,,0.0,,1.0,3.0,,15,,,0.0,1.0,11,3,6,2,0,,,0.0,6.0,,,,,,2.0,3,0.0,8,48,,13,48,77.7,279,359,,,22,,,,13,,,,14.3,1,7,,10,,,23,14,9,,25,1,0.0,0,4.0,,,,,1.0,,0.0,4.0,,18,,,7.05,6.98,4-2-3-1,4-4-1-1,4.0,4.0,6.4,6.9,1.0,4.0,-0.417,0.729,6.95,6.88,1.25,1.4,1.25,3.4,7.275,6.933,1.75,0.333,3.75,4.667,7.15,7.35,3.0,2.0,0.5,0.0,7.5,8.1,7.5,7.8,7.5,7.3,0.38,0.536
PL-2024-25-12436927,Jornada 3,2024-08-31,West Ham,1,Man City,1,3,0.0,0.0,10,2,5,3,2,,,1.0,2.0,,,,,,1.0,3,0.0,10,42,,24,32,83.5,284,340,,,19,,,,3,,,,28.6,4,14,,6,,,11,6,5,,20,3,0.0,0,5.0,,,,,1.0,,1.0,3.0,,10,,,2.0,1.0,23,8,10,5,1,,,0.0,2.0,,,,,,5.0,11,1.0,12,73,,58,68,92.3,670,726,,,34,,,,10,,,,36.4,8,22,,7,,,15,12,3,,18,1,0.0,0,2.0,,,,,0.0,,1.0,2.0,,3,,,6.59,7.77,4-2-3-1,3-2-4-1,4.0,3.0,6.9,6.9,3.0,2.0,-0.33,-0.813,6.4,7.425,1.0,1.75,3.25,3.75,6.7,7.86,0.6,3.0,4.6,4.8,6.5,9.6,1.0,5.0,0.0,3.0,6.9,9.6,6.9,8.4,6.8,8.3,0.219,0.724
PL-2024-25-12436910,Jornada 3,2024-09-01,Chelsea,1,Crystal Palace,1,1,1.0,0.0,13,7,5,1,1,,,2.0,3.0,,,,,,5.0,4,0.0,11,76,,20,63,90.2,532,590,,,26,,,,13,,,,15.8,3,19,,8,,,13,7,6,,17,1,0.0,0,2.0,,,,,1.0,,0.0,4.0,,9,,,0.0,1.0,9,3,1,5,0,,,2.0,2.0,,,,,,0.0,4,1.0,6,41,,22,37,78.9,276,350,,,19,,,,9,,,,33.3,3,9,,6,,,19,11,8,,28,1,0.0,0,6.0,,,,,1.0,,1.0,2.0,,13,,,7.06,6.9,4-2-3-1,3-4-2-1,4.0,3.0,6.7,7.8,2.0,6.0,0.08,1.758,7.125,6.733,0.75,1.333,2.25,5.667,7.08,6.9,1.4,0.667,2.6,3.667,7.1,6.5,4.0,1.0,1.0,0.0,8.0,7.8,7.7,7.6,7.5,7.1,0.489,0.449
PL-2024-25-12436923,Jornada 3,2024-09-01,Newcastle,1,Tottenham,2,1,2.0,0.0,9,3,3,3,1,,,0.0,2.0,,,,,,2.0,7,2.0,8,37,,14,34,70.1,183,261,,,12,,,,13,,,,41.7,5,12,,14,,,17,8,9,,31,1,0.0,0,6.0,,,,,1.0,,0.0,4.0,,16,,,0.0,0.0,20,6,6,8,1,,,4.0,7.0,,,,,,2.0,12,4.0,10,61,,50,66,84.2,421,500,,,7,,,,16,,,,14.8,4,27,,7,,,22,16,6,,14,2,0.0,0,1.0,,,,,1.0,,2.0,4.0,,13,,,7.02,7.02,4-3-3,4-2-3-1,4.0,4.0,7.8,6.7,6.0,1.0,0.565,0.136,7.05,7.025,0.5,1.75,5.5,1.5,6.6,7.075,0.333,1.75,5.333,4.5,7.133,7.05,1.667,2.5,0.667,0.0,7.8,7.4,7.5,7.3,7.4,7.3,0.447,0.244
PL-2024-25-12436920,Jornada 3,2024-09-01,Man United,1,Liverpool,0,3,0.0,0.0,8,3,5,0,0,,,1.0,2.0,,,,,,3.0,5,0.0,8,44,,31,53,83.0,421,507,,,15,,,,7,,,,31.6,6,19,,7,,,32,20,12,,10,3,0.0,0,0.0,,,,,0.0,,0.0,4.0,,7,,,3.0,0.0,11,3,7,1,0,,,0.0,1.0,,,,,,6.0,2,2.0,5,40,,30,47,84.3,391,464,,,13,,,,7,,,,50.0,3,6,,10,,,24,17,7,,28,0,0.0,1,3.0,,,,,1.0,,1.0,1.0,,7,,,6.27,7.35,4-2-3-1,4-2-3-1,4.0,4.0,6.1,7.7,0.0,3.0,-0.563,0.645,6.475,7.025,3.75,2.0,2.0,4.0,6.0,7.8,0.0,1.4,4.333,6.4,6.333,6.0,1.0,1.0,0.0,0.0,7.1,9.2,7.0,8.0,7.0,7.7,0.62,0.814
PL-2024-25-12436949,Jornada 4,2024-09-14,Southampton,1,Man United,0,3,0.0,0.0,6,4,1,1,0,,,0.0,0.0,,,,,,3.0,0,,4,37,,18,44,87.7,421,480,,,13,,,,12,,,,14.3,1,7,,11,,,21,14,7,,16,3,0.0,0,7.0,,,0.0,,1.0,,,1.0,1.0,11,,,2.0,1.0,20,10,3,7,0,,,4.0,4.0,,,,,,5.0,7,,14,53,,38,56,91.0,556,611,,,18,,,,11,,,,22.2,2,9,,12,,,22,13,9,,11,0,0.0,1,3.0,,,1.0,,0.0,,,4.0,0.0,14,,,6.61,7.57,4-2-3-1,4-2-3-1,4.0,4.0,7.5,7.9,7.0,3.0,1.044,1.011,6.7,7.725,2.25,1.25,2.75,2.5,6.56,7.367,0.4,1.333,2.6,3.0,5.6,7.467,3.0,2.667,0.0,0.333,7.5,8.6,7.3,8.3,7.2,7.9,0.533,0.515
PL-2024-25-12436936,Jornada 4,2024-09-14,Brighton,1,Ipswich,0,0,0.0,0.0,21,6,5,10,0,,,2.0,9.0,,,,,,3.0,9,1.0,10,70,,39,69,86.0,490,570,,,28,,,,16,,,,17.2,5,29,,9,,,19,11,8,,6,0,0.0,1,1.0,,,,,1.0,,0.0,4.0,,14,,,0.0,0.0,6,1,4,1,1,,,1.0,2.0,,,,,,1.0,2,3.0,8,34,,8,31,70.5,184,261,,,15,,,,14,,,,33.3,2,6,,11,,,25,14,11,,34,0,0.0,1,6.0,,,,,3.0,,3.0,3.0,,16,,,7.1,7.17,4-4-2,4-2-3-1,4.0,4.0,7.0,9.1,1.0,6.0,0.069,2.454,7.433,7.8,1.333,4.0,1.333,5.75,7.0,6.48,1.167,0.2,4.0,3.8,6.8,6.2,4.0,1.0,0.0,0.0,7.7,9.1,7.5,8.1,7.4,7.8,0.416,0.912
PL-2024-25-12436938,Jornada 4,2024-09-14,Crystal Palace,1,Leicester,2,2,2.0,0.0,20,4,6,10,0,,,0.0,4.0,,,,,,4.0,5,3.0,4,67,,41,67,84.5,503,595,,,39,,,,14,,,,18.5,5,27,,8,,,24,15,9,,12,2,0.0,0,2.0,,,,,0.0,,0.0,0.0,,11,,,2.0,0.0,9,4,4,1,0,,,0.0,2.0,,,,,,3.0,2,0.0,11,45,,16,33,69.3,203,293,,,17,,,,10,,,,25.0,2,8,,8,,,19,8,11,,20,2,0.0,0,2.0,,,,,1.0,,1.0,3.0,,15,,,7.18,7.01,3-4-2-1,4-2-3-1,3.0,4.0,6.6,6.9,2.0,2.0,0.207,-0.175,6.933,6.925,2.333,2.0,2.667,2.5,7.26,7.1,2.2,1.5,6.4,5.5,7.65,7.05,5.0,1.5,1.0,0.5,8.0,8.3,7.6,7.5,7.5,7.3,0.379,0.504
PL-2024-25-12436941,Jornada 4,2024-09-14,Fulham,1,West Ham,1,1,1.0,0.0,21,5,8,8,0,,,1.0,3.0,,,,,,4.0,3,3.0,12,47,,29,55,80.0,316,395,,,26,,,,18,,,,40.9,9,22,,13,,,30,19,11,,21,1,0.0,0,2.0,,,,,,,,2.0,,15,,,1.0,0.0,11,3,5,3,0,,,0.0,4.0,,,,,,1.0,2,2.0,9,45,,13,45,77.5,258,333,,,18,,,,15,,,,31.2,5,16,,10,,,18,10,8,,24,1,0.0,0,4.0,,,,,,,,3.0,,18,,,7.16,6.86,4-2-3-1,4-2-3-1,4.0,4.0,6.5,6.9,2.0,4.0,-0.118,-0.208,7.375,7.0,3.25,1.25,4.5,4.5,7.05,6.86,1.75,1.0,3.25,3.0,7.3,6.3,3.0,1.0,0.5,0.0,7.5,7.4,7.5,7.2,7.4,7.1,0.308,0.305
PL-2024-25-12436944,Jornada 4,2024-09-14,Liverpool,1,Nottm Forest,0,1,0.0,0.0,14,5,6,3,1,,,1.0,3.0,,,,,,1.0,7,0.0,6,71,,34,69,83.9,506,603,,,25,,,,6,,,,47.4,9,19,,11,,,12,8,4,,16,1,0.0,0,2.0,,,,,,,0.0,4.0,,15,,,0.0,1.0,5,3,2,0,0,,,0.0,1.0,,,,,,2.0,2,5.0,6,60,,5,31,69.2,189,273,,,22,,,,15,,,,,0,6,,11,,,22,15,7,,30,0,0.0,1,5.0,,,,,,,1.0,4.0,,6,,,6.93,6.95,4-2-3-1,4-2-3-1,4.0,4.0,6.7,7.8,2.0,5.0,-0.264,0.572,6.925,7.175,1.0,3.0,3.25,2.5,7.08,6.76,1.2,0.4,4.0,4.4,6.4,6.2,3.0,1.0,0.0,0.0,7.6,7.8,7.4,7.3,7.2,7.2,0.357,0.425
PL-2024-25-12436946,Jornada 4,2024-09-14,Man City,1,Brentford,2,1,2.0,0.0,18,7,6,5,1,,,2.0,6.0,,,,,,2.0,12,1.0,3,52,,51,54,89.2,485,544,,,25,,,,3,,,,6.7,1,15,,5,,,12,5,7,,12,1,0.0,0,5.0,,,,,0.0,,1.0,3.0,,9,,,1.0,0.0,8,5,2,1,1,,,0.0,2.0,,,,,,1.0,3,1.0,3,36,,20,46,85.0,398,468,,,29,,,,8,,,,50.0,6,12,,9,,,20,15,5,,22,2,0.0,0,5.0,,,,,1.0,,1.0,1.0,,3,,,7.2,6.96,4-2-3-1,5-3-2,4.0,5.0,7.6,7.9,5.0,5.0,1.279,0.088,6.825,6.72,1.25,2.2,1.5,2.8,7.18,6.967,2.2,0.667,2.8,3.667,8.4,7.1,6.0,1.0,2.0,0.5,8.4,7.9,7.6,7.5,7.5,7.2,0.556,0.456
PL-2024-25-12436933,Jornada 4,2024-09-14,Aston Villa,1,Everton,3,2,2.0,1.0,17,8,6,3,0,,,1.0,2.0,,,,,,6.0,6,1.0,6,97,,31,73,90.5,602,665,,,20,,,,12,,,,33.3,7,21,,4,,,20,15,5,,9,2,0.0,0,0.0,,,,,2.0,,0.0,1.0,,10,,,1.0,1.0,6,2,3,1,1,,,0.0,0.0,,,,,,2.0,2,3.0,7,39,,15,27,75.8,182,240,,,21,,,,10,,,,50.0,6,12,,6,,,24,16,8,,28,3,0.0,0,4.0,,,,,0.0,,1.0,4.0,,12,,,7.01,6.77,4-2-3-1,4-2-3-1,4.0,4.0,6.3,6.9,0.0,4.0,-0.858,-0.642,7.067,6.675,1.333,2.75,2.333,4.25,6.817,6.95,0.833,0.75,2.833,4.0,8.7,6.55,6.0,1.5,2.0,0.5,8.7,8.4,7.6,6.9,7.5,6.9,0.687,0.556
PL-2024-25-12436931,Jornada 4,2024-09-14,Bournemouth,1,Chelsea,0,1,0.0,0.0,19,7,8,4,2,,,2.0,7.0,,,,,,1.0,6,4.0,9,57,,28,33,69.9,193,276,,,22,,,,8,,,,23.5,4,17,,10,,,14,8,6,,18,1,0.0,0,2.0,,,0.0,,0.0,,1.0,6.0,,16,,,1.0,0.0,10,3,3,4,0,,,1.0,3.0,,,,,,1.0,3,3.0,12,50,,21,67,85.3,494,579,,,19,,,,16,,,,12.5,1,8,,6,,,12,7,5,,18,0,0.0,1,7.0,,,1.0,,1.0,,1.0,8.0,,9,,,6.92,7.15,4-2-3-1,4-2-3-1,4.0,4.0,7.0,8.9,2.0,7.0,0.173,2.479,6.725,7.16,2.0,1.0,3.0,2.2,7.04,6.9,1.6,0.5,5.6,4.25,7.0,6.4,3.0,3.0,0.0,0.0,7.4,8.9,7.1,7.6,7.1,7.5,0.221,0.671
PL-2024-25-12436951,Jornada 4,2024-09-15,Tottenham,1,Arsenal,0,1,0.0,0.0,15,5,4,6,0,,,1.0,4.0,,,,,,0.0,7,2.0,7,62,,29,64,88.5,437,494,,,14,,,,10,,,,25.8,8,31,,9,,,20,13,7,,24,1,0.0,0,3.0,,,,,0.0,,2.0,5.0,,13,,,1.0,0.0,7,4,0,3,0,,,0.0,0.0,,,,,,2.0,6,3.0,12,37,,24,36,75.5,213,282,,,19,,,,13,,,,30.8,4,13,,9,,,21,12,9,,32,0,0.0,1,5.0,,,,,2.0,,0.0,3.0,,10,,,7.02,7.25,4-3-3,4-4-2,4.0,4.0,7.2,8.3,3.0,5.0,0.381,0.281,7.125,7.25,2.5,2.25,4.25,4.0,6.9,6.65,1.0,0.0,3.0,4.0,6.933,7.3,2.333,1.25,0.0,0.0,7.5,8.3,7.4,8.0,7.4,7.5,0.313,0.552
PL-2024-25-12436954,Jornada 4,2024-09-15,Wolves,1,Newcastle,1,2,1.0,0.0,12,5,5,2,1,,,1.0,1.0,,,,,,2.0,4,3.0,15,50,,27,49,83.6,362,433,,,28,,,,6,,,,23.8,5,21,,10,,,23,14,9,,18,2,0.0,0,4.0,,,,,1.0,,,3.0,,17,,,0.0,2.0,14,6,4,4,1,,,2.0,2.0,,,,,,2.0,7,2.0,12,63,,23,51,88.1,415,471,,,13,,,,16,,,,15.4,2,13,,5,,,14,9,5,,22,1,0.0,0,4.0,,,,,1.0,,,3.0,,6,,,7.03,6.89,4-4-1-1,4-3-3,4.0,4.0,7.0,7.3,4.0,4.0,-0.259,0.257,6.825,7.15,2.5,2.25,4.0,3.25,7.275,6.567,1.0,0.333,5.0,2.0,6.95,6.733,3.0,1.333,0.0,0.0,8.2,7.6,7.2,7.3,7.1,7.2,0.443,0.396
PL-2024-25-12436980,Jornada 5,2024-09-21,West Ham,1,Chelsea,0,3,0.0,0.0,15,7,3,5,0,,,2.0,5.0,,,,,,0.0,6,2.0,9,68,,36,53,89.2,444,498,,,20,,,,9,,,,20.7,6,29,,8,,,16,6,10,,10,3,0.0,0,2.0,,,,,0.0,,1.0,5.0,,17,,,3.0,0.0,12,5,4,3,0,,,0.0,1.0,,,,,,5.0,5,1.0,6,37,,32,47,86.6,393,454,,,23,,,,17,,,,37.5,3,8,,8,,,19,9,10,,34,0,0.0,1,7.0,,,,,3.0,,2.0,2.0,,9,,,6.75,7.51,3-4-3,4-2-3-1,3.0,4.0,6.7,8.9,2.0,7.0,-0.265,0.819,6.8,7.125,2.0,1.25,1.25,5.75,6.733,7.24,0.5,1.4,2.5,4.4,,9.0,,4.0,,2.0,7.5,9.0,7.1,8.9,7.0,8.3,0.326,0.827
PL-2024-25-12436957,Jornada 5,2024-09-21,Aston Villa,1,Wolves,3,1,3.0,0.0,9,4,2,3,0,,,0.0,3.0,,,,,,5.0,6,1.0,9,58,,31,53,87.9,393,447,,,8,,,,15,,,,23.5,4,17,,5,,,15,10,5,,15,1,0.0,0,3.0,,,,,,,,3.0,,11,,,0.0,1.0,10,4,1,5,0,,,0.0,1.0,,,,,,0.0,5,5.0,7,26,,19,47,85.7,341,398,,,21,,,,11,,,,54.5,6,11,,10,,,23,9,14,,19,3,0.0,0,0.0,,,,,,,,6.0,,16,,,7.05,6.76,4-2-3-1,4-1-4-1,4.0,4.0,6.8,6.0,3.0,0.0,0.124,-1.239,6.9,6.725,0.5,1.25,2.25,3.0,7.24,6.8,1.2,0.5,3.6,2.75,6.9,7.15,3.0,1.5,1.0,0.5,8.2,7.8,7.7,7.4,7.6,7.2,0.523,0.526
PL-2024-25-12436964,Jornada 5,2024-09-21,Fulham,1,Newcastle,3,1,3.0,0.0,22,11,9,2,1,,,2.0,2.0,,,,,,5.0,6,1.0,4,54,,38,39,82.3,283,344,,,12,,,,8,,,,41.2,7,17,,6,,,19,9,10,,21,1,0.0,0,4.0,,,,,1.0,,,6.0,,16,,,1.0,0.0,16,5,8,3,0,,,0.0,3.0,,,,,,1.0,0,6.0,7,52,,21,61,90.4,506,560,,,18,,,,16,,,,33.3,4,12,,10,,,9,5,4,,15,3,0.0,0,8.0,,,,,0.0,,,0.0,,8,,,7.05,6.76,4-2-3-1,4-3-3,4.0,4.0,6.4,7.3,4.0,8.0,0.038,0.167,6.9,6.575,0.75,0.5,4.25,2.75,7.275,6.567,2.25,1.0,2.0,2.667,7.2,7.033,2.5,2.667,0.5,0.333,7.7,7.8,7.7,7.3,7.4,6.7,0.385,0.396
PL-2024-25-12436967,Jornada 5,2024-09-21,Leicester,1,Everton,1,1,1.0,0.0,12,2,7,3,0,,,0.0,2.0,,,,,,2.0,6,2.0,8,55,,29,59,84.6,389,460,,,25,,,,12,,,,27.6,8,29,,4,,,24,17,7,,13,1,0.0,0,4.0,,,,,1.0,,0.0,1.0,,11,,,1.0,0.0,17,5,6,6,1,,,0.0,3.0,,,,,,3.0,1,5.0,7,53,,25,41,80.9,271,335,,,27,,,,11,,,,28.6,4,14,,9,,,18,13,5,,30,1,0.0,0,1.0,,,,,2.0,,1.0,2.0,,12,,,7.26,7.01,4-2-3-1,4-2-3-1,4.0,4.0,7.4,7.1,4.0,1.0,0.475,-0.031,7.2,6.967,2.5,1.0,3.25,6.333,7.6,7.083,1.75,1.5,4.25,5.5,6.65,6.6,1.0,5.0,0.0,0.0,8.4,7.8,7.9,7.4,7.7,7.2,0.53,0.35
PL-2024-25-12436969,Jornada 5,2024-09-21,Liverpool,1,Bournemouth,3,0,3.0,0.0,19,13,3,3,1,,,3.0,2.0,,,,,,4.0,3,0.0,16,57,,33,59,88.9,519,584,,,24,,,,11,,,,25.0,2,8,,6,,,20,14,6,,21,0,0.0,1,7.0,,,,,1.0,,0.0,1.0,,10,,,0.0,0.0,19,6,9,4,1,,,1.0,6.0,,,,,,2.0,9,3.0,11,42,,32,41,85.3,332,389,,,24,,,,9,,,,16.7,4,24,,7,,,20,11,9,,16,3,0.0,0,9.0,,,,,1.0,,1.0,4.0,,12,,,7.83,6.81,4-2-3-1,4-2-3-1,4.0,4.0,8.6,7.9,7.0,9.0,1.529,0.838,7.625,6.675,1.5,2.0,3.5,2.5,7.9,6.62,2.0,1.2,4.4,4.0,7.5,7.2,3.0,2.0,1.0,0.0,8.8,7.9,8.6,7.4,8.2,7.2,0.541,0.547
PL-2024-25-12436973,Jornada 5,2024-09-21,Southampton,1,Ipswich,1,1,1.0,0.0,11,3,5,3,1,,,0.0,2.0,,,,,,4.0,2,3.0,10,43,,23,54,87.0,428,492,,,15,,,,16,,,,,0,9,,15,,,16,7,9,,33,1,0.0,0,5.0,,,,,1.0,,,4.0,,16,,,0.0,1.0,13,6,4,3,0,,,1.0,3.0,,,,,,2.0,10,1.0,8,46,,24,46,85.6,350,409,,,17,,,,16,,,,21.7,5,23,,13,,,17,8,9,,15,1,0.0,0,2.0,,,,,2.0,,,4.0,,16,,,7.15,7.0,4-2-3-1,4-2-3-1,4.0,4.0,7.6,6.8,5.0,2.0,2.053,0.234,7.175,7.1,1.75,1.75,5.75,2.5,7.32,7.04,1.2,1.4,3.6,2.6,5.7,6.6,3.0,1.0,0.0,0.0,8.0,7.7,7.6,7.4,7.5,7.3,0.56,0.455
PL-2024-25-12436977,Jornada 5,2024-09-21,Tottenham,1,Brentford,3,1,3.0,0.0,23,10,3,10,0,,,1.0,3.0,,,,,,7.0,9,1.0,11,51,,61,48,81.8,355,434,,,20,,,,8,,,,17.4,4,23,,17,,,18,11,7,,20,1,0.0,0,5.0,,,,,3.0,,1.0,3.0,,11,,,1.0,0.0,6,6,0,0,0,,,1.0,0.0,,,,,,2.0,4,2.0,8,47,,18,52,80.4,393,489,,,37,,,,11,,,,8.3,1,12,,11,,,27,16,11,,26,3,0.0,0,6.0,,,,,1.0,,0.0,1.0,,9,,,7.39,6.9,4-3-3,5-3-2,4.0,5.0,8.0,7.4,5.0,6.0,0.539,-1.022,7.075,6.72,3.0,2.6,2.75,3.4,7.567,6.967,2.0,0.333,6.0,5.667,7.433,7.0,3.667,1.5,0.667,0.5,8.7,7.6,8.7,7.4,8.0,7.3,0.737,0.413
PL-2024-25-12436962,Jornada 5,2024-09-21,Crystal Palace,1,Man United,0,0,0.0,0.0,9,4,3,2,0,,,1.0,1.0,,,,,,3.0,4,1.0,4,34,,16,33,70.6,221,313,,,24,,,,11,,,,42.9,6,14,,13,,,22,10,12,,30,0,0.0,1,7.0,,,,,3.0,,,3.0,,7,,,0.0,0.0,15,6,5,4,3,,,0.0,3.0,,,,,,5.0,11,0.0,7,72,,33,67,85.6,547,639,,,14,,,,6,,,,13.0,3,23,,9,,,14,8,6,,14,0,0.0,1,4.0,,,,,0.0,,,2.0,,12,,,7.08,7.18,3-4-2-1,4-2-3-1,3.0,4.0,8.9,7.6,7.0,4.0,1.901,0.519,7.3,7.375,2.333,1.25,5.667,2.25,6.72,7.333,0.8,1.667,4.6,4.333,6.75,6.633,1.0,2.0,0.0,0.0,8.9,7.9,7.4,7.8,7.3,7.6,0.689,0.527
PL-2024-25-12436959,Jornada 5,2024-09-22,Brighton,1,Nottm Forest,2,2,1.0,1.0,14,3,4,7,0,,,0.0,5.0,,,,,,2.0,9,0.0,10,64,,31,70,87.6,475,542,,,17,,,,11,,,,20.9,9,43,,7,,,12,5,7,,9,2,0.0,0,2.0,,,,,1.0,,1.0,3.0,0.0,12,,,2.0,0.0,4,3,0,1,0,,,0.0,0.0,,,,,,2.0,1,4.0,8,44,,14,30,69.0,169,245,,,14,,,,11,,,,,0,4,,8,,,18,8,10,,48,2,0.0,0,1.0,,,,,0.0,,0.0,6.0,1.0,11,,,6.95,6.59,4-2-3-1,4-2-3-1,4.0,4.0,7.1,6.0,2.0,1.0,-0.317,-0.906,6.9,6.625,1.0,1.25,1.0,8.0,6.917,6.675,1.333,0.5,2.833,3.25,7.2,6.65,3.0,0.5,1.0,0.5,7.3,7.2,7.3,7.2,7.2,7.1,0.268,0.5
PL-2024-25-12436971,Jornada 5,2024-09-22,Man City,1,Arsenal,2,2,2.0,0.0,33,11,9,13,1,,,3.0,15.0,,,,,,5.0,8,0.0,10,54,,55,77,91.3,644,705,,,21,,,,10,,,,25.0,6,24,,3,,,10,5,5,,9,2,0.0,0,1.0,,,,,0.0,,,3.0,0.0,7,,,1.0,1.0,5,3,2,0,0,,,0.0,0.0,,,,,,3.0,2,1.0,4,34,,8,23,71.2,148,208,,,14,,,,6,,,,42.9,3,7,,4,,,16,10,6,,37,2,0.0,0,9.0,,,,,3.0,,,6.0,1.0,10,,,7.21,6.93,4-3-3,4-4-2,4.0,4.0,6.2,8.6,1.0,9.0,-0.533,0.22,7.55,7.125,1.75,2.5,2.25,5.25,7.08,6.4,1.8,0.0,2.2,4.5,7.5,6.575,6.0,0.5,1.0,0.0,7.9,8.6,7.8,7.6,7.7,7.5,0.485,0.746
PL-2024-25-12436999,Jornada 6,2024-09-28,Newcastle,1,Man City,1,1,1.0,0.0,11,4,3,4,0,,,0.0,1.0,,,,,,2.0,5,1.0,8,45,,25,38,78.9,261,331,,,23,,,,10,,,,31.2,5,16,,10,,,15,7,8,,21,1,0.0,0,5.0,,,,,1.0,,,4.0,,14,,,1.0,0.0,16,6,4,6,0,,,1.0,3.0,,,,,,1.0,6,0.0,13,53,,40,62,87.8,490,558,,,18,,,,14,,,,10.5,2,19,,7,,,15,11,4,,20,1,0.0,0,3.0,,,,,0.0,,,4.0,,10,,,7.05,7.23,4-3-3,4-2-3-1,4.0,4.0,7.3,6.8,5.0,3.0,0.365,0.141,6.95,7.06,1.0,1.2,2.75,2.2,7.033,7.575,1.0,2.25,5.333,4.0,7.1,7.1,1.667,5.0,0.333,0.0,7.6,8.0,7.3,7.8,7.3,7.7,0.268,0.447
PL-2024-25-12436985,Jornada 6,2024-09-28,Arsenal,1,Leicester,4,2,3.0,0.0,35,16,10,9,1,,,4.0,4.0,,,,,,9.0,17,0.0,18,62,,77,75,89.2,592,664,,,17,,,,6,,,,23.7,9,38,,4,,,19,12,7,,8,2,0.0,0,1.0,,,,,0.0,,0.0,2.0,,11,,,2.0,0.0,5,3,1,1,0,,,0.0,0.0,,,,,,0.0,0,1.0,4,18,,11,25,73.7,171,232,,,17,,,,11,,,,50.0,2,4,,6,,,24,14,10,,63,4,0.0,0,13.0,,,,,1.0,,3.0,4.0,,6,,,7.6,7.0,4-4-2,4-2-3-1,4.0,4.0,6.1,9.7,1.0,13.0,-1.786,1.744,7.475,7.1,2.25,2.5,2.0,9.75,7.7,6.48,1.5,0.8,8.5,2.8,8.05,6.5,5.5,0.0,0.75,0.0,9.4,9.7,8.4,8.6,8.3,7.0,0.893,1.077
PL-2024-25-12436987,Jornada 6,2024-09-28,Brentford,1,West Ham,1,1,1.0,0.0,8,3,2,3,0,,,2.0,2.0,,,,,,1.0,7,1.0,4,69,,22,57,80.5,425,528,,,23,,,,8,,,,17.9,5,28,,10,,,25,15,10,,20,1,0.0,0,2.0,,,,,1.0,,1.0,2.0,,2,,,1.0,0.0,19,3,10,6,0,,,0.0,7.0,,,,,,1.0,6,2.0,10,54,,39,43,79.2,316,399,,,34,,,,2,,,,25.0,4,16,,10,,,17,7,10,,37,1,0.0,0,2.0,,,,,0.0,,0.0,3.0,,11,,,7.04,6.92,4-4-2,4-1-4-1,4.0,4.0,7.0,6.7,2.0,2.0,0.283,0.252,6.92,6.875,1.6,1.5,2.4,3.0,6.967,6.96,0.333,2.0,3.667,3.6,7.45,7.1,2.5,3.0,0.5,0.0,7.8,7.9,7.3,7.3,7.1,7.1,0.29,0.4
PL-2024-25-12436989,Jornada 6,2024-09-28,Chelsea,1,Brighton,4,2,3.0,1.0,15,7,5,3,2,,,0.0,1.0,,,,,,7.0,8,6.0,15,38,,27,41,76.6,288,376,,,19,,,,8,,,,27.3,3,11,,7,,,22,13,9,,17,2,0.0,0,4.0,,,,,,,,3.0,,11,,,2.0,0.0,15,5,5,5,0,,,2.0,5.0,,,,,,3.0,2,2.0,11,68,,28,59,86.2,476,552,,,19,,,,11,,,,25.0,4,16,,12,,,16,8,8,,12,4,0.0,0,2.0,,,,,,,,2.0,,8,,,6.95,6.56,4-2-3-1,4-3-3,4.0,4.0,5.8,5.5,4.0,2.0,-0.622,-0.901,6.475,6.275,1.75,1.25,3.25,2.0,7.58,7.02,1.6,1.0,4.6,5.2,6.8,6.5,5.0,3.0,0.0,0.0,10.0,8.6,7.6,7.2,7.3,7.1,1.074,0.791
PL-2024-25-12436992,Jornada 6,2024-09-28,Everton,1,Crystal Palace,2,1,1.0,1.0,8,2,4,2,0,,,0.0,2.0,,,,,,1.0,5,2.0,8,53,,16,40,74.6,259,347,,,27,,,,9,,,,30.4,7,23,,16,,,14,5,9,,22,1,0.0,0,3.0,,,,,3.0,,0.0,2.0,,13,,,1.0,0.0,17,5,5,7,0,,,2.0,4.0,,,,,,1.0,8,0.0,5,63,,31,60,81.3,435,535,,,29,,,,13,,,,15.0,3,20,,8,,,25,17,8,,26,2,0.0,0,0.0,,,,,0.0,,2.0,0.0,,11,,,7.15,7.15,4-2-3-1,3-4-3,4.0,3.0,7.3,6.3,3.0,0.0,-0.291,-1.412,7.1,8.15,1.25,2.5,4.75,7.5,7.32,7.15,1.0,1.333,5.6,5.667,6.3,6.6,2.0,1.5,0.0,0.0,8.0,8.7,7.7,7.6,7.6,7.5,0.468,0.643
PL-2024-25-12437001,Jornada 6,2024-09-28,Nottm Forest,1,Fulham,0,1,0.0,0.0,11,1,5,5,0,,,1.0,4.0,,,,,,0.0,6,7.0,4,43,,33,41,79.2,278,351,,,11,,,,15,,,,19.2,5,26,,9,,,8,3,5,,22,1,0.0,0,1.0,,,,,0.0,,1.0,2.0,,11,,,1.0,0.0,14,2,5,7,0,,,0.0,4.0,,,,,,1.0,5,1.0,9,60,,24,59,87.1,459,527,,,18,,,,11,,,,17.4,4,23,,9,,,7,2,5,,40,0,0.0,1,1.0,,,,,1.0,,1.0,4.0,,15,,,6.81,7.24,4-4-2,4-2-3-1,4.0,4.0,6.7,7.1,1.0,1.0,-0.217,0.01,6.75,7.4,0.5,1.0,3.0,6.25,7.0,7.175,0.5,1.75,3.25,2.5,6.6,7.1,0.5,2.0,0.0,0.5,7.3,7.8,7.2,7.5,7.0,7.4,0.294,0.271
PL-2024-25-12437002,Jornada 6,2024-09-28,Wolves,1,Liverpool,1,2,1.0,0.0,8,3,3,2,0,,,0.0,2.0,,,,,,1.0,2,1.0,7,36,,18,45,83.8,357,426,,,21,,,,8,,,,20.0,3,15,,9,,,14,11,3,,23,2,0.0,0,4.0,,,,,2.0,,,2.0,,16,,,2.0,0.0,10,6,3,1,0,,,1.0,1.0,,,,,,3.0,10,2.0,4,48,,38,55,85.2,455,534,,,15,,,,15,,,,28.6,6,21,,7,,,10,9,1,,10,1,0.0,0,2.0,,,,,1.0,,,3.0,,8,,,6.81,6.95,4-1-4-1,4-2-3-1,4.0,4.0,7.4,7.0,4.0,2.0,-0.477,0.121,6.725,6.925,1.75,0.5,3.75,1.5,6.7,6.92,0.25,0.8,4.75,4.6,6.9,7.2,1.5,0.0,0.0,0.0,7.5,7.5,7.4,7.3,7.2,7.2,0.406,0.317
PL-2024-25-12436993,Jornada 6,2024-09-29,Ipswich,1,Aston Villa,2,2,2.0,0.0,15,5,6,4,0,,,2.0,3.0,,,,,,4.0,10,2.0,10,54,,22,44,85.0,347,408,,,20,,,,14,,,,17.6,3,17,,7,,,18,9,9,,15,2,0.0,0,1.0,,,,,0.0,,,4.0,,10,,,2.0,0.0,7,3,4,0,0,,,1.0,2.0,,,,,,2.0,0,1.0,5,83,,18,56,88.6,480,542,,,25,,,,10,,,,25.0,1,4,,5,,,15,9,6,,16,2,0.0,0,3.0,,,,,1.0,,,1.0,,14,,,6.88,6.91,4-2-3-1,4-2-3-1,4.0,4.0,6.3,6.8,1.0,3.0,-0.831,0.38,6.725,6.625,1.75,1.25,2.75,1.75,6.88,7.02,1.2,0.6,4.0,3.2,8.1,7.6,3.0,1.0,2.0,1.0,8.1,7.6,7.9,7.5,7.2,7.2,0.626,0.37
PL-2024-25-12436995,Jornada 6,2024-09-29,Man United,1,Tottenham,0,3,0.0,0.0,11,2,5,4,1,,,1.0,0.0,,,,,,0.0,5,2.0,2,54,,25,39,79.0,312,395,,,28,,,,14,,,,28.6,6,21,,17,,,27,15,12,,16,3,0.0,0,7.0,,,,,1.0,,,5.0,1.0,16,,,3.0,0.0,24,10,7,7,1,,,2.0,4.0,,,,,,9.0,3,1.0,6,48,,45,61,88.4,562,636,,,16,,,,16,,,,40.0,6,15,,11,,,7,6,1,,14,0,0.0,1,2.0,,,,,1.0,,,3.0,0.0,14,,,6.75,7.42,4-2-3-1,4-3-3,4.0,4.0,7.8,7.2,7.0,2.0,0.456,0.275,6.7,7.425,2.25,0.75,2.5,1.5,6.467,7.833,0.333,4.0,1.667,4.333,6.733,7.067,1.333,3.0,0.0,0.667,7.8,9.0,7.2,8.1,7.0,7.7,0.498,0.686
PL-2024-25-12436982,Jornada 6,2024-09-30,Bournemouth,1,Southampton,3,1,3.0,0.0,14,6,2,6,0,,,2.0,3.0,,,,,,1.0,6,1.0,8,54,,27,40,80.7,305,378,,,20,,,,11,,,,5.3,1,19,,11,,,20,8,12,,17,1,0.0,0,2.0,,,,,1.0,,0.0,2.0,,19,,,1.0,0.0,9,3,3,3,0,,,1.0,2.0,,,,,,1.0,4,1.0,7,48,,16,60,86.5,499,577,,,23,,,,19,,,,21.4,3,14,,8,,,20,12,8,,22,3,0.0,0,3.0,,,,,1.0,,1.0,5.0,,12,,,7.21,6.73,4-2-3-1,4-2-3-1,4.0,4.0,7.0,6.5,2.0,3.0,0.281,-1.377,6.8,7.1,2.0,1.75,2.75,3.5,7.54,6.5,1.8,1.0,5.2,2.6,7.4,6.6,2.0,1.0,1.0,0.0,7.9,8.0,7.6,7.2,7.5,6.9,0.401,0.479
PL-2024-25-12437015,Jornada 7,2024-10-05,Crystal Palace,1,Liverpool,0,1,0.0,0.0,9,5,4,0,0,,,2.0,4.0,,,,,,2.0,3,1.0,4,47,,9,32,69.7,209,300,,,20,,,,15,,,,11.1,1,9,,5,,,8,6,2,,25,1,0.0,0,3.0,,,,,,,0.0,4.0,,7,,,1.0,0.0,16,4,7,5,0,,,2.0,6.0,,,,,,4.0,8,0.0,8,69,,28,68,85.5,549,642,,,31,,,,7,,,,25.0,4,16,,13,,,13,6,7,,16,0,0.0,1,5.0,,,,,,,2.0,2.0,,15,,,6.74,7.35,3-4-3,4-2-3-1,3.0,4.0,6.7,7.3,3.0,4.0,-0.477,1.128,7.0,7.625,0.333,1.75,3.667,2.0,6.6,7.3,0.4,2.0,4.6,3.8,6.7,6.6,1.0,3.0,0.0,1.0,7.2,8.6,7.1,8.1,6.9,7.7,0.25,0.573
PL-2024-25-12437004,Jornada 7,2024-10-05,Arsenal,1,Southampton,3,1,3.0,0.0,29,6,13,10,1,,,1.0,8.0,,,,,,4.0,13,1.0,14,61,,65,59,90.1,483,536,,,19,,,,9,,,,18.8,6,32,,9,,,16,12,4,,10,1,0.0,0,1.0,,,,,,,0.0,0.0,,10,,,1.0,0.0,8,2,1,5,2,,,1.0,2.0,,,,,,2.0,1,0.0,6,32,,8,41,85.3,337,395,,,13,,,,10,,,,14.3,1,7,,9,,,15,10,5,,33,3,0.0,0,3.0,,,,,,,1.0,3.0,,9,,,7.41,6.47,4-4-2,5-4-1,4.0,5.0,6.5,6.7,1.0,3.0,-0.354,-0.344,7.067,6.3,1.0,1.0,0.333,5.0,7.267,6.58,1.667,0.6,4.333,2.8,8.0,6.4,4.75,0.0,0.5,0.0,9.9,7.0,7.9,6.9,7.7,6.8,0.882,0.374
PL-2024-25-12437008,Jornada 7,2024-10-05,Brentford,1,Wolves,5,3,5.0,0.0,19,12,4,3,0,,,2.0,3.0,,,,,,8.0,10,5.0,5,51,,46,44,77.5,283,365,,,28,,,,9,,,,48.1,13,27,,6,,,16,8,8,,32,3,0.0,0,3.0,,,,,1.0,,1.0,2.0,,9,,,3.0,0.0,17,6,7,4,0,,,2.0,5.0,,,,,,1.0,3,1.0,2,59,,31,56,78.7,376,478,,,24,,,,9,,,,20.0,4,20,,5,,,17,15,2,,22,5,0.0,0,7.0,,,,,0.0,,0.0,3.0,,10,,,7.31,6.84,4-2-3-1,4-1-4-1,4.0,4.0,6.5,7.2,3.0,7.0,-1.581,-0.183,7.1,6.6,1.6,1.0,4.0,3.0,7.625,6.675,2.0,1.5,5.25,3.75,7.9,7.45,2.0,3.0,1.0,1.0,8.7,7.9,8.2,7.5,7.9,7.2,0.733,0.509
PL-2024-25-12437020,Jornada 7,2024-10-05,Leicester,1,Bournemouth,1,0,1.0,0.0,6,2,3,1,0,,,1.0,2.0,,,,,,2.0,0,2.0,6,49,,13,44,76.1,280,368,,,33,,,,14,,,,16.7,1,6,,7,,,14,10,4,,36,0,0.0,1,2.0,,,,,2.0,,,4.0,,12,,,0.0,0.0,19,2,11,6,2,,,1.0,3.0,,,,,,5.0,9,1.0,9,63,,34,56,81.7,362,443,,,20,,,,11,,,,26.7,8,30,,6,,,22,14,8,,20,1,0.0,0,1.0,,,,,1.0,,,1.0,,14,,,7.05,6.96,4-2-3-1,4-2-3-1,4.0,4.0,7.2,6.7,2.0,1.0,0.775,-0.197,7.25,6.775,1.0,1.25,6.25,3.25,7.0,7.22,0.5,1.6,5.25,4.0,6.65,6.7,1.0,3.0,0.0,0.0,8.1,7.6,7.6,7.6,7.4,7.3,0.505,0.355
PL-2024-25-12437022,Jornada 7,2024-10-05,Man City,1,Fulham,3,2,1.0,2.0,20,7,5,8,0,,,1.0,7.0,,,,,,1.0,8,0.0,11,56,,39,58,90.7,575,634,,,11,,,,10,,,,37.5,6,16,,4,,,10,7,3,,19,2,0.0,0,2.0,,,,,0.0,,,2.0,,4,,,2.0,0.0,11,4,3,4,0,,,1.0,1.0,,,,,,5.0,3,3.0,5,53,,26,42,86.7,392,452,,,26,,,,4,,,,26.7,4,15,,7,,,23,9,14,,22,3,0.0,0,4.0,,,,,1.0,,,1.0,,10,,,7.29,6.73,4-1-4-1,5-4-1,4.0,5.0,6.6,6.3,2.0,4.0,0.477,-1.715,7.125,6.65,1.25,1.75,3.25,3.25,7.58,6.9,2.2,1.25,3.6,2.5,7.2,6.75,4.0,4.0,0.0,0.0,8.5,7.8,8.3,7.4,7.5,7.2,0.571,0.599
PL-2024-25-12437024,Jornada 7,2024-10-05,West Ham,1,Ipswich,4,1,4.0,0.0,23,13,6,4,2,,,3.0,3.0,,,,,,9.0,5,3.0,8,45,,27,53,87.1,432,496,,,31,,,,5,,,,27.3,3,11,,8,,,19,11,8,,18,1,0.0,0,2.0,,,,,2.0,,1.0,0.0,,12,,,1.0,0.0,9,2,4,3,0,,,0.0,4.0,,,,,,2.0,5,1.0,11,54,,16,47,84.0,361,430,,,25,,,,10,,,,20.0,3,15,,6,,,15,11,4,,14,4,0.0,0,8.0,,,,,5.0,,0.0,1.0,,6,,,7.24,6.73,4-1-4-1,4-2-3-1,4.0,4.0,6.8,7.7,2.0,8.0,-0.346,-0.698,7.05,6.8,2.5,1.75,3.0,2.75,7.48,6.42,2.0,0.4,3.8,2.4,7.2,7.0,4.0,2.0,1.0,1.0,8.7,7.7,8.0,7.0,7.2,7.0,0.565,0.396
PL-2024-25-12437018,Jornada 7,2024-10-05,Everton,1,Newcastle,0,0,0.0,0.0,8,2,5,1,0,,,1.0,5.0,,,,,,2.0,0,2.0,13,58,,13,32,73.5,228,310,,,20,,,,8,,,,22.2,2,9,,10,,,19,11,8,,30,0,0.0,1,3.0,,,1.0,,1.0,,2.0,1.0,,12,,,0.0,0.0,14,3,8,3,0,,,0.0,2.0,,,,,,1.0,10,3.0,6,60,,42,68,86.3,566,656,,,16,,,,11,,,,31.8,7,22,,8,,,25,13,12,,6,0,0.0,1,2.0,,,0.0,,1.0,,1.0,2.0,,8,,,7.05,7.14,4-2-3-1,4-3-3,4.0,4.0,7.7,7.2,3.0,2.0,0.864,0.563,7.3,7.175,2.0,2.25,7.0,1.0,7.04,7.4,1.0,1.0,7.4,6.333,6.35,6.8,1.0,1.0,0.0,0.0,7.7,7.6,7.6,7.4,7.3,7.3,0.46,0.311
PL-2024-25-12437006,Jornada 7,2024-10-06,Aston Villa,1,Man United,0,0,0.0,0.0,11,1,7,3,0,,,1.0,4.0,,,,,,,6,0.0,7,41,,25,54,82.9,345,416,,,11,,,,11,,,,10.0,2,20,,6,,,12,10,2,,14,0,0.0,1,4.0,,,,,1.0,,,1.0,,12,,,0.0,0.0,10,4,4,2,2,,,2.0,4.0,,,,,,,3,1.0,4,54,,11,46,81.8,302,369,,,20,,,,12,,,,33.3,3,9,,12,,,21,12,9,,23,0,0.0,1,1.0,,,,,1.0,,,5.0,,11,,,7.02,7.0,4-2-3-1,4-2-3-1,4.0,4.0,7.7,7.0,4.0,1.0,0.966,0.392,6.9,7.125,1.0,1.75,0.5,2.5,6.98,7.033,1.0,1.0,3.2,5.0,7.0,6.8,2.0,1.667,0.0,0.0,7.7,7.7,7.3,7.3,7.2,7.2,0.313,0.338
PL-2024-25-12437013,Jornada 7,2024-10-06,Chelsea,1,Nottm Forest,1,1,1.0,0.0,22,8,9,5,1,,,1.0,7.0,,,,,,3.0,11,1.0,11,70,,51,66,87.8,519,591,,,21,,,,10,,,,17.2,5,29,,8,,,14,10,4,,17,1,0.0,0,8.0,,,,,1.0,,,6.0,0.0,12,,,1.0,0.0,16,9,1,6,0,,,3.0,4.0,,,,,,4.0,3,3.0,9,43,,22,34,76.1,233,306,,,15,,,,11,,,,27.3,3,11,,6,,,12,6,6,,32,1,0.0,0,7.0,,,,,0.0,,,4.0,1.0,11,,,7.5,6.97,4-2-3-1,4-2-3-1,4.0,4.0,8.5,8.0,8.0,7.0,0.626,0.983,6.95,6.85,0.75,1.25,2.75,4.25,7.9,6.82,2.8,1.2,4.6,3.0,6.7,7.2,1.0,1.0,0.0,1.0,8.8,8.0,8.7,7.3,8.5,7.2,0.769,0.443
PL-2024-25-12437011,Jornada 7,2024-10-06,Brighton,1,Tottenham,3,2,3.0,0.0,11,4,5,2,0,,,1.0,1.0,,,,,,4.0,4,2.0,7,36,,27,41,82.7,301,364,,,16,,,,10,,,,33.3,5,15,,11,,,12,7,5,,18,2,0.0,0,1.0,,,,,0.0,,0.0,2.0,,14,,,2.0,0.0,13,3,7,3,0,,,0.0,2.0,,,,,,1.0,7,2.0,14,56,,32,59,87.6,461,526,,,19,,,,13,,,,5.3,1,19,,7,,,20,12,8,,12,3,0.0,0,1.0,,,,,1.0,,1.0,2.0,,10,,,6.73,6.99,4-2-3-1,4-3-3,4.0,4.0,5.8,6.6,1.0,1.0,-0.722,-0.739,6.5,6.775,0.5,3.0,2.75,1.5,7.0,6.867,1.0,0.333,2.8,4.667,7.2,7.533,3.0,1.667,1.0,0.333,7.6,7.8,7.2,7.5,7.1,7.4,0.496,0.417
PL-2024-25-12437038,Jornada 8,2024-10-19,Tottenham,1,West Ham,4,1,3.0,0.0,22,7,9,6,1,,,1.0,4.0,,,,,,2.0,13,2.0,7,58,,43,57,86.8,414,477,,,17,,,,15,,,,32.1,9,28,,5,,,25,16,9,,14,1,0.0,0,2.0,,,,,1.0,,,1.0,0.0,10,,,1.0,0.0,11,4,4,3,0,,,1.0,3.0,,,,,,2.0,5,1.0,15,34,,21,43,80.6,295,366,,,37,,,,10,,,,25.0,3,12,,11,,,33,25,8,,25,4,0.0,0,4.0,,,,,2.0,,,3.0,1.0,15,,,7.33,6.65,4-3-3,4-1-4-1,4.0,4.0,7.0,6.4,2.0,4.0,-0.129,-3.245,7.375,6.9,2.75,4.5,1.75,3.75,7.5,6.54,2.667,0.4,4.0,2.6,7.2,6.4,3.667,0.0,0.333,0.0,8.0,7.5,7.7,7.1,7.7,7.1,0.389,0.446
PL-2024-25-12437028,Jornada 8,2024-10-19,Fulham,1,Aston Villa,1,3,1.0,0.0,10,4,5,1,0,,,0.0,1.0,,,,,,4.0,6,2.0,3,47,,24,52,86.9,377,434,,,23,,,,10,,,,23.3,7,30,,14,,,18,11,7,,22,3,0.0,0,4.0,,,0.0,,1.0,,2.0,3.0,1.0,8,,,1.0,1.0,14,5,5,4,0,,,0.0,3.0,,,,,,2.0,11,2.0,8,48,,27,48,88.5,361,408,,,15,,,,8,,,,15.8,3,19,,14,,,11,5,6,,19,1,0.0,0,3.0,,,1.0,,2.0,,0.0,5.0,1.0,11,,,6.66,7.1,4-2-3-1,4-2-3-1,4.0,4.0,7.1,7.5,4.0,3.0,-1.821,0.438,6.675,6.85,2.0,0.75,3.5,3.0,6.55,7.28,0.5,1.8,3.75,3.8,6.65,6.8,2.0,2.0,0.5,1.0,7.1,8.2,7.1,7.5,6.9,7.5,0.287,0.497
PL-2024-25-12437034,Jornada 8,2024-10-19,Man United,1,Brentford,2,1,2.0,0.0,23,11,6,6,0,,,4.0,6.0,,,,,,3.0,9,1.0,5,65,,35,50,83.8,409,488,,,29,,,,5,,,,31.6,6,19,,8,,,25,16,9,,24,1,0.0,0,1.0,,,,,1.0,,0.0,2.0,,4,,,1.0,0.0,8,2,4,2,0,,,1.0,1.0,,,,,,2.0,2,3.0,12,54,,14,50,85.1,412,484,,,19,,,,4,,,,38.5,5,13,,10,,,15,11,4,,31,2,0.0,0,9.0,,,,,0.0,,1.0,2.0,,5,,,7.37,7.14,4-2-3-1,4-2-3-1,4.0,4.0,7.0,8.8,1.0,9.0,0.064,-0.007,6.975,7.04,2.0,1.4,3.0,3.8,7.7,6.8,3.333,0.5,5.0,5.5,7.7,7.3,4.0,1.0,0.667,0.0,8.2,8.8,8.0,8.2,7.9,7.5,0.465,0.777
PL-2024-25-12437035,Jornada 8,2024-10-19,Newcastle,1,Brighton,0,1,0.0,0.0,21,6,6,9,0,,,1.0,5.0,,,,,,4.0,9,3.0,10,69,,45,60,82.4,448,544,,,19,,,,8,,,,13.0,3,23,,13,,,26,19,7,,6,1,0.0,0,4.0,,,,,0.0,,0.0,2.0,,11,,,1.0,0.0,10,5,3,2,0,,,2.0,0.0,,,,,,4.0,4,0.0,3,41,,12,40,79.2,294,371,,,27,,,,11,,,,37.5,3,8,,9,,,26,15,11,,37,0,0.0,1,6.0,,,,,1.0,,1.0,2.0,,9,,,7.11,7.25,4-3-3,4-4-2,4.0,4.0,7.3,8.9,4.0,6.0,0.683,0.914,7.075,7.125,2.75,1.5,1.0,5.5,7.233,7.075,1.667,1.0,5.667,4.75,6.967,7.05,4.333,1.0,0.0,0.5,7.8,8.9,7.5,7.5,7.4,7.4,0.399,0.576
PL-2024-25-12437037,Jornada 8,2024-10-19,Southampton,1,Leicester,2,3,2.0,0.0,14,7,5,2,1,,,0.0,0.0,,,,,,3.0,10,1.0,6,47,,29,42,82.7,297,359,,,20,,,,10,,,,26.3,5,19,,9,,,21,16,5,,30,3,0.0,0,1.0,,,,,0.0,,0.0,5.0,1.0,10,,,3.0,0.0,18,4,10,4,2,,,0.0,4.0,,,,,,4.0,6,2.0,7,67,,41,58,85.4,420,492,,,23,,,,10,,,,29.6,8,27,,5,,,30,17,13,,22,2,0.0,0,6.0,,,,,2.0,,1.0,3.0,0.0,10,,,6.89,7.22,4-5-1,4-2-3-1,4.0,4.0,6.2,7.9,1.0,6.0,-0.465,0.622,7.0,7.175,1.5,3.5,3.75,3.0,6.84,7.08,0.8,1.4,2.6,3.4,7.4,7.4,4.0,4.0,1.0,1.0,7.5,8.0,7.4,7.9,7.4,7.5,0.472,0.415
PL-2024-25-12437030,Jornada 8,2024-10-19,Ipswich,1,Everton,0,2,0.0,0.0,13,2,8,3,0,,,1.0,3.0,,,,,,2.0,5,1.0,7,58,,24,55,86.6,419,484,,,22,,,,9,,,,22.2,6,27,,9,,,13,9,4,,17,2,0.0,0,6.0,,,,,,,0.0,1.0,,12,,,2.0,0.0,11,8,3,0,0,,,2.0,1.0,,,,,,3.0,7,0.0,9,46,,27,45,79.2,319,403,,,27,,,,12,,,,23.1,3,13,,6,,,18,12,6,,31,0,0.0,1,2.0,,,,,,,2.0,1.0,,10,,,6.67,7.29,4-2-3-1,4-2-3-1,4.0,4.0,7.4,6.9,6.0,2.0,0.255,0.321,6.625,7.575,0.75,2.5,3.25,4.75,6.58,7.3,1.2,1.0,4.0,4.0,6.6,6.9,3.0,2.5,0.0,0.0,7.4,7.8,7.1,7.7,7.1,7.7,0.427,0.408
PL-2024-25-12437026,Jornada 8,2024-10-19,Bournemouth,1,Arsenal,2,0,2.0,0.0,13,4,4,5,0,,,0.0,4.0,,,,,,3.0,7,1.0,17,66,,28,49,79.8,323,405,,,17,,,,11,,,,12.0,3,25,,6,,,16,11,5,,20,0,0.0,1,1.0,,,,,1.0,,,1.0,0.0,12,,,0.0,0.0,6,1,4,1,0,,,0.0,1.0,,,,,,2.0,4,1.0,7,49,,22,51,79.3,348,439,,,20,,,,12,,,,26.7,4,15,,6,,,17,10,7,,26,2,0.0,0,2.0,,,,,2.0,,,1.0,1.0,11,,,7.03,6.57,4-2-3-1,4-2-3-1,4.0,4.0,7.0,6.2,1.0,2.0,0.323,-0.354,7.15,6.35,1.75,1.5,3.0,3.25,6.9,6.967,1.6,1.0,3.2,6.667,7.2,6.6,1.0,0.333,0.0,0.0,7.6,7.3,7.4,7.2,7.3,6.9,0.341,0.497
PL-2024-25-12437039,Jornada 8,2024-10-20,Wolves,1,Man City,1,2,1.0,0.0,3,2,1,0,0,,,0.0,1.0,,,,,,2.0,1,2.0,4,30,,4,22,66.2,143,216,,,20,,,,4,,,,50.0,2,4,,6,,,26,13,13,,44,2,0.0,0,5.0,,,,,2.0,,,4.0,,8,,,1.0,1.0,22,7,7,8,0,,,3.0,6.0,,,,,,0.0,18,1.0,10,65,,85,78,89.9,657,731,,,12,,,,8,,,,17.5,7,40,,3,,,14,10,4,,5,1,0.0,0,1.0,,,,,0.0,,,1.0,,5,,,6.8,7.5,3-5-2,4-1-4-1,3.0,4.0,7.1,6.6,5.0,1.0,-0.187,0.323,6.7,7.9,2.4,1.0,5.2,0.75,6.733,7.56,0.0,2.0,4.0,4.0,7.0,6.5,1.0,0.0,0.5,0.0,7.1,8.6,7.1,8.3,7.0,7.9,0.204,0.621
PL-2024-25-12437032,Jornada 8,2024-10-20,Liverpool,1,Chelsea,2,1,2.0,0.0,9,5,3,1,0,,,1.0,0.0,,,,,,3.0,1,5.0,5,54,,17,43,79.7,326,409,,,22,,,,13,,,,25.0,1,4,,6,,,25,18,7,,18,1,0.0,0,1.0,,,,,,,,4.0,,12,,,1.0,0.0,12,2,6,4,1,,,0.0,3.0,,,,,,3.0,5,0.0,10,56,,26,57,87.8,476,542,,,22,,,,12,,,,23.5,4,17,,8,,,12,10,2,,11,2,0.0,0,3.0,,,,,,,,3.0,,13,,,6.93,6.74,4-2-3-1,4-2-3-1,4.0,4.0,6.4,6.9,1.0,3.0,-0.135,0.008,6.775,6.475,2.25,1.5,3.0,1.25,7.26,6.82,1.0,0.8,4.8,2.8,6.4,7.2,0.0,2.0,0.0,1.0,8.2,7.5,8.0,7.2,7.0,6.9,0.591,0.367
PL-2024-25-12437036,Jornada 8,2024-10-21,Nottm Forest,1,Crystal Palace,1,0,0.0,1.0,20,6,5,9,1,,,2.0,7.0,,,,,,3.0,6,2.0,16,54,,36,50,82.1,362,441,,,25,,,,11,,,,39.1,9,23,,14,,,9,5,4,,17,0,0.0,1,7.0,,,,,0.0,,1.0,2.0,,9,,,0.0,0.0,20,7,7,6,2,,,2.0,8.0,,,,,,0.0,6,2.0,6,56,,23,50,79.9,358,448,,,20,,,,9,,,,18.8,3,16,,5,,,23,14,9,,25,1,0.0,0,5.0,,,,,1.0,,1.0,3.0,,12,,,7.43,7.12,4-2-3-1,3-1-4-2,4.0,3.0,8.9,6.9,7.0,5.0,0.86,0.815,7.275,6.9,1.0,1.667,2.75,5.0,7.6,7.15,2.5,1.667,4.75,4.5,6.65,7.8,2.0,4.0,0.5,0.0,8.9,7.8,8.9,7.6,7.5,7.3,0.745,0.351
PL-2024-25-12437048,Jornada 9,2024-10-25,Leicester,1,Nottm Forest,1,3,1.0,0.0,11,1,7,3,0,,,0.0,6.0,,,,,,1.0,6,0.0,6,77,,27,64,86.1,482,560,,,20,,,,9,,,,26.9,7,26,,6,,,14,10,4,,26,3,0.0,0,2.0,,,,,0.0,,1.0,5.0,,16,,,2.0,1.0,20,5,9,6,1,,,1.0,6.0,,,,,,4.0,7,1.0,15,52,,30,36,75.7,231,305,,,28,,,,15,,,,4.8,1,21,,10,,,19,11,8,,30,1,0.0,0,0.0,,,,,1.0,,3.0,3.0,,9,,,6.7,7.21,4-2-3-1,4-2-3-1,4.0,4.0,6.4,7.1,2.0,0.0,-1.291,-0.025,6.45,6.95,2.25,2.0,2.75,4.0,6.8,7.35,1.4,0.75,5.6,4.0,7.5,7.5,2.0,2.0,1.0,1.0,7.5,8.3,7.4,8.1,7.2,7.5,0.517,0.543
PL-2024-25-12437041,Jornada 9,2024-10-26,Aston Villa,1,Bournemouth,1,1,1.0,0.0,18,8,5,5,0,,,2.0,3.0,,,,,,3.0,9,0.0,6,54,,34,57,82.6,362,438,,,18,,,,14,,,,28.6,6,21,,11,,,11,5,6,,15,1,0.0,0,2.0,,,,,3.0,,0.0,7.0,,12,,,1.0,0.0,10,3,4,3,0,,,2.0,4.0,,,,,,0.0,7,5.0,5,49,,17,43,83.1,270,325,,,26,,,,12,,,,20.0,4,20,,11,,,17,10,7,,21,1,0.0,0,7.0,,,,,0.0,,2.0,6.0,,14,,,7.0,7.05,4-4-1-1,4-2-3-1,4.0,4.0,7.0,8.6,2.0,7.0,0.05,2.228,7.1,6.9,1.25,1.75,2.25,1.5,6.86,6.94,1.2,0.4,2.6,3.2,7.3,6.7,3.0,2.0,0.0,0.0,7.4,8.6,7.3,7.2,7.2,7.1,0.295,0.537
PL-2024-25-12437043,Jornada 9,2024-10-26,Brentford,1,Ipswich,4,3,2.0,1.0,20,9,5,6,0,,,1.0,4.0,,,,,,7.0,4,2.0,5,68,,31,65,84.3,468,555,,,21,,,,10,,,,30.8,8,26,,4,,,8,6,2,,31,3,0.0,0,2.0,,,,,1.0,,0.0,0.0,0.0,7,,,3.0,0.0,11,5,6,0,1,,,0.0,3.0,,,,,,4.0,5,1.0,3,53,,20,35,71.9,210,292,,,21,,,,7,,,,21.1,4,19,,12,,,13,9,4,,36,4,0.0,0,6.0,,,,,2.0,,1.0,3.0,1.0,10,,,7.16,6.81,4-2-3-1,4-2-3-1,4.0,4.0,6.5,7.1,2.0,6.0,-0.969,-0.65,7.08,6.633,0.8,0.667,4.2,7.333,6.867,6.65,2.0,0.333,2.0,3.333,8.15,8.0,4.0,1.0,2.0,1.0,8.2,8.0,8.1,7.2,7.6,7.2,0.606,0.619
PL-2024-25-12437044,Jornada 9,2024-10-26,Brighton,1,Wolves,2,2,2.0,0.0,19,6,5,8,0,,,3.0,3.0,,,,,,2.0,9,2.0,11,43,,35,51,86.9,393,452,,,30,,,,10,,,,23.1,6,26,,9,,,17,10,7,,21,2,0.0,0,5.0,,,,,0.0,,1.0,3.0,,12,,,2.0,0.0,14,7,2,5,0,,,0.0,0.0,,,,,,1.0,6,1.0,12,43,,31,49,82.4,361,438,,,26,,,,12,,,,26.3,5,19,,9,,,24,12,12,,30,2,0.0,0,4.0,,,,,1.0,,0.0,3.0,,10,,,7.13,7.09,4-4-2,3-4-2-1,4.0,3.0,7.4,6.2,5.0,4.0,-0.312,-0.521,6.8,7.18,1.25,2.8,2.75,4.8,7.34,6.833,1.8,0.667,5.8,5.667,7.1,7.7,4.0,3.5,1.0,0.5,7.7,8.3,7.7,7.4,7.5,7.3,0.389,0.532
PL-2024-25-12437049,Jornada 9,2024-10-26,Man City,1,Southampton,1,0,1.0,0.0,22,8,7,7,0,,,4.0,5.0,,,,,,4.0,12,1.0,9,57,,54,57,92.7,571,616,,,12,,,,9,,,,34.5,10,29,,10,,,12,7,5,,14,0,0.0,1,2.0,,,,,0.0,,,1.0,,9,,,0.0,0.0,5,2,2,1,1,,,0.0,0.0,,,,,,1.0,1,2.0,6,18,,14,43,90.6,434,479,,,13,,,,9,,,,50.0,1,2,,6,,,14,9,5,,30,1,0.0,0,6.0,,,,,1.0,,,3.0,,9,,,7.66,6.85,4-1-4-1,5-4-1,4.0,5.0,7.2,7.7,2.0,6.0,0.052,-0.214,7.78,7.075,0.8,0.5,2.6,5.5,7.9,6.62,3.0,0.2,4.25,1.4,6.6,6.3,8.0,1.0,1.0,0.0,8.6,8.1,8.5,7.7,8.1,6.9,0.591,0.53
PL-2024-25-12437047,Jornada 9,2024-10-26,Everton,1,Fulham,1,1,1.0,0.0,10,5,3,2,1,,,1.0,1.0,,,,,,1.0,4,4.0,7,62,,17,40,79.4,304,383,,,19,,,,8,,,,35.3,6,17,,8,,,19,12,7,,26,1,0.0,0,2.0,,,,,0.0,,,1.0,,8,,,1.0,0.0,14,3,9,2,0,,,0.0,7.0,,,,,,1.0,2,2.0,7,75,,23,60,85.9,505,588,,,26,,,,7,,,,47.1,8,17,,4,,,16,11,5,,21,1,0.0,0,4.0,,,,,1.0,,,0.0,,8,,,6.89,7.08,4-2-3-1,4-2-3-1,4.0,4.0,7.0,7.7,2.0,4.0,0.326,0.311,6.925,6.9,2.25,2.25,5.0,4.25,7.05,7.025,0.25,1.0,4.75,4.75,6.45,7.25,1.0,2.5,0.0,0.0,7.7,7.7,7.2,7.6,7.1,7.5,0.399,0.381
PL-2024-25-12437045,Jornada 9,2024-10-27,Chelsea,1,Newcastle,2,1,2.0,0.0,17,7,6,4,1,,,2.0,3.0,,,,,,1.0,7,2.0,7,65,,31,50,84.5,388,459,,,26,,,,15,,,,25.0,5,20,,16,,,12,8,4,,23,1,0.0,0,1.0,,,,,1.0,,0.0,6.0,,13,,,1.0,0.0,11,3,5,3,0,,,0.0,2.0,,,,,,3.0,4,1.0,6,64,,24,50,80.4,362,450,,,26,,,,13,,,,54.5,6,11,,6,,,13,8,5,,15,2,0.0,0,5.0,,,,,2.0,,3.0,3.0,,16,,,7.32,6.83,4-2-3-1,4-3-3,4.0,4.0,6.4,7.2,1.0,5.0,0.166,-0.052,7.15,6.9,0.75,1.0,4.0,2.0,7.58,6.75,2.0,0.25,4.4,3.25,7.6,6.65,1.0,2.0,1.0,0.5,7.9,7.9,7.8,7.2,7.8,7.0,0.471,0.4
PL-2024-25-12437046,Jornada 9,2024-10-27,Crystal Palace,1,Tottenham,1,0,1.0,0.0,14,6,7,1,0,,,2.0,5.0,,,,,,1.0,8,4.0,4,65,,24,34,64.4,159,247,,,24,,,,12,,,,20.7,6,29,,11,,,32,19,13,,33,0,0.0,1,3.0,,,,,2.0,,0.0,4.0,,16,,,0.0,0.0,11,3,4,4,1,,,1.0,2.0,,,,,,2.0,8,1.0,9,52,,25,66,81.0,419,517,,,24,,,,16,,,,17.9,5,28,,10,,,19,14,5,,22,1,0.0,0,5.0,,,,,1.0,,2.0,4.0,,12,,,7.35,6.87,3-4-2-1,4-3-3,3.0,4.0,7.4,7.7,3.0,5.0,0.443,0.525,7.467,6.975,2.0,2.5,5.667,3.0,7.32,6.6,0.8,0.667,4.8,4.0,7.2,6.733,1.5,1.333,0.5,0.0,7.8,7.7,7.6,7.5,7.5,7.2,0.254,0.445
PL-2024-25-12437050,Jornada 9,2024-10-27,West Ham,1,Man United,2,1,2.0,0.0,12,3,8,1,0,,,0.0,1.0,,,,,,4.0,6,3.0,10,42,,30,43,80.9,318,393,,,24,,,,6,,,,26.1,6,23,,12,,,11,5,6,,40,1,0.0,0,4.0,,,,,1.0,,1.0,5.0,,6,,,1.0,0.0,18,5,7,6,1,,,2.0,6.0,,,,,,5.0,5,3.0,7,67,,33,57,83.8,451,538,,,25,,,,6,,,,25.0,6,24,,6,,,19,11,8,,27,2,0.0,0,1.0,,,,,1.0,,0.0,1.0,,7,,,6.97,7.04,4-2-3-1,4-2-3-1,4.0,4.0,7.5,6.5,4.0,1.0,1.002,0.042,6.85,7.0,0.75,3.0,4.5,4.5,6.88,7.8,0.6,2.0,4.8,6.667,7.4,6.5,1.0,1.667,0.0,0.0,7.5,8.6,7.4,7.7,7.2,7.5,0.344,0.677
PL-2024-25-12437040,Jornada 9,2024-10-27,Arsenal,1,Liverpool,2,2,2.0,0.0,9,3,4,2,0,,,1.0,3.0,,,,,,2.0,1,2.0,6,41,,33,45,79.9,306,383,,,21,,,,14,,,,23.1,3,13,,7,,,17,11,6,,24,2,0.0,0,2.0,,,,,1.0,,,2.0,,14,,,2.0,0.0,9,4,3,2,0,,,0.0,4.0,,,,,,2.0,3,1.0,9,52,,27,55,83.0,387,466,,,20,,,,14,,,,12.5,3,24,,5,,,16,9,7,,21,2,0.0,0,1.0,,,,,0.0,,,2.0,,14,,,7.0,6.85,4-4-2,4-2-3-1,4.0,4.0,6.8,6.2,2.0,1.0,-0.189,-0.257,6.7,6.925,0.667,1.0,3.667,3.75,7.367,6.86,1.0,0.6,4.0,2.0,7.0,7.2,1.25,0.0,0.25,0.0,7.8,7.7,7.5,7.7,7.2,7.2,0.364,0.468
PL-2024-25-12437056,Jornada 10,2024-11-02,Newcastle,1,Arsenal,1,0,1.0,0.0,9,4,2,3,0,,,1.0,1.0,,,,,,1.0,4,,6,42,,17,36,69.2,200,289,,,10,,,,18,,,,7.7,1,13,,6,,,23,15,8,,26,0,0.0,1,0.0,,,,,2.0,,4.0,4.0,,16,,,0.0,0.0,10,1,6,3,0,,,0.0,3.0,,,,,,1.0,6,,3,58,,31,64,86.3,433,502,,,16,,,,16,,,,25.9,7,27,,6,,,17,10,7,,18,1,0.0,0,3.0,,,,,2.0,,0.0,4.0,,18,,,7.18,6.97,4-3-3,4-4-2,4.0,4.0,6.8,7.3,0.0,3.0,,0.282,7.4,6.933,2.0,1.333,4.5,2.0,6.975,7.2,0.5,1.333,4.25,3.0,7.35,6.75,1.0,1.0,0.5,0.0,8.1,7.4,7.7,7.3,7.4,7.3,0.417,0.347
PL-2024-25-12437051,Jornada 10,2024-11-02,Bournemouth,1,Man City,2,1,2.0,0.0,12,6,4,2,1,,,1.0,2.0,,,,,,6.0,3,2.0,11,49,,23,36,84.4,282,334,,,40,,,,6,,,,25.0,3,12,,12,,,16,12,4,,36,1,0.0,0,3.0,,,,,0.0,,,2.0,,11,,,1.0,0.0,18,4,10,4,1,,,0.0,5.0,,,,,,3.0,10,0.0,6,51,,47,64,90.2,541,600,,,23,,,,11,,,,22.2,6,27,,5,,,14,7,7,,8,2,0.0,0,4.0,,,,,1.0,,,1.0,,6,,,7.31,7.0,4-2-3-1,4-1-4-1,4.0,4.0,7.2,7.5,3.0,4.0,0.932,0.505,7.4,6.98,1.5,2.2,5.5,1.0,7.3,7.075,1.2,1.0,3.8,3.0,7.1,6.3,2.0,5.0,1.0,0.0,8.9,7.8,8.2,7.7,7.6,7.5,0.652,0.526
PL-2024-25-12437053,Jornada 10,2024-11-02,Ipswich,1,Leicester,1,1,1.0,0.0,14,2,6,6,0,,,1.0,5.0,,,,,,2.0,4,,8,58,,26,42,76.6,245,320,,,10,,,,10,,,,25.0,3,12,,9,,,16,7,9,,22,1,0.0,0,4.0,,,,,3.0,,0.0,6.0,1.0,11,,,1.0,0.0,20,6,6,8,0,,,2.0,3.0,,,,,,4.0,6,,12,54,,40,58,80.1,346,432,,,25,,,,11,,,,28.6,6,21,,4,,,21,11,10,,18,1,0.0,0,1.0,,,,,1.0,,2.0,2.0,0.0,10,,,7.04,6.99,4-2-3-1,4-2-3-1,4.0,4.0,7.3,6.2,4.0,1.0,0.114,-0.416,7.525,6.975,2.0,3.25,4.0,2.5,6.64,7.08,0.8,1.8,4.6,4.2,6.8,7.4,0.0,1.0,0.0,0.0,8.1,7.4,7.7,7.4,7.6,7.3,0.621,0.342
PL-2024-25-12437054,Jornada 10,2024-11-02,Liverpool,1,Brighton,2,1,1.0,1.0,16,8,2,6,0,,,0.0,1.0,,,,,,4.0,9,1.0,8,57,,31,49,82.8,367,443,,,18,,,,18,,,,22.2,4,18,,10,,,28,19,9,,13,1,0.0,0,4.0,,,,,,,,1.0,,10,,,1.0,0.0,13,5,4,4,0,,,3.0,3.0,,,,,,1.0,7,0.0,8,45,,24,51,86.8,407,469,,,23,,,,10,,,,33.3,5,15,,9,,,18,13,5,,27,2,0.0,0,6.0,,,,,,,,2.0,,18,,,7.17,6.95,4-2-3-1,4-4-2,4.0,4.0,6.9,7.6,4.0,6.0,-0.504,-0.171,7.425,6.875,4.5,1.0,1.75,2.5,7.06,6.84,0.8,1.0,4.6,6.2,7.0,7.1,1.0,4.0,0.0,0.0,8.4,7.9,7.8,7.6,7.7,7.4,0.55,0.491
PL-2024-25-12437057,Jornada 10,2024-11-02,Nottm Forest,1,West Ham,3,0,1.0,2.0,19,6,10,3,0,,,1.0,7.0,,,,,,3.0,10,1.0,6,47,,32,53,84.8,378,446,,,24,,,,9,,,,15.0,3,20,,6,,,18,12,6,,21,0,0.0,1,1.0,,,,,0.0,,,1.0,0.0,7,,,0.0,0.0,4,2,2,0,0,,,1.0,1.0,,,,,,0.0,6,1.0,10,52,,9,47,78.6,308,392,,,15,,,,7,,,,20.0,3,15,,11,,,13,11,2,,30,3,0.0,0,3.0,,,,,1.0,,,4.0,1.0,9,,,7.39,6.47,4-2-3-1,3-4-2-1,4.0,3.0,6.9,6.2,1.0,3.0,0.033,-0.141,7.425,6.6,1.25,1.2,3.25,4.2,7.525,6.4,1.5,0.2,4.5,3.0,7.3,,1.0,,0.5,,8.5,7.3,7.9,6.9,7.8,6.9,0.509,0.515
PL-2024-25-12437058,Jornada 10,2024-11-02,Southampton,1,Everton,1,0,1.0,0.0,9,2,5,2,0,,,0.0,1.0,,,,,,1.0,3,3.0,12,58,,22,65,91.7,540,589,,,20,,,,18,,,,31.6,6,19,,7,,,14,8,6,,22,0,0.0,1,5.0,,,,,2.0,,1.0,4.0,,14,,,0.0,0.0,16,5,8,3,2,,,3.0,3.0,,,,,,3.0,6,1.0,11,52,,27,35,81.0,247,305,,,20,,,,14,,,,26.3,5,19,,8,,,21,8,13,,17,1,0.0,0,1.0,,,,,0.0,,1.0,2.0,,18,,,7.25,6.91,5-4-1,4-2-3-1,5.0,4.0,8.2,6.5,5.0,1.0,0.854,-0.19,7.4,6.8,1.25,1.75,4.0,2.75,6.9,7.1,0.5,1.0,2.0,5.4,7.15,6.8,2.0,1.0,0.5,0.0,8.2,7.4,7.9,7.2,7.4,7.1,0.438,0.271
PL-2024-25-12437060,Jornada 10,2024-11-02,Wolves,1,Crystal Palace,2,2,2.0,0.0,11,6,4,1,0,,,2.0,2.0,,,,,,4.0,3,4.0,14,48,,20,57,80.4,389,484,,,32,,,,9,,,,16.7,2,12,,13,,,25,10,15,,21,2,0.0,0,4.0,,,,,1.0,,,1.0,,7,,,2.0,0.0,19,7,7,5,0,,,0.0,2.0,,,,,,4.0,6,1.0,9,63,,28,43,76.3,273,358,,,23,,,,7,,,,21.7,5,23,,9,,,14,7,7,,27,2,0.0,0,4.0,,,,,1.0,,,2.0,,9,,,7.04,6.92,3-4-2-1,3-4-2-1,3.0,3.0,7.0,6.8,4.0,4.0,0.871,-0.261,6.76,7.133,2.0,0.667,2.4,5.667,6.933,6.75,1.0,1.25,5.667,5.5,7.9,6.967,2.0,3.333,0.5,0.0,8.2,7.7,7.9,7.4,7.6,7.2,0.617,0.411
PL-2024-25-12437059,Jornada 10,2024-11-03,Tottenham,1,Aston Villa,4,1,3.0,1.0,16,6,8,2,0,,,1.0,6.0,,,,,,3.0,6,,5,52,,22,51,89.2,354,397,,,12,,,,14,,,,8.7,2,23,,16,,,17,7,10,,17,1,0.0,0,1.0,,,,,2.0,,1.0,2.0,,14,,,1.0,0.0,12,1,8,3,1,,,0.0,5.0,,,,,,4.0,4,,14,31,,15,49,83.9,324,386,,,16,,,,14,,,,25.0,3,12,,11,,,19,11,8,,21,4,0.0,0,2.0,,,,,3.0,,0.0,0.0,,14,,,7.25,6.62,4-3-3,4-2-3-1,4.0,4.0,6.8,6.5,1.0,2.0,-0.021,-1.163,6.975,6.475,1.0,2.25,1.75,3.0,7.233,6.94,1.333,1.4,7.333,4.2,7.767,5.7,2.0,2.0,1.0,0.0,8.7,7.6,7.5,6.9,7.4,6.9,0.511,0.532
PL-2024-25-12437055,Jornada 10,2024-11-03,Man United,1,Chelsea,1,1,1.0,0.0,11,4,4,3,1,,,1.0,2.0,,,,,,4.0,4,4.0,10,46,,22,46,79.5,322,405,,,15,,,,14,,,,23.1,3,13,,11,,,22,13,9,,16,1,0.0,0,2.0,,,,,0.0,,0.0,6.0,,19,,,1.0,0.0,12,3,4,5,1,,,1.0,3.0,,,,,,1.0,8,0.0,15,47,,30,54,83.6,397,475,,,16,,,,19,,,,5.3,1,19,,7,,,20,11,9,,19,1,0.0,0,3.0,,,,,1.0,,2.0,2.0,,14,,,6.77,7.03,4-2-3-1,4-2-3-1,4.0,4.0,6.3,6.8,2.0,3.0,-0.26,-0.107,7.05,7.0,3.0,1.25,1.75,2.5,6.833,7.06,1.333,1.0,5.333,4.0,6.5,7.2,2.0,1.0,0.0,0.0,7.9,7.7,7.9,7.6,6.9,7.5,0.605,0.437
PL-2024-25-12437052,Jornada 10,2024-11-04,Fulham,1,Brentford,2,1,2.0,0.0,26,12,4,10,0,,,5.0,5.0,,,,,,1.0,11,2.0,12,74,,49,68,87.9,565,643,,,28,,,,10,,,,20.9,9,43,,13,,,15,8,7,,11,1,0.0,0,1.0,,,,,0.0,,1.0,2.0,,3,,,0.0,1.0,5,2,1,2,0,,,0.0,1.0,,,,,,1.0,3,0.0,7,59,,9,32,70.7,227,321,,,19,,,,3,,,,16.7,1,6,,12,,,16,12,4,,38,2,0.0,0,10.0,,,,,2.0,,1.0,1.0,,10,,,7.32,7.04,4-2-3-1,4-2-3-1,4.0,4.0,6.6,8.6,1.0,10.0,-0.232,0.349,7.35,6.9,1.5,1.2,1.75,5.6,7.56,7.067,2.6,0.667,3.8,4.667,6.7,6.55,2.0,0.0,0.0,0.0,7.9,8.6,7.8,7.5,7.7,7.3,0.469,0.587
PL-2024-25-12436876,Jornada 11,2024-11-09,Brentford,1,Bournemouth,3,2,3.0,0.0,12,6,2,4,0,,,2.0,0.0,,,,,,2.0,6,0.0,4,47,,29,52,75.8,313,413,,,14,,,,16,,,,21.7,5,23,,6,,,11,6,5,,41,2,0.0,0,1.0,,,,,1.0,,1.0,2.0,,8,,,2.0,0.0,15,3,3,9,1,,,0.0,4.0,,,,,,3.0,4,1.0,6,78,,34,48,75.1,290,386,,,22,,,,8,,,,26.1,6,23,,8,,,16,12,4,,32,3,0.0,0,3.0,,,,,0.0,,2.0,4.0,,16,,,7.13,6.85,4-3-3,4-2-3-1,4.0,4.0,6.8,6.9,1.0,3.0,-0.323,-1.164,6.9,6.3,0.75,1.25,6.5,4.25,7.2,7.1,0.75,1.0,4.0,5.0,7.6,7.7,1.5,1.0,1.0,1.0,8.3,7.7,7.7,7.3,7.5,7.2,0.543,0.491
PL-2024-25-12436483,Jornada 11,2024-11-09,Crystal Palace,1,Fulham,0,2,0.0,0.0,13,5,6,2,0,,,1.0,4.0,,,,,,4.0,1,1.0,6,45,,16,36,77.2,274,355,,,23,,,,11,,,,16.7,2,12,,19,,,19,11,8,,25,2,0.0,0,5.0,,,,,0.0,,,1.0,1.0,10,,,2.0,0.0,17,7,6,4,0,,,1.0,5.0,,,,,,3.0,8,4.0,10,72,,32,64,85.0,531,625,,,30,,,,10,,,,25.0,5,20,,11,,,16,10,6,,12,0,0.0,1,4.0,,,,,1.0,,,1.0,0.0,11,,,6.79,7.6,3-4-2-1,4-2-3-1,3.0,4.0,7.3,7.9,5.0,4.0,-0.813,1.138,6.9,7.475,2.0,1.75,4.0,3.0,6.825,7.7,1.25,2.8,4.75,5.6,6.25,7.3,3.0,2.0,0.0,0.0,7.3,8.9,7.3,8.0,7.2,8.0,0.493,0.556
PL-2024-25-12436486,Jornada 11,2024-11-09,West Ham,1,Everton,0,0,0.0,0.0,11,6,1,4,1,,,1.0,3.0,,,,,,2.0,7,1.0,7,62,,19,49,78.1,349,447,,,26,,,,9,,,,14.3,2,14,,4,,,13,6,7,,33,0,0.0,1,4.0,,,,,2.0,,,1.0,,10,,,0.0,0.0,18,4,8,6,0,,,0.0,7.0,,,,,,0.0,6,1.0,10,78,,26,51,75.8,341,450,,,25,,,,10,,,,37.0,10,27,,8,,,20,8,12,,16,0,0.0,1,6.0,,,,,1.0,,,2.0,,9,,,7.07,7.39,4-1-4-1,4-2-3-1,4.0,4.0,7.6,8.6,4.0,6.0,0.533,1.211,7.025,7.325,1.5,2.25,6.0,3.25,7.12,7.18,1.2,1.8,3.4,4.8,6.5,7.5,1.0,4.0,0.0,0.0,7.6,8.6,7.3,7.9,7.3,7.8,0.28,0.507
PL-2024-25-12436485,Jornada 11,2024-11-09,Wolves,1,Southampton,2,0,1.0,1.0,8,4,1,3,0,,,1.0,2.0,,,,,,1.0,1,3.0,12,30,,19,29,76.6,213,278,,,15,,,,12,,,,33.3,1,3,,7,,,14,9,5,,27,0,0.0,1,0.0,,,,,,,,1.0,,14,,,0.0,0.0,9,0,6,3,0,,,0.0,4.0,,,,,,1.0,9,0.0,9,63,,19,71,90.0,606,673,,,17,,,,14,,,,16.0,4,25,,5,,,16,7,9,,6,2,0.0,0,2.0,,,,,,,,4.0,,12,,,7.13,6.62,4-2-3-1,5-4-1,4.0,5.0,6.5,6.2,0.0,2.0,-0.481,-0.617,7.14,6.55,2.0,1.0,4.4,0.75,7.033,6.925,0.333,1.25,3.0,3.25,7.55,6.35,1.5,0.5,0.5,0.0,8.5,7.3,7.4,7.2,7.3,7.0,0.512,0.376
PL-2024-25-12436882,Jornada 11,2024-11-09,Brighton,1,Man City,2,1,2.0,0.0,10,4,4,2,0,,,0.0,2.0,,,,,,8.0,0,3.0,2,34,,20,40,87.3,372,426,,,22,,,,10,,,,50.0,4,8,,12,,,16,6,10,,21,1,0.0,0,5.0,,,,,0.0,,,3.0,,12,,,1.0,0.0,15,6,6,3,1,,,0.0,3.0,,,,,,5.0,4,1.0,15,61,,28,60,89.7,586,653,,,24,,,,12,,,,36.4,4,11,,4,,,12,5,7,,8,2,0.0,0,2.0,,,,,2.0,,,3.0,,10,,,6.72,7.0,4-4-2,4-1-4-1,4.0,4.0,7.5,7.4,5.0,2.0,1.984,-0.447,7.067,6.66,0.0,1.8,5.0,1.2,6.5,7.325,0.5,2.75,2.833,2.5,6.2,7.0,2.0,7.0,0.0,1.0,7.5,8.0,7.4,7.4,6.9,7.4,0.43,0.435
PL-2024-25-12436484,Jornada 11,2024-11-09,Liverpool,1,Aston Villa,2,0,2.0,0.0,14,5,6,3,0,,,2.0,3.0,,,,,,4.0,2,1.0,9,54,,30,62,88.2,546,619,,,21,,,,15,,,,37.5,3,8,,7,,,12,9,3,,15,0,0.0,1,2.0,,,,,2.0,,,0.0,,11,,,0.0,0.0,12,2,8,2,0,,,0.0,2.0,,,,,,5.0,9,1.0,11,23,,28,38,82.1,288,351,,,17,,,,11,,,,30.4,7,23,,6,,,16,8,8,,18,2,0.0,0,3.0,,,,,0.0,,,3.0,,15,,,7.35,6.73,4-2-3-1,4-2-3-1,4.0,4.0,7.3,6.6,2.0,3.0,0.606,-0.754,7.3,6.65,1.0,1.5,2.25,3.25,7.46,6.84,1.2,1.0,4.6,4.0,7.0,6.6,6.0,3.0,1.0,0.0,8.5,7.2,7.9,7.2,7.7,7.1,0.498,0.325
PL-2024-25-12436494,Jornada 11,2024-11-10,Man United,1,Leicester,3,0,0.0,2.0,13,3,4,6,0,,,0.0,4.0,,,,,,1.0,1,1.0,11,46,,17,51,85.1,418,491,,,13,,,,5,,,,26.7,4,15,,7,,,33,24,9,,18,0,0.0,1,5.0,,,,,1.0,,,0.0,,9,,,0.0,0.0,6,5,1,0,0,,,2.0,0.0,,,,,,1.0,5,2.0,19,50,,11,49,83.3,388,466,,,15,,,,9,,,,18.8,3,16,,7,,,22,14,8,,18,3,0.0,0,1.0,,,,,0.0,,,1.0,,5,,,7.31,6.67,4-2-3-1,4-3-3,4.0,4.0,7.9,5.8,5.0,1.0,0.715,-2.589,6.975,6.375,2.75,2.75,2.5,3.5,7.867,7.08,3.0,1.0,5.0,7.4,7.0,6.7,1.667,1.0,0.0,0.0,9.0,7.9,7.9,7.1,7.9,6.9,0.754,0.536
PL-2024-25-12436487,Jornada 11,2024-11-10,Nottm Forest,1,Newcastle,1,3,1.0,0.0,9,3,3,3,0,,,0.0,2.0,,,,,,2.0,4,3.0,6,53,,17,44,78.1,299,383,,,23,,,,6,,,,21.7,5,23,,7,,,29,19,10,,28,3,0.0,0,3.0,,,,,1.0,,1.0,1.0,,13,,,3.0,0.0,17,6,7,4,0,,,1.0,4.0,,,,,,2.0,5,0.0,2,62,,33,56,86.4,427,494,,,16,,,,13,,,,17.9,5,28,,14,,,13,8,5,,20,1,0.0,0,2.0,,,,,3.0,,0.0,1.0,,6,,,6.85,7.15,4-2-3-1,4-3-3,4.0,4.0,6.6,7.0,3.0,2.0,-0.658,-0.144,6.85,7.025,3.25,0.25,4.75,4.25,6.775,7.2,0.5,1.25,3.75,5.25,7.1,7.35,1.0,2.5,0.0,0.5,7.7,8.0,7.5,7.6,7.2,7.2,0.456,0.358
PL-2024-25-12436492,Jornada 11,2024-11-10,Tottenham,1,Ipswich,1,2,1.0,0.0,17,5,9,3,0,,,1.0,5.0,,,,,,2.0,12,,11,63,,36,66,84.0,462,550,,,23,,,,19,,,,18.2,6,33,,13,,,13,6,7,,13,2,0.0,0,1.0,,,,,1.0,,,1.0,,10,,,2.0,0.0,8,3,2,3,1,,,0.0,2.0,,,,,,4.0,2,,13,44,,23,34,67.6,188,278,,,21,,,,10,,,,37.5,3,8,,11,,,17,9,8,,34,1,0.0,0,5.0,,,,,6.0,,,5.0,,19,,,6.99,6.99,4-3-3,4-2-3-1,4.0,4.0,6.6,8.0,1.0,5.0,0.404,0.426,6.825,6.8,0.75,1.6,3.0,5.4,7.267,6.775,1.333,0.25,4.333,3.75,7.067,7.8,3.667,1.0,0.0,1.0,7.9,8.0,7.6,7.8,7.4,7.3,0.504,0.489
PL-2024-25-12436890,Jornada 11,2024-11-10,Chelsea,1,Arsenal,1,1,0.0,1.0,17,3,6,8,0,,,1.0,10.0,,,,,,1.0,4,1.0,7,44,,22,49,85.4,358,419,,,24,,,,12,,,,35.7,5,14,,7,,,19,16,3,,18,1,0.0,0,2.0,,,,,1.0,,1.0,4.0,,12,,,1.0,0.0,13,3,4,6,0,,,0.0,5.0,,,,,,4.0,3,7.0,8,54,,19,51,88.2,375,425,,,15,,,,12,,,,11.8,2,17,,6,,,13,6,7,,17,1,0.0,0,2.0,,,,,4.0,,1.0,2.0,,12,,,6.96,6.99,4-2-3-1,4-3-3,4.0,4.0,6.2,7.3,2.0,2.0,-0.219,-0.708,6.95,7.1,1.5,1.0,3.5,2.0,7.08,7.0,1.2,1.333,3.6,2.667,7.2,6.733,2.0,1.667,0.0,0.333,7.7,7.6,7.3,7.3,7.2,7.2,0.387,0.326
PL-2024-25-12436495,Jornada 12,2024-11-23,Leicester,1,Chelsea,1,2,1.0,0.0,4,1,2,1,0,,,0.0,0.0,,,,,,1.0,2,3.0,6,44,,9,37,74.8,264,353,,,16,,,,11,,,,14.3,1,7,,8,,,18,9,9,,19,2,0.0,0,4.0,,,,,1.0,,0.0,4.0,,15,,,2.0,0.0,16,7,6,3,0,,,0.0,5.0,,,,,,4.0,9,1.0,10,67,,38,63,86.7,528,609,,,19,,,,15,,,,13.3,2,15,,9,,,18,11,7,,11,1,0.0,0,0.0,,,,,0.0,,1.0,3.0,,12,,,6.49,7.27,4-4-1-1,4-2-3-1,4.0,4.0,7.1,6.4,4.0,0.0,0.359,-0.201,6.525,6.9,2.5,1.0,3.75,1.75,6.34,7.6,0.0,2.0,3.6,3.0,6.5,7.8,0.0,3.0,0.0,0.5,7.1,9.0,6.8,8.1,6.7,7.5,0.315,0.706
PL-2024-25-12436489,Jornada 12,2024-11-23,Arsenal,1,Nottm Forest,3,0,2.0,1.0,19,7,7,5,0,,,0.0,4.0,,,,,,1.0,8,4.0,8,54,,48,66,91.3,536,587,,,20,,,,11,,,,16.7,3,18,,4,,,15,13,2,,14,0,0.0,1,0.0,,,,,1.0,,1.0,3.0,,10,,,0.0,0.0,7,0,5,2,0,,,0.0,2.0,,,,,,0.0,1,2.0,4,29,,14,34,81.4,240,295,,,20,,,,10,,,,38.9,7,18,,10,,,16,10,6,,24,3,0.0,0,3.0,,,,,0.0,,0.0,2.0,,11,,,7.28,6.69,4-3-3,4-2-3-1,4.0,4.0,7.0,6.3,0.0,3.0,,-1.562,7.175,6.8,1.25,2.0,1.75,3.0,7.233,6.85,2.333,0.5,3.0,2.75,7.567,6.35,3.333,0.0,0.333,0.0,9.0,7.1,8.1,7.1,7.4,7.1,0.662,0.303
PL-2024-25-12436493,Jornada 12,2024-11-23,Aston Villa,1,Crystal Palace,2,2,2.0,0.0,17,5,6,6,1,,,0.0,2.0,,,,,,4.0,10,1.0,12,78,,48,70,86.1,531,617,,,18,,,,10,,,,30.0,6,20,,4,,,9,5,4,,12,2,0.0,0,4.0,,,0.0,,,,0.0,3.0,,10,,,2.0,0.0,13,6,6,1,1,,,0.0,3.0,,,,,,4.0,1,2.0,3,44,,17,30,69.0,180,261,,,14,,,,10,,,,13.3,2,15,,10,,,23,16,7,,25,2,0.0,0,3.0,,,1.0,,,,2.0,2.0,,11,,,7.01,7.02,4-2-3-1,3-4-2-1,4.0,3.0,7.1,7.1,4.0,3.0,-0.13,0.835,6.8,6.8,0.667,3.0,2.333,5.0,7.083,6.78,1.5,1.0,3.333,5.0,7.1,7.9,5.0,3.0,1.0,0.5,7.8,8.2,7.6,7.6,7.1,7.2,0.38,0.51
PL-2024-25-12436491,Jornada 12,2024-11-23,Bournemouth,1,Brighton,1,2,1.0,0.0,19,5,11,3,1,,,0.0,5.0,,,,,,4.0,7,5.0,5,78,,39,55,86.6,415,479,,,21,,,,10,,,,16.7,6,36,,10,,,20,11,9,,8,2,0.0,0,2.0,,,,,0.0,,0.0,2.0,0.0,13,,,2.0,0.0,6,4,1,1,0,,,1.0,0.0,,,,,,2.0,0,1.0,8,51,,14,45,80.5,339,421,,,20,,,,13,,,,100.0,2,2,,6,,,20,13,7,,31,1,0.0,0,4.0,,,,,3.0,,1.0,4.0,1.0,10,,,6.76,7.04,4-2-3-1,4-2-3-1,4.0,4.0,6.7,8.0,2.0,4.0,-0.413,0.293,6.675,7.0,1.75,1.667,1.0,5.667,6.94,6.58,1.6,0.2,4.6,4.8,6.3,7.75,5.0,0.5,0.0,0.5,7.4,8.5,7.4,8.0,7.0,7.1,0.412,0.657
PL-2024-25-12436488,Jornada 12,2024-11-23,Everton,1,Brentford,0,0,0.0,0.0,27,5,12,10,0,,,2.0,9.0,,,,,,1.0,10,3.0,10,72,,40,59,87.1,405,465,,,27,,,,10,,,,30.2,13,43,,3,,,12,5,7,,23,0,0.0,1,2.0,,,,,0.0,,0.0,,0.0,8,,,0.0,0.0,9,2,4,3,0,,,1.0,3.0,,,,,,2.0,4,3.0,5,45,,15,41,79.2,271,342,,,19,,,,8,,,,18.2,2,11,,3,,,18,11,7,,32,0,0.0,1,5.0,,,,,2.0,,1.0,,1.0,10,,,7.45,7.05,4-2-3-1,4-3-3,4.0,4.0,7.1,8.1,2.0,5.0,0.381,0.755,7.75,7.35,1.0,1.0,4.75,4.75,7.32,6.775,2.6,1.0,5.2,3.0,7.2,6.5,5.0,1.0,0.0,0.0,8.2,8.1,8.2,7.7,7.8,7.4,0.53,0.642
PL-2024-25-12436490,Jornada 12,2024-11-23,Fulham,1,Wolves,1,4,0.0,1.0,10,3,4,3,2,,,1.0,2.0,,,,,,1.0,7,2.0,8,60,,23,59,85.0,463,545,,,18,,,,14,,,,28.6,8,28,,11,,,23,15,8,,10,4,0.0,0,1.0,,,,,0.0,,1.0,3.0,,14,,,3.0,1.0,10,5,2,3,0,,,1.0,1.0,,,,,,2.0,2,1.0,10,45,,23,41,82.9,325,392,,,26,,,,14,,,,,0,6,,8,,,17,10,7,,36,1,0.0,0,2.0,,,,,1.0,,1.0,0.0,,14,,,6.69,7.22,4-2-3-1,3-4-2-1,4.0,3.0,5.8,6.7,1.0,2.0,-2.563,-0.256,6.775,6.833,2.25,1.667,1.75,5.667,6.78,7.28,0.6,1.0,2.8,4.8,6.8,7.9,2.0,2.5,0.0,1.0,6.9,8.7,6.9,8.5,6.9,7.7,0.309,0.74
PL-2024-25-12436499,Jornada 12,2024-11-23,Man City,1,Tottenham,0,4,0.0,0.0,23,5,11,7,1,,,2.0,3.0,,,,,,4.0,9,2.0,9,61,,43,58,92.4,523,566,,,22,,,,9,,,,21.2,7,33,,9,,,13,8,5,,13,4,0.0,0,3.0,,,,,0.0,,1.0,4.0,,19,,,4.0,0.0,9,7,2,0,1,,,1.0,1.0,,,,,,6.0,3,3.0,8,26,,17,42,83.8,358,427,,,12,,,,19,,,,30.0,3,10,,5,,,13,11,2,,26,0,0.0,1,5.0,,,,,3.0,,1.0,2.0,,9,,,6.81,7.52,4-3-3,4-3-3,4.0,4.0,6.4,8.3,3.0,5.0,-0.566,1.101,6.64,7.325,1.8,1.0,1.2,4.25,7.125,7.75,2.0,1.0,5.5,5.0,6.8,7.05,7.0,1.0,0.0,0.0,7.3,9.2,7.2,8.3,7.1,8.1,0.287,0.761
PL-2024-25-12436506,Jornada 12,2024-11-24,Southampton,1,Liverpool,2,3,2.0,0.0,7,5,2,0,0,,,1.0,1.0,,,,,,3.0,3,0.0,9,27,,17,38,83.0,303,365,,,9,,,,8,,,,37.5,3,8,,5,,,15,8,7,,32,3,0.0,0,8.0,,,0.0,,2.0,,,3.0,,11,,,3.0,0.0,27,11,7,9,1,,,3.0,6.0,,,,,,7.0,10,1.0,10,77,,51,62,88.5,531,600,,,16,,,,10,,,,30.0,9,30,,8,,,16,12,4,,4,2,0.0,0,3.0,,,1.0,,0.0,,,4.0,,9,,,6.74,7.31,5-4-1,4-2-3-1,5.0,4.0,7.2,7.3,8.0,3.0,1.105,-0.108,6.667,6.725,1.333,1.25,4.667,1.0,6.54,7.88,0.6,1.6,3.2,3.0,7.1,6.8,1.0,2.0,0.5,0.0,7.3,8.9,7.2,8.2,7.0,7.9,0.391,0.739
PL-2024-25-12436497,Jornada 12,2024-11-24,Ipswich,1,Man United,1,1,0.0,1.0,11,6,3,2,0,,,2.0,3.0,,,,,,3.0,4,0.0,5,58,,11,40,82.3,349,424,,,17,,,,10,,,,25.0,4,16,,5,,,16,7,9,,12,1,0.0,0,3.0,,,,,2.0,,,,,11,,,1.0,0.0,11,4,5,2,0,,,1.0,2.0,,,,,,2.0,3,1.0,5,45,,16,60,87.5,568,649,,,22,,,,11,,,,14.3,1,7,,11,,,15,8,7,,16,1,0.0,0,5.0,,,,,1.0,,,,,10,,,6.85,7.02,4-2-3-1,3-4-2-1,4.0,3.0,7.0,7.3,3.0,5.0,0.067,0.673,6.9,6.975,1.75,1.75,2.25,1.75,6.96,7.0,1.0,1.333,4.0,3.0,5.9,7.0,3.0,1.667,0.0,0.333,7.6,7.7,7.5,7.5,7.1,7.3,0.444,0.415
PL-2024-25-12436496,Jornada 12,2024-11-25,Newcastle,1,West Ham,0,2,0.0,0.0,18,2,10,6,0,,,0.0,4.0,,,,,,2.0,8,1.0,5,72,,40,53,85.1,433,509,,,14,,,,8,,,,28.6,10,35,,7,,,21,13,8,,20,2,0.0,0,4.0,,,,,,,1.0,1.0,,11,,,2.0,0.0,15,6,3,6,0,,,3.0,5.0,,,,,,0.0,3,0.0,8,48,,17,47,82.1,390,475,,,23,,,,11,,,,16.7,2,12,,10,,,26,20,6,,34,0,0.0,1,2.0,,,,,,,2.0,0.0,,8,,,6.9,7.29,4-3-3,4-2-3-1,4.0,4.0,6.9,7.3,4.0,2.0,-0.975,0.429,7.075,7.35,3.25,2.5,3.25,4.75,6.875,7.38,1.25,1.0,3.25,5.0,6.6,6.6,4.5,0.0,0.0,0.0,7.4,8.2,7.2,7.9,7.1,7.7,0.259,0.487
PL-2024-25-12436501,Jornada 13,2024-11-29,Brighton,1,Southampton,1,1,1.0,0.0,22,5,10,7,1,,,2.0,5.0,,,,,,3.0,7,3.0,9,43,,44,52,90.4,414,458,,,16,,,,16,,,,34.4,11,32,,3,,,14,8,6,,16,1,0.0,0,1.0,,,,,3.0,,,2.0,,20,,,1.0,0.0,10,2,2,6,1,,,0.0,2.0,,,,,,1.0,6,1.0,12,41,,21,48,87.4,368,421,,,23,,,,20,,,,17.4,4,23,,4,,,17,9,8,,30,1,0.0,0,4.0,,,,,0.0,,,4.0,,16,,,7.12,6.96,4-4-2,5-4-1,4.0,5.0,6.7,7.2,1.0,4.0,-0.557,-0.308,7.167,6.95,1.0,1.5,2.667,5.75,7.3,7.1,1.8,0.75,3.6,3.75,6.8,6.6,2.5,2.0,0.0,0.0,7.8,7.4,7.7,7.4,7.6,7.3,0.43,0.323
PL-2024-25-12436500,Jornada 13,2024-11-30,Brentford,1,Leicester,4,1,4.0,0.0,13,6,3,4,0,,,1.0,2.0,,,,,,4.0,5,1.0,16,74,,30,60,84.9,489,576,,,19,,,,10,,,,10.0,2,20,,9,,,20,8,12,,27,1,0.0,0,2.0,,,,,1.0,,1.0,1.0,,9,,,1.0,0.0,7,3,1,3,0,,,1.0,3.0,,,,,,1.0,4,1.0,7,49,,15,40,76.2,288,378,,,18,,,,9,,,,11.8,2,17,,10,,,15,9,6,,26,4,0.0,0,2.0,,,,,1.0,,1.0,1.0,,10,,,7.42,6.43,4-2-3-1,3-4-2-1,4.0,3.0,6.7,5.9,2.0,2.0,0.144,-0.465,7.05,6.42,1.5,1.2,3.75,3.2,8.1,6.5,0.75,0.333,3.25,5.0,7.15,6.6,1.0,0.5,0.5,0.0,10.0,7.1,8.0,6.9,7.8,6.8,0.948,0.377
PL-2024-25-12436502,Jornada 13,2024-11-30,Crystal Palace,1,Newcastle,1,1,1.0,0.0,16,4,7,5,0,,,0.0,4.0,,,,,,5.0,8,2.0,9,46,,24,49,79.6,320,402,,,22,,,,11,,,,31.8,7,22,,13,,,30,17,13,,24,1,0.0,0,0.0,,,,,0.0,,,3.0,,12,,,0.0,0.0,1,0,0,1,0,,,0.0,0.0,,,,,,0.0,9,2.0,6,46,,12,51,80.9,338,418,,,29,,,,12,,,,9.1,2,22,,8,,,12,9,3,,25,1,0.0,0,2.0,,,,,3.0,,,3.0,,11,,,7.05,6.86,3-4-2-1,4-3-3,3.0,4.0,6.3,7.1,0.0,2.0,,-0.075,7.367,7.025,2.0,1.25,3.333,4.0,7.12,6.7,1.2,0.0,4.4,4.25,6.8,6.75,2.0,0.0,0.0,0.0,7.7,7.6,7.5,7.4,7.4,7.3,0.427,0.448
PL-2024-25-12436503,Jornada 13,2024-11-30,Nottm Forest,1,Ipswich,1,0,1.0,0.0,12,5,5,2,1,,,1.0,3.0,,,,,,2.0,8,3.0,7,51,,26,45,76.8,238,310,,,16,,,,15,,,,35.0,7,20,,8,,,20,12,8,,22,0,0.0,1,2.0,,,,,1.0,,1.0,1.0,,5,,,0.0,0.0,7,3,2,2,0,,,0.0,2.0,,,,,,0.0,7,1.0,8,43,,19,55,79.3,307,387,,,16,,,,5,,,,18.8,3,16,,4,,,16,10,6,,19,1,0.0,0,4.0,,,,,2.0,,0.0,3.0,,16,,,7.39,6.65,4-2-3-1,4-2-3-1,4.0,4.0,7.2,7.6,2.0,4.0,0.383,0.527,7.5,6.825,3.25,1.25,3.5,3.25,7.375,6.42,1.5,0.0,3.25,2.2,7.3,6.1,1.0,1.0,0.5,0.0,7.9,7.6,7.9,7.1,7.6,6.9,0.315,0.46
PL-2024-25-12436922,Jornada 13,2024-11-30,Wolves,1,Bournemouth,2,4,2.0,0.0,10,3,5,2,0,,,1.0,4.0,,,,,,2.0,3,2.0,9,55,,18,60,84.6,440,520,,,25,,,,11,,,,19.0,4,21,,6,,,28,18,10,,20,4,0.0,0,4.0,,,,,1.0,,0.0,5.0,,13,,,4.0,0.0,12,8,2,2,0,,,1.0,1.0,,,,,,4.0,4,1.0,3,52,,20,40,77.0,265,344,,,24,,,,10,,,,13.3,2,15,,8,,,26,14,12,,20,2,0.0,0,1.0,,,,,1.0,,1.0,1.0,,11,,,6.72,7.08,4-2-3-1,4-2-3-1,4.0,4.0,6.3,6.5,4.0,1.0,-0.673,-0.776,6.567,6.725,3.333,1.25,3.333,2.75,6.62,7.28,0.6,1.0,4.4,5.2,7.4,8.1,2.5,2.0,1.0,0.0,8.3,9.1,6.9,8.1,6.8,7.2,0.554,0.773
PL-2024-25-12436914,Jornada 13,2024-11-30,West Ham,1,Arsenal,2,5,1.0,1.0,12,5,3,4,1,,,1.0,2.0,,,,,,2.0,2,1.0,5,39,,17,40,78.0,252,323,,,24,,,,13,,,,11.1,1,9,,6,,,22,16,6,,21,5,0.0,0,2.0,,,,,1.0,,2.0,4.0,,10,,,5.0,0.0,16,7,5,4,0,,,1.0,2.0,,,,,,5.0,10,1.0,5,56,,32,60,83.5,400,479,,,22,,,,8,,,,31.6,6,19,,6,,,17,6,11,,14,2,0.0,0,3.0,,,,,0.0,,0.0,1.0,,13,,,6.48,7.25,4-2-3-1,4-3-3,4.0,4.0,6.2,6.3,2.0,3.0,-1.254,0.276,6.6,6.775,2.5,1.25,2.0,2.25,6.46,7.233,0.8,1.667,2.8,4.667,6.4,8.2,1.0,2.333,0.0,1.0,7.4,9.2,6.8,8.2,6.8,7.8,0.413,0.849
PL-2024-25-12436498,Jornada 13,2024-12-01,Chelsea,1,Aston Villa,3,0,2.0,1.0,17,8,6,3,0,,,1.0,3.0,,,,,,2.0,3,3.0,8,66,,32,64,90.0,561,623,,,17,,,,6,,,,16.7,2,12,,3,,,17,10,7,,5,0,0.0,1,3.0,,,,,1.0,,,2.0,,21,,,0.0,0.0,10,4,3,3,0,,,0.0,2.0,,,,,,2.0,4,1.0,5,30,,19,36,84.1,296,352,,,18,,,,21,,,,42.9,3,7,,10,,,16,7,9,,12,3,0.0,0,5.0,,,,,1.0,,,2.0,,6,,,7.33,6.54,4-2-3-1,4-2-3-1,4.0,4.0,7.6,6.8,3.0,3.0,0.717,-0.743,7.467,6.425,2.667,1.5,0.667,2.5,7.333,6.58,1.167,1.2,3.167,2.4,6.6,6.5,3.0,2.0,1.0,0.0,9.0,7.1,7.9,7.0,7.7,6.8,0.703,0.32
PL-2024-25-12436505,Jornada 13,2024-12-01,Man United,1,Everton,4,0,4.0,0.0,11,5,2,4,0,,,1.0,1.0,,,,,,3.0,2,3.0,9,27,,22,60,89.8,566,630,,,25,,,,12,,,,16.7,1,6,,10,,,16,11,5,,12,0,0.0,1,2.0,,,,,,,,2.0,,12,,,0.0,0.0,8,2,3,3,0,,,1.0,3.0,,,,,,1.0,2,2.0,9,50,,13,40,86.4,356,412,,,21,,,,12,,,,15.4,2,13,,5,,,19,10,9,,8,4,0.0,0,1.0,,,,,,,,3.0,,12,,,7.49,6.33,3-4-2-1,4-2-3-1,3.0,4.0,7.1,6.1,2.0,1.0,0.163,-2.616,6.925,6.0,1.0,2.0,2.0,1.5,7.367,6.56,0.667,0.8,3.667,3.4,8.5,6.7,2.667,2.0,1.333,0.0,9.0,7.0,8.3,6.7,8.2,6.6,0.704,0.357
PL-2024-25-12436507,Jornada 13,2024-12-01,Tottenham,1,Fulham,1,1,1.0,0.0,8,3,3,2,1,,,0.0,4.0,,,,,,2.0,7,1.0,3,66,,16,51,86.6,427,493,,,13,,,,14,,,,12.5,2,16,,9,,,16,9,7,,23,1,0.0,0,5.0,,,,,1.0,,0.0,0.0,0.0,4,,,1.0,0.0,14,6,4,4,1,,,0.0,2.0,,,,,,3.0,11,1.0,11,52,,36,49,84.4,383,454,,,32,,,,4,,,,28.6,8,28,,14,,,16,10,6,,22,1,0.0,0,2.0,,,,,1.0,,1.0,1.0,1.0,14,,,7.06,7.05,4-3-3,4-2-3-1,4.0,4.0,7.4,7.1,5.0,2.0,0.66,0.051,7.15,7.1,1.75,1.75,4.0,3.75,6.767,7.08,0.333,1.6,5.667,4.4,7.133,6.7,0.667,4.0,0.333,0.0,7.5,7.7,7.5,7.4,7.4,7.2,0.377,0.339
PL-2024-25-12436504,Jornada 13,2024-12-01,Liverpool,1,Man City,2,0,2.0,0.0,18,7,7,4,2,,,2.0,5.0,,,,,,5.0,7,4.0,5,40,,30,44,83.6,347,415,,,25,,,,7,,,,28.6,4,14,,6,,,22,13,9,,13,0,0.0,1,3.0,,,,,,,,1.0,,9,,,0.0,0.0,8,2,3,3,0,,,0.0,1.0,,,,,,1.0,4,3.0,13,48,,30,56,88.4,481,544,,,10,,,,9,,,,,0,9,,5,,,17,14,3,,21,2,0.0,0,5.0,,,,,,,,3.0,,8,,,7.22,6.76,4-2-3-1,4-2-3-1,4.0,4.0,6.9,7.2,3.0,5.0,0.939,0.802,7.175,6.783,2.0,1.667,2.25,2.5,7.3,6.6,1.667,0.667,4.5,2.333,,6.7,,2.0,,0.0,7.9,7.2,7.6,7.2,7.5,7.1,0.333,0.355
PL-2024-25-12436961,Jornada 14,2024-12-03,Ipswich,1,Crystal Palace,0,1,0.0,0.0,9,2,4,3,1,,,0.0,4.0,,,,,,1.0,4,1.0,9,57,,13,54,83.5,439,526,,,41,,,,13,,,,23.8,5,21,,9,,,18,11,7,,26,1,0.0,0,2.0,,,,,0.0,,0.0,2.0,,14,,,1.0,0.0,13,3,4,6,0,,,0.0,4.0,,,,,,3.0,7,1.0,4,64,,22,46,80.5,354,440,,,22,,,,14,,,,16.7,3,18,,4,,,15,9,6,,22,0,0.0,1,2.0,,,,,2.0,,2.0,4.0,,13,,,6.99,6.99,4-2-3-1,3-4-2-1,4.0,3.0,7.2,7.3,2.0,2.0,0.29,0.539,7.3,6.967,1.667,2.333,5.0,2.667,6.85,6.88,0.5,1.2,4.0,3.6,6.7,7.15,4.0,1.5,0.0,0.5,7.6,7.6,7.4,7.4,7.2,7.3,0.334,0.385
PL-2024-25-12436966,Jornada 14,2024-12-03,Leicester,1,West Ham,3,1,3.0,0.0,8,6,2,0,0,,,0.0,0.0,,,,,,7.0,3,1.0,6,38,,20,39,75.7,287,379,,,23,,,,7,,,,18.2,2,11,,12,,,35,24,11,,32,1,0.0,0,7.0,,,,,3.0,,1.0,2.0,,9,,,1.0,0.0,31,10,10,11,1,,,1.0,6.0,,,,,,5.0,9,2.0,20,75,,57,61,85.8,507,591,,,27,,,,9,,,,37.0,10,27,,8,,,13,8,5,,11,3,0.0,0,3.0,,,,,0.0,,0.0,2.0,,7,,,7.39,7.08,4-2-3-1,4-2-3-1,4.0,4.0,7.9,6.6,7.0,3.0,2.082,-0.027,7.35,6.9,2.5,1.25,3.25,1.5,7.46,7.34,1.0,3.2,5.0,3.2,6.7,7.0,3.0,2.0,1.0,0.0,9.3,7.7,7.9,7.4,7.8,7.3,0.744,0.406
PL-2024-25-12436947,Jornada 14,2024-12-04,Everton,1,Wolves,4,0,1.0,1.0,13,4,5,4,0,,,0.0,4.0,,,,,,2.0,3,4.0,11,61,,16,44,79.8,292,366,,,34,,,,8,,,,10.0,1,10,,13,,,20,11,9,,29,0,0.0,1,2.0,,,,,,,,2.0,,10,,,0.0,0.0,6,2,2,2,0,,,1.0,3.0,,,,,,2.0,4,0.0,10,49,,15,56,80.3,380,473,,,29,,,,10,,,,,0,13,,6,,,30,20,10,,13,4,0.0,0,2.0,,,,,,,,0.0,,8,,,7.24,6.36,4-2-3-1,3-4-2-1,4.0,3.0,7.4,5.4,2.0,2.0,0.38,-3.175,7.725,6.325,3.0,1.5,5.75,1.75,6.94,6.75,0.8,0.25,5.0,4.75,6.6,6.15,2.0,2.0,0.0,0.0,8.5,7.3,7.8,6.9,7.6,6.8,0.593,0.563
PL-2024-25-12436972,Jornada 14,2024-12-04,Man City,1,Nottm Forest,3,0,3.0,0.0,17,7,7,3,0,,,0.0,5.0,,,,,,4.0,8,1.0,13,52,,42,67,89.4,521,583,,,19,,,,15,,,,40.0,6,15,,5,,,16,11,5,,15,0,0.0,1,3.0,,,,,,,,2.0,,7,,,0.0,0.0,12,3,7,2,0,,,1.0,2.0,,,,,,1.0,2,2.0,5,39,,14,33,79.9,230,288,,,13,,,,7,,,,23.1,3,13,,14,,,24,16,8,,18,3,0.0,0,3.0,,,,,,,,4.0,,15,,,7.53,6.61,4-2-3-1,4-2-3-1,4.0,4.0,7.5,6.7,3.0,3.0,0.538,0.18,6.875,6.55,1.5,2.75,1.75,1.75,8.08,6.633,2.4,1.667,5.6,3.333,7.4,6.633,2.0,2.0,0.0,0.0,8.9,7.2,8.8,7.0,8.0,6.9,0.727,0.297
PL-2024-25-12436978,Jornada 14,2024-12-04,Newcastle,1,Liverpool,3,3,2.0,1.0,17,6,7,4,1,,,1.0,6.0,,,,,,4.0,5,4.0,12,43,,21,41,79.1,277,350,,,15,,,,17,,,,12.5,2,16,,5,,,14,10,4,,15,3,0.0,0,2.0,,,,,3.0,,,2.0,,9,,,3.0,0.0,16,5,5,6,2,,,1.0,1.0,,,,,,4.0,6,0.0,7,44,,35,59,87.5,450,514,,,15,,,,9,,,,20.0,3,15,,10,,,23,13,10,,22,3,0.0,0,3.0,,,,,1.0,,,5.0,,17,,,7.07,6.86,4-3-3,4-2-3-1,4.0,4.0,6.6,6.0,2.0,3.0,0.444,-0.469,6.775,6.575,1.25,2.25,3.25,4.75,7.1,7.44,0.667,1.2,5.0,3.2,7.6,6.0,3.333,3.0,0.667,0.0,8.3,9.1,8.1,7.5,7.6,7.5,0.647,0.864
PL-2024-25-12436984,Jornada 14,2024-12-04,Southampton,1,Chelsea,1,5,1.0,0.0,6,4,0,2,0,,,0.0,0.0,,,,,,4.0,5,3.0,14,27,,20,45,88.9,384,432,,,18,,,,14,,,,12.5,2,16,,6,,,12,10,2,,23,5,0.0,0,6.0,,,,,0.0,,,1.0,1.0,7,,,4.0,1.0,26,13,7,6,3,,,0.0,3.0,,,,,,12.0,7,1.0,4,59,,51,55,92.3,494,535,,,11,,,,7,,,,25.0,3,12,,8,,,15,10,5,,9,1,0.0,0,3.0,,,,,1.0,,,0.0,0.0,14,,,6.51,7.49,5-3-2,4-2-3-1,5.0,4.0,6.2,7.1,6.0,3.0,0.449,0.843,6.0,7.425,1.333,2.25,3.333,1.75,6.86,7.5,0.8,2.5,3.4,4.75,6.55,7.8,1.0,3.5,0.0,0.5,7.6,8.1,7.4,8.1,6.6,7.9,0.598,0.414
PL-2024-25-12436935,Jornada 14,2024-12-04,Arsenal,1,Man United,2,0,2.0,0.0,14,6,3,5,0,,,0.0,1.0,,,,,,5.0,13,2.0,7,51,,36,50,87.0,403,463,,,25,,,,8,,,,30.4,7,23,,3,,,15,11,4,,8,0,0.0,1,2.0,,,,,0.0,,0.0,1.0,,12,,,0.0,0.0,5,2,3,0,0,,,0.0,2.0,,,,,,0.0,0,2.0,8,38,,6,50,86.6,412,476,,,23,,,,12,,,,16.7,1,6,,10,,,19,10,9,,24,2,0.0,0,4.0,,,,,2.0,,4.0,3.0,,8,,,7.25,6.83,4-3-3,3-4-2-1,4.0,3.0,7.2,7.4,2.0,4.0,0.591,0.863,7.2,6.8,1.25,1.6,1.5,1.8,7.833,6.8,2.333,1.5,5.333,6.0,6.733,6.7,1.333,0.333,0.0,0.0,8.0,7.4,7.8,7.0,7.7,7.0,0.584,0.242
PL-2024-25-12436942,Jornada 14,2024-12-04,Aston Villa,1,Brentford,3,1,2.0,1.0,20,10,6,4,0,,,0.0,3.0,,,,,,4.0,10,0.0,9,38,,41,49,86.0,333,387,,,24,,,,14,,,,25.0,6,24,,8,,,16,12,4,,22,1,0.0,0,0.0,,,,,2.0,,0.0,2.0,,11,,,1.0,0.0,9,1,4,4,0,,,0.0,2.0,,,,,,1.0,5,1.0,5,48,,25,51,85.1,342,402,,,29,,,,11,,,,14.3,3,21,,8,,,14,7,7,,19,3,0.0,0,7.0,,,,,3.0,,1.0,2.0,,15,,,7.32,6.9,4-2-3-1,4-3-3,4.0,4.0,6.6,8.3,0.0,7.0,-0.422,0.3,7.475,6.5,2.25,0.5,2.75,3.0,7.06,6.9,1.4,0.75,5.2,4.25,8.7,7.0,6.0,0.5,1.0,0.0,8.7,8.3,8.1,8.1,8.0,7.4,0.776,0.681
PL-2024-25-12436955,Jornada 14,2024-12-05,Fulham,1,Brighton,3,1,2.0,0.0,6,2,3,1,0,,,0.0,0.0,,,,,,1.0,5,0.0,11,32,,19,43,80.9,309,382,,,30,,,,8,,,,18.8,3,16,,8,,,16,7,9,,32,1,0.0,0,2.0,,,,,,,0.0,2.0,,7,,,0.0,1.0,13,3,5,5,0,,,0.0,4.0,,,,,,3.0,6,1.0,11,46,,21,57,87.8,438,499,,,25,,,,7,,,,19.0,4,21,,11,,,11,5,6,,22,3,0.0,0,0.0,,,,,,,1.0,2.0,,8,,,7.05,6.7,4-2-3-1,3-4-2-1,4.0,3.0,6.6,5.3,2.0,0.0,-0.258,-1.706,7.0,6.775,1.0,1.75,4.75,3.75,7.14,6.92,0.4,0.8,3.8,3.4,7.2,6.7,2.0,2.0,0.0,0.0,8.7,7.2,7.8,7.2,7.2,7.1,0.637,0.526
PL-2024-25-13015216,Jornada 14,2024-12-05,Bournemouth,1,Tottenham,1,0,1.0,0.0,21,8,8,5,1,,,0.0,4.0,,,,,,7.0,5,3.0,8,50,,28,35,70.2,174,248,,,18,,,,8,,,,35.7,5,14,,18,,,25,14,11,,28,0,0.0,1,4.0,,,,,1.0,,2.0,2.0,,15,,,0.0,0.0,12,4,5,3,0,,,3.0,2.0,,,,,,1.0,9,3.0,10,60,,25,65,82.1,394,480,,,16,,,,15,,,,14.3,3,21,,9,,,24,16,8,,15,1,0.0,0,7.0,,,,,0.0,,0.0,2.0,,8,,,7.14,7.05,4-2-3-1,4-3-3,4.0,4.0,7.6,8.2,4.0,7.0,0.368,1.095,7.375,6.9,2.0,2.667,4.75,2.333,6.98,6.98,2.0,1.0,6.2,5.4,6.5,6.9,3.0,1.5,0.0,0.0,8.2,8.2,7.6,7.6,7.4,7.2,0.454,0.464
PL-2024-25-12436990,Jornada 15,2024-12-07,Aston Villa,1,Southampton,1,0,0.0,1.0,18,5,5,8,0,,,0.0,4.0,,,,,,5.0,14,0.0,5,48,,40,47,86.2,363,421,,,18,,,,15,,,,24.0,6,25,,8,,,27,15,12,,9,0,0.0,1,0.0,,,,,0.0,,0.0,1.0,,18,,,0.0,0.0,4,0,0,4,0,,,0.0,0.0,,,,,,0.0,1,4.0,4,35,,23,53,89.4,438,490,,,23,,,,18,,,,15.4,2,13,,12,,,15,5,10,,17,1,0.0,0,3.0,,,,,1.0,,2.0,3.0,,15,,,7.09,6.88,4-2-3-1,5-3-2,4.0,5.0,6.7,7.0,0.0,3.0,,0.589,7.25,7.367,2.5,0.667,1.5,3.333,7.02,6.74,1.8,0.2,3.8,5.2,7.2,6.45,3.0,1.0,1.0,0.0,7.5,7.7,7.4,7.3,7.4,7.1,0.303,0.359
PL-2024-25-12436450,Jornada 15,2024-12-07,Brentford,1,Newcastle,4,2,4.0,0.0,11,8,2,1,0,,,1.0,1.0,,,,,,3.0,3,3.0,9,65,,26,44,80.3,317,395,,,27,,,,7,,,,6.7,1,15,,4,,,24,15,9,,29,2,0.0,0,2.0,,,,,1.0,,1.0,3.0,,10,,,2.0,0.0,16,3,11,2,1,,,1.0,5.0,,,,,,3.0,4,2.0,14,45,,40,56,86.5,428,495,,,10,,,,10,,,,16.7,4,24,,3,,,12,5,7,,25,4,0.0,0,4.0,,,,,2.0,,2.0,0.0,,7,,,7.11,6.79,3-4-2-1,4-3-3,3.0,4.0,7.2,6.5,2.0,4.0,-0.718,-1.651,6.65,6.45,1.5,1.5,5.0,4.75,7.35,6.6,1.0,1.0,9.0,3.667,7.425,7.533,1.75,2.667,0.5,0.667,8.5,7.9,7.7,7.6,7.4,7.1,0.585,0.532
PL-2024-25-12436445,Jornada 15,2024-12-07,Crystal Palace,1,Man City,2,2,2.0,0.0,12,3,1,8,0,,,0.0,5.0,,,,,,1.0,6,3.0,6,41,,15,32,77.5,258,333,,,23,,,,10,,,,23.1,3,13,,6,,,18,9,9,,23,2,0.0,0,2.0,,,,,1.0,,,1.0,0.0,4,,,2.0,0.0,12,4,4,4,1,,,0.0,3.0,,,,,,3.0,8,2.0,5,65,,34,68,88.5,636,719,,,20,,,,4,,,,31.2,5,16,,7,,,14,7,7,,16,2,0.0,0,1.0,,,,,0.0,,,2.0,1.0,10,,,6.94,7.1,3-4-2-1,4-2-3-1,3.0,4.0,6.6,6.4,2.0,1.0,0.305,-0.735,6.9,7.36,1.667,2.2,5.0,2.6,7.06,6.975,1.0,1.5,4.6,3.75,6.85,7.0,1.0,3.0,0.0,1.0,8.0,8.4,7.5,7.8,7.0,7.4,0.458,0.562
PL-2024-25-12436449,Jornada 15,2024-12-07,Man United,1,Nottm Forest,2,3,1.0,1.0,17,7,5,5,1,,,1.0,5.0,,,,,,2.0,5,0.0,7,56,,31,71,87.9,528,601,,,17,,,,13,,,,13.0,3,23,,9,,,13,10,3,,5,3,0.0,0,0.0,,,,,0.0,,,0.0,,10,,,2.0,1.0,11,3,4,4,1,,,0.0,3.0,,,,,,0.0,3,1.0,8,40,,16,29,65.3,158,242,,,12,,,,10,,,,57.1,4,7,,8,,,16,8,8,,31,2,0.0,0,5.0,,,,,1.0,,,2.0,,13,,,6.77,6.97,3-4-2-1,4-2-3-1,3.0,4.0,5.1,7.1,0.0,5.0,-1.476,-0.179,6.625,6.875,1.25,1.0,0.75,4.75,7.233,7.025,2.0,1.5,4.0,5.5,7.067,7.0,2.667,2.0,0.333,0.5,7.5,7.8,7.4,7.6,7.3,7.3,0.665,0.405
PL-2024-25-12436459,Jornada 15,2024-12-08,Fulham,1,Arsenal,1,1,1.0,0.0,2,2,0,0,0,,,0.0,0.0,,,,,,0.0,0,0.0,5,30,,3,34,72.2,218,302,,,28,,,,9,,,,,0,10,,9,,,27,16,11,,25,1,0.0,0,3.0,,,,,4.0,,2.0,4.0,,10,,,1.0,0.0,12,4,8,0,0,,,1.0,1.0,,,,,,4.0,6,3.0,8,69,,36,66,88.9,522,587,,,19,,,,10,,,,24.2,8,33,,6,,,9,6,3,,11,1,0.0,0,1.0,,,,,1.0,,0.0,2.0,,9,,,6.9,7.07,4-2-3-1,4-3-3,4.0,4.0,7.5,6.7,3.0,1.0,0.238,-0.563,6.85,6.933,3.25,0.667,4.25,2.0,6.8,7.15,0.25,1.5,3.5,5.75,6.9,7.233,0.5,2.0,0.5,0.0,7.5,8.2,7.4,7.5,7.2,7.5,0.372,0.484
PL-2024-25-12436462,Jornada 15,2024-12-08,Ipswich,1,Bournemouth,1,2,1.0,0.0,18,5,6,7,0,,,1.0,6.0,,,,,,1.0,6,,8,47,,30,43,73.5,250,340,,,28,,,,13,,,,30.8,4,13,,5,,,19,12,7,,29,2,0.0,0,4.0,,,,,1.0,,2.0,2.0,,9,,,2.0,0.0,22,6,9,7,1,,,2.0,6.0,,,,,,5.0,13,,11,73,,41,57,80.6,357,443,,,31,,,,9,,,,13.0,3,23,,10,,,23,15,8,,26,1,0.0,0,4.0,,,,,0.0,,1.0,1.0,,13,,,6.92,7.22,4-2-3-1,4-2-3-1,4.0,4.0,6.7,7.3,4.0,4.0,0.094,0.698,7.0,7.35,1.25,2.75,5.0,3.75,6.92,7.2,1.2,1.6,5.0,7.8,6.8,6.7,2.0,3.0,0.0,0.0,7.6,8.4,7.4,7.7,7.3,7.4,0.374,0.488
PL-2024-25-12436444,Jornada 15,2024-12-08,Leicester,1,Brighton,2,2,2.0,0.0,10,3,2,5,0,,,0.0,3.0,,,,,,3.0,4,1.0,12,48,,18,55,84.4,439,520,,,16,,,,10,,,,25.0,5,20,,6,,,15,7,8,,10,2,0.0,0,5.0,,,,,1.0,,,1.0,,9,,,1.0,1.0,16,7,6,3,0,,,3.0,4.0,,,,,,0.0,5,0.0,11,38,,24,45,85.3,366,429,,,21,,,,9,,,,40.0,6,15,,6,,,19,14,5,,21,2,0.0,0,1.0,,,,,0.0,,,2.0,,10,,,6.82,6.92,4-2-3-1,4-2-3-1,4.0,4.0,6.9,6.5,5.0,1.0,1.14,-0.201,6.675,7.067,1.75,1.0,1.25,3.333,6.65,6.94,0.5,1.4,3.5,4.0,7.4,6.85,2.0,2.0,0.5,0.0,8.3,7.6,7.0,7.4,6.9,7.0,0.51,0.313
PL-2024-25-12436441,Jornada 15,2024-12-08,Tottenham,1,Chelsea,3,4,3.0,0.0,13,5,5,3,1,,,0.0,2.0,,,,,,6.0,5,3.0,8,36,,26,39,83.2,263,316,,,12,,,,11,,,,33.3,5,15,,4,,,19,14,5,,19,4,0.0,0,4.0,,,,,1.0,,,2.0,,17,,,3.0,1.0,17,8,4,5,0,,,2.0,2.0,,,,,,3.0,10,2.0,10,51,,47,61,86.3,446,517,,,19,,,,15,,,,25.0,4,16,,12,,,18,13,5,,7,3,0.0,0,2.0,,,,,0.0,,,3.0,,11,,,6.66,7.04,4-3-3,4-2-3-1,4.0,4.0,6.6,5.6,4.0,2.0,0.19,-0.974,6.525,6.333,1.75,2.0,2.75,1.333,6.2,7.767,0.0,1.833,5.0,4.0,7.333,6.2,2.333,3.0,0.667,0.0,7.5,9.3,7.3,8.1,7.2,7.9,0.542,1.036
PL-2024-25-12436454,Jornada 15,2024-12-09,West Ham,1,Wolves,2,1,2.0,0.0,19,4,6,9,0,,,0.0,4.0,,,,,,1.0,11,4.0,11,57,,39,54,80.4,348,433,,,26,,,,17,,,,40.9,9,22,,8,,,13,7,6,,18,1,0.0,0,4.0,,,,,0.0,,0.0,5.0,,12,,,1.0,0.0,19,5,7,7,0,,,4.0,3.0,,,,,,2.0,0,1.0,8,54,,24,46,76.9,290,377,,,36,,,,12,,,,38.5,5,13,,4,,,19,9,10,,21,2,0.0,0,2.0,,,,,1.0,,1.0,4.0,,17,,,7.25,6.96,4-2-3-1,3-4-2-1,4.0,3.0,7.0,6.7,4.0,2.0,0.313,-1.556,7.225,7.24,1.0,1.6,3.5,2.6,7.3,6.667,1.333,1.333,3.167,2.333,,6.85,,1.0,,0.0,8.3,8.1,7.5,7.5,7.4,7.2,0.401,0.507
PL-2024-25-13344418,Jornada 15,2025-02-12,Everton,1,Liverpool,2,2,2.0,0.0,10,3,5,2,0,,,1.0,2.0,,,,,,1.0,2,3.0,4,66,,15,37,70.0,215,307,,,33,,,,20,,,,18.8,3,16,,8,,,19,13,6,,43,2,0.0,0,2.0,,,,,,,0.0,4.0,1.0,9,,,2.0,0.0,6,4,0,2,0,,,2.0,0.0,,,,,,2.0,3,2.0,8,66,,18,63,82.8,452,546,,,22,,,,9,,,,10.0,1,10,,8,,,18,10,8,,36,2,0.0,0,1.0,,,,,,,1.0,4.0,1.0,20,,,6.88,6.9,4-2-3-1,4-2-3-1,4.0,4.0,6.6,6.3,2.0,1.0,-0.445,-0.804,7.325,6.8,1.5,1.25,9.75,6.25,6.48,7.067,0.6,0.5,4.4,3.0,7.4,,4.0,,1.0,,8.1,8.5,7.7,7.3,7.4,7.3,0.578,0.63
PL-2024-25-12436438,Jornada 16,2024-12-14,Arsenal,1,Everton,0,0,0.0,0.0,13,5,3,5,0,,,0.0,2.0,,,,,,1.0,8,5.0,13,79,,49,77,92.3,631,684,,,19,,,,9,,,,25.0,7,28,,0,,,18,10,8,,7,0,0.0,1,0.0,,,,,1.0,,0.0,0.0,,6,,,0.0,0.0,2,0,0,2,0,,,0.0,1.0,,,,,,0.0,2,3.0,10,38,,8,23,71.3,149,209,,,13,,,,6,,,,12.5,1,8,,7,,,29,20,9,,39,0,0.0,1,5.0,,,,,3.0,,2.0,3.0,,9,,,7.25,7.05,4-3-3,4-3-3,4.0,4.0,6.9,8.2,0.0,5.0,,1.812,7.425,7.2,2.5,3.25,0.75,6.0,7.0,6.875,1.0,0.25,2.667,6.75,7.367,6.5,2.0,0.0,0.0,0.0,8.3,8.2,8.0,7.5,7.4,7.4,0.476,0.487
PL-2024-25-12436446,Jornada 16,2024-12-14,Liverpool,1,Fulham,2,2,2.0,0.0,16,4,7,5,0,,,0.0,0.0,,,,,,3.0,5,2.0,12,68,,35,61,88.7,469,529,,,30,,,,7,,,,19.4,6,31,,9,,,15,9,6,,6,2,0.0,0,1.0,,,,,1.0,,0.0,3.0,1.0,10,,,2.0,0.0,12,3,5,4,0,,,0.0,5.0,,,,,,1.0,4,2.0,7,38,,17,39,82.4,280,340,,,26,,,,10,,,,28.6,4,14,,7,,,15,8,7,,29,2,0.0,0,2.0,,,,,1.0,,1.0,4.0,0.0,7,,,6.64,6.84,4-3-3,4-2-3-1,4.0,4.0,6.7,6.9,1.0,2.0,-0.201,-0.558,5.9,6.875,1.25,1.75,0.75,5.5,7.117,6.88,1.0,1.2,3.5,4.0,,6.4,,0.0,,0.0,7.8,8.0,7.4,7.3,7.3,7.2,1.208,0.468
PL-2024-25-12436460,Jornada 16,2024-12-14,Newcastle,1,Leicester,4,0,4.0,0.0,27,11,9,7,0,,,3.0,4.0,,,,,,5.0,5,0.0,11,60,,54,59,87.4,553,633,,,20,,,,16,,,,33.3,5,15,,6,,,8,5,3,,13,0,0.0,1,1.0,,,,,2.0,,,3.0,,7,,,0.0,0.0,4,1,0,3,0,,,0.0,2.0,,,,,,0.0,2,2.0,8,40,,10,41,78.1,331,424,,,18,,,,7,,,,10.0,1,10,,13,,,23,6,17,,25,4,0.0,0,7.0,,,,,0.0,,,3.0,,16,,,7.7,6.52,4-3-3,4-2-3-1,4.0,4.0,7.2,7.3,1.0,4.0,0.087,1.029,7.4,6.3,0.5,3.0,2.25,4.0,7.533,6.5,1.333,0.4,5.0,3.4,8.433,6.7,3.667,1.0,1.0,0.0,9.0,7.3,9.0,6.9,8.3,6.8,0.762,0.4
PL-2024-25-12436456,Jornada 16,2024-12-14,Wolves,1,Ipswich,1,2,1.0,0.0,16,6,5,5,0,,,2.0,3.0,,,,,,1.0,7,2.0,15,61,,26,54,83.8,418,499,,,21,,,,9,,,,24.0,6,25,,6,,,20,13,7,,19,2,0.0,0,2.0,,,,,1.0,,1.0,2.0,1.0,13,,,1.0,0.0,10,5,2,3,0,,,1.0,2.0,,,,,,2.0,3,4.0,11,51,,32,46,83.3,350,420,,,19,,,,13,,,,17.6,3,17,,12,,,12,4,8,,31,1,0.0,0,5.0,,,,,4.0,,2.0,3.0,0.0,9,,,7.05,6.95,3-4-2-1,4-2-3-1,3.0,4.0,6.7,8.3,2.0,5.0,-1.046,0.462,7.0,6.967,2.0,1.0,2.4,6.0,6.867,6.75,1.333,1.0,3.333,5.5,7.6,6.7,5.0,1.0,0.5,0.0,8.3,8.3,7.3,7.5,7.2,7.1,0.479,0.525
PL-2024-25-12436447,Jornada 16,2024-12-14,Nottm Forest,1,Aston Villa,2,1,2.0,0.0,17,6,6,5,0,,,0.0,5.0,,,,,,3.0,4,2.0,10,52,,27,50,91.3,431,472,,,21,,,,6,,,,23.8,5,21,,8,,,19,14,5,,24,1,0.0,0,1.0,,,,,2.0,,1.0,0.0,,12,,,1.0,0.0,8,2,4,2,0,,,0.0,1.0,,,,,,0.0,3,2.0,5,53,,33,50,88.5,414,468,,,24,,,,12,,,,31.2,5,16,,6,,,11,5,6,,21,2,0.0,0,4.0,,,,,1.0,,0.0,1.0,,6,,,7.27,6.87,4-2-3-1,4-2-3-1,4.0,4.0,6.9,6.8,1.0,4.0,-0.742,0.043,7.3,6.76,1.25,1.6,2.75,3.2,7.46,6.975,2.0,1.5,4.4,3.5,6.6,7.1,1.0,3.0,0.0,1.0,8.4,7.8,8.1,7.1,7.7,7.0,0.567,0.377
PL-2024-25-12436457,Jornada 16,2024-12-15,Brighton,1,Crystal Palace,1,3,0.0,0.0,17,5,4,8,0,,,2.0,6.0,,,,,,1.0,8,1.0,16,71,,34,65,88.2,503,570,,,15,,,,15,,,,26.1,6,23,,5,,,22,16,6,,11,3,0.0,0,2.0,,,,,1.0,,1.0,1.0,,11,,,3.0,0.0,13,5,5,3,0,,,0.0,2.0,,,,,,5.0,5,1.0,5,34,,23,35,73.5,225,306,,,11,,,,11,,,,33.3,4,12,,8,,,25,16,9,,29,1,0.0,0,5.0,,,,,1.0,,0.0,4.0,,15,,,6.79,7.09,4-2-3-1,3-4-2-1,4.0,3.0,6.6,7.7,2.0,5.0,-0.869,0.052,6.433,6.833,1.667,1.0,1.667,7.0,6.917,6.78,1.333,1.2,4.5,3.6,7.3,7.95,2.0,3.0,0.0,1.0,7.4,9.6,7.3,7.7,7.3,7.7,0.41,0.997
PL-2024-25-12436451,Jornada 16,2024-12-15,Man City,1,Man United,1,2,1.0,0.0,10,3,4,3,0,,,2.0,3.0,,,,,,0.0,8,0.0,9,63,,18,52,86.7,432,498,,,22,,,,14,,,,10.5,2,19,,10,,,14,10,4,,10,2,0.0,0,1.0,,,,,,,,1.0,,5,,,2.0,0.0,10,3,4,3,0,,,0.0,3.0,,,,,,3.0,2,6.0,8,39,,22,48,88.2,413,468,,,27,,,,4,,,,40.0,4,10,,17,,,24,11,13,,18,1,0.0,0,2.0,,,,,,,,1.0,,14,,,6.92,7.08,4-1-4-1,3-4-3,4.0,3.0,6.8,6.5,1.0,2.0,0.135,-0.144,6.775,7.02,1.25,2.0,1.25,2.0,7.08,7.25,0.6,2.0,3.4,6.5,6.8,7.267,1.0,1.333,0.0,0.333,7.6,8.3,7.5,7.7,7.1,7.4,0.371,0.539
PL-2024-25-12436461,Jornada 16,2024-12-15,Chelsea,1,Brentford,2,1,2.0,0.0,26,8,10,8,0,,,2.0,4.0,,,,,,4.0,8,1.0,5,69,,51,62,85.5,443,518,,,25,,,,7,,,,29.4,10,34,,8,,,15,8,7,,20,1,0.0,0,3.0,,,,,6.0,,0.0,2.0,1.0,11,,,0.0,1.0,9,4,3,2,1,,,1.0,0.0,,,,,,4.0,5,3.0,4,46,,17,38,76.5,250,327,,,20,,,,11,,,,16.7,3,18,,6,,,17,12,5,,37,2,0.0,0,6.0,,,,,0.0,,2.0,2.0,0.0,7,,,7.46,6.9,4-2-3-1,3-5-2,4.0,3.0,7.4,6.9,3.0,6.0,0.731,-0.36,7.35,6.92,1.5,1.2,3.5,4.8,7.58,6.733,3.0,0.0,5.4,6.667,7.4,7.1,7.0,1.0,1.0,0.5,7.8,7.4,7.8,7.3,7.6,7.0,0.206,0.252
PL-2024-25-12436458,Jornada 16,2024-12-15,Southampton,1,Tottenham,0,5,0.0,0.0,9,3,4,2,0,,,2.0,2.0,,,,,,3.0,2,2.0,2,36,,16,42,87.1,373,428,,,14,,,,15,,,,38.5,5,13,,11,,,15,10,5,,15,5,0.0,0,4.0,,,,,0.0,,,1.0,,8,,,5.0,0.0,18,9,5,4,1,,,1.0,1.0,,,,,,6.0,5,0.0,13,46,,28,58,91.0,544,598,,,15,,,,8,,,,20.0,3,15,,16,,,14,8,6,,10,0,0.0,1,4.0,,,,,1.0,,,3.0,,15,,,6.36,7.69,4-3-1-2,4-2-3-1,4.0,4.0,6.5,7.4,4.0,4.0,-1.409,0.36,6.433,7.333,1.333,1.667,3.333,1.333,6.36,7.88,1.0,1.2,3.4,5.2,6.2,7.9,1.0,4.0,0.0,0.5,6.8,9.3,6.5,9.2,6.5,8.4,0.219,0.907
PL-2024-25-12436465,Jornada 16,2024-12-16,Bournemouth,1,West Ham,1,1,0.0,1.0,29,9,6,14,1,,,2.0,9.0,,,,,,2.0,12,1.0,3,62,,40,51,75.9,331,436,,,35,,,,11,,,,26.7,8,30,,10,,,13,8,5,,25,1,0.0,0,2.0,,,,,0.0,,1.0,0.0,,6,,,1.0,0.0,16,3,6,7,1,,,0.0,2.0,,,,,,1.0,6,1.0,10,66,,24,49,72.6,305,420,,,22,,,,5,,,,34.8,8,23,,8,,,12,6,6,,29,1,0.0,0,8.0,,,,,1.0,,0.0,2.0,,11,,,7.15,7.21,4-2-3-1,4-1-4-1,4.0,4.0,7.2,8.2,2.0,8.0,0.42,1.073,6.85,7.225,0.25,1.75,3.5,4.25,7.36,7.033,2.2,1.333,4.0,5.0,7.2,,2.0,,0.0,,8.4,8.2,7.4,7.6,7.2,7.5,0.456,0.41
PL-2024-25-12436453,Jornada 17,2024-12-21,Aston Villa,1,Man City,2,1,2.0,0.0,11,6,3,2,2,,,1.0,0.0,,,,,,4.0,5,3.0,6,33,,17,44,86.2,369,428,,,16,,,,7,,,,33.3,2,6,,4,,,22,12,10,,17,1,0.0,0,5.0,,,,,1.0,,1.0,3.0,,14,,,1.0,0.0,12,6,5,1,0,,,3.0,2.0,,,,,,2.0,4,0.0,8,64,,22,56,92.4,496,537,,,23,,,,14,,,,14.3,2,14,,5,,,6,4,2,,15,2,0.0,0,4.0,,,,,0.0,,0.0,3.0,,7,,,7.1,6.94,4-2-3-1,4-2-3-1,4.0,4.0,7.7,7.1,5.0,4.0,0.321,0.528,6.6,6.725,1.5,0.5,2.75,2.0,7.34,7.14,1.6,1.2,2.8,2.8,7.3,6.6,3.0,1.0,1.0,0.0,8.8,7.9,7.7,7.4,7.3,7.1,0.707,0.452
PL-2024-25-12436463,Jornada 17,2024-12-21,Brentford,1,Nottm Forest,0,2,0.0,0.0,7,3,2,2,0,,,0.0,0.0,,,,,,1.0,9,1.0,11,72,,37,64,85.0,452,532,,,26,,,,14,,,,13.2,5,38,,13,,,17,11,6,,18,2,0.0,0,4.0,,,,,0.0,,1.0,3.0,,10,,,2.0,0.0,10,6,3,1,0,,,0.0,3.0,,,,,,2.0,5,3.0,4,46,,16,36,77.9,236,303,,,22,,,,10,,,,7.1,1,14,,18,,,20,9,11,,49,0,0.0,1,3.0,,,,,1.0,,1.0,4.0,,14,,,6.92,7.23,4-3-3,3-4-2-1,4.0,3.0,7.1,7.6,4.0,3.0,-0.641,0.979,6.525,7.3,1.25,1.4,2.75,7.2,7.025,7.133,0.0,2.333,5.5,5.333,7.4,7.0,1.0,2.5,0.0,0.5,8.2,7.6,7.8,7.6,7.3,7.5,0.625,0.36
PL-2024-25-12436467,Jornada 17,2024-12-21,Ipswich,1,Newcastle,0,4,0.0,0.0,10,2,4,4,0,,,1.0,1.0,,,,,,1.0,2,3.0,4,55,,20,42,82.8,357,431,,,21,,,,7,,,,25.0,3,12,,4,,,10,5,5,,14,4,0.0,0,3.0,,,,,1.0,,,2.0,,9,,,4.0,0.0,15,7,7,1,1,,,0.0,2.0,,,,,,6.0,1,1.0,11,54,,35,58,87.2,537,616,,,21,,,,9,,,,50.0,5,10,,6,,,15,10,5,,15,0,0.0,1,2.0,,,,,0.0,,,0.0,,7,,,6.24,7.59,4-2-3-1,4-3-3,4.0,4.0,5.8,7.0,3.0,2.0,-2.206,0.288,6.433,7.3,1.667,1.0,3.0,2.5,6.214,7.233,0.857,1.333,3.429,5.667,,8.533,,3.667,,1.333,6.8,9.6,6.6,8.9,6.6,8.4,0.334,0.939
PL-2024-25-12436478,Jornada 17,2024-12-21,West Ham,1,Brighton,1,1,1.0,0.0,11,4,3,4,0,,,1.0,2.0,,,,,,2.0,8,5.0,6,46,,27,46,76.1,283,372,,,26,,,,20,,,,21.4,3,14,,7,,,26,15,11,,29,1,0.0,0,5.0,,,,,,,0.0,2.0,,14,,,1.0,0.0,12,6,2,4,1,,,1.0,1.0,,,,,,4.0,4,1.0,9,56,,53,54,84.9,372,438,,,27,,,,14,,,,18.2,4,22,,9,,,18,10,8,,24,1,0.0,0,3.0,,,,,,,1.0,2.0,,20,,,6.96,6.99,4-1-4-1,4-2-3-1,4.0,4.0,7.5,7.1,5.0,3.0,1.491,0.428,7.075,7.05,1.75,1.75,3.25,4.25,6.88,7.04,0.2,1.0,3.8,4.8,6.4,6.4,1.0,0.0,0.0,0.0,7.5,7.8,7.3,7.5,7.2,7.3,0.342,0.448
PL-2024-25-12436464,Jornada 17,2024-12-21,Crystal Palace,1,Arsenal,1,5,1.0,0.0,15,6,6,3,0,,,1.0,4.0,,,,,,3.0,3,1.0,4,40,,18,42,81.1,318,392,,,15,,,,8,,,,42.9,6,14,,3,,,25,11,14,,25,5,0.0,0,1.0,,,,,0.0,,,2.0,,9,,,5.0,0.0,14,6,3,5,2,,,0.0,1.0,,,,,,5.0,3,0.0,8,52,,34,58,86.8,479,552,,,17,,,,9,,,,52.9,9,17,,11,,,14,10,4,,15,1,0.0,0,5.0,,,,,2.0,,,2.0,,8,,,6.55,7.1,3-4-2-1,4-3-3,3.0,4.0,5.5,7.5,1.0,5.0,-1.335,0.705,6.475,6.7,2.5,0.75,3.75,1.5,6.6,7.0,1.25,1.5,3.25,4.5,7.1,7.45,4.5,2.0,0.5,1.0,7.2,8.5,7.0,7.6,6.8,7.5,0.44,0.572
PL-2024-25-12436466,Jornada 17,2024-12-22,Everton,1,Chelsea,0,0,0.0,0.0,5,4,0,1,0,,,3.0,0.0,,,,,,2.0,2,2.0,5,42,,7,25,72.7,152,209,,,20,,,,12,,,,11.1,1,9,,10,,,30,11,19,,21,0,0.0,1,4.0,,,,,0.0,,,4.0,,20,,,0.0,0.0,12,5,3,4,1,,,1.0,4.0,,,,,,3.0,5,1.0,17,64,,23,75,89.9,577,642,,,29,,,,20,,,,16.7,3,18,,2,,,23,14,9,,12,0,0.0,1,4.0,,,,,2.0,,,1.0,,12,,,6.88,7.23,4-3-3,4-2-3-1,4.0,4.0,7.4,7.8,4.0,4.0,0.514,0.732,7.175,7.175,3.75,2.5,3.0,2.0,6.625,7.34,0.5,1.2,3.0,3.6,6.55,6.3,0.5,3.0,0.0,0.0,7.8,8.0,7.4,7.8,7.1,7.8,0.406,0.501
PL-2024-25-12436468,Jornada 17,2024-12-22,Fulham,1,Southampton,0,0,0.0,0.0,15,5,6,4,0,,,1.0,6.0,,,,,,2.0,6,1.0,5,43,,34,57,86.4,465,538,,,12,,,,15,,,,28.6,8,28,,8,,,10,6,4,,12,0,0.0,1,1.0,,,,,2.0,,0.0,1.0,,8,,,0.0,0.0,5,1,1,3,0,,,0.0,2.0,,,,,,0.0,5,2.0,1,38,,14,43,80.2,336,419,,,16,,,,8,,,,30.8,4,13,,11,,,19,11,8,,38,0,0.0,1,5.0,,,,,1.0,,1.0,3.0,,15,,,7.06,7.05,4-2-3-1,3-4-1-2,4.0,3.0,7.1,7.8,1.0,5.0,0.037,1.08,7.2,7.08,1.25,1.2,1.75,5.6,6.98,6.85,1.0,0.25,3.0,2.5,6.9,6.9,1.0,2.0,0.0,0.0,7.6,7.8,7.3,7.5,7.1,7.4,0.235,0.399
PL-2024-25-12436469,Jornada 17,2024-12-22,Leicester,1,Wolves,0,3,0.0,0.0,9,5,2,2,0,,,1.0,1.0,,,,,,1.0,6,1.0,8,66,,17,54,86.6,473,546,,,20,,,,16,,,,16.7,4,24,,9,,,18,8,10,,8,3,0.0,0,1.0,,,,,0.0,,0.0,2.0,,15,,,3.0,0.0,8,4,3,1,1,,,0.0,2.0,,,,,,2.0,1,1.0,2,38,,11,46,83.5,400,479,,,26,,,,15,,,,37.5,3,8,,7,,,20,12,8,,22,0,0.0,1,4.0,,,,,2.0,,1.0,0.0,,16,,,6.47,7.35,4-2-3-1,3-4-2-1,4.0,3.0,6.1,8.0,1.0,4.0,-2.475,0.794,6.375,7.45,0.5,2.0,2.0,2.0,6.7,7.2,1.0,0.5,3.5,6.25,6.4,7.1,3.5,1.5,0.0,0.5,7.2,8.0,6.8,7.9,6.7,7.8,0.4,0.526
PL-2024-25-12436470,Jornada 17,2024-12-22,Man United,1,Bournemouth,0,3,0.0,0.0,23,7,10,6,0,,,3.0,7.0,,,,,,4.0,13,0.0,9,56,,45,60,80.5,396,492,,,29,,,,11,,,,38.1,8,21,,4,,,19,12,7,,10,3,0.0,0,2.0,,,,,1.0,,0.0,1.0,,11,,,3.0,0.0,10,5,3,2,0,,,2.0,2.0,,,,,,2.0,1,2.0,7,50,,14,40,75.1,253,337,,,22,,,,10,,,,25.0,2,8,,11,,,25,17,8,,31,0,0.0,1,7.0,,,,,0.0,,1.0,3.0,,11,,,6.83,7.5,3-4-2-1,4-2-3-1,3.0,4.0,6.7,8.6,2.0,7.0,-0.66,1.454,6.56,7.425,1.8,1.5,1.8,4.25,7.2,7.42,2.0,1.0,5.667,5.6,7.0,7.1,2.0,1.0,0.0,0.0,7.6,8.6,7.5,8.4,7.3,7.8,0.479,0.6
PL-2024-25-12436471,Jornada 17,2024-12-22,Tottenham,1,Liverpool,3,6,2.0,1.0,9,5,3,1,0,,,1.0,1.0,,,,,,2.0,7,4.0,10,50,,29,52,85.2,466,547,,,16,,,,9,,,,18.8,3,16,,8,,,20,13,7,,22,6,0.0,0,6.0,,,,,,,0.0,1.0,,7,,,6.0,0.0,24,12,8,4,1,,,3.0,3.0,,,,,,11.0,5,4.0,5,51,,51,48,86.1,432,502,,,26,,,,7,,,,42.9,9,21,,15,,,27,17,10,,21,3,0.0,0,2.0,,,,,,,1.0,2.0,,9,,,6.59,7.49,4-2-3-1,4-2-3-1,4.0,4.0,6.8,6.6,6.0,2.0,-0.625,-1.067,6.167,7.225,2.667,3.75,3.333,4.0,6.66,7.817,0.4,1.5,5.4,4.0,6.95,,1.0,,0.5,,7.6,9.4,7.2,8.7,7.0,8.2,0.52,0.901
PL-2024-25-12436481,Jornada 18,2024-12-26,Man City,1,Everton,1,1,1.0,0.0,24,5,9,10,1,,,1.0,7.0,,,,,,4.0,8,2.0,13,73,,50,66,90.9,586,645,,,19,,,,9,,,,43.5,10,23,,1,,,16,8,8,,11,1,0.0,0,2.0,,,0.0,,0.0,,,1.0,,5,,,1.0,0.0,8,3,3,2,0,,,1.0,2.0,,,,,,1.0,5,2.0,7,55,,15,34,81.4,259,318,,,27,,,,5,,,,37.5,6,16,,7,,,17,14,3,,35,1,0.0,0,4.0,,,1.0,,1.0,,,4.0,,10,,,7.19,6.95,4-1-4-1,4-3-3,4.0,4.0,6.7,7.6,2.0,4.0,-0.133,0.664,6.925,6.925,1.25,2.0,1.75,6.5,7.64,6.95,2.6,0.25,3.6,5.75,6.5,6.65,2.0,1.0,0.0,0.0,8.2,7.6,8.2,7.4,7.4,7.2,0.578,0.342
PL-2024-25-12436476,Jornada 18,2024-12-26,Bournemouth,1,Crystal Palace,0,0,0.0,0.0,18,4,10,4,0,,,1.0,2.0,,,,,,,5,1.0,4,69,,34,52,82.3,376,457,,,31,,,,12,,,,18.5,5,27,,6,,,22,16,6,,22,0,0.0,1,4.0,,,,,,,,2.0,,13,,,0.0,0.0,10,4,2,4,0,,,1.0,3.0,,,,,,,2,1.0,10,60,,17,48,77.9,335,430,,,26,,,,13,,,,45.5,5,11,,8,,,27,15,12,,24,0,0.0,1,3.0,,,,,,,,2.0,,12,,,7.25,7.23,4-2-3-1,3-4-2-1,4.0,3.0,7.9,7.2,4.0,3.0,0.478,0.387,7.425,7.233,2.5,2.333,4.0,4.333,7.04,7.4,1.8,1.4,5.8,6.0,6.9,6.8,2.0,1.0,0.0,0.0,8.2,7.8,7.9,7.6,7.5,7.6,0.458,0.455
PL-2024-25-12436473,Jornada 18,2024-12-26,Chelsea,1,Fulham,1,2,0.0,1.0,12,8,1,3,0,,,2.0,2.0,,,,,,3.0,3,3.0,8,67,,24,47,83.4,422,506,,,16,,,,13,,,,14.3,2,14,,6,,,12,7,5,,16,2,0.0,0,5.0,,,,,1.0,,,1.0,,13,,,2.0,0.0,14,7,7,0,0,,,0.0,3.0,,,,,,3.0,1,1.0,14,51,,23,53,86.2,489,567,,,31,,,,13,,,,35.0,7,20,,12,,,9,5,4,,20,1,0.0,0,7.0,,,,,1.0,,,3.0,,13,,,6.94,7.24,4-2-3-1,4-5-1,4.0,4.0,7.3,8.3,5.0,7.0,0.759,1.037,6.65,7.1,1.5,1.0,3.0,3.8,7.04,7.267,1.0,2.0,6.0,5.667,7.2,7.0,1.0,2.0,0.0,0.0,8.3,8.3,7.3,7.6,7.2,7.5,0.528,0.45
PL-2024-25-12436477,Jornada 18,2024-12-26,Newcastle,1,Aston Villa,3,0,3.0,0.0,22,8,7,7,1,,,1.0,5.0,,,,,,3.0,9,5.0,6,56,,49,63,91.6,504,550,,,23,,,,10,,,,22.2,4,18,,8,,,11,8,3,,19,0,0.0,1,1.0,,,,,1.0,,,2.0,0.0,15,,,0.0,0.0,4,1,2,1,0,,,1.0,1.0,,,,,,0.0,6,3.0,10,34,,9,37,80.4,254,316,,,14,,,,15,,,,5.0,1,20,,5,,,15,7,8,,18,3,0.0,0,4.0,,,,,2.0,,,1.0,1.0,10,,,7.59,6.46,4-3-3,4-2-3-1,4.0,4.0,7.0,6.8,1.0,4.0,0.182,0.312,7.425,6.6,1.5,0.5,3.0,3.75,7.867,6.5,2.0,0.0,5.667,3.8,7.733,5.4,3.0,0.0,0.667,0.0,8.5,6.8,8.1,6.8,7.9,6.8,0.489,0.396
PL-2024-25-12436479,Jornada 18,2024-12-26,Nottm Forest,1,Tottenham,1,0,1.0,0.0,10,3,5,2,0,,,0.0,3.0,,,,,,2.0,2,4.0,9,39,,18,30,73.2,191,261,,,19,,,,13,,,,16.7,1,6,,10,,,21,13,8,,32,0,0.0,1,4.0,,,,,1.0,,2.0,3.0,0.0,12,,,0.0,0.0,13,4,4,5,0,,,0.0,6.0,,,,,,1.0,7,1.0,10,77,,30,70,87.9,545,620,,,9,,,,12,,,,5.6,1,18,,7,,,11,4,7,,3,1,0.0,0,2.0,,,,,0.0,,0.0,4.0,1.0,13,,,7.27,6.83,4-2-3-1,4-2-3-1,4.0,4.0,7.9,6.8,4.0,2.0,0.926,0.36,7.375,6.9,3.0,1.333,5.25,0.0,7.075,6.7,1.25,0.75,5.75,5.75,7.15,6.933,1.5,2.667,0.5,0.0,7.9,7.4,7.8,7.1,7.7,7.1,0.427,0.27
PL-2024-25-12436480,Jornada 18,2024-12-26,Southampton,1,West Ham,0,1,0.0,0.0,18,5,9,4,0,,,0.0,2.0,,,,,,4.0,2,,8,63,,31,54,84.0,399,475,,,33,,,,8,,,,39.1,9,23,,10,,,15,8,7,,13,1,0.0,0,1.0,,,,,1.0,,,1.0,,15,,,1.0,0.0,16,2,8,6,1,,,1.0,4.0,,,,,,2.0,2,,8,47,,25,46,79.5,325,409,,,27,,,,15,,,,30.0,3,10,,6,,,19,13,6,,21,0,0.0,1,5.0,,,,,1.0,,,2.0,,8,,,7.02,7.07,3-4-1-2,4-1-4-1,3.0,4.0,6.8,7.2,1.0,3.0,-0.584,0.53,7.3,7.175,1.4,1.5,2.0,3.25,6.933,6.94,1.667,1.4,3.0,3.0,6.55,7.2,4.5,1.0,0.0,0.0,7.7,8.2,7.4,7.5,7.3,7.2,0.354,0.461
PL-2024-25-12436482,Jornada 18,2024-12-26,Wolves,1,Man United,2,0,2.0,0.0,7,4,1,2,0,,,1.0,2.0,,,,,,1.0,4,3.0,9,53,,14,51,83.1,394,474,,,32,,,,12,,,,13.3,2,15,,14,,,26,19,7,,21,0,0.0,1,4.0,,,,,1.0,,1.0,2.0,0.0,12,,,0.0,0.0,11,4,3,4,0,,,1.0,5.0,,,,,,0.0,4,1.0,4,64,,20,49,80.1,366,457,,,17,,,,12,,,,35.0,7,20,,13,,,24,17,7,,21,2,0.0,0,2.0,,,,,0.0,,1.0,4.0,1.0,12,,,7.35,6.59,3-4-2-1,3-4-2-1,3.0,3.0,7.9,5.9,4.0,2.0,1.059,-0.354,7.32,6.9,2.2,2.2,2.8,3.6,6.967,6.4,0.667,1.333,4.333,3.0,7.75,6.45,1.5,0.5,0.5,0.0,8.9,7.2,8.0,7.1,7.9,7.0,0.718,0.476
PL-2024-25-12436474,Jornada 18,2024-12-26,Liverpool,1,Leicester,3,1,2.0,1.0,19,7,6,6,2,,,0.0,4.0,,,,,,1.0,14,3.0,5,89,,60,69,90.9,590,649,,,24,,,,5,,,,24.0,12,50,,8,,,18,8,10,,9,1,0.0,0,0.0,,,,,0.0,,0.0,3.0,,17,,,1.0,0.0,4,1,2,1,0,,,0.0,2.0,,,,,,0.0,1,2.0,1,25,,4,31,76.5,237,310,,,22,,,,17,,,,66.7,4,6,,15,,,13,5,8,,52,3,0.0,0,4.0,,,,,3.0,,4.0,2.0,,5,,,7.62,6.65,4-2-3-1,4-2-3-1,4.0,4.0,6.3,7.3,0.0,4.0,-0.101,-0.78,7.6,6.475,1.75,0.5,2.0,7.5,8.02,6.55,1.8,0.5,2.8,2.5,7.0,6.85,4.0,0.5,0.0,0.5,8.9,7.4,8.7,7.3,8.2,6.8,0.753,0.358
PL-2024-25-12436475,Jornada 18,2024-12-27,Brighton,1,Brentford,0,0,0.0,0.0,24,7,12,5,1,,,3.0,6.0,,,,,,1.0,5,0.0,8,59,,44,58,81.9,404,493,,,21,,,,12,,,,21.1,4,19,,9,,,17,13,4,,14,0,0.0,1,3.0,,,,,1.0,,0.0,0.0,,6,,,0.0,0.0,8,3,2,3,0,,,0.0,1.0,,,,,,1.0,3,5.0,6,41,,17,42,74.8,267,357,,,23,,,,6,,,,22.2,2,9,,11,,,18,12,6,,32,0,0.0,1,8.0,,,,,3.0,,1.0,2.0,,12,,,7.35,6.98,4-2-3-1,4-2-3-1,4.0,4.0,7.5,7.9,3.0,6.0,0.928,0.666,7.5,6.925,2.0,1.5,3.667,3.75,7.317,6.975,1.667,1.0,4.5,4.5,7.0,6.65,2.0,2.0,0.0,0.0,7.8,7.9,7.8,7.6,7.7,7.3,0.303,0.432
PL-2024-25-12436472,Jornada 18,2024-12-27,Arsenal,1,Ipswich,1,0,1.0,0.0,13,5,3,5,0,,,1.0,3.0,,,,,,3.0,5,1.0,7,65,,40,68,90.1,604,670,,,9,,,,12,,,,27.8,5,18,,4,,,24,13,11,,14,0,0.0,1,0.0,,,,,2.0,,0.0,1.0,,7,,,0.0,0.0,3,0,0,3,0,,,0.0,3.0,,,,,,0.0,1,2.0,6,26,,5,32,80.5,256,318,,,9,,,,7,,,,12.5,1,8,,11,,,18,10,8,,29,1,0.0,0,4.0,,,,,1.0,,1.0,1.0,,12,,,7.36,6.75,4-3-3,5-4-1,4.0,5.0,6.8,7.2,0.0,4.0,,0.325,7.7,6.8,2.75,2.0,2.5,3.6,7.5,6.675,1.5,0.25,4.5,3.5,7.1,6.3,1.0,0.0,0.25,0.0,8.0,7.2,7.9,7.2,7.7,7.1,0.468,0.331
PL-2024-25-12436512,Jornada 19,2024-12-29,Leicester,1,Man City,0,2,0.0,0.0,11,4,5,2,2,,,0.0,1.0,,,,,,3.0,4,3.0,9,53,,26,54,93.1,538,578,,,19,,,,6,,,,26.3,5,19,,9,,,14,8,6,,10,2,0.0,0,3.0,,,,,,,,2.0,,11,,,2.0,0.0,14,5,6,3,0,,,1.0,5.0,,,,,,2.0,4,2.0,5,45,,26,46,91.3,461,505,,,17,,,,11,,,,45.5,5,11,,5,,,10,6,4,,16,0,0.0,1,3.0,,,,,,,,1.0,,6,,,6.84,7.32,4-2-3-1,4-1-4-1,4.0,4.0,6.6,7.5,3.0,3.0,-0.652,0.573,6.775,7.125,0.25,0.5,1.5,3.0,6.98,7.26,1.0,1.4,3.6,3.4,6.6,8.2,4.0,6.0,0.0,1.0,7.4,8.4,7.4,8.2,7.0,7.8,0.311,0.594
PL-2024-25-12436532,Jornada 19,2024-12-29,Crystal Palace,1,Southampton,2,1,1.0,1.0,19,10,3,6,0,,,3.0,3.0,,,,,,4.0,8,2.0,4,54,,25,46,77.2,298,386,,,22,,,,19,,,,13.0,3,23,,10,,,19,13,6,,33,1,0.0,0,2.0,,,,,1.0,,2.0,2.0,,18,,,1.0,0.0,7,3,3,1,0,,,0.0,0.0,,,,,,1.0,7,1.0,4,59,,16,54,80.4,358,445,,,30,,,,18,,,,18.2,4,22,,13,,,16,8,8,,33,2,0.0,0,8.0,,,,,0.0,,1.0,3.0,,19,,,7.15,7.04,3-4-2-1,3-4-2-1,3.0,3.0,6.9,8.1,2.0,8.0,-0.001,0.352,7.133,7.025,1.667,1.5,5.333,6.5,7.36,6.85,1.0,0.5,5.8,7.5,6.8,6.9,2.5,1.0,0.0,0.0,8.0,8.1,7.9,7.4,7.3,7.4,0.436,0.464
PL-2024-25-12436517,Jornada 19,2024-12-29,Everton,1,Nottm Forest,0,2,0.0,0.0,13,2,9,2,0,,,0.0,4.0,,,,,,0.0,5,1.0,12,101,,28,64,80.8,391,484,,,34,,,,10,,,,23.5,8,34,,6,,,16,12,4,,17,2,0.0,0,5.0,,,,,1.0,,0.0,4.0,,13,,,2.0,0.0,11,7,4,0,0,,,1.0,3.0,,,,,,5.0,4,2.0,4,45,,12,36,68.1,196,288,,,22,,,,13,,,,12.5,1,8,,10,,,18,13,5,,39,0,0.0,1,2.0,,,,,2.0,,1.0,1.0,,10,,,6.85,7.16,4-3-3,4-2-3-1,4.0,4.0,7.2,7.6,5.0,2.0,-0.29,0.177,6.85,7.0,1.75,2.25,3.25,5.5,6.825,7.133,0.5,0.667,3.5,5.667,6.7,7.267,1.5,2.333,0.0,0.333,7.3,7.9,7.2,7.6,7.1,7.6,0.358,0.387
PL-2024-25-12436515,Jornada 19,2024-12-29,Fulham,1,Bournemouth,2,2,2.0,0.0,11,6,3,2,0,,,0.0,3.0,,,,,,1.0,1,,10,52,,21,52,79.8,387,485,,,24,,,,16,,,,40.0,6,15,,11,,,26,14,12,,31,2,0.0,0,6.0,,,,,0.0,,1.0,1.0,,7,,,2.0,0.0,16,9,6,1,0,,,2.0,2.0,,,,,,3.0,7,,8,70,,31,48,79.3,348,439,,,20,,,,7,,,,24.0,6,25,,9,,,12,8,4,,22,2,0.0,0,4.0,,,,,1.0,,0.0,3.0,,16,,,7.2,6.95,4-5-1,4-2-3-1,4.0,4.0,8.1,7.2,6.0,4.0,0.442,0.424,6.9,6.8,2.8,0.5,4.0,4.0,7.25,6.96,1.25,1.6,3.0,4.2,7.6,7.3,3.0,3.0,1.0,1.0,8.1,7.3,7.7,7.3,7.6,7.3,0.471,0.334
PL-2024-25-12436521,Jornada 19,2024-12-29,Tottenham,1,Wolves,2,2,2.0,0.0,13,3,7,3,0,,,0.0,3.0,,,,,,5.0,5,3.0,6,47,,31,48,77.1,320,415,,,14,,,,9,,,,29.4,5,17,,5,,,18,13,5,,19,2,0.0,0,1.0,,,0.0,,1.0,,,1.0,,9,,,1.0,1.0,11,3,4,4,0,,,0.0,6.0,,,,,,1.0,5,3.0,5,56,,20,52,80.1,366,457,,,25,,,,9,,,,26.7,4,15,,3,,,20,12,8,,15,2,0.0,0,1.0,,,1.0,,1.0,,,2.0,,10,,,6.84,6.87,4-2-3-1,3-4-2-1,4.0,3.0,6.4,6.8,1.0,1.0,-0.142,-0.68,6.833,7.0,2.0,1.4,2.333,2.2,6.8,6.6,1.0,0.333,2.75,4.0,7.033,7.0,2.0,2.0,0.333,0.5,7.9,8.6,7.3,7.2,7.2,7.1,0.47,0.618
PL-2024-25-12436513,Jornada 19,2024-12-29,West Ham,1,Liverpool,0,5,0.0,0.0,7,0,4,3,2,,,0.0,2.0,,,,,,1.0,2,5.0,7,46,,17,46,85.6,399,466,,,26,,,,10,,,,22.2,2,9,,11,,,17,13,4,,23,5,0.0,0,8.0,,,,,,,2.0,,,7,,,4.0,1.0,22,13,7,2,0,,,2.0,2.0,,,,,,9.0,6,0.0,10,76,,44,54,88.0,475,540,,,21,,,,7,,,,27.3,6,22,,4,,,23,15,8,,14,0,0.0,1,1.0,,,,,,,2.0,,,10,,,6.41,7.64,4-2-3-1,4-2-3-1,4.0,4.0,7.8,7.0,8.0,1.0,-0.913,,6.22,7.625,1.6,2.0,3.4,2.0,6.32,7.75,0.6,2.667,3.4,3.5,,,,,,,7.8,8.8,6.8,8.7,6.5,8.2,0.526,0.66
PL-2024-25-12436530,Jornada 19,2024-12-30,Aston Villa,1,Brighton,2,2,2.0,0.0,20,4,7,9,0,,,0.0,8.0,,,,,,3.0,12,2.0,20,47,,48,60,84.8,412,486,,,25,,,,13,,,,15.8,3,19,,4,,,22,12,10,,20,2,0.0,0,3.0,,,,,0.0,,0.0,2.0,,9,,,2.0,0.0,13,4,4,5,0,,,2.0,4.0,,,,,,2.0,3,0.0,9,38,,26,40,79.9,263,329,,,24,,,,9,,,,25.0,3,12,,14,,,19,11,8,,28,2,0.0,0,3.0,,,,,1.0,,3.0,3.0,,14,,,7.17,6.85,4-2-3-1,4-2-3-1,4.0,4.0,6.8,7.0,3.0,3.0,-0.507,-0.843,6.725,6.825,2.5,1.0,2.5,3.75,7.34,6.66,1.4,0.6,6.2,3.8,8.5,7.8,6.0,3.0,1.0,0.0,8.5,7.8,8.1,7.3,7.8,7.2,0.63,0.468
PL-2024-25-12436510,Jornada 19,2024-12-30,Ipswich,1,Chelsea,2,0,2.0,0.0,9,6,1,2,0,,,0.0,1.0,,,,,,2.0,4,0.0,3,36,,15,24,63.4,144,227,,,19,,,,4,,,,28.6,2,7,,6,,,17,7,10,,26,0,0.0,1,4.0,,,,,4.0,,,4.0,,9,,,0.0,0.0,20,5,7,8,2,,,2.0,4.0,,,,,,4.0,7,2.0,4,80,,36,76,89.8,655,729,,,16,,,,9,,,,10.5,2,19,,5,,,11,5,6,,14,2,0.0,0,4.0,,,,,0.0,,,4.0,,5,,,7.23,6.92,5-4-1,4-2-3-1,5.0,4.0,7.8,6.8,4.0,4.0,1.478,0.417,7.075,6.625,1.75,0.5,3.0,2.0,7.125,7.375,0.5,2.5,3.25,4.0,7.45,6.65,3.5,2.5,0.5,0.0,8.4,7.8,7.8,7.7,7.6,7.6,0.536,0.531
PL-2024-25-12436522,Jornada 19,2024-12-30,Man United,1,Newcastle,0,2,0.0,0.0,10,1,5,4,1,,,0.0,3.0,,,,,,2.0,2,1.0,4,70,,17,53,86.5,508,587,,,27,,,,8,,,,18.2,2,11,,8,,,26,16,10,,10,2,0.0,0,2.0,,,,,0.0,,1.0,1.0,,13,,,2.0,0.0,12,4,4,4,1,,,1.0,4.0,,,,,,4.0,3,4.0,6,43,,19,47,85.7,444,518,,,26,,,,13,,,,33.3,4,12,,8,,,19,16,3,,16,0,0.0,1,0.0,,,,,1.0,,0.0,1.0,,8,,,6.75,7.19,3-4-2-1,4-3-3,3.0,4.0,6.4,6.8,2.0,0.0,-0.321,,6.82,7.375,1.8,2.0,0.8,3.25,7.05,7.067,0.5,0.667,8.5,5.0,6.567,7.2,1.0,1.333,0.0,0.333,7.1,7.7,7.0,7.6,7.0,7.6,0.257,0.385
PL-2024-25-12436410,Jornada 19,2025-01-01,Brentford,1,Arsenal,1,3,1.0,0.0,5,2,2,1,0,,,0.0,1.0,,,,,,0.0,4,0.0,4,56,,10,51,82.3,399,485,,,37,,,,8,,,,13.3,2,15,,6,,,10,7,3,,27,3,0.0,0,1.0,,,,,1.0,,1.0,1.0,,6,,,3.0,0.0,14,5,4,5,0,,,1.0,2.0,,,,,,2.0,3,6.0,8,55,,47,49,83.4,388,465,,,13,,,,6,,,,30.0,6,20,,6,,,16,9,7,,22,1,0.0,0,1.0,,,,,2.0,,0.0,2.0,,8,,,6.65,7.29,4-3-1-2,4-3-3,4.0,4.0,6.2,6.5,1.0,1.0,0.16,-0.448,6.75,6.975,0.75,1.25,4.0,3.25,6.575,7.425,0.25,0.75,4.25,4.5,6.85,8.05,2.0,3.5,0.5,1.0,7.3,8.1,7.3,8.0,6.9,8.0,0.373,0.511
PL-2024-25-12436519,Jornada 20,2025-01-04,Tottenham,1,Newcastle,1,2,1.0,0.0,13,4,6,3,1,,,2.0,2.0,,,,,,1.0,9,2.0,5,52,,25,57,80.9,377,466,,,17,,,,15,,,,16.0,4,25,,9,,,25,20,5,,17,2,0.0,0,2.0,,,,,4.0,,0.0,1.0,,11,,,2.0,0.0,14,4,3,7,0,,,0.0,3.0,,,,,,4.0,10,1.0,7,39,,28,43,79.1,284,359,,,18,,,,11,,,,20.0,3,15,,9,,,17,10,7,,30,1,0.0,0,3.0,,,,,1.0,,1.0,4.0,,15,,,6.89,7.1,4-2-3-1,4-3-3,4.0,4.0,7.3,7.3,2.0,3.0,0.203,0.232,7.0,7.0,2.667,1.5,2.0,5.0,6.625,7.0,1.25,1.0,3.5,4.667,7.0,7.267,2.0,2.333,0.333,0.667,7.9,7.6,7.6,7.4,7.3,7.3,0.54,0.305
PL-2024-25-12436523,Jornada 20,2025-01-04,Aston Villa,1,Leicester,2,1,1.0,1.0,13,5,3,5,1,,,2.0,2.0,,,,,,3.0,6,1.0,6,48,,25,61,89.4,551,616,,,21,,,,11,,,,16.7,3,18,,10,,,19,11,8,,15,1,0.0,0,1.0,,,,,4.0,,,0.0,,10,,,1.0,0.0,4,2,2,0,0,,,0.0,1.0,,,,,,3.0,2,1.0,5,40,,9,39,84.4,335,397,,,12,,,,10,,,,18.2,2,11,,11,,,22,12,10,,16,2,0.0,0,3.0,,,,,1.0,,,1.0,,11,,,6.97,6.58,4-2-3-1,4-2-3-1,4.0,4.0,6.9,6.6,1.0,3.0,-0.197,-0.372,7.075,6.55,3.0,1.25,2.0,3.0,7.14,6.6,0.4,0.25,3.6,4.0,5.8,6.6,2.0,0.5,0.0,0.0,8.1,6.9,7.4,6.9,7.1,6.8,0.531,0.301
PL-2024-25-12436518,Jornada 20,2025-01-04,Bournemouth,1,Everton,1,0,1.0,0.0,19,8,7,4,0,,,2.0,5.0,,,,,,5.0,9,1.0,7,64,,35,58,77.3,338,437,,,26,,,,14,,,,21.2,7,33,,10,,,15,12,3,,34,0,0.0,1,0.0,,,,,1.0,,0.0,2.0,,15,,,0.0,0.0,9,0,9,0,0,,,0.0,4.0,,,,,,1.0,3,0.0,13,64,,16,42,67.2,217,323,,,29,,,,15,,,,7.7,1,13,,13,,,16,10,6,,31,1,0.0,0,7.0,,,,,0.0,,2.0,2.0,,14,,,7.15,7.05,4-2-3-1,4-2-3-1,4.0,4.0,7.0,8.2,0.0,7.0,,2.016,7.425,6.925,1.75,0.75,4.25,5.5,7.0,6.96,1.4,1.0,5.6,4.2,7.0,6.8,3.0,1.0,0.0,0.0,8.0,8.2,7.7,7.2,7.5,7.2,0.45,0.401
PL-2024-25-12436419,Jornada 20,2025-01-04,Crystal Palace,1,Chelsea,1,1,1.0,0.0,13,6,2,5,0,,,1.0,2.0,,,,,,2.0,6,2.0,4,48,,20,38,75.4,260,345,,,33,,,,12,,,,26.3,5,19,,7,,,26,16,10,,20,1,0.0,0,0.0,,,,,1.0,,2.0,0.0,,9,,,1.0,0.0,15,1,10,4,0,,,0.0,3.0,,,,,,2.0,6,0.0,6,62,,32,62,86.0,487,566,,,39,,,,9,,,,21.4,3,14,,8,,,12,5,7,,13,1,0.0,0,5.0,,,,,1.0,,1.0,2.0,,12,,,7.08,7.15,3-4-2-1,4-2-3-1,3.0,4.0,6.7,8.0,0.0,5.0,-0.325,0.016,6.933,6.925,2.333,1.0,3.333,2.25,7.24,7.2,1.6,2.2,6.2,5.4,7.1,6.9,1.5,4.0,0.5,0.0,7.8,8.0,7.3,7.6,7.3,7.4,0.295,0.408
PL-2024-25-12436508,Jornada 20,2025-01-04,Man City,1,West Ham,4,1,3.0,0.0,10,7,0,3,0,,,2.0,1.0,,,,,,3.0,7,1.0,6,42,,28,56,89.2,496,556,,,20,,,,13,,,,8.3,1,12,,6,,,12,8,4,,17,1,0.0,0,3.0,,,,,0.0,,,2.0,,8,,,1.0,0.0,17,4,10,3,0,,,0.0,3.0,,,,,,3.0,1,2.0,6,37,,23,44,85.9,372,433,,,28,,,,8,,,,58.3,7,12,,7,,,13,9,4,,17,4,0.0,0,4.0,,,,,1.0,,,1.0,,13,,,7.37,6.66,4-1-4-1,4-2-3-1,4.0,4.0,6.9,6.2,3.0,4.0,0.221,-1.474,6.9,6.45,0.25,1.25,2.5,2.75,7.62,6.78,1.6,1.8,3.8,5.8,8.5,7.4,2.0,2.0,2.0,1.0,8.8,7.9,8.5,7.4,7.9,7.2,0.681,0.599
PL-2024-25-12436520,Jornada 20,2025-01-04,Southampton,1,Brentford,0,5,0.0,0.0,8,1,5,2,0,,,0.0,5.0,,,,,,0.0,2,1.0,12,46,,19,51,85.6,398,465,,,19,,,,4,,,,7.7,1,13,,4,,,15,8,7,,22,5,0.0,0,5.0,,,,,2.0,,,2.0,,10,,,5.0,0.0,20,11,7,2,1,,,1.0,2.0,,,,,,11.0,2,2.0,5,55,,37,49,85.8,393,458,,,14,,,,9,,,,18.2,2,11,,5,,,20,11,9,,17,0,0.0,1,1.0,,,,,3.0,,,0.0,,4,,,6.59,7.6,3-4-3,4-3-3,3.0,4.0,7.2,7.2,5.0,1.0,-0.516,0.647,6.3,7.575,1.0,2.0,3.5,2.5,6.625,7.3,1.25,2.0,4.25,4.0,6.8,8.45,1.0,6.0,0.0,1.5,7.2,10.0,6.9,7.9,6.9,7.8,0.355,0.816
PL-2024-25-12436528,Jornada 20,2025-01-04,Brighton,1,Arsenal,1,1,1.0,0.0,11,4,4,3,0,,,1.0,4.0,,,,,,3.0,2,0.0,12,42,,17,45,86.2,368,427,,,18,,,,13,,,,20.0,2,10,,8,,,11,10,1,,22,1,0.0,0,2.0,,,,,1.0,,,2.0,,17,,,1.0,0.0,9,3,4,2,1,,,1.0,2.0,,,,,,5.0,5,3.0,7,60,,23,55,87.9,456,519,,,22,,,,17,,,,20.0,3,15,,5,,,14,7,7,,8,1,0.0,0,3.0,,,,,0.0,,,3.0,,14,,,6.86,7.01,4-2-3-1,4-3-3,4.0,4.0,6.9,7.1,2.0,3.0,-0.639,0.866,7.067,6.9,0.333,1.333,3.667,1.333,6.6,7.14,0.5,1.4,3.5,4.0,7.8,6.8,1.0,2.5,1.0,0.0,7.8,8.0,7.2,7.2,7.1,7.2,0.435,0.385
PL-2024-25-12436525,Jornada 20,2025-01-05,Fulham,1,Ipswich,2,2,2.0,0.0,15,4,4,7,0,,,0.0,5.0,,,,,,4.0,9,0.0,12,65,,32,73,88.4,602,681,,,18,,,,12,,,,11.4,4,35,,2,,,17,9,8,,13,2,0.0,0,1.0,,,,,0.0,,,1.0,,10,,,2.0,0.0,7,3,3,1,2,,,1.0,1.0,,,,,,3.0,2,1.0,6,39,,14,27,75.4,196,260,,,17,,,,9,,,,28.6,2,7,,15,,,11,6,5,,47,2,0.0,0,2.0,,,,,2.0,,,5.0,,14,,,7.07,6.83,3-4-3,5-4-1,3.0,5.0,6.5,7.0,1.0,2.0,-0.618,0.195,6.64,6.68,2.0,0.8,1.4,8.0,7.4,6.7,1.75,0.0,2.75,3.667,8.5,7.3,6.0,1.0,2.0,0.5,8.5,7.4,7.9,7.2,7.5,7.2,0.631,0.352
PL-2024-25-12436514,Jornada 20,2025-01-05,Liverpool,1,Man United,2,2,2.0,0.0,19,6,8,5,0,,,0.0,4.0,,,,,,4.0,6,0.0,13,58,,33,53,83.1,364,438,,,16,,,,12,,,,17.6,3,17,,14,,,6,2,4,,29,2,0.0,0,2.0,,,,,1.0,,4.0,2.0,,10,,,2.0,0.0,13,4,1,8,0,,,0.0,1.0,,,,,,3.0,9,4.0,10,37,,31,47,74.9,287,383,,,28,,,,10,,,,27.3,6,22,,13,,,20,8,12,,26,2,0.0,0,4.0,,,,,1.0,,2.0,4.0,,13,,,7.01,7.05,4-2-3-1,3-4-2-1,4.0,3.0,6.8,7.1,2.0,4.0,-1.617,-0.062,6.95,6.98,0.5,1.8,3.75,3.6,7.083,7.167,1.167,1.333,2.833,5.667,,7.0,,1.5,,0.5,7.7,8.4,7.6,8.1,7.4,7.6,0.39,0.676
PL-2024-25-12436437,Jornada 20,2025-01-06,Wolves,1,Nottm Forest,0,3,0.0,0.0,13,6,2,5,0,,,0.0,2.0,,,,,,2.0,5,1.0,4,73,,35,61,84.9,466,549,,,22,,,,8,,,,26.7,8,30,,10,,,13,6,7,,24,3,0.0,0,0.0,,,,,,,1.0,1.0,,10,,,3.0,0.0,11,3,6,2,0,,,0.0,3.0,,,,,,4.0,3,4.0,4,51,,23,39,79.2,286,361,,,21,,,,10,,,,20.0,2,10,,10,,,18,12,6,,35,0,0.0,1,5.0,,,,,,,3.0,2.0,,8,,,6.69,7.38,3-4-2-1,4-2-3-1,3.0,4.0,6.1,8.4,0.0,5.0,-0.288,0.978,6.825,7.4,1.0,1.75,3.0,5.5,6.75,7.1,0.75,0.75,2.75,4.75,6.6,7.4,2.5,1.0,0.0,0.5,7.1,8.4,7.1,8.1,7.0,7.6,0.3,0.473
PL-2024-25-12436436,Jornada 21,2025-01-14,Brentford,1,Man City,2,2,2.0,0.0,18,6,9,3,0,,,1.0,1.0,,,,,,4.0,4,4.0,4,53,,41,45,80.7,335,415,,,26,,,,4,,,,25.0,5,20,,9,,,10,6,4,,20,2,0.0,0,6.0,,,,,0.0,,,,,4,,,2.0,0.0,21,8,11,2,1,,,2.0,4.0,,,,,,5.0,5,0.0,6,37,,45,55,86.5,449,519,,,27,,,,4,,,,35.0,7,20,,9,,,12,6,6,,30,2,0.0,0,3.0,,,,,1.0,,,,,4,,,7.15,7.45,4-3-3,4-2-3-1,4.0,4.0,7.6,7.1,6.0,3.0,0.249,-0.496,6.825,7.275,1.25,1.25,3.0,5.5,7.25,7.88,1.5,2.8,3.75,3.6,7.4,6.4,4.0,4.0,0.5,0.0,7.6,9.5,7.6,8.5,7.6,7.5,0.368,0.815
PL-2024-25-12436531,Jornada 21,2025-01-14,Chelsea,1,Bournemouth,2,2,1.0,1.0,26,10,7,9,1,,,4.0,4.0,,,,,,5.0,9,2.0,14,49,,33,57,83.3,355,426,,,33,,,,16,,,,31.2,5,16,,5,,,11,7,4,,8,2,0.0,0,1.0,,,,,3.0,,0.0,2.0,,15,,,2.0,0.0,7,3,3,1,1,,,0.0,1.0,,,,,,1.0,3,1.0,5,47,,21,43,77.5,248,320,,,17,,,,14,,,,16.7,2,12,,10,,,16,9,7,,27,2,0.0,0,8.0,,,,,0.0,,1.0,3.0,,16,,,6.86,6.92,4-2-3-1,4-2-3-1,4.0,4.0,6.5,8.3,1.0,8.0,-0.87,1.146,6.6,6.725,1.0,1.75,1.333,3.75,7.05,6.817,2.5,0.667,4.167,2.833,6.9,,7.0,,0.0,,8.0,8.3,7.8,7.5,6.9,7.4,0.523,0.598
PL-2024-25-12436509,Jornada 21,2025-01-14,West Ham,1,Fulham,3,2,2.0,1.0,4,3,1,0,0,,,0.0,0.0,,,,,,2.0,0,5.0,10,49,,6,44,82.5,349,423,,,32,,,,18,,,,,0,5,,7,,,13,9,4,,27,2,0.0,0,2.0,,,,,,,1.0,3.0,,9,,,0.0,2.0,21,5,11,5,2,,,0.0,7.0,,,,,,3.0,3,0.0,4,71,,27,56,85.2,445,522,,,31,,,,9,,,,25.0,6,24,,10,,,13,7,6,,10,3,0.0,0,0.0,,,,,,,0.0,3.0,,18,,,6.86,6.76,4-2-3-1,4-2-3-1,4.0,4.0,6.5,5.3,2.0,0.0,-1.135,-0.875,6.75,6.825,0.75,1.0,4.25,2.5,7.0,7.02,0.0,1.6,4.0,3.8,,6.7,,4.0,,0.0,7.4,9.0,7.4,8.1,7.1,7.5,0.323,0.997
PL-2024-25-12436526,Jornada 21,2025-01-14,Nottm Forest,1,Liverpool,1,1,1.0,0.0,6,3,1,2,0,,,0.0,3.0,,,,,,1.0,0,2.0,6,42,,17,29,67.7,159,235,,,23,,,,10,,,,,0,9,,9,,,20,15,5,,58,1,0.0,0,5.0,,,,,1.0,,,2.0,,7,,,1.0,0.0,23,7,10,6,0,,,2.0,7.0,,,,,,4.0,9,1.0,4,77,,52,71,85.2,482,566,,,25,,,,7,,,,20.7,6,29,,2,,,10,4,6,,29,1,0.0,0,2.0,,,,,0.0,,,1.0,,10,,,7.18,7.06,4-2-3-1,4-2-3-1,4.0,4.0,7.8,6.6,5.0,2.0,0.948,-0.074,7.225,6.95,2.5,0.75,10.25,3.75,6.825,7.217,0.25,2.5,5.25,4.167,7.5,,1.0,,0.5,,7.9,7.6,7.8,7.6,7.7,7.3,0.449,0.362
PL-2024-25-12436434,Jornada 21,2025-01-15,Everton,1,Aston Villa,0,1,0.0,0.0,10,3,6,1,0,,,0.0,3.0,,,,,,3.0,8,5.0,1,69,,15,50,80.6,336,417,,,30,,,,10,,,,20.0,4,20,,10,,,19,9,10,,23,1,0.0,0,2.0,,,,,1.0,,,2.0,,17,,,1.0,0.0,11,3,4,4,0,,,1.0,4.0,,,,,,4.0,5,1.0,6,48,,20,50,82.6,360,436,,,15,,,,17,,,,,0,10,,9,,,22,16,6,,34,0,0.0,1,2.0,,,,,2.0,,,1.0,,10,,,6.75,7.27,4-2-3-1,4-2-3-1,4.0,4.0,7.2,7.6,2.0,2.0,-0.199,0.915,7.025,7.2,1.75,1.0,3.75,5.75,6.6,7.32,0.0,1.0,4.5,4.6,6.25,7.0,1.5,2.0,0.0,1.0,7.4,7.8,7.2,7.6,7.2,7.6,0.462,0.26
PL-2024-25-12436527,Jornada 21,2025-01-15,Leicester,1,Crystal Palace,0,2,0.0,0.0,21,4,11,6,1,,,2.0,5.0,,,,,,3.0,4,1.0,10,62,,29,57,85.9,523,609,,,24,,,,6,,,,27.3,6,22,,9,,,18,11,7,,16,2,0.0,0,2.0,,,,,1.0,,,,,7,,,2.0,0.0,9,4,3,2,0,,,0.0,1.0,,,,,,4.0,3,3.0,12,50,,20,43,78.5,358,456,,,28,,,,7,,,,25.0,3,12,,9,,,17,12,5,,25,0,0.0,1,4.0,,,,,1.0,,,,,6,,,6.85,7.28,4-2-3-1,3-4-2-1,4.0,3.0,6.7,7.7,2.0,4.0,0.456,0.518,6.725,7.533,1.25,1.333,2.5,4.667,7.06,6.94,1.2,0.8,5.4,4.6,6.5,7.55,6.0,1.5,0.0,0.5,7.2,8.0,7.2,8.0,7.1,7.7,0.25,0.459
PL-2024-25-12436529,Jornada 21,2025-01-15,Newcastle,1,Wolves,3,0,2.0,1.0,17,5,5,7,1,,,1.0,4.0,,,,,,3.0,4,3.0,16,55,,34,61,86.8,507,584,,,20,,,,13,,,,29.4,5,17,,12,,,14,11,3,,16,0,0.0,1,7.0,,,,,0.0,,,0.0,,10,,,0.0,0.0,13,7,4,2,2,,,2.0,3.0,,,,,,5.0,2,1.0,9,50,,24,39,77.4,294,380,,,27,,,,10,,,,50.0,5,10,,10,,,25,8,17,,11,3,0.0,0,2.0,,,,,1.0,,,2.0,,13,,,7.69,6.57,4-3-3,3-4-2-1,4.0,3.0,8.5,6.2,7.0,2.0,1.602,-1.212,7.35,6.7,1.25,3.25,3.0,2.25,7.367,6.675,2.667,1.25,7.333,5.5,8.2,6.3,3.0,1.0,1.0,0.0,9.1,7.2,8.5,7.1,8.2,7.0,0.642,0.382
PL-2024-25-12436511,Jornada 21,2025-01-15,Arsenal,1,Tottenham,2,1,1.0,0.0,14,4,4,6,0,,,1.0,2.0,,,,,,4.0,10,3.0,9,63,,48,53,83.8,357,426,,,20,,,,9,,,,24.0,6,25,,9,,,21,13,8,,14,1,0.0,0,1.0,,,,,2.0,,0.0,3.0,,16,,,1.0,0.0,10,2,4,4,1,,,0.0,2.0,,,,,,1.0,4,1.0,6,37,,21,47,83.7,314,375,,,14,,,,16,,,,23.5,4,17,,4,,,21,13,8,,31,2,0.0,0,3.0,,,,,2.0,,4.0,1.0,,9,,,7.09,6.63,4-3-3,4-3-3,4.0,4.0,6.8,7.2,1.0,3.0,-0.121,-1.705,7.125,6.8,2.25,1.667,2.0,4.0,7.433,6.32,2.0,1.0,3.0,3.6,6.8,6.85,2.667,2.5,0.333,0.5,8.0,7.2,7.4,7.2,7.4,7.1,0.485,0.503
PL-2024-25-12436524,Jornada 21,2025-01-16,Ipswich,1,Brighton,0,2,0.0,0.0,5,3,2,0,0,,,2.0,0.0,,,,,,,1,1.0,5,40,,8,46,83.2,341,410,,,16,,,,14,,,,22.2,2,9,,10,,,13,8,5,,27,2,0.0,0,3.0,,,,,0.0,,,2.0,,13,,,2.0,0.0,11,5,0,6,0,,,1.0,0.0,,,,,,,9,1.0,10,63,,25,54,84.6,396,468,,,17,,,,13,,,,31.8,7,22,,7,,,14,13,1,,12,0,0.0,1,3.0,,,,,1.0,,,2.0,,14,,,6.67,7.21,4-2-3-1,4-1-4-1,4.0,4.0,6.5,7.6,3.0,3.0,0.34,0.476,6.9,7.2,0.75,1.667,4.5,1.667,6.575,7.183,0.25,1.167,4.5,4.333,6.5,7.0,1.0,3.0,0.0,0.0,7.3,7.6,7.1,7.6,6.9,7.5,0.308,0.342
PL-2024-25-12436516,Jornada 21,2025-01-16,Man United,1,Southampton,3,1,3.0,0.0,23,9,2,12,0,,,2.0,4.0,,,,,,6.0,4,2.0,8,34,,49,60,84.8,504,594,,,14,,,,10,,,,23.1,3,13,,12,,,17,10,7,,22,1,0.0,0,5.0,,,,,,,0.0,1.0,,7,,,0.0,0.0,13,5,3,5,0,,,1.0,5.0,,,,,,1.0,4,0.0,13,57,,18,40,79.6,323,406,,,24,,,,7,,,,25.0,2,8,,9,,,25,16,9,,29,3,0.0,0,6.0,,,,,,,1.0,3.0,,10,,,7.18,7.14,3-4-2-1,3-4-1-2,3.0,3.0,7.2,7.2,5.0,6.0,-0.332,-0.422,6.95,7.0,2.0,3.0,3.75,4.25,6.633,7.2,0.667,1.0,4.333,6.2,8.033,7.3,4.667,4.0,1.0,0.0,9.9,7.7,7.4,7.6,7.4,7.3,0.925,0.328
PL-2024-25-12436885,Jornada 22,2025-01-18,Newcastle,1,Bournemouth,1,4,1.0,0.0,13,5,3,5,0,,,0.0,6.0,,,,,,1.0,7,1.0,8,46,,34,55,78.5,310,395,,,8,,,,18,,,,10.7,3,28,,3,,,17,8,9,,32,4,0.0,0,6.0,,,,,0.0,,0.0,1.0,,7,,,3.0,1.0,19,10,6,3,1,,,1.0,1.0,,,,,,4.0,6,0.0,16,59,,36,45,75.7,243,321,,,22,,,,7,,,,29.2,7,24,,13,,,21,14,7,,34,1,0.0,0,3.0,,,,,1.0,,1.0,6.0,,18,,,6.62,7.67,4-3-3,4-2-3-1,4.0,4.0,7.0,6.9,6.0,3.0,-0.158,-0.352,6.375,7.667,1.25,1.333,3.25,5.0,6.733,7.786,1.0,2.0,7.0,4.571,6.7,,2.0,,0.0,,7.0,9.9,7.0,8.3,6.8,8.1,0.31,0.832
PL-2024-25-12436440,Jornada 22,2025-01-18,Brentford,1,Liverpool,0,2,0.0,0.0,11,6,4,1,0,,,0.0,2.0,,,,,,2.0,2,6.0,8,30,,24,39,79.0,252,319,,,26,,,,14,,,,11.1,1,9,,10,,,12,6,6,,35,2,0.0,0,6.0,,,,,1.0,,1.0,2.0,,6,,,2.0,0.0,37,8,14,15,1,,,1.0,8.0,,,,,,4.0,15,0.0,7,53,,61,61,87.4,423,484,,,20,,,,6,,,,31.2,10,32,,4,,,10,5,5,,19,0,0.0,1,7.0,,,,,0.0,,0.0,3.0,,14,,,7.12,7.62,4-2-3-1,4-2-3-1,4.0,4.0,8.0,8.6,6.0,7.0,0.242,0.65,7.125,7.6,1.25,0.75,5.5,3.5,6.775,7.467,0.75,3.0,6.5,3.333,7.35,,3.0,,0.0,,8.0,8.6,7.4,8.4,7.4,8.1,0.463,0.513
PL-2024-25-12436442,Jornada 22,2025-01-18,Leicester,1,Fulham,0,2,0.0,0.0,8,4,3,1,0,,,1.0,0.0,,,,,,1.0,5,2.0,6,45,,29,39,77.4,294,380,,,16,,,,8,,,,23.5,4,17,,8,,,11,8,3,,18,2,0.0,0,0.0,,,,,,,,3.0,,8,,,2.0,0.0,17,2,9,6,1,,,0.0,3.0,,,,,,4.0,2,2.0,7,74,,33,61,85.6,505,590,,,33,,,,8,,,,47.8,11,23,,7,,,21,13,8,,25,0,0.0,1,5.0,,,,,,,,1.0,,8,,,6.64,7.51,4-2-3-1,4-2-3-1,4.0,4.0,6.2,8.1,0.0,5.0,-0.537,0.57,6.7,7.6,0.75,2.0,3.5,4.5,6.8,7.46,0.5,2.2,4.0,3.8,6.4,6.8,2.0,2.0,0.0,0.0,7.4,8.3,6.9,8.1,6.9,8.1,0.394,0.478
PL-2024-25-12436889,Jornada 22,2025-01-18,West Ham,1,Crystal Palace,0,2,0.0,0.0,7,0,4,3,0,,,0.0,3.0,,,,,,0.0,2,1.0,11,46,,16,54,82.1,449,547,,,23,,,,10,,,,23.1,3,13,,11,,,11,6,5,,24,2,0.0,0,5.0,,,,,0.0,,1.0,3.0,1.0,13,,,1.0,1.0,12,7,4,1,0,,,1.0,4.0,,,,,,2.0,4,0.0,4,53,,17,46,81.4,386,474,,,13,,,,12,,,,5.6,1,18,,16,,,19,10,9,,17,0,0.0,1,0.0,,,,,1.0,,0.0,0.0,0.0,10,,,6.75,7.33,3-4-2-1,3-4-2-1,3.0,3.0,7.2,6.6,5.0,0.0,-0.371,,6.66,7.433,0.6,1.333,3.0,3.667,6.76,7.22,0.0,1.4,2.8,2.8,,7.8,,1.5,,1.0,7.2,8.9,7.1,7.5,7.0,7.5,0.254,0.593
PL-2024-25-12436443,Jornada 22,2025-01-18,Arsenal,1,Aston Villa,2,2,2.0,0.0,18,6,7,5,1,,,1.0,6.0,,,,,,2.0,10,3.0,7,82,,37,66,88.8,429,483,,,21,,,,18,,,,22.0,9,41,,8,,,12,7,5,,10,2,0.0,0,2.0,,,,,0.0,,,2.0,,10,,,2.0,0.0,8,4,3,1,1,,,1.0,2.0,,,,,,2.0,1,2.0,6,26,,14,34,73.7,193,262,,,21,,,,10,,,,16.7,1,6,,3,,,17,8,9,,40,2,0.0,0,4.0,,,,,3.0,,,3.0,,18,,,7.2,6.71,4-3-3,4-2-3-1,4.0,4.0,6.6,7.6,2.0,4.0,-0.485,-0.125,7.0,6.525,2.0,0.25,1.0,4.5,7.15,6.56,1.25,0.2,4.25,3.0,7.667,7.3,4.0,3.0,0.667,1.0,8.4,7.6,7.6,7.4,7.5,7.3,0.533,0.523
PL-2024-25-12436448,Jornada 22,2025-01-19,Everton,1,Tottenham,3,2,2.0,0.0,12,6,4,2,1,,,1.0,2.0,,,,,,5.0,3,2.0,12,51,,25,35,82.5,269,326,,,31,,,,14,,,,26.3,5,19,,12,,,23,19,4,,34,2,0.0,0,3.0,,,,,1.0,,,2.0,,14,,,2.0,0.0,11,6,2,3,0,,,0.0,4.0,,,,,,2.0,8,1.0,13,59,,23,65,86.3,528,612,,,19,,,,14,,,,10.5,2,19,,4,,,20,15,5,,21,3,0.0,0,4.0,,,,,0.0,,,1.0,,14,,,7.32,6.82,4-2-3-1,3-4-2-1,4.0,3.0,7.1,6.6,3.0,4.0,0.145,-1.065,7.1,6.875,2.0,2.25,5.75,3.0,7.52,6.82,1.6,1.0,5.6,4.6,7.4,6.8,6.0,2.0,1.0,0.0,8.3,7.7,7.9,7.5,7.6,7.0,0.518,0.473
PL-2024-25-12436883,Jornada 22,2025-01-19,Man United,1,Brighton,1,3,1.0,0.0,10,1,3,6,0,,,0.0,1.0,,,,,,1.0,4,3.0,4,44,,29,52,82.5,382,463,,,21,,,,11,,,,30.0,3,10,,11,,,18,10,8,,12,3,0.0,0,,,,,,,,1.0,3.0,,13,,,3.0,0.0,6,3,1,2,0,,,0.0,2.0,,,,,,4.0,2,3.0,11,42,,26,48,81.2,355,437,,,22,,,,13,,,,11.1,1,9,,6,,,22,11,11,,17,1,0.0,0,,,,,,,,3.0,3.0,,12,,,6.55,7.0,3-4-2-1,4-4-2,3.0,4.0,5.5,6.5,0.0,0.0,-0.81,-0.184,6.48,6.9,1.2,1.333,2.0,3.0,6.6,7.3,0.333,1.2,3.0,3.4,7.15,6.65,1.5,0.5,0.0,0.0,7.5,8.5,7.2,8.0,7.1,7.1,0.545,0.627
PL-2024-25-12436887,Jornada 22,2025-01-19,Nottm Forest,1,Southampton,3,2,1.0,2.0,14,5,7,2,0,,,0.0,3.0,,,,,,4.0,2,3.0,7,52,,26,45,82.4,318,386,,,25,,,,18,,,,27.8,5,18,,8,,,19,11,8,,21,2,0.0,0,1.0,,,,,1.0,,1.0,0.0,,4,,,2.0,0.0,10,4,2,4,0,,,0.0,2.0,,,,,,2.0,8,0.0,12,51,,24,55,87.2,414,475,,,10,,,,4,,,,41.7,10,24,,6,,,11,10,1,,32,3,0.0,0,1.0,,,,,1.0,,1.0,4.0,,18,,,7.22,6.68,4-2-3-1,3-4-1-2,4.0,3.0,6.5,5.8,1.0,1.0,-0.267,-1.918,7.075,6.65,2.5,0.5,2.75,3.75,7.45,6.95,0.75,1.0,4.5,3.5,7.4,6.65,2.5,0.0,0.5,0.0,8.5,8.0,7.6,6.9,7.5,6.7,0.606,0.495
PL-2024-25-12436439,Jornada 22,2025-01-19,Ipswich,1,Man City,0,6,0.0,0.0,8,4,1,3,0,,,1.0,1.0,,,,,,1.0,4,1.0,7,38,,14,33,87.3,308,353,,,26,,,,7,,,,25.0,3,12,,8,,,13,9,4,,21,6,0.0,0,3.0,,,,,1.0,,2.0,0.0,,4,,,5.0,1.0,17,9,3,5,0,,,0.0,2.0,,,,,,6.0,7,1.0,9,63,,42,67,91.8,686,747,,,20,,,,4,,,,,0,8,,7,,,14,8,6,,11,0,0.0,1,4.0,,,,,4.0,,0.0,1.0,,7,,,6.18,7.94,5-4-1,4-2-3-1,5.0,4.0,6.2,8.0,3.0,4.0,-2.139,0.463,6.06,7.15,1.2,1.0,2.8,1.25,6.15,8.76,0.75,2.4,3.0,2.8,6.9,6.9,2.0,3.0,0.0,1.0,6.9,9.6,6.7,9.1,6.3,9.0,0.356,0.929
PL-2024-25-12436455,Jornada 22,2025-01-20,Chelsea,1,Wolves,3,1,3.0,0.0,19,7,6,6,0,,,1.0,3.0,,,,,,4.0,3,5.0,7,60,,52,63,88.9,504,567,,,24,,,,14,,,,26.1,6,23,,7,,,9,8,1,,19,1,0.0,0,3.0,,,,,1.0,,1.0,4.0,,8,,,1.0,0.0,9,4,2,3,0,,,1.0,2.0,,,,,,1.0,6,2.0,5,37,,18,37,78.4,261,333,,,18,,,,8,,,,16.7,3,18,,9,,,21,11,10,,34,3,0.0,0,3.0,,,,,1.0,,0.0,2.0,,14,,,7.27,6.8,4-2-3-1,3-4-2-1,4.0,3.0,6.7,6.4,3.0,3.0,0.017,0.367,7.8,6.78,0.75,1.6,2.5,4.8,7.08,6.867,1.4,1.333,2.4,5.0,6.7,6.95,2.0,3.5,0.0,0.0,8.4,7.6,8.0,7.5,7.4,7.2,0.521,0.413
PL-2024-25-12436891,Jornada 23,2025-01-25,Bournemouth,1,Nottm Forest,5,0,4.0,1.0,16,10,3,3,0,,,2.0,2.0,,,,,,3.0,3,2.0,11,53,,31,51,80.4,288,358,,,21,,,,12,,,,11.8,2,17,,9,,,22,12,10,,34,0,0.0,1,4.0,,,,,1.0,,3.0,2.0,,9,,,0.0,0.0,18,4,9,5,1,,,2.0,4.0,,,,,,1.0,9,2.0,8,56,,34,49,74.9,253,338,,,19,,,,9,,,,26.1,6,23,,5,,,11,6,5,,24,5,0.0,0,5.0,,,,,0.0,,1.0,3.0,,12,,,7.76,6.49,4-2-3-1,4-2-3-1,4.0,4.0,8.1,6.1,4.0,5.0,1.019,-1.202,7.233,6.125,2.0,0.5,5.667,3.5,7.943,6.667,1.143,1.333,4.0,4.333,,6.933,,2.0,,0.0,9.5,7.3,8.4,7.0,8.2,6.9,0.765,0.444
PL-2024-25-12436895,Jornada 23,2025-01-25,Brighton,1,Everton,0,1,0.0,0.0,16,1,11,4,0,,,0.0,7.0,,,,,,0.0,9,2.0,8,84,,32,69,87.4,560,641,,,25,,,,11,,,,16.7,5,30,,7,,,23,10,13,,18,1,0.0,0,0.0,,,,,0.0,,0.0,4.0,,8,,,1.0,0.0,3,1,2,0,0,,,0.0,1.0,,,,,,1.0,1,1.0,5,38,,7,31,75.2,224,298,,,24,,,,7,,,,,0,4,,11,,,26,15,11,,55,0,0.0,1,1.0,,,,,1.0,,1.0,4.0,,11,,,6.92,7.01,4-2-3-1,4-2-3-1,4.0,4.0,6.6,6.9,0.0,1.0,-0.101,0.608,7.2,7.475,2.25,2.0,3.5,11.0,6.8,6.76,1.0,0.2,4.5,5.2,6.75,6.5,2.5,0.0,0.0,0.0,7.4,7.7,7.4,7.5,7.3,7.4,0.327,0.462
PL-2024-25-12436901,Jornada 23,2025-01-25,Liverpool,1,Ipswich,4,1,3.0,1.0,16,6,7,3,1,,,1.0,4.0,,,,,,3.0,3,0.0,16,92,,43,70,90.2,673,746,,,22,,,,11,,,,20.8,5,24,,3,,,16,9,7,,7,1,0.0,0,2.0,,,,,0.0,,,0.0,,10,,,1.0,0.0,3,3,0,0,0,,,1.0,0.0,,,,,,2.0,4,1.0,8,29,,7,30,77.2,241,312,,,18,,,,10,,,,33.3,3,9,,13,,,22,12,10,,34,4,0.0,0,2.0,,,,,1.0,,,2.0,,11,,,7.67,6.38,4-2-3-1,4-2-3-1,4.0,4.0,6.8,6.2,2.0,2.0,-0.053,-0.948,7.825,6.425,2.25,2.25,1.0,5.75,7.717,6.44,1.167,0.0,3.5,4.6,,6.1,,0.0,,0.0,9.2,7.1,8.2,7.0,7.9,6.4,0.657,0.341
PL-2024-25-12436905,Jornada 23,2025-01-25,Southampton,1,Newcastle,1,3,1.0,0.0,12,5,3,4,0,,,1.0,4.0,,,,,,1.0,3,2.0,9,53,,15,53,84.3,396,470,,,29,,,,5,,,,25.0,4,16,,5,,,21,7,14,,23,3,0.0,0,5.0,,,,,1.0,,1.0,1.0,,10,,,3.0,0.0,17,9,4,4,1,,,1.0,5.0,,,,,,6.0,8,4.0,7,39,,34,47,83.4,357,428,,,9,,,,9,,,,9.1,1,11,,11,,,19,12,7,,19,1,0.0,0,4.0,,,,,0.0,,0.0,0.0,,5,,,6.98,7.29,3-4-1-2,4-3-3,3.0,4.0,7.7,7.3,5.0,4.0,-0.3,0.173,7.233,6.75,2.0,1.5,3.333,3.0,6.76,7.4,1.0,0.667,3.8,5.667,6.8,7.9,1.0,2.667,0.0,0.667,7.8,9.2,7.7,7.8,7.4,7.6,0.476,0.73
PL-2024-25-12436909,Jornada 23,2025-01-25,Wolves,1,Arsenal,0,1,0.0,0.0,9,4,4,1,0,,,3.0,2.0,,,,,,1.0,1,,7,52,,12,52,84.1,364,433,,,20,,,,10,,,,21.4,3,14,,7,,,27,20,7,,30,1,0.0,0,2.0,,,,,1.0,,1.0,2.0,1.0,20,,,1.0,0.0,9,3,3,3,0,,,0.0,3.0,,,,,,3.0,5,,8,55,,20,48,82.9,329,397,,,14,,,,20,,,,17.4,4,23,,8,,,22,11,11,,14,0,0.0,1,4.0,,,,,1.0,,0.0,1.0,1.0,10,,,6.83,6.99,3-4-2-1,4-3-3,3.0,4.0,6.8,7.8,2.0,4.0,-0.281,0.739,7.06,6.975,3.2,2.0,4.0,2.75,6.467,7.033,0.0,1.0,3.333,5.333,6.8,6.7,2.0,1.0,0.0,0.0,7.7,7.8,7.2,7.6,7.2,7.4,0.469,0.573
PL-2024-25-12436903,Jornada 23,2025-01-25,Man City,1,Chelsea,3,1,2.0,1.0,15,6,6,3,1,,,1.0,4.0,,,,,,7.0,2,5.0,9,41,,26,57,86.2,489,567,,,23,,,,8,,,,40.0,2,5,,6,,,13,9,4,,15,1,0.0,0,3.0,,,,,1.0,,,3.0,,6,,,1.0,0.0,10,4,3,3,0,,,1.0,2.0,,,,,,3.0,3,2.0,11,37,,23,43,82.8,352,425,,,25,,,,6,,,,,0,9,,4,,,12,8,4,,12,3,0.0,0,3.0,,,,,0.0,,,2.0,,8,,,7.23,6.55,4-3-3,4-2-3-1,4.0,4.0,7.5,5.9,3.0,3.0,0.817,-0.652,6.85,6.4,0.5,1.25,1.75,1.25,7.25,6.68,1.0,1.0,4.5,3.6,7.8,7.2,2.5,2.0,0.5,0.0,8.6,7.2,7.6,7.1,7.5,6.9,0.672,0.44
PL-2024-25-12436897,Jornada 23,2025-01-26,Crystal Palace,1,Brentford,1,2,1.0,0.0,16,5,7,4,1,,,2.0,6.0,,,,,,1.0,4,1.0,4,52,,22,47,70.8,223,315,,,17,,,,11,,,,17.6,3,17,,2,,,15,13,2,,36,2,0.0,0,4.0,,,,,0.0,,2.0,2.0,,8,,,2.0,0.0,12,6,5,1,0,,,3.0,3.0,,,,,,1.0,7,0.0,10,51,,33,53,71.3,251,352,,,16,,,,7,,,,38.9,7,18,,2,,,16,9,7,,45,1,0.0,0,4.0,,,,,2.0,,0.0,2.0,,11,,,6.86,7.09,3-4-2-1,4-2-3-1,3.0,4.0,7.1,7.0,4.0,4.0,-0.267,0.296,6.667,6.975,1.333,1.25,6.333,7.25,7.1,7.15,2.0,1.25,5.6,4.75,6.45,7.25,0.5,3.0,0.0,0.5,7.9,7.6,7.6,7.4,7.1,7.4,0.481,0.284
PL-2024-25-12436907,Jornada 23,2025-01-26,Tottenham,1,Leicester,1,2,1.0,0.0,15,6,5,4,2,,,4.0,3.0,,,,,,2.0,6,5.0,6,61,,23,61,84.1,450,535,,,20,,,,16,,,,17.6,6,34,,9,,,10,6,4,,16,2,0.0,0,1.0,,,,,0.0,,1.0,1.0,,6,,,1.0,1.0,12,3,2,7,0,,,1.0,4.0,,,,,,1.0,4,2.0,10,53,,15,39,74.3,263,354,,,27,,,,6,,,,18.8,3,16,,16,,,26,17,9,,32,1,0.0,0,5.0,,,,,1.0,,3.0,5.0,,16,,,6.95,7.28,4-3-3,4-2-3-1,4.0,4.0,6.6,8.1,1.0,5.0,-0.461,0.774,7.433,7.125,0.667,2.75,1.667,4.75,6.6,7.35,0.8,1.5,5.6,6.25,7.25,7.05,1.0,2.5,0.5,0.5,8.1,8.1,7.5,7.6,7.2,7.5,0.525,0.402
PL-2024-25-12436893,Jornada 23,2025-01-26,Aston Villa,1,West Ham,1,1,1.0,0.0,14,4,6,4,0,,,1.0,4.0,,,,,,0.0,4,2.0,8,35,,26,46,81.7,309,378,,,8,,,,16,,,,23.5,4,17,,9,,,27,15,12,,22,1,0.0,0,2.0,,,,,,,,2.0,,13,,,1.0,0.0,14,4,6,4,0,,,1.0,4.0,,,,,,4.0,3,4.0,15,57,,39,54,84.4,374,443,,,39,,,,13,,,,40.9,9,22,,14,,,31,17,14,,24,1,0.0,0,3.0,,,,,,,,3.0,,16,,,7.09,7.13,4-2-3-1,3-4-2-1,4.0,3.0,6.4,6.6,2.0,3.0,0.437,-0.192,7.25,7.42,2.5,2.0,2.0,3.4,7.08,6.94,1.0,0.4,4.8,3.6,7.2,,2.0,,0.0,,7.7,7.6,7.6,7.6,7.3,7.5,0.425,0.416
PL-2024-25-12436899,Jornada 23,2025-01-26,Fulham,1,Man United,0,1,0.0,0.0,9,3,6,0,0,,,0.0,1.0,,,,,,,3,2.0,4,51,,22,51,83.3,413,496,,,20,,,,9,,,,34.8,8,23,,7,,,16,10,6,,10,1,0.0,0,0.0,,,,,0.0,,,0.0,,7,,,0.0,1.0,4,1,2,1,0,,,0.0,2.0,,,,,,,0,2.0,3,48,,10,49,83.9,412,491,,,21,,,,7,,,,14.3,1,7,,7,,,18,9,9,,22,0,0.0,1,2.0,,,,,2.0,,,1.0,,9,,,6.79,7.01,4-2-3-1,3-4-2-1,4.0,3.0,6.1,7.1,0.0,2.0,-0.838,0.186,6.9,7.22,2.0,1.8,1.5,3.0,6.88,7.15,0.6,0.5,4.2,5.5,6.6,6.533,2.0,0.0,0.0,0.0,7.3,8.2,7.2,7.5,7.1,7.2,0.355,0.493
PL-2024-25-12436930,Jornada 24,2025-02-01,Nottm Forest,1,Brighton,7,0,6.0,0.0,14,9,4,1,1,,,1.0,2.0,,,,,,6.0,4,1.0,15,47,,29,37,78.5,256,326,,,26,,,,12,,,,40.0,4,10,,7,,,21,15,6,,38,0,0.0,1,6.0,,,,,,,,1.0,,8,,,0.0,0.0,10,5,3,2,1,,,2.0,2.0,,,,,,1.0,6,0.0,14,65,,31,63,85.8,458,534,,,19,,,,8,,,,20.0,5,25,,5,,,21,13,8,,11,7,0.0,0,3.0,,,,,,,,3.0,,13,,,7.78,6.08,3-5-2,4-1-4-1,3.0,4.0,8.2,5.2,6.0,3.0,1.334,-2.497,7.42,5.525,2.4,2.25,6.8,1.75,7.433,6.5,1.0,0.75,6.0,2.5,9.0,6.8,3.0,1.0,1.5,0.0,9.2,6.8,8.8,6.8,8.7,6.8,0.822,0.625
PL-2024-25-12436911,Jornada 24,2025-02-01,Bournemouth,1,Liverpool,0,2,0.0,0.0,14,3,8,3,2,,,0.0,6.0,,,,,,3.0,3,4.0,12,60,,29,49,79.2,324,409,,,29,,,,9,,,,23.5,4,17,,10,,,19,6,13,,24,2,0.0,0,5.0,,,,,1.0,,0.0,2.0,,15,,,2.0,0.0,19,7,5,7,0,,,2.0,5.0,,,,,,4.0,3,1.0,6,49,,34,51,81.7,348,426,,,22,,,,14,,,,23.1,3,13,,11,,,18,11,7,,26,0,0.0,1,4.0,,,,,1.0,,1.0,3.0,,9,,,6.85,7.32,4-2-3-1,4-2-3-1,4.0,4.0,7.6,8.1,5.0,4.0,0.328,0.778,6.8,6.975,2.0,1.75,5.0,3.5,6.757,7.417,1.0,1.667,3.429,4.667,,,,,,,7.6,8.8,7.2,8.1,7.0,7.7,0.373,0.666
PL-2024-25-12436921,Jornada 24,2025-02-01,Everton,1,Leicester,4,0,4.0,0.0,13,7,4,2,1,,,1.0,1.0,,,,,,7.0,5,3.0,9,49,,33,47,81.0,359,443,,,31,,,,13,,,,30.8,4,13,,4,,,13,8,5,,30,0,0.0,1,1.0,,,,,1.0,,,,,7,,,0.0,0.0,9,1,2,6,0,,,0.0,4.0,,,,,,0.0,6,1.0,4,51,,17,53,81.4,398,489,,,20,,,,7,,,,13.6,3,22,,5,,,15,10,5,,19,4,0.0,0,3.0,,,,,0.0,,,,,13,,,7.62,6.34,4-2-3-1,4-2-3-1,4.0,4.0,7.8,6.2,1.0,3.0,0.055,-1.494,7.5,6.325,0.75,1.0,5.5,3.75,7.5,6.425,1.6,1.0,5.8,4.75,8.5,6.25,2.0,1.0,2.0,0.0,8.5,6.9,8.4,6.5,8.3,6.4,0.639,0.214
PL-2024-25-12436924,Jornada 24,2025-02-01,Ipswich,1,Southampton,1,2,1.0,0.0,15,6,5,4,0,,,1.0,6.0,,,,,,2.0,1,0.0,17,65,,28,57,85.1,458,538,,,20,,,,14,,,,21.4,3,14,,4,,,16,8,8,,15,2,0.0,0,2.0,,,,,2.0,,,0.0,,11,,,2.0,0.0,9,4,1,4,0,,,0.0,3.0,,,,,,1.0,2,4.0,7,54,,16,43,77.6,312,402,,,32,,,,11,,,,35.7,5,14,,10,,,34,17,17,,27,1,0.0,0,5.0,,,,,2.0,,,3.0,,14,,,6.86,7.06,4-2-3-1,3-4-2-1,4.0,3.0,6.5,7.8,2.0,5.0,-1.546,0.427,6.8,7.0,1.25,3.0,3.25,4.0,6.8,6.9,0.75,0.6,5.75,4.8,7.3,7.4,3.0,2.0,0.5,1.0,8.2,8.0,7.3,7.8,7.3,7.4,0.556,0.492
PL-2024-25-12436928,Jornada 24,2025-02-01,Newcastle,1,Fulham,1,2,1.0,0.0,11,4,6,1,2,,,0.0,2.0,,,,,,3.0,3,4.0,3,47,,32,48,82.4,332,403,,,23,,,,15,,,,29.4,5,17,,4,,,7,2,5,,24,2,0.0,0,2.0,,,,,1.0,,1.0,4.0,,10,,,2.0,0.0,15,4,4,7,0,,,2.0,3.0,,,,,,2.0,7,0.0,9,52,,30,52,81.9,353,431,,,26,,,,10,,,,25.0,8,32,,7,,,20,12,8,,26,1,0.0,0,3.0,,,,,0.0,,1.0,4.0,,15,,,6.87,7.12,4-3-3,4-2-3-1,4.0,4.0,6.5,7.3,2.0,3.0,-0.458,0.683,6.9,6.975,0.75,2.75,3.5,4.0,6.733,7.125,0.667,1.5,4.0,3.5,7.1,7.3,1.667,4.5,0.333,0.5,7.4,7.6,7.4,7.6,7.1,7.3,0.391,0.292
PL-2024-25-12436932,Jornada 24,2025-02-01,Wolves,1,Aston Villa,2,0,2.0,0.0,8,5,3,0,0,,,0.0,2.0,,,,,,4.0,5,6.0,7,24,,10,31,81.0,200,247,,,14,,,,13,,,,,0,14,,15,,,25,14,11,,32,0,0.0,1,3.0,,,,,2.0,,1.0,2.0,,20,,,0.0,0.0,10,3,2,5,0,,,2.0,4.0,,,,,,1.0,8,3.0,8,61,,18,69,89.0,493,554,,,12,,,,20,,,,4.3,1,23,,3,,,13,8,5,,13,2,0.0,0,3.0,,,,,2.0,,0.0,3.0,,13,,,7.18,6.58,3-4-2-1,4-2-3-1,3.0,4.0,7.4,6.8,3.0,3.0,0.715,-0.299,7.08,6.333,2.4,0.333,4.0,2.333,7.175,6.7,0.5,0.333,2.75,2.0,7.5,6.4,4.0,0.0,1.0,0.0,8.3,7.9,7.5,6.8,7.5,6.8,0.541,0.488
PL-2024-25-12436916,Jornada 24,2025-02-02,Brentford,1,Tottenham,0,2,0.0,0.0,20,4,10,6,1,,,0.0,5.0,,,,,,2.0,10,0.0,10,61,,49,54,81.9,389,475,,,29,,,,11,,,,31.6,12,38,,6,,,24,17,7,,11,2,0.0,0,1.0,,,,,0.0,,0.0,0.0,,4,,,1.0,0.0,13,2,5,6,0,,,1.0,4.0,,,,,,2.0,3,1.0,10,48,,21,46,82.4,356,432,,,20,,,,4,,,,22.2,2,9,,11,,,22,13,9,,49,0,0.0,1,3.0,,,,,1.0,,1.0,1.0,,11,,,7.02,7.25,4-2-3-1,4-2-3-1,4.0,4.0,6.3,7.4,1.0,3.0,-1.556,0.776,6.975,7.6,1.25,3.333,1.75,7.333,7.275,7.3,1.75,1.25,4.75,5.5,6.95,6.8,3.5,1.0,0.0,0.0,7.7,8.3,7.6,7.7,7.2,7.4,0.371,0.481
PL-2024-25-12436925,Jornada 24,2025-02-02,Man United,1,Crystal Palace,0,2,0.0,0.0,17,2,6,9,1,,,0.0,5.0,,,,,,1.0,11,0.0,5,64,,57,67,82.2,463,563,,,23,,,,13,,,,30.4,7,23,,12,,,15,10,5,,20,2,0.0,0,1.0,,,,,1.0,,0.0,3.0,,12,,,2.0,0.0,11,3,7,1,1,,,1.0,1.0,,,,,,4.0,0,1.0,4,51,,22,33,65.3,188,288,,,6,,,,12,,,,28.6,2,7,,12,,,21,10,11,,45,0,0.0,1,2.0,,,,,2.0,,1.0,1.0,,13,,,6.95,7.3,3-4-3,3-4-2-1,3.0,3.0,6.5,7.1,1.0,2.0,-1.179,0.528,6.92,7.6,1.2,3.0,3.4,9.333,7.067,7.04,1.0,1.4,5.0,6.2,7.05,7.6,2.0,2.0,0.0,1.0,7.8,8.4,7.4,7.8,7.1,7.7,0.414,0.544
PL-2024-25-12436913,Jornada 24,2025-02-02,Arsenal,1,Man City,5,1,3.0,2.0,12,7,2,3,0,,,1.0,1.0,,,,,,2.0,5,3.0,9,39,,17,46,87.2,347,398,,,17,,,,7,,,,8.3,1,12,,5,,,16,8,8,,20,1,0.0,0,3.0,,,,,,,0.0,2.0,,6,,,1.0,0.0,7,4,3,0,1,,,1.0,1.0,,,,,,1.0,2,1.0,2,43,,15,54,89.9,426,474,,,20,,,,6,,,,21.4,3,14,,6,,,14,8,6,,21,5,0.0,0,2.0,,,,,,,2.0,0.0,,7,,,7.3,6.39,4-3-3,4-2-3-1,4.0,4.0,6.9,5.3,3.0,2.0,0.051,-1.993,6.925,6.175,2.0,1.5,3.0,3.75,7.867,6.65,2.0,0.5,5.667,4.5,7.367,6.85,1.667,1.0,0.333,0.5,8.4,7.1,8.2,7.0,7.9,7.0,0.6,0.537
PL-2024-25-12436919,Jornada 24,2025-02-03,Chelsea,1,West Ham,2,1,1.0,0.0,22,3,9,10,0,,,2.0,5.0,,,,,,2.0,4,0.0,5,67,,34,68,86.4,516,597,,,14,,,,10,,,,27.3,6,22,,3,,,23,18,5,,14,1,0.0,0,4.0,,,,,,,,3.0,,11,,,1.0,0.0,14,5,6,3,1,,,1.0,4.0,,,,,,1.0,3,1.0,5,34,,24,32,73.6,206,280,,,21,,,,11,,,,28.6,4,14,,11,,,14,7,7,,34,2,0.0,0,3.0,,,,,,,,1.0,,10,,,7.07,6.75,4-2-3-1,3-4-2-1,4.0,3.0,6.8,6.3,4.0,3.0,-0.589,-1.677,7.075,6.76,3.0,1.2,2.75,3.0,7.2,6.84,1.4,0.8,3.6,3.8,6.7,,2.0,,0.0,,8.0,7.8,7.4,7.0,7.2,6.9,0.365,0.509
PL-2024-25-12436937,Jornada 25,2025-02-14,Brighton,1,Chelsea,3,0,2.0,1.0,13,5,6,2,1,,,0.0,4.0,,,,,,5.0,2,2.0,7,34,,22,31,76.8,251,327,,,22,,,,15,,,,66.7,2,3,,13,,,20,11,9,,32,0,0.0,1,1.0,,,,,1.0,,1.0,1.0,,12,,,0.0,0.0,8,0,6,2,0,,,0.0,2.0,,,,,,1.0,9,3.0,9,62,,26,69,90.3,664,735,,,17,,,,12,,,,5.6,1,18,,7,,,19,4,15,,9,3,0.0,0,3.0,,,,,0.0,,0.0,2.0,,15,,,7.35,6.51,5-4-1,4-2-3-1,5.0,4.0,7.1,6.0,1.0,3.0,,-1.169,7.125,6.6,1.25,2.25,5.0,1.5,7.52,6.48,0.8,0.4,3.4,3.0,7.6,6.8,1.0,0.0,0.0,0.0,9.5,6.9,7.6,6.9,7.5,6.8,0.735,0.34
PL-2024-25-12436943,Jornada 25,2025-02-15,Leicester,1,Arsenal,0,2,0.0,0.0,6,2,2,2,0,,,1.0,1.0,,,,,,1.0,3,1.0,9,51,,23,40,71.7,230,321,,,13,,,,10,,,,43.8,7,16,,7,,,23,13,10,,27,2,0.0,0,3.0,,,,,0.0,,1.0,2.0,,9,,,2.0,0.0,11,5,3,3,2,,,0.0,5.0,,,,,,3.0,7,4.0,14,54,,34,60,85.5,420,491,,,15,,,,9,,,,22.2,4,18,,5,,,15,11,4,,22,0,0.0,1,2.0,,,,,2.0,,1.0,1.0,,10,,,6.58,7.27,4-2-3-1,4-3-3,4.0,4.0,6.6,7.4,3.0,2.0,-0.029,0.145,6.6,7.075,2.25,1.5,3.5,3.75,6.525,7.7,0.5,1.25,3.5,4.5,6.65,6.75,0.0,1.0,0.0,0.0,6.8,9.0,6.8,7.8,6.7,7.4,0.175,0.647
PL-2024-25-12436934,Jornada 25,2025-02-15,Aston Villa,1,Ipswich,1,1,1.0,0.0,25,6,10,9,1,,,1.0,9.0,,,,,,6.0,16,2.0,17,71,,47,76,90.5,603,666,,,14,,,,11,,,,15.6,5,32,,5,,,12,8,4,,9,1,0.0,0,3.0,,,,,1.0,,0.0,0.0,0.0,7,,,1.0,0.0,4,3,0,1,0,,,2.0,0.0,,,,,,0.0,1,3.0,5,28,,9,24,73.1,160,219,,,16,,,,7,,,,50.0,3,6,,13,,,22,10,12,,39,1,0.0,0,6.0,,,,,0.0,,1.0,5.0,1.0,11,,,6.98,6.91,4-2-3-1,4-2-3-1,4.0,4.0,6.8,8.2,3.0,6.0,0.157,1.791,6.733,6.64,1.0,2.2,1.667,4.6,7.06,6.9,1.6,0.25,3.6,3.5,7.25,7.0,2.5,2.0,0.5,1.0,8.0,8.2,7.7,7.7,7.0,7.2,0.432,0.678
PL-2024-25-12436940,Jornada 25,2025-02-15,Fulham,1,Nottm Forest,2,1,2.0,0.0,24,10,8,6,0,,,2.0,2.0,,,,,,4.0,8,1.0,5,61,,37,56,88.0,439,499,,,28,,,,8,,,,30.3,10,33,,7,,,8,8,0,,25,1,0.0,0,1.0,,,,,,,1.0,,,13,,,1.0,0.0,8,2,3,3,0,,,0.0,2.0,,,,,,0.0,4,1.0,7,51,,16,44,84.9,343,404,,,25,,,,13,,,,22.2,4,18,,8,,,10,7,3,,30,2,0.0,0,8.0,,,,,,,1.0,,,8,,,7.3,7.05,4-2-3-1,3-5-2,4.0,3.0,6.7,8.2,1.0,8.0,0.064,1.772,6.95,6.98,1.0,1.4,4.75,5.2,7.55,6.833,2.5,0.333,4.75,4.667,7.8,7.0,4.5,1.5,0.0,0.5,8.3,8.2,8.1,7.4,7.5,7.3,0.544,0.444
PL-2024-25-12436948,Jornada 25,2025-02-15,Man City,1,Newcastle,4,0,3.0,1.0,11,7,2,2,0,,,1.0,2.0,,,,,,4.0,7,0.0,8,60,,24,62,92.0,543,590,,,28,,,,13,,,,53.8,7,13,,6,,,10,5,5,,19,0,0.0,1,1.0,,,,,0.0,,1.0,0.0,,5,,,0.0,0.0,3,1,1,1,0,,,0.0,0.0,,,,,,0.0,4,3.0,1,29,,10,38,82.7,292,353,,,15,,,,5,,,,21.4,3,14,,7,,,26,15,11,,20,4,0.0,0,3.0,,,,,1.0,,0.0,1.0,,13,,,7.46,6.39,4-2-3-1,4-3-3,4.0,4.0,7.8,6.5,1.0,3.0,0.382,-1.238,7.15,6.2,1.0,3.0,3.5,3.25,7.2,6.5,1.5,0.333,3.0,3.0,8.45,6.5,3.0,0.333,1.5,0.0,9.6,6.6,7.8,6.6,7.4,6.6,0.709,0.211
PL-2024-25-12436950,Jornada 25,2025-02-15,Southampton,1,Bournemouth,1,3,1.0,0.0,11,4,3,4,0,,,1.0,3.0,,,,,,1.0,4,,15,53,,25,45,79.3,306,386,,,21,,,,15,,,,20.0,4,20,,11,,,27,18,9,,28,3,0.0,0,5.0,,,,,0.0,,,1.0,,13,,,2.0,1.0,14,7,3,4,0,,,1.0,2.0,,,,,,3.0,6,,10,60,,30,55,82.6,399,483,,,24,,,,13,,,,27.8,5,18,,9,,,16,7,9,,26,1,0.0,0,3.0,,,,,1.0,,,3.0,,15,,,6.94,7.07,3-4-1-2,4-2-3-1,3.0,4.0,7.2,6.9,5.0,3.0,-0.193,0.036,6.725,6.833,2.25,0.0,5.0,5.667,6.875,7.2,0.5,1.714,5.25,3.857,7.35,,3.5,,0.5,,8.1,8.9,7.3,7.3,7.3,7.2,0.535,0.63
PL-2024-25-12436956,Jornada 25,2025-02-15,West Ham,1,Brentford,0,1,0.0,0.0,13,3,3,7,1,,,1.0,6.0,,,,,,1.0,9,2.0,10,57,,26,59,85.0,426,501,,,20,,,,13,,,,9.7,3,31,,2,,,21,8,13,,22,1,0.0,0,4.0,,,,,1.0,,,1.0,,10,,,1.0,0.0,14,5,5,4,1,,,0.0,4.0,,,,,,2.0,2,4.0,4,56,,34,41,77.9,282,362,,,25,,,,10,,,,25.0,4,16,,5,,,19,9,10,,29,0,0.0,1,3.0,,,,,3.0,,,1.0,,13,,,6.94,7.24,4-2-3-1,4-2-3-1,4.0,4.0,7.7,7.5,4.0,3.0,0.966,0.296,7.05,7.375,1.0,2.0,4.0,5.25,6.733,7.1,0.667,0.75,2.667,3.75,,7.1,,3.0,,0.0,7.7,8.0,7.5,7.5,7.2,7.4,0.403,0.314
PL-2024-25-12436939,Jornada 25,2025-02-15,Crystal Palace,1,Everton,1,2,1.0,0.0,17,6,6,5,1,,,3.0,5.0,,,,,,4.0,6,3.0,10,71,,27,58,77.1,401,520,,,15,,,,12,,,,25.0,5,20,,7,,,17,11,6,,34,2,0.0,0,4.0,,,,,0.0,,,0.0,,9,,,2.0,0.0,11,6,1,4,0,,,1.0,4.0,,,,,,2.0,2,1.0,9,64,,18,42,71.7,264,368,,,31,,,,9,,,,17.6,3,17,,11,,,20,6,14,,48,1,0.0,0,5.0,,,,,2.0,,,1.0,,12,,,6.8,7.17,3-4-2-1,4-2-3-1,3.0,4.0,6.8,7.9,4.0,5.0,-0.697,0.782,7.0,6.95,2.667,1.25,5.667,8.25,6.58,7.175,0.6,1.5,4.2,5.25,7.05,7.25,2.0,1.5,0.5,0.5,7.7,8.5,7.3,7.9,7.1,7.8,0.492,0.606
PL-2024-25-12436945,Jornada 25,2025-02-16,Liverpool,1,Wolves,2,1,2.0,0.0,10,3,6,1,0,,,0.0,2.0,,,,,,2.0,4,5.0,4,53,,23,50,82.2,364,443,,,22,,,,12,,,,23.1,3,13,,15,,,16,10,6,,18,1,0.0,0,3.0,,,,,,,1.0,2.0,,15,,,0.0,1.0,16,4,7,5,0,,,2.0,7.0,,,,,,1.0,3,3.0,10,46,,22,50,84.7,388,458,,,16,,,,15,,,,10.0,1,10,,9,,,15,11,4,,21,2,0.0,0,1.0,,,,,,,0.0,2.0,,13,,,6.94,6.82,4-2-3-1,3-4-2-1,4.0,3.0,6.5,6.0,3.0,1.0,0.464,-0.58,6.825,6.8,2.0,1.8,3.0,3.4,7.12,6.7,0.2,1.25,4.2,2.75,6.9,8.2,4.0,6.0,0.0,1.0,7.6,8.2,7.4,7.0,7.2,6.9,0.372,0.504
PL-2024-25-12436952,Jornada 25,2025-02-16,Tottenham,1,Man United,1,0,1.0,0.0,22,7,6,9,0,,,2.0,1.0,,,,,,1.0,10,0.0,13,48,,44,56,88.1,459,521,,,9,,,,9,,,,35.5,11,31,,5,,,13,6,7,,26,0,0.0,1,6.0,,,,,,,2.0,1.0,,13,,,0.0,0.0,16,6,6,4,0,,,0.0,2.0,,,,,,2.0,5,7.0,2,45,,32,44,83.5,344,412,,,29,,,,13,,,,33.3,8,24,,11,,,32,20,12,,24,1,0.0,0,6.0,,,,,,,0.0,2.0,,9,,,7.49,7.41,4-3-3,3-4-2-1,4.0,3.0,8.5,7.8,6.0,6.0,0.59,0.509,7.725,7.425,2.0,3.25,3.5,3.75,7.1,7.867,1.25,2.667,2.5,5.333,7.3,6.8,5.0,3.0,0.0,0.0,8.5,8.5,8.3,8.3,7.9,7.8,0.599,0.59
PL-2024-25-12436623,Jornada 26,2025-02-21,Leicester,1,Brentford,0,4,0.0,0.0,8,3,3,2,0,,,0.0,3.0,,,,,,1.0,5,1.0,5,38,,22,48,82.2,314,382,,,11,,,,10,,,,11.1,3,27,,13,,,11,5,6,,32,4,0.0,0,3.0,,,,,0.0,,3.0,4.0,,10,,,4.0,0.0,14,6,3,5,1,,,0.0,2.0,,,,,,3.0,6,1.0,9,61,,35,52,84.5,359,425,,,34,,,,10,,,,45.0,9,20,,9,,,10,9,1,,34,0,0.0,1,3.0,,,,,1.0,,0.0,0.0,,10,,,6.48,7.6,4-2-3-1,4-2-3-1,4.0,4.0,6.2,7.6,3.0,3.0,-1.569,0.35,6.375,7.45,1.25,1.25,4.0,6.25,6.55,7.475,1.25,0.75,3.25,3.0,6.7,8.15,1.5,3.5,0.0,1.0,7.0,8.7,6.9,8.3,6.6,7.8,0.279,0.488
PL-2024-25-12436625,Jornada 26,2025-02-22,Everton,1,Man United,2,2,2.0,0.0,9,8,0,1,0,,,1.0,0.0,,,,,,4.0,7,1.0,6,56,,23,38,73.8,231,313,,,25,,,,9,,,,34.8,8,23,,9,,,24,18,6,,35,2,0.0,0,1.0,,,,,1.0,,,4.0,,12,,,1.0,1.0,9,3,2,4,0,,,1.0,3.0,,,,,,1.0,8,0.0,7,55,,20,62,85.6,456,533,,,22,,,,12,,,,15.0,3,20,,13,,,24,15,9,,35,2,0.0,0,6.0,,,,,1.0,,,1.0,,9,,,6.85,7.1,4-2-3-1,3-4-2-1,4.0,3.0,6.3,7.5,1.0,6.0,-1.738,-0.387,6.8,6.9,1.25,2.25,5.25,7.0,7.025,7.675,0.25,0.5,5.0,5.5,6.9,6.15,2.5,1.0,0.5,0.0,7.7,8.8,7.6,7.7,7.3,7.5,0.496,0.727
PL-2024-25-12436960,Jornada 26,2025-02-22,Arsenal,1,West Ham,0,1,0.0,0.0,20,2,8,10,0,,,1.0,5.0,,,,,,1.0,2,2.0,7,71,,42,68,89.4,574,642,,,12,,,,15,,,,23.3,7,30,,8,,,12,5,7,,6,1,0.0,0,1.0,,,,,2.0,,0.0,1.0,1.0,16,,,1.0,0.0,5,2,3,0,0,,,0.0,0.0,,,,,,1.0,0,2.0,6,42,,11,32,78.0,241,309,,,21,,,,16,,,,37.5,3,8,,14,,,12,5,7,,44,0,0.0,1,2.0,,,,,0.0,,1.0,3.0,0.0,15,,,7.07,7.18,4-3-3,5-3-2,4.0,5.0,6.7,7.1,1.0,2.0,0.018,0.138,7.025,7.44,1.0,1.8,1.0,6.2,7.06,6.94,2.2,0.6,2.6,3.0,7.7,,5.0,,0.0,,7.8,8.0,7.7,7.6,7.4,7.4,0.4,0.376
PL-2024-25-12436958,Jornada 26,2025-02-22,Bournemouth,1,Wolves,0,1,0.0,0.0,8,3,2,3,0,,,1.0,1.0,,,,,,1.0,6,1.0,11,73,,24,45,76.4,275,360,,,27,,,,9,,,,14.8,4,27,,12,,,13,5,8,,26,1,0.0,0,5.0,,,,,0.0,,1.0,3.0,1.0,17,,,1.0,0.0,13,5,5,3,1,,,2.0,3.0,,,,,,3.0,7,1.0,9,42,,16,55,80.2,364,454,,,14,,,,17,,,,12.5,2,16,,10,,,30,15,15,,39,0,0.0,1,3.0,,,,,3.0,,0.0,3.0,0.0,9,,,6.7,7.19,4-2-3-1,3-4-2-1,4.0,3.0,7.4,7.6,5.0,3.0,0.35,0.332,6.425,7.18,1.0,3.0,3.5,4.0,6.767,6.95,1.0,0.75,5.667,5.25,,7.8,,3.0,,1.0,7.4,7.8,7.1,7.6,7.0,7.5,0.495,0.342
PL-2024-25-12436624,Jornada 26,2025-02-22,Fulham,1,Crystal Palace,0,2,0.0,0.0,10,0,5,5,0,,,0.0,6.0,,,,,,0.0,7,0.0,3,74,,22,62,82.9,450,543,,,31,,,,7,,,,18.5,5,27,,8,,,15,5,10,,18,2,0.0,0,4.0,,,,,0.0,,1.0,1.0,,10,,,1.0,0.0,10,5,3,2,0,,,2.0,1.0,,,,,,2.0,7,3.0,9,51,,16,38,76.0,254,334,,,21,,,,10,,,,20.0,2,10,,10,,,25,11,14,,33,0,0.0,1,0.0,,,,,1.0,,0.0,3.0,,7,,,6.62,7.24,4-2-3-1,3-4-2-1,4.0,3.0,6.9,6.9,4.0,0.0,-0.607,,6.625,7.367,1.75,3.0,2.75,7.0,6.7,7.42,0.75,1.2,3.5,3.8,6.3,6.75,1.5,1.0,0.0,0.0,7.2,8.2,6.9,7.9,6.9,7.6,0.279,0.477
PL-2024-25-12436629,Jornada 26,2025-02-22,Ipswich,1,Tottenham,1,4,1.0,0.0,17,5,5,7,1,,,2.0,5.0,,,,,,3.0,4,2.0,5,56,,26,41,82.3,292,355,,,20,,,,14,,,,31.6,6,19,,10,,,23,12,11,,11,4,0.0,0,2.0,,,,,0.0,,1.0,2.0,,15,,,4.0,0.0,10,6,1,3,0,,,0.0,0.0,,,,,,1.0,4,1.0,5,41,,21,59,86.5,461,533,,,16,,,,15,,,,25.0,1,4,,6,,,17,9,8,,14,1,0.0,0,4.0,,,,,1.0,,0.0,1.0,,14,,,6.74,7.16,4-2-3-1,4-3-3,4.0,4.0,6.3,7.1,2.0,4.0,-1.331,-0.276,6.5,7.167,2.5,1.667,1.0,2.333,6.94,7.0,2.0,1.0,4.4,5.75,7.1,7.4,5.0,2.0,0.0,0.667,7.5,8.0,7.1,7.8,7.1,7.5,0.394,0.452
PL-2024-25-12436965,Jornada 26,2025-02-22,Southampton,1,Brighton,0,4,0.0,0.0,6,1,2,3,0,,,0.0,4.0,,,,,,0.0,5,2.0,7,43,,5,50,80.3,346,431,,,18,,,,12,,,,9.1,1,11,,13,,,13,7,6,,23,4,0.0,0,8.0,,,,,,,1.0,2.0,,11,,,4.0,0.0,18,12,3,3,1,,,1.0,3.0,,,,,,10.0,6,1.0,10,47,,39,50,81.7,356,436,,,19,,,,11,,,,33.3,5,15,,9,,,17,9,8,,22,0,0.0,1,1.0,,,,,,,0.0,0.0,,12,,,6.57,7.35,3-4-3,4-2-3-1,3.0,4.0,7.8,6.9,8.0,1.0,0.709,0.028,6.533,7.367,0.333,1.333,2.333,4.0,6.46,7.283,0.8,1.167,5.2,4.5,6.3,8.2,1.0,1.0,0.0,1.0,7.8,8.2,7.1,7.8,6.6,7.8,0.471,0.419
PL-2024-25-12436621,Jornada 26,2025-02-22,Aston Villa,1,Chelsea,2,1,2.0,0.0,12,6,3,3,0,,,0.0,2.0,,,,,,3.0,2,1.0,11,55,,35,52,87.0,421,484,,,15,,,,16,,,,23.1,3,13,,5,,,17,9,8,,16,1,0.0,0,5.0,,,,,,,,1.0,,15,,,1.0,0.0,15,7,5,3,0,,,3.0,2.0,,,,,,3.0,3,1.0,7,50,,26,48,88.1,393,446,,,22,,,,15,,,,25.0,3,12,,10,,,16,7,9,,25,2,0.0,0,4.0,,,,,,,,3.0,,16,,,7.14,6.82,4-2-3-1,4-2-3-1,4.0,4.0,7.7,6.1,5.0,4.0,0.97,0.124,6.775,6.5,1.0,1.4,2.5,2.4,7.4,7.35,1.0,2.25,3.6,5.0,6.7,7.0,4.0,1.0,0.0,0.0,8.6,7.7,7.7,7.3,7.6,7.3,0.62,0.474
PL-2024-25-12436963,Jornada 26,2025-02-23,Newcastle,1,Nottm Forest,4,3,4.0,0.0,13,5,3,5,1,,,0.0,0.0,,,,,,4.0,7,1.0,13,46,,35,57,81.9,379,463,,,15,,,,12,,,,16.7,3,18,,11,,,20,13,7,,36,3,0.0,0,2.0,,,,,2.0,,1.0,1.0,,11,,,2.0,1.0,17,5,5,7,0,,,2.0,4.0,,,,,,4.0,6,0.0,6,61,,27,43,73.3,253,345,,,12,,,,11,,,,40.0,8,20,,3,,,28,20,8,,25,4,0.0,0,1.0,,,,,0.0,,1.0,4.0,,13,,,6.98,6.59,4-3-3,4-2-3-1,4.0,4.0,6.2,5.7,2.0,1.0,-1.009,-1.36,7.025,6.525,3.25,3.0,6.0,3.25,6.967,6.875,1.0,1.0,3.667,5.25,7.2,6.6,2.333,1.0,1.0,0.0,8.0,7.5,7.9,7.2,7.5,7.2,0.559,0.696
PL-2024-25-12436627,Jornada 26,2025-02-23,Man City,1,Liverpool,0,2,0.0,0.0,16,5,3,8,0,,,3.0,7.0,,,,,,0.0,7,2.0,23,75,,40,66,91.5,603,659,,,15,,,,10,,,,13.6,3,22,,3,,,5,2,3,,17,2,0.0,0,2.0,,,,,0.0,,0.0,,,3,,,2.0,0.0,8,4,2,2,0,,,1.0,1.0,,,,,,1.0,5,4.0,6,26,,27,34,80.7,268,332,,,18,,,,3,,,,28.6,2,7,,4,,,22,13,9,,34,0,0.0,1,5.0,,,,,1.0,,1.0,,,10,,,7.0,7.34,4-1-4-1,4-2-3-1,4.0,4.0,6.4,8.0,2.0,5.0,-0.622,0.407,6.9,7.025,1.0,2.0,3.5,5.75,7.22,7.433,1.6,0.833,2.8,4.167,6.9,,4.0,,0.0,,8.2,8.9,7.2,8.0,7.2,7.7,0.443,0.668
PL-2024-25-12436970,Jornada 27,2025-02-25,Brighton,1,Bournemouth,2,1,2.0,0.0,11,4,4,3,1,,,1.0,3.0,,,,,,5.0,1,0.0,16,53,,25,43,72.3,266,368,,,15,,,,13,,,,37.5,3,8,,6,,,21,13,8,,33,1,0.0,0,4.0,,,,,1.0,,1.0,2.0,,12,,,0.0,1.0,19,5,7,7,0,,,1.0,5.0,,,,,,2.0,9,4.0,14,62,,42,57,79.7,372,467,,,23,,,,12,,,,36.4,8,22,,12,,,25,13,12,,26,2,0.0,0,2.0,,,,,0.0,,1.0,1.0,,14,,,6.92,6.87,4-2-3-1,4-2-3-1,4.0,4.0,7.1,6.3,4.0,2.0,0.133,-0.369,7.067,6.967,1.667,2.333,3.667,6.667,6.7,6.914,0.667,1.857,3.0,2.714,7.6,,1.0,,1.0,,7.6,7.9,7.4,7.1,7.2,7.1,0.484,0.429
PL-2024-25-12436983,Jornada 27,2025-02-25,Crystal Palace,1,Aston Villa,4,1,4.0,0.0,19,6,8,5,0,,,0.0,4.0,,,,,,6.0,3,7.0,4,47,,29,36,72.8,187,257,,,16,,,,10,,,,33.3,4,12,,10,,,32,21,11,,23,1,0.0,0,1.0,,,,,,,0.0,3.0,,19,,,1.0,0.0,6,2,3,1,1,,,0.0,0.0,,,,,,2.0,8,7.0,11,46,,20,64,86.3,404,468,,,19,,,,19,,,,38.5,5,13,,9,,,8,4,4,,14,4,0.0,0,2.0,,,,,,,1.0,1.0,,10,,,7.17,6.58,3-4-2-1,3-4-3,3.0,3.0,6.4,6.8,1.0,2.0,0.011,0.705,6.933,6.425,3.333,0.75,5.0,1.25,7.24,6.6,1.6,0.2,5.4,4.6,7.75,6.9,3.0,0.0,1.5,0.0,8.0,7.0,7.9,7.0,7.6,6.9,0.484,0.33
PL-2024-25-12436981,Jornada 27,2025-02-25,Wolves,1,Fulham,1,2,1.0,0.0,18,5,7,6,0,,,1.0,6.0,,,,,,0.0,7,1.0,10,68,,22,60,88.4,504,570,,,14,,,,15,,,,20.7,6,29,,6,,,10,5,5,,9,2,0.0,0,3.0,,,,,,,0.0,1.0,,8,,,1.0,1.0,11,5,3,3,0,,,0.0,0.0,,,,,,4.0,4,0.0,6,46,,14,40,84.5,327,387,,,27,,,,8,,,,33.3,3,9,,6,,,20,17,3,,40,1,0.0,0,4.0,,,,,,,1.0,3.0,,15,,,6.9,7.12,3-4-2-1,3-4-2-1,3.0,3.0,6.7,7.0,3.0,4.0,-0.264,-0.561,6.68,7.12,1.4,2.0,1.6,4.8,7.05,6.9,1.0,1.0,5.25,2.667,7.6,7.5,6.0,2.0,0.0,0.5,7.8,7.7,7.6,7.6,7.3,7.5,0.467,0.381
PL-2024-25-12436986,Jornada 27,2025-02-25,Chelsea,1,Southampton,4,0,4.0,0.0,19,10,7,2,0,,,3.0,3.0,,,,,,6.0,4,2.0,5,67,,39,60,91.0,564,620,,,23,,,,9,,,,50.0,5,10,,7,,,17,9,8,,13,0,0.0,1,2.0,,,,,,,,1.0,,6,,,0.0,0.0,7,2,2,3,0,,,0.0,2.0,,,,,,2.0,2,0.0,4,37,,12,40,84.3,350,415,,,18,,,,6,,,,40.0,4,10,,9,,,16,11,5,,12,4,0.0,0,6.0,,,,,,,,2.0,,9,,,7.78,6.31,4-2-3-1,5-4-1,4.0,5.0,7.2,6.9,2.0,6.0,0.662,-0.908,7.9,6.033,2.75,1.667,3.25,1.333,7.62,6.22,2.2,0.6,3.0,4.6,8.7,6.65,4.0,1.5,1.0,0.0,8.8,6.9,8.7,6.9,8.7,6.5,0.731,0.342
PL-2024-25-12436968,Jornada 27,2025-02-26,Brentford,1,Everton,1,1,1.0,0.0,12,3,6,3,1,,,1.0,3.0,,,,,,2.0,2,1.0,9,56,,31,52,83.8,384,458,,,25,,,,6,,,,20.0,4,20,,9,,,13,8,5,,24,1,0.0,0,3.0,,,,,3.0,,1.0,2.0,,3,,,1.0,0.0,14,4,8,2,0,,,1.0,6.0,,,,,,3.0,5,0.0,4,47,,17,48,82.6,351,425,,,26,,,,3,,,,19.0,4,21,,4,,,15,8,7,,33,1,0.0,0,2.0,,,,,0.0,,0.0,1.0,,6,,,7.09,7.0,4-2-3-1,4-2-3-1,4.0,4.0,7.5,6.9,3.0,2.0,1.359,-0.11,6.825,7.275,0.25,1.0,4.0,7.0,7.275,6.95,1.5,1.0,4.5,5.75,7.05,6.6,2.5,2.0,0.5,0.0,7.7,7.8,7.5,7.6,7.5,7.3,0.394,0.422
PL-2024-25-12436991,Jornada 27,2025-02-26,Man United,1,Ipswich,3,2,2.0,0.0,10,6,1,3,0,,,0.0,2.0,,,,,,2.0,5,0.0,7,45,,23,45,81.9,298,364,,,20,,,,16,,,,27.8,5,18,,4,,,18,10,8,,24,2,0.0,0,1.0,,,,,0.0,,,4.0,1.0,9,,,1.0,1.0,12,3,4,5,0,,,1.0,5.0,,,,,,1.0,6,2.0,5,72,,19,55,86.0,388,451,,,13,,,,9,,,,11.1,2,18,,11,,,16,11,5,,21,3,0.0,0,4.0,,,,,2.0,,,4.0,0.0,16,,,6.86,6.87,3-4-2-1,3-4-2-1,3.0,3.0,6.0,7.1,1.0,4.0,-0.615,-1.152,7.475,6.8,1.75,1.0,4.25,3.75,6.667,6.98,1.667,0.8,4.333,4.0,6.533,6.4,0.667,3.0,0.0,0.0,8.5,8.7,8.3,7.1,7.6,7.0,0.93,0.63
PL-2024-25-12436974,Jornada 27,2025-02-26,Nottm Forest,1,Arsenal,0,0,0.0,0.0,6,2,1,3,0,,,1.0,1.0,,,,,,1.0,3,1.0,5,44,,16,35,74.3,199,268,,,19,,,,17,,,,22.2,4,18,,8,,,18,10,8,,31,0,0.0,1,1.0,,,,,,,,1.0,,10,,,0.0,0.0,13,1,3,9,1,,,0.0,5.0,,,,,,2.0,11,2.0,12,61,,30,65,87.3,438,502,,,12,,,,10,,,,22.2,6,27,,5,,,14,9,5,,22,0,0.0,1,2.0,,,,,,,,1.0,,17,,,6.99,7.2,4-2-3-1,4-3-3,4.0,4.0,6.9,7.2,1.0,2.0,0.387,0.384,7.175,7.375,1.5,2.0,5.25,3.75,7.1,7.04,0.5,1.2,3.25,4.6,6.45,7.3,1.0,2.0,0.0,0.0,7.4,7.9,7.4,7.4,7.3,7.4,0.353,0.325
PL-2024-25-12436975,Jornada 27,2025-02-26,Tottenham,1,Man City,0,1,0.0,0.0,11,6,3,2,0,,,0.0,0.0,,,,,,2.0,8,0.0,9,48,,27,56,87.9,465,529,,,12,,,,15,,,,50.0,8,16,,7,,,26,15,11,,15,1,0.0,0,4.0,,,,,,,1.0,3.0,,12,,,1.0,0.0,12,5,2,5,0,,,1.0,3.0,,,,,,4.0,3,2.0,7,40,,29,44,87.3,363,416,,,23,,,,12,,,,16.7,2,12,,10,,,20,13,7,,17,0,0.0,1,6.0,,,,,,,1.0,0.0,,15,,,7.1,7.13,4-3-3,4-2-3-1,4.0,4.0,7.3,8.4,4.0,6.0,1.087,1.7,7.467,7.125,3.333,0.75,1.667,1.75,7.025,7.0,1.0,0.75,3.75,2.25,6.767,6.75,1.333,2.0,0.0,0.5,7.7,8.4,7.5,7.7,7.5,7.4,0.362,0.51
PL-2024-25-12436988,Jornada 27,2025-02-26,Liverpool,1,Newcastle,2,0,2.0,0.0,12,3,5,4,0,,,0.0,3.0,,,,,,2.0,4,0.0,8,82,,30,61,89.7,533,594,,,39,,,,11,,,,,0,4,,10,,,25,15,10,,23,0,0.0,1,1.0,,,,,0.0,,,0.0,,12,,,0.0,0.0,3,0,2,1,0,,,0.0,1.0,,,,,,1.0,2,1.0,7,47,,16,39,84.4,309,366,,,16,,,,12,,,,7.1,1,14,,5,,,20,12,8,,20,2,0.0,0,1.0,,,,,1.0,,,1.0,,11,,,7.3,6.5,4-2-3-1,4-2-3-1,4.0,4.0,7.1,6.3,1.0,1.0,,-0.912,7.325,6.575,2.25,3.0,3.0,2.5,7.48,6.633,2.2,0.0,4.8,4.333,6.5,6.333,0.0,1.0,0.0,0.0,8.4,6.9,7.8,6.8,7.7,6.7,0.494,0.245
PL-2024-25-13365051,Jornada 27,2025-02-27,West Ham,1,Leicester,2,0,1.0,0.0,8,2,3,3,0,,,0.0,1.0,,,,,,4.0,3,1.0,9,74,,19,58,89.6,580,647,,,17,,,,6,,,,23.5,4,17,,7,,,13,9,4,,24,0,0.0,1,2.0,,,,,,,0.0,,,12,,,0.0,0.0,10,2,3,5,0,,,1.0,4.0,,,,,,0.0,3,0.0,2,50,,10,42,84.6,391,462,,,11,,,,12,,,,16.7,4,24,,9,,,25,11,14,,26,2,0.0,0,1.0,,,,,,,1.0,,,6,,,7.16,6.71,3-5-2,4-2-3-1,3.0,4.0,6.9,6.2,2.0,1.0,0.247,-1.152,7.34,6.95,1.2,3.75,2.4,4.75,7.04,6.6,0.6,0.4,2.6,4.0,,6.8,,0.0,,0.0,8.6,7.5,7.6,7.3,7.4,6.9,0.59,0.408
PL-2024-25-12437007,Jornada 28,2025-03-08,Nottm Forest,1,Man City,1,0,1.0,0.0,9,4,3,2,1,,,1.0,2.0,,,,,,,3,1.0,7,50,,18,31,79.7,208,261,,,17,,,,7,,,,38.9,7,18,,5,,,17,8,9,,25,0,0.0,1,3.0,,,,,0.0,,,3.0,,9,,,0.0,0.0,14,3,8,3,1,,,3.0,5.0,,,,,,,2,1.0,13,56,,24,69,89.8,547,609,,,13,,,,9,,,,5.9,1,17,,5,,,18,12,6,,19,1,0.0,0,3.0,,,,,1.0,,,2.0,,7,,,7.11,7.04,4-2-3-1,4-1-4-1,4.0,4.0,7.5,6.6,3.0,3.0,0.545,-0.141,7.125,7.125,1.75,1.5,4.5,3.0,7.125,7.06,1.25,1.4,3.5,2.8,6.85,7.0,1.0,2.0,0.0,0.0,7.9,7.5,7.5,7.3,7.5,7.2,0.456,0.274
PL-2024-25-12436996,Jornada 28,2025-03-08,Brighton,1,Fulham,2,1,2.0,0.0,9,4,3,2,0,,,0.0,1.0,,,,,,3.0,3,4.0,6,62,,33,53,86.4,444,514,,,22,,,,11,,,,30.8,4,13,,15,,,18,11,7,,24,1,0.0,0,0.0,,,,,2.0,,1.0,0.0,,6,,,1.0,0.0,6,1,2,3,0,,,0.0,0.0,,,,,,1.0,7,1.0,12,36,,13,47,84.8,374,441,,,27,,,,6,,,,13.6,3,22,,4,,,22,9,13,,41,2,0.0,0,2.0,,,,,0.0,,0.0,2.0,,12,,,7.07,6.84,4-2-3-1,3-4-2-1,4.0,3.0,6.6,6.8,0.0,2.0,-0.253,-0.249,7.8,6.82,1.5,2.8,5.0,6.6,6.857,6.725,0.429,0.5,4.571,5.5,7.6,7.4,4.0,2.0,1.0,1.0,8.4,7.4,7.6,7.2,7.2,7.1,0.524,0.314
PL-2024-25-12437000,Jornada 28,2025-03-08,Crystal Palace,1,Ipswich,1,0,1.0,0.0,19,4,6,9,1,,,0.0,5.0,,,,,,5.0,5,,9,54,,25,55,74.0,301,407,,,28,,,,7,,,,36.8,7,19,,7,,,23,11,12,,40,0,0.0,1,7.0,,,,,,,1.0,4.0,,8,,,0.0,0.0,15,8,4,3,0,,,1.0,5.0,,,,,,4.0,4,,10,46,,16,45,75.2,252,335,,,18,,,,8,,,,18.8,3,16,,8,,,14,9,5,,38,1,0.0,0,3.0,,,,,,,1.0,3.0,,7,,,7.4,6.91,3-4-2-1,4-2-3-1,3.0,4.0,8.8,7.4,7.0,3.0,1.895,0.279,7.233,7.025,3.667,0.5,5.0,7.0,7.24,6.68,1.8,1.6,6.4,4.0,7.35,7.1,3.0,4.0,0.5,0.0,8.8,7.4,8.1,7.2,8.0,7.1,0.662,0.365
PL-2024-25-12437003,Jornada 28,2025-03-08,Liverpool,1,Southampton,3,1,3.0,0.0,28,7,13,8,0,,,0.0,5.0,,,,,,8.0,6,0.0,18,71,,59,71,90.5,593,655,,,23,,,,7,,,,30.0,6,20,,10,,,19,15,4,,10,1,0.0,0,3.0,,,,,,,0.0,2.0,,10,,,1.0,0.0,6,4,0,2,0,,,1.0,2.0,,,,,,1.0,4,1.0,13,33,,8,29,76.4,204,267,,,12,,,,10,,,,20.0,1,5,,9,,,21,10,11,,37,3,0.0,0,4.0,,,,,,,1.0,1.0,,9,,,7.28,6.75,4-3-3,4-2-3-1,4.0,4.0,6.7,7.3,3.0,4.0,-0.64,0.302,7.175,6.8,2.25,1.667,1.0,3.333,7.5,6.717,3.4,0.667,3.4,4.0,7.2,6.2,4.0,1.0,1.0,0.0,8.3,7.3,8.0,7.3,8.0,7.1,0.569,0.394
PL-2024-25-12436994,Jornada 28,2025-03-08,Brentford,1,Aston Villa,0,1,0.0,0.0,13,3,4,6,1,,,2.0,4.0,,,,,,0.0,6,2.0,9,59,,37,60,86.1,395,459,,,27,,,,5,,,,18.5,5,27,,7,,,15,6,9,,32,1,0.0,0,3.0,,,,,2.0,,,2.0,,10,,,1.0,0.0,12,4,2,6,0,,,0.0,2.0,,,,,,2.0,5,3.0,6,37,,19,40,75.6,239,316,,,18,,,,10,,,,25.0,3,12,,5,,,11,5,6,,40,0,0.0,1,3.0,,,,,2.0,,,2.0,,5,,,7.13,7.05,4-2-3-1,4-2-3-1,4.0,4.0,7.0,7.2,3.0,3.0,-0.315,0.702,7.25,7.25,0.75,2.0,5.75,4.75,7.075,6.92,1.5,1.0,5.5,2.8,7.05,6.8,2.0,4.0,0.0,1.0,7.7,7.9,7.5,7.7,7.5,7.3,0.305,0.436
PL-2024-25-12437012,Jornada 28,2025-03-08,Wolves,1,Everton,1,1,1.0,0.0,11,3,5,3,0,,,0.0,6.0,,,,,,1.0,5,0.0,6,75,,19,66,88.3,527,597,,,22,,,,16,,,,16.7,3,18,,6,,,13,8,5,,24,1,0.0,0,3.0,,,,,2.0,,1.0,2.0,,11,,,1.0,0.0,12,4,1,7,0,,,1.0,4.0,,,,,,2.0,5,1.0,5,35,,18,34,76.1,233,306,,,25,,,,11,,,,31.2,5,16,,8,,,32,16,16,,35,1,0.0,0,2.0,,,,,0.0,,1.0,2.0,,16,,,7.04,6.97,3-4-2-1,4-2-3-1,3.0,4.0,7.1,7.1,3.0,2.0,0.498,0.119,6.88,6.925,1.0,2.5,4.4,6.25,7.325,7.075,1.5,1.25,4.5,3.25,6.6,6.8,1.0,1.5,0.0,0.5,7.9,7.7,7.4,7.6,7.3,7.4,0.403,0.477
PL-2024-25-12436998,Jornada 28,2025-03-09,Chelsea,1,Leicester,1,0,0.0,1.0,20,7,5,8,0,,,2.0,7.0,,,,,,1.0,12,0.0,13,75,,54,57,86.3,467,541,,,23,,,,12,,,,23.1,6,26,,10,,,11,9,2,,21,0,0.0,1,3.0,,,0.0,,1.0,,,1.0,,12,,,0.0,0.0,3,3,0,0,1,,,2.0,0.0,,,,,,0.0,2,2.0,2,50,,4,43,81.3,339,417,,,17,,,,12,,,,5.6,1,18,,5,,,18,12,6,,36,1,0.0,0,7.0,,,1.0,,0.0,,,0.0,,13,,,7.5,6.87,4-2-3-1,3-4-2-1,4.0,3.0,7.1,8.0,3.0,7.0,0.151,0.524,7.475,6.84,0.75,1.4,4.0,5.0,7.64,6.8,3.2,0.0,4.8,5.0,7.3,6.5,3.0,0.5,0.0,0.0,8.3,8.0,8.2,7.2,7.8,7.1,0.435,0.463
PL-2024-25-12437009,Jornada 28,2025-03-09,Tottenham,1,Bournemouth,2,2,1.0,1.0,12,4,3,5,2,,,0.0,3.0,,,,,,1.0,3,0.0,7,56,,29,61,81.8,432,528,,,13,,,,15,,,,37.5,6,16,,8,,,12,10,2,,20,2,0.0,0,6.0,,,,,1.0,,,3.0,,15,,,2.0,0.0,17,8,4,5,2,,,0.0,2.0,,,,,,5.0,6,3.0,7,41,,27,39,76.5,257,336,,,25,,,,15,,,,35.7,5,14,,15,,,29,18,11,,28,2,0.0,0,2.0,,,,,0.0,,,3.0,,16,,,6.85,7.15,4-3-3,4-2-3-1,4.0,4.0,7.9,6.2,6.0,2.0,0.544,-0.896,6.675,7.267,1.25,2.667,4.0,8.0,7.1,7.15,1.0,1.167,4.333,5.333,6.467,7.8,1.0,3.0,0.0,1.0,7.9,8.1,7.9,7.8,6.9,7.5,0.523,0.531
PL-2024-25-12437005,Jornada 28,2025-03-09,Man United,1,Arsenal,1,1,0.0,1.0,10,6,2,2,0,,,1.0,2.0,,,,,,2.0,2,0.0,2,36,,17,32,75.6,208,275,,,13,,,,11,,,,27.3,3,11,,7,,,27,15,12,,34,1,0.0,0,5.0,,,,,1.0,,2.0,0.0,,8,,,1.0,0.0,17,6,6,5,0,,,2.0,6.0,,,,,,2.0,9,1.0,9,71,,34,68,89.3,524,587,,,12,,,,8,,,,7.4,2,27,,5,,,13,8,5,,13,1,0.0,0,5.0,,,,,1.0,,0.0,1.0,,11,,,7.06,7.18,3-4-2-1,4-3-3,3.0,4.0,7.6,7.5,5.0,5.0,0.772,0.468,7.04,7.075,2.0,1.0,4.8,2.75,7.1,7.24,0.333,1.4,4.0,4.2,6.8,7.0,1.5,6.0,0.0,0.0,7.6,8.1,7.4,7.9,7.4,7.5,0.367,0.551
PL-2024-25-12437010,Jornada 28,2025-03-10,West Ham,1,Newcastle,0,1,0.0,0.0,9,2,1,6,0,,,1.0,4.0,,,,,,1.0,3,1.0,7,52,,20,51,80.7,372,461,,,22,,,,15,,,,19.0,4,21,,9,,,15,9,6,,19,1,0.0,0,3.0,,,,,1.0,,0.0,0.0,,7,,,1.0,0.0,9,3,3,3,0,,,0.0,3.0,,,,,,3.0,4,1.0,11,57,,30,49,81.3,352,433,,,18,,,,7,,,,33.3,7,21,,8,,,12,5,7,,25,0,0.0,1,2.0,,,,,1.0,,2.0,1.0,,15,,,6.88,7.21,3-5-2,4-3-3,3.0,4.0,7.1,7.1,3.0,2.0,1.049,0.05,6.86,7.45,1.2,0.5,2.8,4.0,6.86,7.4,0.6,0.667,3.2,4.333,,6.733,,2.0,,0.0,7.2,8.0,7.1,7.6,7.1,7.5,0.212,0.452
PL-2024-25-12437019,Jornada 29,2025-02-19,Aston Villa,1,Liverpool,2,2,2.0,0.0,9,4,3,2,0,,,1.0,2.0,,,,,,2.0,6,3.0,13,37,,25,52,84.4,379,449,,,11,,,,6,,,,15.8,3,19,,3,,,22,13,9,,20,2,0.0,0,1.0,,,,,1.0,,1.0,1.0,,8,,,2.0,0.0,17,3,10,4,1,,,0.0,3.0,,,,,,3.0,8,2.0,7,47,,44,48,83.5,340,407,,,25,,,,8,,,,15.0,3,20,,8,,,16,11,5,,24,2,0.0,0,1.0,,,,,1.0,,2.0,0.0,,6,,,6.84,7.23,4-2-3-1,4-2-3-1,4.0,4.0,6.8,6.6,1.0,1.0,-0.602,-0.416,6.675,7.4,1.0,1.75,3.75,3.75,6.95,7.22,0.25,1.2,1.75,4.2,6.95,7.2,1.0,6.0,0.5,0.0,7.8,8.0,7.1,7.8,7.0,7.7,0.425,0.461
PL-2024-25-12437021,Jornada 29,2025-03-15,Everton,1,West Ham,1,1,1.0,0.0,13,5,4,4,0,,,1.0,0.0,,,,,,1.0,6,1.0,6,63,,29,54,84.6,413,488,,,27,,,,8,,,,29.4,10,34,,9,,,15,9,6,,25,1,0.0,0,5.0,,,,,0.0,,0.0,1.0,,12,,,1.0,0.0,10,5,4,1,0,,,1.0,1.0,,,,,,1.0,5,0.0,10,46,,24,46,80.5,346,430,,,13,,,,12,,,,26.7,4,15,,10,,,17,6,11,,34,1,0.0,0,4.0,,,,,1.0,,2.0,2.0,,8,,,7.16,7.11,4-2-3-1,3-5-2,4.0,3.0,7.5,7.3,5.0,4.0,0.824,0.456,7.15,7.08,1.0,2.0,4.25,4.8,7.275,7.1,1.0,1.2,3.75,4.0,6.8,,2.5,,0.0,,7.8,7.6,7.7,7.5,7.5,7.4,0.394,0.315
PL-2024-25-12437025,Jornada 29,2025-03-15,Ipswich,1,Nottm Forest,2,4,1.0,1.0,11,4,5,2,0,,,1.0,4.0,,,,,,0.0,6,1.0,9,52,,12,56,84.2,369,438,,,22,,,,13,,,,16.7,3,18,,4,,,10,8,2,,21,4,0.0,0,2.0,,,,,1.0,,,1.0,,4,,,3.0,1.0,11,6,4,1,0,,,0.0,4.0,,,,,,3.0,3,1.0,4,58,,19,44,78.7,280,356,,,21,,,,4,,,,9.1,1,11,,3,,,15,11,4,,33,2,0.0,0,1.0,,,,,0.0,,,1.0,,13,,,6.58,7.02,4-2-3-1,4-2-3-1,4.0,4.0,6.3,5.9,2.0,1.0,-1.331,-1.301,6.35,7.125,0.75,1.25,2.25,6.0,6.74,6.825,0.2,1.25,4.0,4.0,7.0,7.75,3.0,2.0,0.0,1.0,7.7,8.8,7.0,8.5,6.6,7.3,0.415,0.85
PL-2024-25-12437029,Jornada 29,2025-03-15,Man City,1,Brighton,2,2,1.0,1.0,11,3,7,1,1,,,0.0,2.0,,,,,,4.0,4,1.0,21,46,,35,60,83.3,418,502,,,18,,,,9,,,,45.5,5,11,,4,,,17,11,6,,27,2,0.0,0,2.0,,,,,1.0,,,2.0,,10,,,0.0,1.0,15,3,10,2,0,,,0.0,2.0,,,,,,6.0,5,1.0,6,36,,27,40,74.7,245,328,,,20,,,,10,,,,63.6,7,11,,10,,,27,15,12,,27,2,0.0,0,1.0,,,,,0.0,,,5.0,,10,,,6.92,6.62,4-2-3-1,4-2-3-1,4.0,4.0,6.5,6.2,2.0,1.0,-1.331,-0.7,6.725,6.5,2.0,1.0,4.75,6.5,6.8,6.714,1.25,1.429,4.0,4.143,7.75,6.6,2.5,3.0,1.0,0.0,8.4,7.5,7.6,7.3,7.3,6.8,0.652,0.415
PL-2024-25-12436578,Jornada 29,2025-03-15,Southampton,1,Wolves,1,2,1.0,0.0,10,3,3,4,2,,,0.0,1.0,,,,,,3.0,5,2.0,18,57,,26,59,89.3,532,596,,,19,,,,13,,,,27.8,5,18,,4,,,14,10,4,,9,2,0.0,0,1.0,,,,,0.0,,0.0,,,12,,,1.0,1.0,5,3,2,0,0,,,1.0,0.0,,,,,,1.0,1,1.0,4,38,,12,41,86.0,355,413,,,15,,,,12,,,,18.2,2,11,,9,,,27,17,10,,35,1,0.0,0,2.0,,,,,2.0,,1.0,,,13,,,6.82,7.15,3-4-3,3-4-2-1,3.0,3.0,6.0,7.0,1.0,2.0,-1.077,0.856,6.775,6.86,1.25,2.4,1.75,6.0,7.16,7.225,1.4,1.0,3.8,4.5,6.1,8.4,0.0,2.0,0.0,2.0,7.4,8.4,7.4,7.8,7.3,7.6,0.453,0.542
PL-2024-25-12437014,Jornada 29,2025-03-15,Bournemouth,1,Brentford,1,2,0.0,0.0,17,5,7,5,1,,,1.0,3.0,,,,,,3.0,4,4.0,6,71,,44,59,80.5,393,488,,,19,,,,7,,,,37.5,9,24,,9,,,16,11,5,,33,2,0.0,0,2.0,,,,,0.0,,,3.0,,13,,,2.0,0.0,10,4,5,1,0,,,0.0,3.0,,,,,,2.0,3,2.0,7,61,,26,41,70.6,247,350,,,32,,,,13,,,,20.0,2,10,,8,,,18,10,8,,39,1,0.0,0,5.0,,,,,1.0,,,0.0,,7,,,6.92,7.17,4-2-3-1,4-2-3-1,4.0,4.0,6.5,7.5,2.0,5.0,0.223,0.017,7.067,7.1,1.667,1.25,6.0,7.5,6.9,7.025,1.5,0.5,5.833,7.75,7.0,7.45,4.0,2.0,0.0,0.5,7.5,8.2,7.2,7.5,7.0,7.5,0.266,0.477
PL-2024-25-12437017,Jornada 29,2025-03-16,Arsenal,1,Chelsea,1,0,1.0,0.0,12,4,6,2,0,,,0.0,3.0,,,,,,,5,2.0,6,39,,27,41,84.5,294,348,,,16,,,,13,,,,33.3,5,15,,4,,,12,6,6,,21,0,0.0,1,2.0,,,,,2.0,,,3.0,,10,,,0.0,0.0,8,2,3,3,0,,,0.0,5.0,,,,,,,4,1.0,4,78,,10,59,86.6,446,515,,,20,,,,10,,,,30.8,4,13,,5,,,13,8,5,,24,1,0.0,0,4.0,,,,,0.0,,,3.0,,13,,,7.22,6.78,4-3-3,4-2-3-1,4.0,4.0,7.3,7.0,2.0,4.0,0.196,-0.325,7.25,6.82,1.25,1.2,3.25,3.4,7.225,6.7,1.25,0.5,1.75,3.25,7.1,6.7,3.0,1.0,0.0,0.0,7.4,7.2,7.4,7.1,7.4,7.0,0.195,0.241
PL-2024-25-12437023,Jornada 29,2025-03-16,Fulham,1,Tottenham,2,0,2.0,0.0,13,4,3,6,0,,,0.0,6.0,,,,,,2.0,6,1.0,9,64,,27,57,84.7,447,528,,,24,,,,10,,,,21.2,7,33,,10,,,31,20,11,,18,0,0.0,1,4.0,,,,,1.0,,0.0,,,13,,,0.0,0.0,12,4,4,4,0,,,1.0,1.0,,,,,,2.0,5,1.0,8,42,,26,43,85.4,351,411,,,15,,,,13,,,,47.4,9,19,,10,,,25,14,11,,32,2,0.0,0,2.0,,,,,0.0,,2.0,,,10,,,7.3,6.87,4-2-3-1,4-3-3,4.0,4.0,8.0,6.7,4.0,2.0,0.443,-0.237,7.425,7.25,3.25,3.75,3.0,6.25,7.2,6.7,0.6,0.667,5.4,3.0,6.6,6.6,1.0,1.667,0.0,0.0,8.0,7.7,8.0,7.4,8.0,7.2,0.494,0.409
PL-2024-25-12437027,Jornada 29,2025-03-16,Leicester,1,Man United,0,3,0.0,0.0,11,3,2,6,0,,,1.0,3.0,,,,,,3.0,6,4.0,7,49,,23,54,83.5,434,520,,,18,,,,6,,,,10.0,3,30,,14,,,21,13,8,,23,3,0.0,0,2.0,,,,,1.0,,,2.0,,6,,,2.0,1.0,18,5,8,5,1,,,1.0,8.0,,,,,,0.0,4,2.0,6,33,,17,46,77.9,359,461,,,31,,,,6,,,,25.0,3,12,,9,,,20,12,8,,31,0,0.0,1,3.0,,,,,1.0,,,0.0,,6,,,6.69,7.45,3-4-2-1,3-4-2-1,3.0,3.0,6.1,7.5,2.0,3.0,-1.342,0.384,6.74,7.28,1.8,1.2,4.2,4.4,6.8,7.767,0.667,3.0,3.0,8.333,6.7,7.35,3.0,3.0,0.0,1.0,7.4,9.7,6.9,7.7,6.9,7.5,0.323,0.771
PL-2024-25-12437031,Jornada 29,2025-04-16,Newcastle,1,Crystal Palace,5,0,3.0,1.0,14,7,4,3,0,,,1.0,3.0,,,,,,5.0,5,2.0,3,42,,17,60,84.7,454,536,,,28,,,,15,,,,16.7,2,12,,6,,,8,4,4,,24,0,0.0,1,3.0,,,1.0,,1.0,,1.0,2.0,,9,,,0.0,0.0,11,4,4,3,0,,,1.0,2.0,,,,,,3.0,4,1.0,1,47,,28,40,77.8,281,361,,,8,,,,8,,,,28.6,4,14,,5,,,11,5,6,,22,5,0.0,0,3.0,,,0.0,,1.0,,0.0,3.0,,15,,,7.44,6.19,4-3-3,3-4-2-1,4.0,3.0,7.7,5.7,3.0,3.0,1.046,-2.605,7.65,6.2,1.25,0.333,4.25,4.667,7.033,6.14,1.0,0.6,4.333,2.8,7.467,6.55,3.0,1.5,1.0,0.0,8.4,6.8,8.3,6.7,7.8,6.7,0.58,0.417
PL-2024-25-12436580,Jornada 30,2025-04-01,Arsenal,1,Fulham,2,1,2.0,0.0,17,4,6,7,0,,,0.0,2.0,,,,,,2.0,5,5.0,8,52,,38,51,90.0,431,479,,,14,,,,10,,,,32.0,8,25,,3,,,15,7,8,,14,1,0.0,0,2.0,,,,,0.0,,0.0,1.0,,2,,,1.0,0.0,9,3,4,2,0,,,0.0,1.0,,,,,,2.0,4,0.0,7,63,,15,49,86.3,408,473,,,22,,,,2,,,,26.7,4,15,,4,,,16,13,3,,29,2,0.0,0,3.0,,,,,1.0,,1.0,3.0,,10,,,7.06,6.78,4-3-3,3-4-2-1,4.0,3.0,6.7,6.8,2.0,3.0,0.034,-0.177,6.875,6.84,0.75,1.6,1.25,4.8,7.22,6.733,1.4,0.333,2.6,2.667,7.4,6.7,3.0,1.5,0.0,0.0,7.5,7.2,7.4,7.1,7.3,7.0,0.277,0.244
PL-2024-25-12436599,Jornada 30,2025-04-01,Wolves,1,West Ham,1,0,0.0,1.0,9,2,6,1,1,,,0.0,4.0,,,,,,2.0,1,1.0,8,46,,16,41,80.8,328,406,,,10,,,,12,,,,33.3,3,9,,12,,,23,13,10,,34,0,0.0,1,1.0,,,,,1.0,,,4.0,,16,,,0.0,0.0,10,1,7,2,1,,,0.0,2.0,,,,,,4.0,2,0.0,2,60,,18,59,85.3,488,572,,,15,,,,16,,,,26.7,4,15,,13,,,27,18,9,,26,1,0.0,0,1.0,,,,,0.0,,,2.0,,12,,,7.02,6.78,3-4-2-1,3-4-2-1,3.0,3.0,6.7,6.6,1.0,1.0,0.216,-0.308,7.16,6.86,2.2,2.8,5.6,4.0,6.675,7.0,0.0,1.0,5.25,3.667,8.0,6.35,2.0,0.5,1.0,0.0,8.0,7.2,7.7,7.1,7.3,7.1,0.49,0.351
PL-2024-25-12436591,Jornada 30,2025-04-01,Nottm Forest,1,Man United,1,0,1.0,0.0,8,2,4,2,0,,,0.0,2.0,,,,,,0.0,3,1.0,15,62,,17,32,73.2,227,310,,,17,,,,12,,,,27.3,3,11,,6,,,16,7,9,,42,0,0.0,1,5.0,,,,,,,,1.0,,5,,,0.0,0.0,23,6,9,8,1,,,1.0,6.0,,,,,,3.0,10,1.0,11,59,,41,68,86.0,558,649,,,19,,,,5,,,,27.0,10,37,,3,,,19,15,4,,18,1,0.0,0,1.0,,,,,,,,3.0,,12,,,7.23,7.19,4-2-3-1,3-4-2-1,4.0,3.0,7.7,6.4,5.0,1.0,0.408,-0.032,7.525,7.275,2.25,3.0,6.5,3.25,6.875,7.45,0.5,2.0,5.5,7.5,7.1,6.9,1.0,3.0,0.5,0.0,8.3,8.0,7.7,7.9,7.7,7.6,0.538,0.514
PL-2024-25-12436576,Jornada 30,2025-04-02,Bournemouth,1,Ipswich,1,2,1.0,0.0,24,7,10,7,0,,,3.0,9.0,,,,,,2.0,8,,4,98,,28,64,81.6,426,522,,,29,,,,15,,,,21.6,8,37,,9,,,16,12,4,,18,2,0.0,0,0.0,,,,,1.0,,1.0,1.0,,14,,,2.0,0.0,10,2,6,2,0,,,0.0,3.0,,,,,,3.0,3,,8,50,,16,36,69.1,206,298,,,21,,,,14,,,,15.4,2,13,,6,,,14,10,4,,58,1,0.0,0,5.0,,,,,3.0,,2.0,2.0,,15,,,7.06,7.06,4-2-3-1,4-2-3-1,4.0,4.0,6.3,7.9,0.0,5.0,-1.196,0.006,6.825,6.88,1.25,1.0,3.0,8.4,7.32,6.867,2.0,1.333,5.2,5.667,7.5,7.4,3.0,1.0,1.0,1.0,7.5,8.1,7.4,7.9,7.4,7.6,0.456,0.624
PL-2024-25-12436584,Jornada 30,2025-04-02,Brighton,1,Aston Villa,0,3,0.0,0.0,11,4,5,2,1,,,0.0,3.0,,,,,,0.0,4,1.0,6,57,,27,56,85.6,397,464,,,11,,,,11,,,,25.0,6,24,,7,,,16,11,5,,13,3,0.0,0,2.0,,,,,0.0,,,2.0,,16,,,2.0,1.0,8,5,3,0,0,,,0.0,0.0,,,,,,2.0,0,0.0,5,42,,18,44,83.8,321,383,,,22,,,,16,,,,40.0,2,5,,7,,,26,15,11,,33,0,0.0,1,4.0,,,,,1.0,,,3.0,,11,,,6.62,7.26,4-2-3-1,4-2-3-1,4.0,4.0,6.3,7.8,2.0,4.0,-1.113,0.665,6.55,7.275,0.0,2.25,3.0,4.75,6.671,7.14,1.0,0.8,1.857,2.8,6.7,7.3,1.0,2.0,0.0,1.0,7.3,8.0,7.0,7.8,6.7,7.5,0.313,0.365
PL-2024-25-12436594,Jornada 30,2025-04-02,Man City,1,Leicester,2,0,2.0,0.0,18,5,5,8,0,,,1.0,6.0,,,,,,2.0,5,2.0,12,76,,46,72,93.8,735,784,,,15,,,,8,,,,25.0,3,12,,3,,,9,6,3,,16,0,0.0,1,0.0,,,,,0.0,,0.0,1.0,,11,,,0.0,0.0,2,0,2,0,0,,,0.0,1.0,,,,,,0.0,0,1.0,4,26,,4,28,80.7,242,300,,,17,,,,11,,,,16.7,1,6,,6,,,19,9,10,,26,2,0.0,0,3.0,,,,,1.0,,2.0,4.0,,8,,,7.56,6.57,4-2-3-1,3-4-2-1,4.0,3.0,6.9,6.1,0.0,3.0,,0.717,7.525,6.7,0.5,1.6,2.0,3.0,7.62,6.7,2.2,0.333,4.0,5.0,8.1,6.3,9.0,0.0,1.0,0.0,8.4,7.1,8.1,6.9,7.8,6.7,0.418,0.277
PL-2024-25-12436600,Jornada 30,2025-04-02,Newcastle,1,Brentford,2,1,2.0,0.0,21,4,9,8,0,,,0.0,5.0,,,,,,2.0,4,2.0,10,62,,34,48,75.6,304,402,,,13,,,,12,,,,44.4,4,9,,7,,,21,18,3,,32,1,0.0,0,2.0,,,,,2.0,,0.0,1.0,,12,,,1.0,0.0,12,3,3,6,1,,,0.0,2.0,,,,,,2.0,5,0.0,9,67,,37,52,77.0,329,427,,,36,,,,11,,,,25.0,4,16,,7,,,11,6,5,,20,2,0.0,0,2.0,,,,,1.0,,1.0,1.0,,12,,,7.28,6.67,4-3-3,4-2-3-1,4.0,4.0,6.8,6.8,2.0,2.0,0.278,-0.404,7.15,6.625,2.75,1.75,5.0,3.0,7.4,6.7,1.333,0.75,5.0,4.5,7.5,6.65,4.333,3.0,0.333,0.5,7.7,7.2,7.7,7.0,7.7,6.9,0.376,0.429
PL-2024-25-12436588,Jornada 30,2025-04-02,Southampton,1,Crystal Palace,1,1,1.0,0.0,8,2,3,3,0,,,0.0,1.0,,,,,,1.0,2,2.0,10,45,,21,42,78.3,299,382,,,25,,,,9,,,,53.8,7,13,,9,,,14,4,10,,29,1,0.0,0,2.0,,,,,2.0,,,2.0,,14,,,1.0,0.0,9,3,5,1,1,,,0.0,2.0,,,,,,1.0,2,4.0,5,62,,21,58,84.8,446,526,,,14,,,,14,,,,12.5,2,16,,7,,,18,13,5,,29,1,0.0,0,1.0,,,,,0.0,,,1.0,,9,,,6.98,6.85,3-4-2-1,3-4-2-1,3.0,3.0,6.8,6.5,2.0,1.0,-0.025,0.278,6.875,6.9,1.0,2.333,5.0,3.667,7.175,6.82,1.25,0.6,4.5,4.4,6.9,7.0,2.0,1.0,0.5,0.0,7.7,7.1,7.3,7.1,7.0,7.0,0.292,0.219
PL-2024-25-12436593,Jornada 30,2025-04-02,Liverpool,1,Everton,1,0,1.0,0.0,17,3,5,9,0,,,1.0,5.0,,,,,,1.0,11,2.0,10,95,,34,74,87.4,532,609,,,36,,,,11,,,,13.3,4,30,,8,,,14,5,9,,18,0,0.0,1,0.0,,,,,1.0,,1.0,2.0,,7,,,0.0,0.0,5,0,2,3,1,,,0.0,2.0,,,,,,2.0,5,4.0,3,30,,17,26,63.1,130,206,,,16,,,,7,,,,5.9,1,17,,12,,,17,12,5,,47,1,0.0,0,3.0,,,,,2.0,,2.0,2.0,,11,,,7.39,6.85,4-2-3-1,4-2-3-1,4.0,4.0,7.0,7.0,0.0,3.0,,-0.731,7.667,7.075,1.0,1.5,4.333,8.75,7.283,6.825,1.5,0.5,4.333,5.75,7.6,6.4,5.0,1.0,1.0,0.0,8.6,7.5,7.9,7.3,7.7,7.3,0.587,0.425
PL-2024-25-12436587,Jornada 30,2025-04-03,Chelsea,1,Tottenham,1,0,1.0,0.0,11,5,4,2,1,,,1.0,2.0,,,,,,4.0,4,5.0,6,71,,34,50,85.6,374,437,,,30,,,,16,,,,22.7,5,22,,2,,,16,15,1,,25,0,0.0,1,2.0,,,,,,,1.0,5.0,,7,,,0.0,0.0,8,2,3,3,0,,,0.0,3.0,,,,,,2.0,6,5.0,7,46,,25,50,88.1,386,438,,,15,,,,7,,,,10.5,2,19,,9,,,16,8,8,,29,1,0.0,0,4.0,,,,,,,2.0,5.0,,16,,,7.3,6.83,4-2-3-1,4-3-3,4.0,4.0,7.1,7.5,2.0,4.0,1.698,0.774,7.425,6.775,1.0,2.25,4.75,4.0,7.44,6.867,1.2,0.0,3.8,2.667,6.3,6.633,2.0,0.667,0.0,0.0,8.0,7.5,7.9,7.0,7.6,6.9,0.495,0.253
PL-2024-25-12436596,Jornada 31,2025-04-05,Everton,1,Arsenal,1,1,1.0,0.0,5,2,2,1,0,,,0.0,1.0,,,,,,2.0,3,0.0,7,38,,19,30,68.8,130,189,,,15,,,,12,,,,14.3,2,14,,5,,,17,11,6,,31,1,0.0,0,3.0,,,,,0.0,,1.0,3.0,,17,,,1.0,0.0,14,5,3,6,0,,,1.0,2.0,,,,,,1.0,8,1.0,9,38,,43,70,86.7,398,459,,,14,,,,17,,,,22.2,4,18,,3,,,22,9,13,,29,1,0.0,0,1.0,,,,,3.0,,0.0,1.0,,13,,,6.82,6.93,4-2-3-1,4-3-3,4.0,4.0,6.9,6.8,3.0,1.0,-0.35,-0.043,6.825,6.95,1.25,1.25,4.25,4.25,6.725,6.925,0.75,0.5,2.75,3.25,6.95,6.95,0.0,2.0,0.0,0.5,7.5,7.4,7.3,7.3,7.2,7.2,0.359,0.299
PL-2024-25-12436595,Jornada 31,2025-04-05,Crystal Palace,1,Brighton,2,1,2.0,0.0,8,3,1,4,0,,,0.0,3.0,,,,,,0.0,2,3.0,5,41,,12,38,75.4,245,325,,,18,,,,13,,,,10.0,1,10,,9,,,24,17,7,,33,1,0.0,0,4.0,,,,,0.0,,0.0,4.0,2.0,12,,,1.0,0.0,11,5,3,3,0,,,1.0,3.0,,,,,,2.0,4,1.0,8,78,,21,62,85.2,462,542,,,24,,,,12,,,,19.0,4,21,,6,,,21,11,10,,21,2,0.0,0,1.0,,,,,2.0,,1.0,3.0,1.0,13,,,6.94,6.78,3-4-2-1,4-2-3-1,3.0,4.0,7.2,6.7,4.0,1.0,0.595,-0.917,6.65,6.75,2.0,0.5,5.5,4.0,7.017,6.771,0.833,0.571,3.0,5.0,6.85,7.0,0.5,2.0,0.5,1.0,7.5,7.4,7.2,7.0,7.2,7.0,0.35,0.255
PL-2024-25-12436601,Jornada 31,2025-04-05,Ipswich,1,Wolves,1,2,1.0,0.0,6,2,2,2,0,,,1.0,0.0,,,,,,1.0,4,1.0,4,52,,16,44,75.5,244,323,,,27,,,,16,,,,7.1,1,14,,4,,,12,6,6,,33,2,0.0,0,4.0,,,,,3.0,,,2.0,,12,,,2.0,0.0,22,7,9,6,1,,,1.0,2.0,,,,,,4.0,8,1.0,9,47,,40,56,81.8,333,407,,,20,,,,12,,,,45.5,10,22,,5,,,13,7,6,,30,1,0.0,0,1.0,,,,,0.0,,,2.0,,16,,,6.91,7.05,4-2-3-1,3-4-2-1,4.0,3.0,7.1,6.5,4.0,1.0,0.152,-0.379,7.0,7.32,1.0,1.0,5.4,4.2,6.7,6.975,0.667,1.0,3.0,5.25,6.9,6.5,0.5,3.0,0.5,1.0,8.2,8.1,7.3,7.6,7.1,7.4,0.502,0.479
PL-2024-25-12436604,Jornada 31,2025-04-05,West Ham,1,Bournemouth,2,2,2.0,0.0,9,3,5,1,0,,,1.0,2.0,,,,,,1.0,4,4.0,11,58,,16,56,79.1,372,470,,,22,,,,13,,,,29.4,5,17,,7,,,11,10,1,,30,2,0.0,0,4.0,,,,,,,0.0,2.0,,13,,,2.0,0.0,11,4,4,3,1,,,0.0,3.0,,,,,,2.0,7,1.0,4,52,,21,44,73.7,266,361,,,19,,,,13,,,,29.2,7,24,,7,,,22,10,12,,28,2,0.0,0,2.0,,,,,,,1.0,2.0,,13,,,6.73,6.85,4-2-3-1,4-2-3-1,4.0,4.0,5.8,6.4,4.0,2.0,0.099,-0.545,6.65,6.75,1.75,2.0,3.75,3.25,6.933,6.7,1.0,0.6,3.0,4.6,,8.4,,3.0,,2.0,7.7,8.4,7.4,7.4,6.9,7.2,0.508,0.608
PL-2024-25-12436597,Jornada 31,2025-04-05,Aston Villa,1,Nottm Forest,2,1,2.0,0.0,17,8,6,3,0,,,1.0,3.0,,,,,,4.0,4,0.0,9,62,,29,52,84.6,363,429,,,27,,,,15,,,,23.1,3,13,,5,,,14,7,7,,12,1,0.0,0,2.0,,,,,2.0,,0.0,2.0,,7,,,1.0,0.0,19,3,14,2,1,,,1.0,8.0,,,,,,0.0,4,5.0,5,55,,23,48,84.1,327,389,,,19,,,,7,,,,17.6,3,17,,9,,,21,12,9,,20,2,0.0,0,6.0,,,,,0.0,,1.0,2.0,,15,,,7.04,7.02,4-2-3-1,3-4-1-2,4.0,3.0,7.0,7.7,2.0,6.0,-0.249,0.876,7.025,6.875,1.75,1.75,1.75,3.5,7.2,7.1,1.0,2.0,2.75,5.4,6.75,6.5,0.5,1.0,0.5,0.0,8.0,7.7,7.5,7.7,7.1,7.5,0.391,0.493
PL-2024-25-12436589,Jornada 31,2025-04-06,Brentford,1,Chelsea,0,0,0.0,0.0,9,2,5,2,0,,,0.0,2.0,,,,,,3.0,3,3.0,6,49,,25,41,76.1,251,330,,,27,,,,12,,,,20.0,4,20,,9,,,23,11,12,,20,0,0.0,1,6.0,,,,,2.0,,,1.0,,12,,,0.0,0.0,21,5,9,7,0,,,2.0,6.0,,,,,,3.0,6,1.0,5,66,,31,59,83.8,409,488,,,27,,,,12,,,,27.8,5,18,,11,,,11,8,3,,25,0,0.0,1,2.0,,,,,0.0,,,3.0,,12,,,7.23,7.11,4-2-3-1,4-2-3-1,4.0,4.0,8.5,7.3,6.0,2.0,1.088,0.476,7.275,7.275,1.5,1.0,3.5,4.0,6.95,7.12,0.5,1.8,4.0,3.2,7.05,6.2,2.5,1.0,0.0,0.0,8.5,7.7,8.0,7.5,7.3,7.4,0.515,0.408
PL-2024-25-12436598,Jornada 31,2025-04-06,Fulham,1,Liverpool,3,2,3.0,0.0,12,6,4,2,0,,,2.0,2.0,,,,,,3.0,4,2.0,7,42,,22,38,77.4,261,337,,,25,,,,9,,,,7.7,1,13,,8,,,25,19,6,,44,2,0.0,0,4.0,,,,,0.0,,2.0,3.0,,10,,,1.0,1.0,14,6,5,3,1,,,0.0,3.0,,,,,,3.0,4,3.0,4,59,,29,62,83.8,466,556,,,14,,,,10,,,,21.1,4,19,,7,,,16,7,9,,22,3,0.0,0,3.0,,,,,1.0,,1.0,0.0,,9,,,7.09,6.42,4-2-3-1,4-2-3-1,4.0,4.0,7.3,6.5,4.0,3.0,0.016,-1.657,7.1,6.233,3.2,2.0,7.4,4.667,7.075,6.517,0.75,1.167,6.0,5.0,6.9,6.3,2.0,1.0,1.0,0.0,8.2,7.3,7.4,7.0,7.3,6.5,0.427,0.388
PL-2024-25-12436606,Jornada 31,2025-04-06,Tottenham,1,Southampton,3,1,3.0,0.0,13,8,2,3,0,,,1.0,1.0,,,,,,4.0,4,1.0,9,60,,24,51,88.9,424,477,,,18,,,,19,,,,13.3,2,15,,9,,,16,10,6,,13,1,0.0,0,3.0,,,,,3.0,,0.0,1.0,,16,,,1.0,0.0,12,4,2,6,1,,,1.0,2.0,,,,,,3.0,1,1.0,10,46,,25,49,88.5,416,470,,,17,,,,16,,,,13.3,2,15,,7,,,30,19,11,,16,3,0.0,0,5.0,,,,,0.0,,1.0,1.0,,20,,,7.31,6.95,4-3-3,4-2-3-1,4.0,4.0,7.5,7.2,3.0,5.0,-0.553,0.466,7.175,6.833,1.5,3.0,2.25,4.333,7.267,6.92,1.333,1.0,4.0,4.6,7.467,7.05,2.333,2.0,0.667,0.0,8.8,7.9,8.0,7.4,8.0,7.2,0.665,0.487
PL-2024-25-12436602,Jornada 31,2025-04-06,Man United,1,Man City,0,0,0.0,0.0,13,2,5,6,0,,,0.0,5.0,,,,,,0.0,5,1.0,6,35,,29,41,84.5,322,381,,,18,,,,9,,,,22.2,4,18,,15,,,32,16,16,,18,0,0.0,1,6.0,,,,,1.0,,,3.0,,13,,,0.0,0.0,9,5,3,1,0,,,3.0,2.0,,,,,,1.0,3,2.0,5,69,,15,59,88.1,497,564,,,15,,,,13,,,,,0,6,,8,,,21,13,8,,21,0,0.0,1,2.0,,,,,1.0,,,2.0,,9,,,7.2,7.01,3-4-2-1,4-3-1-2,3.0,4.0,8.3,7.3,6.0,2.0,0.286,0.159,6.975,7.2,2.0,0.5,3.0,4.0,7.375,6.7,1.25,0.6,3.75,3.8,6.75,7.5,1.0,4.0,0.0,0.0,8.3,7.7,8.0,7.5,7.9,7.5,0.588,0.511
PL-2024-25-13560219,Jornada 31,2025-04-07,Leicester,1,Newcastle,0,3,0.0,0.0,7,2,4,1,0,,,0.0,1.0,,,,,,0.0,12,3.0,9,61,,16,58,83.7,458,547,,,26,,,,9,,,,22.6,7,31,,15,,,16,10,6,,11,3,0.0,0,2.0,,,,,1.0,,0.0,2.0,,8,,,3.0,0.0,16,5,8,3,1,,,1.0,5.0,,,,,,4.0,2,2.0,8,35,,22,42,80.4,332,413,,,15,,,,8,,,,14.3,1,7,,7,,,19,14,5,,32,0,0.0,1,2.0,,,,,1.0,,2.0,0.0,,9,,,6.58,7.37,3-4-2-1,4-3-3,3.0,4.0,6.2,7.5,2.0,2.0,-0.061,0.38,6.56,7.5,1.2,1.25,1.2,4.75,6.633,7.067,0.667,0.667,7.333,6.0,6.75,7.467,1.5,2.667,0.0,1.0,7.1,8.3,6.7,8.0,6.7,7.7,0.244,0.439
PL-2024-25-12436610,Jornada 32,2025-04-12,Man City,1,Crystal Palace,5,2,3.0,2.0,21,9,7,5,1,,,0.0,3.0,,,,,,12.0,1,1.0,13,68,,32,68,90.8,673,741,,,13,,,,16,,,,16.7,2,12,,7,,,10,7,3,,11,2,0.0,0,1.0,,,,,0.0,,1.0,2.0,,10,,,2.0,0.0,8,3,5,0,0,,,0.0,2.0,,,,,,3.0,4,3.0,6,18,,10,32,81.5,278,341,,,24,,,,10,,,,30.8,4,13,,13,,,12,5,7,,23,5,0.0,0,3.0,,,,,1.0,,0.0,3.0,,16,,,7.19,6.49,4-2-3-1,3-4-2-1,4.0,3.0,6.8,5.8,0.0,3.0,-0.029,-0.989,7.05,6.8,0.75,2.5,1.75,4.0,7.38,6.517,1.8,0.5,4.6,3.167,7.2,6.45,3.0,1.0,1.0,0.0,8.8,7.5,7.9,7.2,7.5,6.8,0.661,0.481
PL-2024-25-12436607,Jornada 32,2025-04-12,Brighton,1,Leicester,2,2,2.0,0.0,21,7,9,5,2,,,2.0,4.0,,,,,,7.0,3,1.0,9,59,,47,59,86.8,460,530,,,17,,,,9,,,,50.0,8,16,,7,,,15,11,4,,14,2,0.0,0,4.0,,,,,0.0,,,2.0,,9,,,2.0,0.0,15,6,6,3,1,,,0.0,4.0,,,,,,2.0,6,1.0,6,42,,24,41,78.5,281,358,,,15,,,,9,,,,35.7,5,14,,5,,,13,10,3,,26,2,0.0,0,5.0,,,,,1.0,,,5.0,,11,,,7.18,6.82,4-1-4-1,4-2-3-1,4.0,4.0,6.9,7.2,4.0,5.0,-0.473,1.166,6.3,6.6,0.0,1.25,2.0,3.75,7.071,6.98,1.286,1.8,4.571,4.2,8.15,6.5,4.5,0.0,1.0,0.0,9.2,7.7,7.5,7.6,7.2,7.5,0.709,0.589
PL-2024-25-12436613,Jornada 32,2025-04-12,Nottm Forest,1,Everton,0,1,0.0,0.0,10,5,2,3,0,,,0.0,5.0,,,,,,0.0,1,2.0,1,50,,8,42,74.8,249,333,,,10,,,,13,,,,33.3,4,12,,5,,,15,9,6,,43,1,0.0,0,4.0,,,,,0.0,,,0.0,,9,,,1.0,0.0,13,5,4,4,0,,,0.0,5.0,,,,,,2.0,7,1.0,5,74,,29,58,81.5,362,444,,,32,,,,9,,,,29.2,7,24,,1,,,9,6,3,,29,0,0.0,1,5.0,,,,,1.0,,,3.0,,13,,,6.88,7.21,4-2-3-1,4-2-3-1,4.0,4.0,7.1,7.8,4.0,5.0,0.347,0.78,6.725,7.475,1.5,0.5,7.25,5.25,7.025,6.95,0.75,0.5,5.0,5.5,6.8,6.9,1.5,1.0,0.0,0.0,7.3,7.8,7.1,7.8,7.1,7.5,0.301,0.446
PL-2024-25-12436614,Jornada 32,2025-04-12,Southampton,1,Aston Villa,0,3,0.0,0.0,7,2,4,1,0,,,1.0,1.0,,,,,,1.0,2,,2,34,,8,40,86.7,307,354,,,29,,,,4,,,,12.5,2,16,,11,,,18,10,8,,37,3,0.0,0,7.0,,,2.0,,0.0,,2.0,3.0,,11,,,3.0,0.0,25,10,9,6,0,,,3.0,9.0,,,,,,6.0,13,,4,67,,48,60,92.6,497,537,,,14,,,,9,,,,10.0,3,30,,10,,,25,11,14,,19,0,0.0,1,2.0,,,0.0,,1.0,,0.0,1.0,,4,,,6.77,7.47,3-4-3,4-2-3-1,3.0,4.0,9.3,7.3,7.0,2.0,0.295,0.25,6.625,7.6,3.0,1.75,5.25,2.5,6.6,7.4,0.333,2.0,4.667,3.8,6.3,7.5,1.333,4.0,0.0,0.0,9.3,8.5,7.0,7.8,6.9,7.8,0.856,0.533
PL-2024-25-12436608,Jornada 32,2025-04-12,Arsenal,1,Brentford,1,1,1.0,0.0,14,3,5,6,0,,,1.0,5.0,,,,,,1.0,13,3.0,14,61,,38,64,87.1,418,480,,,8,,,,9,,,,28.6,6,21,,7,,,4,2,2,,14,1,0.0,0,1.0,,,,,3.0,,0.0,1.0,,7,,,1.0,0.0,3,2,1,0,0,,,0.0,0.0,,,,,,1.0,5,1.0,2,38,,16,36,78.2,219,280,,,22,,,,7,,,,20.0,2,10,,8,,,17,10,7,,35,1,0.0,0,2.0,,,,,0.0,,1.0,3.0,,9,,,7.06,6.95,4-3-3,4-4-2,4.0,4.0,6.7,7.3,1.0,2.0,-0.703,-0.582,7.05,7.05,0.75,1.0,1.75,5.5,7.25,6.75,0.75,0.0,2.75,2.75,6.9,6.95,2.5,0.5,0.0,0.5,7.7,7.5,7.4,7.3,7.3,7.2,0.302,0.274
PL-2024-25-12436609,Jornada 32,2025-04-13,Chelsea,1,Ipswich,2,2,1.0,0.0,34,9,15,10,2,,,5.0,10.0,,,,,,4.0,15,1.0,4,70,,56,74,87.3,507,581,,,12,,,,7,,,,36.2,17,47,,5,,,13,7,6,,6,2,0.0,0,2.0,,,,,1.0,,0.0,2.0,,11,,,2.0,0.0,13,4,8,1,0,,,1.0,6.0,,,,,,3.0,4,2.0,8,43,,9,26,72.0,154,214,,,21,,,,11,,,,30.0,3,10,,10,,,11,9,2,,47,2,0.0,0,8.0,,,,,3.0,,1.0,2.0,,7,,,7.19,7.23,4-2-3-1,4-2-3-1,4.0,4.0,6.3,8.1,2.0,8.0,-0.664,1.242,6.875,7.16,1.0,1.0,1.25,5.6,7.68,7.275,3.8,1.0,3.8,2.75,6.9,6.5,5.0,2.0,0.0,0.0,8.1,8.8,8.0,8.4,7.9,8.1,0.562,0.786
PL-2024-25-12436612,Jornada 32,2025-04-13,Liverpool,1,West Ham,2,1,2.0,0.0,15,6,4,5,2,,,1.0,2.0,,,,,,2.0,10,5.0,6,68,,37,55,85.3,425,498,,,25,,,,8,,,,23.8,5,21,,4,,,18,11,7,,17,1,0.0,0,4.0,,,,,1.0,,1.0,0.0,,15,,,0.0,0.0,11,4,6,1,2,,,0.0,1.0,,,,,,4.0,3,4.0,10,48,,18,45,85.5,348,407,,,15,,,,15,,,,10.0,1,10,,12,,,10,3,7,,38,2,0.0,0,4.0,,,,,0.0,,0.0,2.0,,8,,,7.3,6.84,4-2-3-1,3-5-2,4.0,3.0,7.2,6.8,4.0,4.0,-0.411,-0.276,7.275,6.92,1.5,1.2,3.0,5.2,7.46,6.76,1.4,1.2,2.6,4.0,6.7,,0.0,,0.0,,8.1,7.9,7.7,7.3,7.7,7.3,0.422,0.492
PL-2024-25-12436617,Jornada 32,2025-04-13,Wolves,1,Tottenham,4,2,3.0,0.0,13,5,6,2,0,,,0.0,4.0,,,,,,4.0,1,2.0,10,42,,20,37,80.9,280,346,,,13,,,,15,,,,33.3,3,9,,9,,,21,16,5,,29,2,0.0,0,2.0,,,,,0.0,,0.0,1.0,,12,,,2.0,0.0,11,4,5,2,1,,,1.0,2.0,,,,,,2.0,4,3.0,6,60,,20,63,88.7,502,566,,,16,,,,12,,,,26.1,6,23,,8,,,14,10,4,,12,4,0.0,0,2.0,,,,,2.0,,1.0,2.0,,15,,,6.95,6.6,3-4-2-1,4-3-3,3.0,4.0,6.2,6.3,2.0,2.0,0.805,-1.049,7.06,6.467,2.0,1.667,3.4,3.0,6.9,6.525,0.25,0.75,6.25,3.0,7.4,6.933,4.0,1.333,1.0,0.333,8.6,7.6,7.4,7.2,7.3,7.2,0.661,0.505
PL-2024-25-12436611,Jornada 32,2025-04-13,Newcastle,1,Man United,4,1,4.0,0.0,13,6,6,1,0,,,0.0,2.0,,,,,,6.0,7,2.0,11,50,,39,48,80.7,339,420,,,16,,,,9,,,,37.5,9,24,,9,,,20,9,11,,13,1,0.0,0,4.0,,,,,1.0,,,0.0,,7,,,1.0,0.0,9,5,2,2,0,,,2.0,2.0,,,,,,2.0,2,1.0,11,35,,12,52,80.9,382,472,,,19,,,,7,,,,42.9,3,7,,5,,,20,11,9,,23,4,0.0,0,2.0,,,,,2.0,,,2.0,,9,,,7.35,6.42,4-3-3,3-4-2-1,4.0,3.0,7.0,5.5,4.0,2.0,0.295,-0.193,6.875,6.15,2.25,2.25,2.25,3.25,7.467,6.725,0.667,0.5,5.333,5.25,7.967,6.8,1.667,1.5,0.667,0.5,8.8,7.3,7.8,7.0,7.8,7.0,0.61,0.561
PL-2024-25-13560222,Jornada 32,2025-04-14,Bournemouth,1,Fulham,1,0,1.0,0.0,12,3,5,4,1,,,0.0,4.0,,,,,,2.0,6,2.0,10,52,,15,41,72.9,240,329,,,16,,,,10,,,,31.2,5,16,,4,,,15,6,9,,46,0,0.0,1,7.0,,,,,1.0,,2.0,3.0,,11,,,0.0,0.0,12,7,1,4,0,,,3.0,2.0,,,,,,1.0,9,1.0,9,77,,37,59,81.4,385,473,,,19,,,,11,,,,22.6,7,31,,9,,,12,10,2,,24,1,0.0,0,2.0,,,,,0.0,,0.0,2.0,,10,,,7.21,6.86,4-2-3-1,4-2-3-1,4.0,4.0,8.6,6.7,7.0,2.0,0.913,0.539,6.95,6.72,1.0,0.8,6.5,4.2,7.22,7.0,1.4,1.25,5.0,3.25,6.8,7.2,4.0,3.0,0.0,0.0,8.6,7.4,7.5,7.3,7.5,7.2,0.557,0.377
PL-2024-25-12436619,Jornada 33,2025-04-19,Brentford,1,Brighton,4,2,4.0,0.0,16,8,5,3,0,,,0.0,2.0,,,,,,6.0,4,1.0,10,58,,36,46,80.5,339,421,,,31,,,,11,,,,47.1,8,17,,9,,,20,13,7,,23,2,0.0,0,1.0,,,,,1.0,,,3.0,0.0,7,,,2.0,0.0,12,3,6,3,0,,,0.0,5.0,,,,,,2.0,7,0.0,6,56,,32,54,84.6,405,479,,,16,,,,7,,,,26.9,7,26,,9,,,18,13,5,,27,4,0.0,0,4.0,,,,,0.0,,,3.0,1.0,11,,,7.22,6.55,4-2-3-1,4-2-3-1,4.0,4.0,6.6,6.0,1.0,4.0,-0.794,-0.463,6.875,6.767,1.75,2.0,3.25,4.667,7.05,6.68,0.25,0.6,4.75,2.6,8.55,6.2,4.0,1.5,1.5,0.5,10.0,7.6,7.7,7.1,7.4,7.1,0.951,0.59
PL-2024-25-12436616,Jornada 33,2025-04-19,Crystal Palace,1,Bournemouth,0,0,0.0,0.0,5,0,2,3,0,,,0.0,2.0,,,,,,0.0,5,1.0,2,44,,16,27,61.0,128,210,,,21,,,,10,,,,16.7,2,12,,7,,,10,4,6,,32,0,0.0,1,4.0,,,,,1.0,,0.0,5.0,1.0,13,,,0.0,0.0,15,4,6,5,0,,,0.0,6.0,,,,,,1.0,4,1.0,7,61,,30,73,87.5,499,570,,,19,,,,13,,,,25.0,7,28,,6,,,12,10,2,,34,0,0.0,1,0.0,,,,,0.0,,1.0,4.0,0.0,10,,,6.78,7.26,3-4-2-1,4-2-3-1,3.0,4.0,7.6,6.9,4.0,0.0,0.442,,6.733,7.575,1.333,1.25,4.0,4.5,6.72,7.08,0.0,1.0,2.8,3.6,6.6,7.3,0.5,3.0,0.0,0.0,7.6,8.0,7.5,7.9,7.1,7.6,0.524,0.46
PL-2024-25-12436628,Jornada 33,2025-04-19,Everton,1,Man City,0,2,0.0,0.0,8,3,2,3,1,,,0.0,1.0,,,,,,1.0,2,5.0,12,46,,21,33,78.3,249,318,,,34,,,,6,,,,42.9,6,14,,13,,,19,10,9,,23,2,0.0,0,4.0,,,,,0.0,,,4.0,,7,,,2.0,0.0,12,7,3,2,0,,,2.0,2.0,,,,,,3.0,5,0.0,14,73,,25,67,88.4,596,674,,,30,,,,7,,,,20.0,3,15,,5,,,7,4,3,,22,0,0.0,1,2.0,,,,,2.0,,,0.0,,6,,,7.08,7.28,4-2-3-1,4-2-3-1,4.0,4.0,7.3,7.2,4.0,2.0,0.888,0.891,7.125,7.6,1.0,0.25,4.0,4.5,7.225,7.12,0.5,0.8,4.25,3.8,6.6,6.9,0.0,3.0,0.0,0.0,7.7,7.9,7.4,7.7,7.3,7.6,0.33,0.406
PL-2024-25-12436554,Jornada 33,2025-04-19,West Ham,1,Southampton,1,1,1.0,0.0,12,4,3,5,0,,,0.0,4.0,,,,,,0.0,2,1.0,3,54,,24,52,90.1,447,496,,,14,,,,13,,,,15.4,2,13,,4,,,13,8,5,,27,1,0.0,0,3.0,,,,,,,1.0,2.0,,14,,,1.0,0.0,15,4,5,6,1,,,3.0,5.0,,,,,,1.0,5,1.0,5,59,,25,48,87.0,396,455,,,27,,,,14,,,,16.7,3,18,,6,,,15,9,6,,14,1,0.0,0,3.0,,,,,,,1.0,1.0,,13,,,7.04,7.1,4-2-3-1,3-4-2-1,4.0,3.0,6.7,6.9,3.0,3.0,-0.143,0.093,6.95,7.15,2.25,1.25,3.75,2.25,7.12,7.35,1.2,1.75,4.0,4.5,7.3,6.6,1.0,2.5,0.0,0.0,7.4,7.8,7.3,7.6,7.3,7.3,0.242,0.352
PL-2024-25-12436615,Jornada 33,2025-04-19,Aston Villa,1,Newcastle,4,1,2.0,1.0,23,9,10,4,3,,,1.0,2.0,,,,,,5.0,7,0.0,7,55,,32,48,84.6,346,409,,,22,,,,12,,,,25.0,4,16,,7,,,19,15,4,,20,1,0.0,0,2.0,,,,,1.0,,,1.0,,9,,,1.0,0.0,10,3,4,3,0,,,1.0,0.0,,,,,,2.0,7,1.0,10,43,,36,52,85.3,367,430,,,15,,,,9,,,,27.3,6,22,,3,,,12,5,7,,22,4,0.0,0,6.0,,,,,4.0,,,3.0,,12,,,7.4,6.65,4-2-3-1,4-3-3,4.0,4.0,7.1,7.5,2.0,6.0,-0.361,-1.667,6.95,6.275,1.75,0.25,3.5,3.0,7.62,6.667,2.6,0.667,4.2,4.333,8.4,6.833,5.0,0.667,1.0,0.0,8.4,7.5,8.3,7.0,8.1,6.9,0.651,0.389
PL-2024-25-12436618,Jornada 33,2025-04-20,Fulham,1,Chelsea,1,2,1.0,0.0,6,1,2,3,0,,,0.0,3.0,,,,,,0.0,5,1.0,4,34,,16,41,81.2,280,345,,,21,,,,9,,,,20.0,5,25,,5,,,14,12,2,,33,2,0.0,0,5.0,,,,,0.0,,,1.0,,13,,,1.0,1.0,13,8,3,2,0,,,4.0,0.0,,,,,,1.0,4,0.0,7,70,,31,59,88.1,465,528,,,20,,,,13,,,,23.1,6,26,,6,,,9,5,4,,22,1,0.0,0,0.0,,,,,2.0,,,3.0,,9,,,6.84,6.99,4-2-3-1,4-2-3-1,4.0,4.0,7.2,6.6,5.0,0.0,-0.897,-0.642,6.9,6.775,2.4,0.5,5.0,3.75,6.725,7.36,0.5,1.2,2.75,3.4,6.6,6.4,0.0,1.0,0.0,0.0,7.5,8.6,7.2,7.4,7.2,7.1,0.382,0.602
PL-2024-25-12436620,Jornada 33,2025-04-20,Ipswich,1,Arsenal,0,4,0.0,0.0,4,0,2,2,0,,,0.0,2.0,,,,,,0.0,0,1.0,5,29,,5,25,79.6,199,250,,,14,,,,7,,,,50.0,2,4,,12,,,15,7,8,,39,4,0.0,0,3.0,,,,,,,,,1.0,10,,,4.0,0.0,24,7,8,9,1,,,1.0,4.0,,,,,,3.0,12,1.0,2,61,,70,75,91.1,685,752,,,22,,,,10,,,,18.8,3,16,,2,,,16,12,4,,7,0,0.0,1,0.0,,,,,,,,,0.0,7,,,6.35,7.82,4-4-1-1,4-3-3,4.0,4.0,6.2,6.9,3.0,0.0,-1.369,,6.08,7.575,1.0,1.75,5.0,1.5,6.625,8.3,0.5,3.0,4.5,6.0,6.7,7.967,1.0,4.0,0.0,1.0,7.0,9.4,6.8,8.6,6.7,8.1,0.514,0.648
PL-2024-25-12436622,Jornada 33,2025-04-20,Man United,1,Wolves,0,1,0.0,0.0,12,2,6,4,0,,,2.0,5.0,,,,,,1.0,9,2.0,9,60,,26,60,88.7,494,557,,,27,,,,18,,,,7.1,2,28,,7,,,30,19,11,,14,1,0.0,0,1.0,,,,,,,0.0,2.0,,11,,,0.0,1.0,4,2,1,1,0,,,1.0,1.0,,,,,,0.0,2,1.0,10,26,,8,40,81.7,316,387,,,21,,,,11,,,,18.2,2,11,,7,,,21,10,11,,27,0,0.0,1,2.0,,,,,,,2.0,3.0,,18,,,7.06,6.85,3-4-2-1,3-4-2-1,3.0,3.0,6.3,7.0,1.0,2.0,-0.278,0.09,7.4,6.92,3.0,2.0,3.0,4.0,7.2,6.733,0.4,0.333,3.8,6.0,6.6,6.8,1.0,1.0,0.0,0.0,7.7,7.4,7.6,7.3,7.6,7.3,0.477,0.431
PL-2024-25-12436626,Jornada 33,2025-04-20,Leicester,1,Liverpool,0,1,0.0,0.0,5,0,4,1,1,,,0.0,2.0,,,,,,0.0,1,2.0,2,41,,13,42,77.1,283,367,,,15,,,,7,,,,20.0,2,10,,7,,,17,14,3,,43,1,0.0,0,7.0,,,,,2.0,,2.0,1.0,,11,,,1.0,0.0,28,10,12,6,3,,,2.0,2.0,,,,,,10.0,13,2.0,10,72,,48,58,86.5,435,503,,,20,,,,11,,,,33.3,11,33,,10,,,16,12,4,,22,0,0.0,1,0.0,,,,,1.0,,0.0,2.0,,7,,,6.93,7.41,4-2-3-1,4-2-3-1,4.0,4.0,7.9,6.9,7.0,0.0,-0.471,,6.975,7.65,1.0,1.0,6.25,3.25,6.78,7.333,0.2,2.167,2.8,3.333,6.5,,0.0,,0.0,,7.9,8.0,7.6,7.8,7.4,7.8,0.497,0.476
PL-2024-25-12436537,Jornada 33,2025-04-21,Tottenham,1,Nottm Forest,1,2,1.0,0.0,22,6,12,4,0,,,2.0,4.0,,,,,,4.0,7,0.0,8,66,,43,70,88.4,465,526,,,19,,,,12,,,,32.7,17,52,,7,,,14,10,4,,17,2,0.0,0,1.0,,,,,,,0.0,1.0,,11,,,1.0,1.0,4,3,1,0,0,,,1.0,1.0,,,,,,1.0,1,3.0,6,48,,4,30,67.9,165,243,,,24,,,,11,,,,20.0,1,5,,9,,,30,17,13,,54,1,0.0,0,4.0,,,,,,,1.0,4.0,,12,,,6.72,7.14,4-3-3,4-2-2-2,4.0,4.0,5.8,7.0,1.0,4.0,-0.596,0.107,6.875,7.2,1.0,3.75,1.75,7.5,6.6,7.15,0.667,0.5,1.667,4.25,6.933,7.05,4.333,0.5,0.333,0.5,7.9,7.8,7.4,7.6,7.3,7.3,0.577,0.323
PL-2024-25-12436551,Jornada 34,2025-04-22,Man City,1,Aston Villa,2,1,2.0,0.0,14,6,6,2,0,,,2.0,2.0,,,,,,3.0,10,2.0,7,61,,25,62,89.8,438,488,,,16,,,,10,,,,37.5,9,24,,4,,,12,7,5,,13,1,0.0,0,2.0,,,,,1.0,,,3.0,,9,,,1.0,0.0,7,3,3,1,1,,,1.0,0.0,,,,,,3.0,2,2.0,6,31,,23,38,82.7,254,307,,,23,,,,8,,,,20.0,2,10,,4,,,15,11,4,,23,2,0.0,0,4.0,,,,,2.0,,,3.0,,10,,,7.09,6.73,4-1-4-1,4-2-3-1,4.0,4.0,6.9,7.2,2.0,4.0,0.17,-0.371,7.075,6.6,1.25,0.75,2.25,3.25,7.2,6.84,1.6,0.4,3.8,2.2,6.8,6.2,3.0,4.0,0.0,1.0,7.8,7.2,7.6,7.1,7.3,7.0,0.365,0.333
PL-2024-25-12436547,Jornada 34,2025-04-23,Arsenal,1,Crystal Palace,2,2,2.0,0.0,12,6,4,2,0,,,1.0,2.0,,,,,,4.0,3,1.0,4,66,,23,68,92.3,656,711,,,7,,,,6,,,,28.6,4,14,,8,,,7,5,2,,20,2,0.0,0,2.0,,,,,1.0,,1.0,1.0,,4,,,1.0,1.0,15,4,6,5,0,,,0.0,3.0,,,,,,5.0,6,1.0,7,41,,25,32,82.6,271,328,,,24,,,,4,,,,40.0,8,20,,9,,,16,10,6,,26,2,0.0,0,2.0,,,,,2.0,,2.0,1.0,,6,,,6.84,7.01,4-3-3,3-4-2-1,4.0,3.0,6.3,6.9,2.0,2.0,-0.531,-0.177,7.05,6.8,1.0,1.0,3.25,3.5,6.767,7.129,1.0,1.429,6.0,3.429,6.8,6.7,1.667,3.0,0.333,0.0,8.1,7.9,7.1,7.7,7.0,7.2,0.472,0.427
PL-2024-25-12436550,Jornada 34,2025-04-26,Chelsea,1,Everton,1,0,0.0,1.0,10,7,2,1,0,,,2.0,2.0,,,,,,1.0,10,1.0,17,63,,19,55,85.6,433,506,,,24,,,,11,,,,20.0,4,20,,7,,,23,14,9,,20,0,0.0,1,3.0,,,,,5.0,,1.0,,,11,,,0.0,0.0,6,3,1,2,0,,,2.0,0.0,,,,,,2.0,2,3.0,5,51,,11,45,84.5,348,412,,,24,,,,11,,,,33.3,6,18,,7,,,17,13,4,,21,1,0.0,0,6.0,,,,,0.0,,1.0,,,11,,,7.38,6.67,4-2-3-1,4-2-3-1,4.0,4.0,8.0,7.6,3.0,6.0,0.986,0.735,7.567,6.85,3.0,1.75,4.667,3.25,7.25,6.475,1.0,0.0,4.333,4.0,7.0,6.25,1.0,0.5,1.0,0.0,8.0,7.6,8.0,7.1,7.8,7.0,0.39,0.477
PL-2024-25-12436546,Jornada 34,2025-04-26,Brighton,1,West Ham,3,2,1.0,2.0,16,9,2,5,0,,,3.0,4.0,,,,,,2.0,8,4.0,6,47,,39,53,87.0,447,514,,,19,,,,9,,,,18.8,6,32,,4,,,24,18,6,,20,2,0.0,0,2.0,,,,,,,0.0,2.0,,7,,,2.0,0.0,12,4,4,4,1,,,0.0,4.0,,,,,,2.0,1,3.0,13,51,,24,47,88.3,414,469,,,29,,,,7,,,,14.3,2,14,,8,,,9,1,8,,41,3,0.0,0,6.0,,,,,,,1.0,1.0,,9,,,7.11,7.03,4-2-3-1,3-5-2,4.0,3.0,6.6,7.2,2.0,6.0,-0.262,0.141,7.2,6.68,2.5,0.4,2.5,6.4,7.214,7.34,1.286,1.2,4.0,3.6,6.7,,1.0,,0.0,,7.7,8.0,7.4,8.0,7.4,7.4,0.37,0.558
PL-2024-25-12436545,Jornada 34,2025-04-26,Newcastle,1,Ipswich,3,0,3.0,0.0,25,5,11,9,1,,,1.0,11.0,,,,,,6.0,11,4.0,7,76,,68,78,91.9,568,618,,,20,,,,8,,,,25.5,12,47,,2,,,12,3,9,,18,0,0.0,1,0.0,,,,,1.0,,0.0,1.0,0.0,9,,,0.0,0.0,4,0,1,3,0,,,0.0,2.0,,,,,,0.0,2,0.0,4,41,,6,22,67.0,124,185,,,20,,,,9,,,,16.7,1,6,,1,,,16,8,8,,45,3,0.0,0,2.0,,,,,1.0,,1.0,4.0,1.0,9,,,7.59,6.49,4-3-3,4-4-1-1,4.0,4.0,7.0,6.6,0.0,2.0,,-0.996,8.0,6.62,2.0,2.2,2.5,6.4,7.7,6.35,4.0,0.5,4.0,3.0,7.133,6.3,4.0,3.0,0.333,0.0,9.1,7.2,8.1,7.1,7.8,7.0,0.633,0.53
PL-2024-25-12436539,Jornada 34,2025-04-26,Southampton,1,Fulham,1,2,1.0,0.0,7,3,0,4,1,,,0.0,1.0,,,,,,1.0,0,1.0,8,49,,13,35,77.1,246,319,,,15,,,,12,,,,12.5,1,8,,6,,,9,4,5,,42,2,0.0,0,3.0,,,,,2.0,,1.0,1.0,,10,,,2.0,0.0,26,5,16,5,1,,,0.0,8.0,,,,,,1.0,13,2.0,4,59,,39,65,88.2,480,544,,,10,,,,10,,,,30.2,16,53,,1,,,18,11,7,,30,1,0.0,0,2.0,,,,,0.0,,0.0,1.0,,12,,,6.84,7.29,3-4-2-1,4-3-3,3.0,4.0,6.6,6.9,3.0,2.0,0.912,0.41,6.825,7.75,0.25,3.0,7.0,6.25,6.925,7.04,1.25,1.6,3.75,1.4,6.8,7.1,2.0,7.0,0.0,0.0,7.2,8.6,7.2,8.2,7.0,7.7,0.227,0.62
PL-2024-25-12436558,Jornada 34,2025-04-26,Wolves,1,Leicester,3,0,3.0,0.0,20,6,8,6,0,,,1.0,6.0,,,,,,2.0,4,0.0,12,45,,28,56,88.1,535,607,,,29,,,,17,,,,37.5,6,16,,3,,,22,14,8,,10,0,0.0,1,2.0,,,1.0,,1.0,,,1.0,,7,,,0.0,0.0,8,2,3,3,0,,,0.0,4.0,,,,,,1.0,2,3.0,10,46,,15,44,84.7,399,471,,,19,,,,6,,,,46.2,6,13,,7,,,22,15,7,,20,3,0.0,0,2.0,,,0.0,,2.0,,,4.0,,17,,,7.45,6.58,3-4-2-1,4-2-3-1,3.0,4.0,7.5,5.9,2.0,2.0,1.129,-1.279,7.28,6.725,1.4,1.75,1.8,3.75,7.033,6.64,1.667,0.6,6.0,3.0,8.45,6.4,5.0,2.0,1.0,0.0,9.7,7.1,7.7,6.8,7.5,6.8,0.761,0.289
PL-2024-25-12436535,Jornada 34,2025-04-27,Bournemouth,1,Man United,1,1,1.0,0.0,8,1,6,1,1,,,0.0,1.0,,,,,,1.0,5,2.0,3,35,,14,38,72.6,207,285,,,15,,,,12,,,,23.5,4,17,,11,,,9,4,5,,34,1,0.0,0,5.0,,,,,3.0,,0.0,4.0,1.0,11,,,1.0,0.0,25,6,6,13,0,,,1.0,7.0,,,,,,2.0,10,2.0,9,49,,44,62,83.0,390,470,,,22,,,,11,,,,8.0,2,25,,9,,,15,10,5,,18,1,0.0,0,0.0,,,,,0.0,,1.0,2.0,0.0,12,,,7.02,7.05,4-2-3-1,3-4-2-1,4.0,3.0,7.8,6.3,5.0,0.0,0.835,-0.306,6.925,7.075,0.25,1.25,5.0,2.5,7.1,7.15,0.8,2.5,4.4,4.25,6.2,7.2,0.0,4.5,0.0,0.5,7.8,8.3,7.8,7.6,7.5,7.4,0.482,0.526
PL-2024-25-12436544,Jornada 34,2025-04-27,Liverpool,1,Tottenham,5,1,3.0,1.0,25,8,8,9,0,,,1.0,7.0,,,,,,2.0,8,1.0,6,51,,37,62,86.0,443,515,,,18,,,,9,,,,11.8,2,17,,6,,,19,13,6,,19,1,0.0,0,2.0,,,,,1.0,,0.0,2.0,,16,,,1.0,0.0,8,3,3,2,0,,,1.0,3.0,,,,,,1.0,2,3.0,8,37,,17,38,73.8,236,320,,,17,,,,16,,,,16.7,2,12,,9,,,12,6,6,,21,5,0.0,0,2.0,,,,,1.0,,1.0,1.0,,9,,,7.37,6.39,4-2-3-1,4-3-3,4.0,4.0,6.7,5.6,2.0,2.0,-0.112,-2.3,6.875,6.325,0.75,1.0,4.0,4.0,7.817,6.6,3.167,0.667,4.5,2.0,,6.533,,1.333,,0.333,8.4,7.0,8.0,7.0,8.0,6.8,0.603,0.532
PL-2024-25-12436552,Jornada 34,2025-05-01,Nottm Forest,1,Brentford,0,2,0.0,0.0,14,5,4,5,0,,,1.0,1.0,,,,,,0.0,4,4.0,8,44,,35,55,80.3,306,381,,,26,,,,12,,,,17.9,5,28,,8,,,8,4,4,,32,2,0.0,0,1.0,,,,,0.0,,1.0,3.0,,10,,,2.0,0.0,11,3,5,3,0,,,0.0,1.0,,,,,,3.0,5,0.0,10,49,,23,45,75.9,245,323,,,24,,,,10,,,,42.9,6,14,,5,,,16,14,2,,33,0,0.0,1,5.0,,,,,3.0,,0.0,5.0,,12,,,6.81,7.44,4-2-3-1,4-2-3-1,4.0,4.0,6.5,8.7,1.0,5.0,-0.26,0.848,6.95,7.25,1.25,0.75,6.25,5.75,6.675,7.3,0.5,1.5,3.75,4.25,6.95,7.45,2.5,2.5,0.0,0.5,7.3,8.7,7.3,8.4,6.9,7.6,0.261,0.611
PL-2024-25-12436562,Jornada 35,2025-05-02,Man City,1,Wolves,1,0,1.0,0.0,9,2,5,2,0,,,0.0,4.0,,,,,,1.0,4,0.0,9,74,,40,64,90.9,622,684,,,35,,,,11,,,,18.8,3,16,,6,,,19,10,9,,15,0,0.0,1,0.0,,,,,0.0,,,,,7,,,0.0,0.0,6,1,4,1,2,,,0.0,2.0,,,,,,2.0,5,1.0,8,25,,15,36,83.4,317,380,,,18,,,,7,,,,15.4,2,13,,6,,,28,18,10,,19,1,0.0,0,1.0,,,,,1.0,,,,,11,,,7.24,6.78,4-2-3-1,3-4-2-1,4.0,3.0,6.9,6.7,0.0,1.0,,-0.422,7.35,6.7,1.75,1.8,2.0,2.6,7.32,6.9,1.6,0.75,2.6,3.0,6.7,6.8,2.0,2.0,0.0,0.0,8.0,7.4,7.6,7.0,7.6,7.0,0.41,0.313
PL-2024-25-12436553,Jornada 35,2025-05-03,Aston Villa,1,Fulham,1,0,1.0,0.0,10,3,5,2,1,,,0.0,3.0,,,,,,5.0,5,1.0,9,55,,16,52,87.4,389,445,,,25,,,,17,,,,23.1,3,13,,3,,,12,6,6,,27,0,0.0,1,3.0,,,,,2.0,,,0.0,,6,,,0.0,0.0,11,3,5,3,0,,,1.0,2.0,,,,,,1.0,3,2.0,7,54,,24,48,88.1,349,396,,,29,,,,6,,,,37.5,9,24,,7,,,24,13,11,,19,1,0.0,0,2.0,,,,,0.0,,,5.0,,17,,,7.08,7.0,4-2-3-1,4-2-3-1,4.0,4.0,7.7,7.2,3.0,2.0,0.994,0.236,6.925,6.78,0.75,2.2,3.75,2.6,7.3,7.075,1.2,0.75,4.0,3.5,6.0,7.6,2.0,1.0,0.0,0.0,7.8,7.8,7.8,7.6,7.7,7.2,0.573,0.433
PL-2024-25-12436572,Jornada 35,2025-05-03,Everton,1,Ipswich,2,2,1.0,1.0,8,3,4,1,0,,,0.0,1.0,,,,,,2.0,2,,5,64,,23,58,87.9,423,481,,,26,,,,15,,,,19.4,6,31,,7,,,18,10,8,,14,2,0.0,0,3.0,,,,,0.0,,0.0,4.0,,12,,,1.0,1.0,12,5,4,3,0,,,2.0,3.0,,,,,,1.0,3,,7,39,,19,42,85.1,308,362,,,18,,,,12,,,,16.7,2,12,,4,,,15,13,2,,34,2,0.0,0,1.0,,,,,1.0,,2.0,4.0,,15,,,6.93,6.77,4-2-3-1,4-2-3-1,4.0,4.0,6.5,6.8,3.0,1.0,-0.789,-0.517,6.85,6.75,2.25,2.0,2.25,6.5,6.98,6.82,0.4,1.0,4.2,3.6,7.4,6.6,5.0,2.0,1.0,0.0,7.5,7.6,7.4,7.1,7.2,6.9,0.347,0.336
PL-2024-25-12436571,Jornada 35,2025-05-03,Leicester,1,Southampton,2,0,1.0,1.0,14,4,4,6,1,,,1.0,3.0,,,,,,1.0,6,1.0,5,36,,21,50,89.5,399,446,,,13,,,,13,,,,29.4,5,17,,12,,,13,7,6,,20,0,0.0,1,2.0,,,,,,,1.0,1.0,,12,,,0.0,0.0,8,2,1,5,0,,,0.0,2.0,,,,,,1.0,7,1.0,4,44,,20,50,87.0,396,455,,,18,,,,12,,,,40.0,6,15,,5,,,13,10,3,,16,2,0.0,0,2.0,,,,,,,0.0,3.0,,13,,,7.27,6.77,4-2-3-1,3-4-2-1,4.0,3.0,7.2,6.4,2.0,2.0,0.33,-0.675,7.2,6.725,0.75,0.5,3.25,1.75,7.325,7.025,1.75,1.25,3.5,2.75,7.35,6.55,2.0,1.0,1.0,0.0,8.0,7.4,7.5,7.1,7.5,7.0,0.305,0.289
PL-2024-25-12436543,Jornada 35,2025-05-03,Arsenal,1,Bournemouth,1,2,1.0,0.0,13,4,5,4,0,,,0.0,1.0,,,,,,4.0,2,3.0,10,42,,32,50,85.0,363,427,,,12,,,,16,,,,12.5,1,8,,8,,,12,9,3,,15,2,0.0,0,0.0,,,,,,,,0.0,,7,,,2.0,0.0,9,2,5,2,0,,,0.0,3.0,,,,,,3.0,3,0.0,7,46,,10,50,82.7,345,417,,,18,,,,7,,,,40.0,6,15,,9,,,12,6,6,,17,1,0.0,0,3.0,,,,,,,,2.0,,16,,,6.85,6.84,4-3-3,4-2-3-1,4.0,4.0,6.1,7.1,0.0,3.0,-0.479,0.664,6.625,6.775,1.25,0.5,3.5,2.75,7.3,6.74,0.667,1.0,4.0,3.8,6.967,7.3,2.667,4.0,0.0,1.0,8.0,7.3,7.8,7.3,7.5,7.2,0.607,0.357
PL-2024-25-12436560,Jornada 35,2025-05-04,Brentford,1,Man United,4,3,3.0,0.0,12,6,4,2,0,,,0.0,1.0,,,,,,6.0,7,,10,53,,27,47,79.8,327,410,,,19,,,,10,,,,15.0,3,20,,6,,,20,8,12,,16,3,0.0,0,2.0,,,,,0.0,,0.0,0.0,,8,,,2.0,1.0,14,5,2,7,0,,,0.0,4.0,,,,,,1.0,3,,6,30,,23,53,82.0,391,477,,,13,,,,8,,,,30.0,3,10,,4,,,17,12,5,,34,4,0.0,0,3.0,,,,,2.0,,3.0,2.0,,10,,,7.02,6.64,4-2-3-1,3-4-2-1,4.0,3.0,5.5,6.6,2.0,3.0,-1.871,-0.754,6.925,6.133,1.25,0.667,2.25,4.333,7.5,6.475,1.0,0.25,3.0,3.75,7.0,7.367,3.0,2.333,0.5,0.667,8.1,8.2,7.8,7.5,7.6,7.2,0.69,0.669
PL-2024-25-12436567,Jornada 35,2025-05-04,Brighton,1,Newcastle,1,1,1.0,0.0,5,2,2,1,0,,,0.0,1.0,,,,,,1.0,1,1.0,9,53,,18,46,77.8,295,379,,,19,,,,10,,,,20.0,2,10,,10,,,15,10,5,,26,1,0.0,0,4.0,,,,,1.0,,,2.0,,15,,,1.0,0.0,13,5,4,4,0,,,1.0,4.0,,,,,,1.0,4,1.0,3,50,,32,54,83.5,369,442,,,23,,,,14,,,,16.7,3,18,,6,,,14,9,5,,28,1,0.0,0,1.0,,,,,0.0,,,1.0,,10,,,6.95,7.01,4-2-3-1,4-3-3,4.0,4.0,7.4,6.6,4.0,1.0,0.658,-0.043,6.967,7.075,1.667,1.5,3.333,5.75,6.883,7.067,0.167,0.667,2.333,4.0,6.8,7.0,0.0,2.0,0.0,0.333,7.5,7.5,7.4,7.3,7.4,7.3,0.347,0.268
PL-2024-25-12436565,Jornada 35,2025-05-04,West Ham,1,Tottenham,1,1,1.0,0.0,11,2,4,5,0,,,0.0,5.0,,,,,,2.0,1,3.0,7,56,,20,56,73.7,328,445,,,23,,,,15,,,,26.3,5,19,,6,,,27,18,9,,14,1,0.0,0,1.0,,,,,,,,2.0,,18,,,1.0,0.0,7,2,5,0,0,,,0.0,2.0,,,,,,1.0,3,4.0,5,37,,11,44,72.5,261,360,,,14,,,,18,,,,9.1,1,11,,8,,,14,8,6,,27,1,0.0,0,1.0,,,,,,,,2.0,,15,,,6.82,6.73,3-4-2-1,4-3-3,3.0,4.0,6.4,6.4,1.0,1.0,-0.6,-0.413,6.84,6.767,2.8,1.0,2.2,6.0,6.9,6.75,0.75,0.5,3.5,4.0,6.8,6.767,1.0,1.667,0.0,0.333,7.8,7.3,7.0,7.0,7.0,6.9,0.374,0.256
PL-2024-25-12436563,Jornada 35,2025-05-04,Chelsea,1,Liverpool,3,1,2.0,0.0,17,7,6,4,2,,,1.0,2.0,,,,,,5.0,3,6.0,9,53,,37,35,84.3,300,356,,,16,,,,10,,,,16.7,1,6,,14,,,19,13,6,,32,1,0.0,0,1.0,,,,,1.0,,1.0,2.0,,10,,,1.0,0.0,11,2,5,4,0,,,0.0,2.0,,,,,,3.0,6,0.0,9,59,,34,65,88.8,573,645,,,17,,,,10,,,,31.8,7,22,,4,,,9,7,2,,11,3,0.0,0,5.0,,,,,0.0,,0.0,2.0,,11,,,7.29,6.85,4-2-3-1,4-2-3-1,4.0,4.0,6.7,7.5,1.0,5.0,-0.769,-0.103,6.967,6.675,2.0,0.75,6.333,2.75,7.633,6.92,1.833,0.6,5.0,3.8,6.8,6.5,2.0,2.0,0.0,0.0,8.5,7.6,8.0,7.5,7.8,7.5,0.555,0.507
PL-2024-25-12436561,Jornada 35,2025-05-05,Crystal Palace,1,Nottm Forest,1,1,1.0,0.0,20,3,11,6,1,,,0.0,5.0,,,,,,4.0,7,1.0,11,42,,44,49,73.6,282,383,,,17,,,,14,,,,22.6,7,31,,12,,,11,10,1,,31,1,0.0,0,4.0,,,,,0.0,,0.0,3.0,,9,,,1.0,0.0,12,4,2,6,0,,,1.0,3.0,,,,,,0.0,4,1.0,2,71,,16,51,82.2,337,410,,,24,,,,9,,,,25.0,4,16,,10,,,13,6,7,,54,1,0.0,0,2.0,,,,,2.0,,1.0,8.0,,15,,,7.15,7.02,3-4-2-1,4-2-3-1,3.0,4.0,6.9,6.9,4.0,2.0,0.501,0.035,7.067,7.375,0.667,0.75,6.333,8.75,7.38,6.65,1.0,0.5,5.2,5.25,6.85,7.1,1.5,2.0,0.0,0.0,8.1,8.1,7.6,7.6,7.2,7.2,0.394,0.465
PL-2024-25-12436566,Jornada 36,2025-05-10,Fulham,1,Everton,1,3,1.0,0.0,18,6,8,4,0,,,3.0,4.0,,,,,,1.0,5,,8,69,,34,64,86.2,476,552,,,23,,,,9,,,,25.0,7,28,,3,,,15,8,7,,29,3,0.0,0,4.0,,,,,1.0,,1.0,1.0,,15,,,1.0,2.0,11,7,1,3,0,,,0.0,0.0,,,,,,3.0,5,,2,50,,21,36,78.7,247,314,,,25,,,,15,,,,35.3,6,17,,14,,,10,6,4,,31,1,0.0,0,5.0,,,,,1.0,,0.0,0.0,,9,,,6.92,7.08,4-2-3-1,4-2-3-1,4.0,4.0,6.2,7.4,4.0,5.0,-1.629,0.281,6.75,7.275,2.0,0.5,5.75,5.25,7.04,6.85,1.6,0.75,4.2,3.25,7.7,7.0,2.0,2.0,1.0,0.5,7.7,7.8,7.6,7.5,7.3,7.4,0.473,0.379
PL-2024-25-12436564,Jornada 36,2025-05-10,Ipswich,1,Brentford,0,1,0.0,0.0,11,4,5,2,1,,,0.0,6.0,,,,,,1.0,5,,9,36,,14,50,81.5,299,367,,,13,,,,12,,,,20.0,3,15,,3,,,12,8,4,,30,1,0.0,0,4.0,,,,,3.0,,,2.0,,6,,,1.0,0.0,15,5,4,6,0,,,0.0,4.0,,,,,,1.0,6,,7,52,,27,50,84.8,319,376,,,25,,,,6,,,,18.2,4,22,,5,,,13,6,7,,17,0,0.0,1,4.0,,,,,1.0,,,4.0,,12,,,6.91,7.2,4-2-3-1,4-2-3-1,4.0,4.0,7.5,7.6,4.0,4.0,0.195,0.934,7.1,7.3,1.0,1.0,6.25,3.25,6.7,6.95,1.2,1.0,3.2,3.0,6.6,7.3,1.0,4.5,0.0,0.0,7.6,7.6,7.5,7.6,7.2,7.5,0.394,0.341
PL-2024-25-12436575,Jornada 36,2025-05-10,Southampton,1,Man City,0,0,0.0,0.0,2,0,0,2,0,,,0.0,0.0,,,,,,,1,2.0,3,37,,7,28,76.0,196,258,,,21,,,,8,,,,20.0,1,5,,11,,,13,8,5,,52,0,0.0,1,4.0,,,,,1.0,,3.0,2.0,,9,,,0.0,0.0,26,5,8,13,1,,,2.0,10.0,,,,,,,15,1.0,13,64,,76,72,89.4,573,641,,,15,,,,9,,,,22.7,10,44,,3,,,12,6,6,,8,0,0.0,1,0.0,,,,,0.0,,0.0,0.0,,8,,,7.04,7.55,3-4-2-1,4-2-3-1,3.0,4.0,7.7,6.7,4.0,0.0,0.661,,7.475,7.9,1.0,1.25,7.0,1.75,6.6,7.54,0.0,2.0,3.2,3.0,6.8,7.0,1.0,1.0,0.0,0.0,7.9,8.7,7.7,8.4,7.7,8.1,0.517,0.632
PL-2024-25-12436581,Jornada 36,2025-05-10,Wolves,1,Brighton,0,2,0.0,0.0,10,3,5,2,0,,,1.0,1.0,,,,,,1.0,7,0.0,10,51,,25,56,86.7,458,528,,,20,,,,12,,,,16.0,4,25,,9,,,17,11,6,,26,2,0.0,0,0.0,,,,,1.0,,,1.0,,8,,,2.0,0.0,7,2,4,1,0,,,0.0,4.0,,,,,,2.0,4,1.0,7,45,,15,44,83.8,352,420,,,19,,,,7,,,,26.7,4,15,,11,,,25,15,10,,30,0,0.0,1,4.0,,,,,0.0,,,1.0,,12,,,6.84,7.15,3-4-2-1,4-2-3-1,3.0,4.0,6.6,7.7,0.0,4.0,-0.924,0.624,6.92,7.225,1.6,3.5,3.8,4.25,6.8,6.96,0.5,0.8,4.0,5.0,6.8,7.2,2.0,1.0,0.0,1.0,7.4,8.2,7.3,7.7,7.1,7.6,0.326,0.494
PL-2024-25-12436570,Jornada 36,2025-05-10,Bournemouth,1,Aston Villa,0,1,0.0,0.0,10,4,3,3,0,,,0.0,2.0,,,,,,2.0,10,2.0,9,79,,27,66,86.9,425,489,,,23,,,,12,,,,16.1,5,31,,4,,,16,8,8,,33,1,0.0,0,2.0,,,,,1.0,,,4.0,0.0,19,,,1.0,0.0,6,3,3,0,1,,,0.0,2.0,,,,,,2.0,0,0.0,3,53,,15,34,68.9,175,254,,,16,,,,19,,,,25.0,2,8,,5,,,13,8,5,,23,0,0.0,1,4.0,,,,,4.0,,,5.0,1.0,12,,,6.86,7.05,4-2-3-1,4-2-3-1,4.0,4.0,7.2,8.3,2.0,4.0,0.327,0.701,6.95,7.15,2.0,1.5,5.25,4.0,6.68,6.74,0.8,0.4,3.8,3.0,7.1,7.0,2.0,1.0,0.0,1.0,7.5,8.3,7.2,7.5,7.2,7.4,0.418,0.492
PL-2024-25-12436573,Jornada 36,2025-05-11,Newcastle,1,Chelsea,2,0,1.0,1.0,15,6,6,3,0,,,0.0,0.0,,,,,,2.0,2,,5,47,,38,45,84.1,345,410,,,20,,,,13,,,,50.0,5,10,,4,,,10,7,3,,27,0,0.0,1,3.0,,,,,2.0,,,4.0,0.0,9,,,0.0,0.0,10,3,3,4,0,,,1.0,3.0,,,,,,1.0,8,,13,60,,23,55,87.0,436,501,,,28,,,,9,,,,13.0,3,23,,5,,,15,7,8,,16,2,0.0,0,4.0,,,,,0.0,,,2.0,1.0,13,,,7.35,6.72,3-4-2-1,4-2-3-1,3.0,4.0,7.5,6.9,3.0,4.0,0.477,-0.2,7.375,6.9,1.25,2.0,4.0,2.667,7.85,6.833,1.5,1.0,4.0,3.0,7.025,5.3,2.25,0.0,0.0,0.0,8.0,7.5,7.7,7.3,7.7,7.0,0.405,0.559
PL-2024-25-12436569,Jornada 36,2025-05-11,Man United,1,West Ham,0,2,0.0,0.0,20,5,11,4,0,,,0.0,9.0,,,,,,4.0,8,0.0,2,60,,35,52,90.3,455,504,,,30,,,,13,,,,32.3,10,31,,3,,,21,11,10,,13,2,0.0,0,2.0,,,,,0.0,,1.0,0.0,,3,,,2.0,0.0,9,4,3,2,0,,,0.0,1.0,,,,,,4.0,5,2.0,7,29,,19,48,85.8,406,473,,,14,,,,3,,,,20.0,3,15,,8,,,20,13,7,,20,0,0.0,1,5.0,,,,,1.0,,0.0,1.0,,13,,,6.87,7.24,3-4-2-1,3-4-1-2,3.0,3.0,6.6,8.1,2.0,5.0,0.976,1.222,6.767,7.12,3.333,2.2,1.333,2.4,6.95,7.18,1.0,0.6,5.75,3.0,6.967,,2.667,,0.0,,8.1,8.1,7.7,7.8,7.2,7.6,0.579,0.429
PL-2024-25-12436574,Jornada 36,2025-05-11,Nottm Forest,1,Leicester,2,2,2.0,0.0,15,4,6,5,0,,,0.0,6.0,,,,,,4.0,4,1.0,4,53,,18,56,85.0,368,433,,,16,,,,11,,,,29.6,8,27,,4,,,17,8,9,,25,2,0.0,0,4.0,,,,,0.0,,1.0,3.0,,11,,,2.0,0.0,10,6,4,0,0,,,2.0,1.0,,,,,,4.0,4,2.0,7,42,,21,44,79.5,276,347,,,13,,,,11,,,,33.3,5,15,,6,,,11,7,4,,33,2,0.0,0,2.0,,,,,2.0,,1.0,3.0,,11,,,6.96,6.69,4-2-3-1,4-2-3-1,4.0,4.0,6.8,6.6,4.0,2.0,0.438,-0.278,6.475,6.7,1.25,0.75,4.0,5.5,7.225,6.675,1.0,1.0,3.5,3.25,7.5,6.75,3.0,0.5,0.5,0.0,8.3,7.0,7.7,7.0,7.3,6.9,0.59,0.223
PL-2024-25-12436583,Jornada 36,2025-05-11,Tottenham,1,Crystal Palace,0,2,0.0,0.0,8,1,2,5,0,,,0.0,0.0,,,,,,1.0,4,2.0,7,41,,16,47,77.0,285,370,,,14,,,,10,,,,15.4,2,13,,7,,,21,12,9,,27,2,0.0,0,8.0,,,,,2.0,,,1.0,,12,,,2.0,0.0,23,10,6,7,1,,,0.0,6.0,,,,,,9.0,8,3.0,3,50,,34,53,81.8,333,407,,,23,,,,12,,,,37.5,9,24,,11,,,17,8,9,,16,0,0.0,1,1.0,,,,,1.0,,,1.0,,10,,,6.94,7.42,4-3-3,3-4-2-1,4.0,3.0,8.9,7.1,8.0,1.0,1.744,0.021,6.8,7.467,2.0,1.667,4.0,3.0,6.525,7.52,0.0,2.0,3.25,4.2,7.05,7.25,0.5,4.0,0.0,0.0,8.9,9.0,7.6,8.3,7.0,7.7,0.702,0.648
PL-2024-25-12436568,Jornada 36,2025-05-11,Liverpool,1,Arsenal,2,2,2.0,0.0,14,5,8,1,0,,,1.0,3.0,,,,,,4.0,3,3.0,2,41,,36,44,82.3,292,355,,,17,,,,10,,,,18.2,2,11,,4,,,16,10,6,,16,2,0.0,0,4.0,,,,,0.0,,,1.0,0.0,13,,,2.0,0.0,15,7,4,4,1,,,2.0,2.0,,,,,,4.0,1,1.0,8,48,,36,56,85.9,384,447,,,14,,,,13,,,,35.7,5,14,,5,,,20,12,8,,17,2,0.0,0,3.0,,,,,1.0,,,3.0,1.0,10,,,6.85,7.06,4-2-3-1,4-3-3,4.0,4.0,6.9,6.9,4.0,3.0,0.474,0.701,6.725,6.725,1.25,2.0,3.25,3.25,6.933,7.133,1.333,1.333,3.833,4.333,,7.5,,2.667,,0.333,7.3,7.9,7.1,7.5,7.0,7.4,0.261,0.394
PL-2024-25-12436577,Jornada 37,2025-05-16,Aston Villa,1,Tottenham,2,0,2.0,0.0,18,7,7,4,0,,,1.0,6.0,,,,,,3.0,9,1.0,12,63,,40,68,89.8,522,581,,,14,,,,12,,,,14.3,4,28,,3,,,16,14,2,,9,0,0.0,1,1.0,,,,,2.0,,,1.0,,5,,,0.0,0.0,3,1,1,1,0,,,0.0,0.0,,,,,,1.0,1,0.0,4,30,,8,32,80.1,217,271,,,10,,,,5,,,,11.1,1,9,,13,,,9,4,5,,35,2,0.0,0,5.0,,,,,5.0,,,2.0,,12,,,7.59,6.58,4-2-3-1,4-2-3-1,4.0,4.0,7.3,7.8,1.0,5.0,0.157,0.22,7.675,6.45,1.75,0.75,2.25,4.75,7.66,6.75,1.8,0.0,2.6,2.5,7.2,6.325,3.0,0.5,0.0,0.0,8.4,7.8,8.1,6.8,7.8,6.8,0.375,0.441
PL-2024-25-12436582,Jornada 37,2025-05-16,Chelsea,1,Man United,1,0,1.0,0.0,11,3,4,4,1,,,1.0,4.0,,,,,,3.0,7,3.0,7,55,,16,47,80.6,325,403,,,17,,,,14,,,,7.7,1,13,,5,,,18,15,3,,15,0,0.0,1,1.0,,,,,2.0,,,1.0,,10,,,0.0,0.0,4,1,3,0,0,,,0.0,0.0,,,,,,0.0,2,2.0,4,47,,14,53,80.9,381,471,,,38,,,,10,,,,11.1,1,9,,4,,,23,13,10,,13,1,0.0,0,2.0,,,,,1.0,,,6.0,,14,,,7.05,6.79,4-2-3-1,3-4-2-1,4.0,3.0,7.1,7.2,1.0,2.0,0.165,-0.175,7.425,6.725,2.0,1.25,3.25,1.75,6.84,6.867,0.8,0.333,5.8,5.667,6.5,6.667,0.0,1.0,0.0,0.0,7.9,7.2,7.7,7.1,7.5,7.0,0.519,0.268
PL-2024-25-12436579,Jornada 37,2025-05-18,Everton,1,Southampton,2,0,2.0,0.0,13,5,5,3,0,,,0.0,0.0,,,,,,4.0,4,2.0,5,58,,33,50,86.9,439,505,,,31,,,,10,,,,30.0,6,20,,11,,,25,17,8,,19,0,0.0,1,2.0,,,,,0.0,,,1.0,,6,,,0.0,0.0,6,2,3,1,1,,,0.0,1.0,,,,,,2.0,5,1.0,12,33,,17,50,86.6,441,509,,,12,,,,6,,,,18.2,2,11,,8,,,18,11,7,,30,2,0.0,0,2.0,,,,,1.0,,,1.0,,10,,,7.35,6.62,4-2-3-1,3-4-2-1,4.0,3.0,7.2,6.1,2.0,2.0,1.217,0.646,7.35,6.925,1.75,2.0,2.75,5.5,7.5,6.54,1.0,0.0,3.8,2.8,6.8,6.3,3.0,0.0,0.0,0.0,9.2,7.4,8.3,7.0,7.3,6.8,0.723,0.361
PL-2024-25-12436533,Jornada 37,2025-05-18,West Ham,1,Nottm Forest,1,2,1.0,0.0,16,5,5,6,0,,,0.0,3.0,,,,,,0.0,8,0.0,11,67,,31,61,87.0,434,499,,,26,,,,7,,,,25.0,7,28,,7,,,19,14,5,,29,2,0.0,0,3.0,,,,,2.0,,0.0,6.0,,14,,,2.0,0.0,10,5,2,3,1,,,1.0,2.0,,,,,,4.0,7,2.0,2,56,,29,39,78.5,256,326,,,19,,,,14,,,,28.6,6,21,,17,,,33,19,14,,43,1,0.0,0,4.0,,,,,0.0,,1.0,3.0,,7,,,6.8,7.25,3-4-1-2,4-3-1-2,3.0,4.0,6.3,7.4,3.0,4.0,0.576,0.056,6.86,7.45,1.6,3.0,3.4,6.75,6.84,7.2,0.4,0.5,2.8,4.75,,6.9,,1.5,,0.0,7.1,8.1,7.0,7.8,7.0,7.8,0.209,0.446
PL-2024-25-12436586,Jornada 37,2025-05-18,Brentford,1,Fulham,2,3,2.0,0.0,11,6,3,2,0,,,0.0,1.0,,,,,,4.0,5,,8,66,,36,51,78.1,292,374,,,24,,,,7,,,,21.1,4,19,,5,,,11,7,4,,15,3,0.0,0,4.0,,,0.0,,,,0.0,4.0,,12,,,2.0,1.0,16,7,0,9,0,,,2.0,4.0,,,,,,2.0,3,,5,47,,19,49,84.6,314,371,,,22,,,,12,,,,27.8,5,18,,6,,,19,13,6,,36,2,0.0,0,3.0,,,1.0,,,,1.0,4.0,,8,,,6.86,6.88,4-2-3-1,4-2-3-1,4.0,4.0,6.8,7.4,4.0,3.0,-1.13,0.698,6.425,6.9,0.75,2.25,2.0,6.25,7.1,6.475,0.25,1.0,5.75,3.0,7.3,7.4,2.5,3.0,1.0,0.5,7.8,7.7,7.3,7.5,7.2,7.4,0.452,0.484
PL-2024-25-12436534,Jornada 37,2025-05-18,Leicester,1,Ipswich,2,0,2.0,0.0,9,3,4,2,1,,,0.0,1.0,,,,,,0.0,2,0.0,6,41,,11,51,84.3,387,459,,,19,,,,12,,,,,0,8,,9,,,25,18,7,,16,0,0.0,1,2.0,,,,,0.0,,,1.0,,15,,,0.0,0.0,20,2,9,9,1,,,0.0,4.0,,,,,,1.0,2,4.0,11,48,,31,49,85.8,368,429,,,12,,,,15,,,,50.0,7,14,,3,,,13,10,3,,13,2,0.0,0,1.0,,,,,1.0,,,0.0,,12,,,7.14,6.79,4-2-3-1,4-2-3-1,4.0,4.0,6.5,6.3,2.0,1.0,0.343,-1.154,7.25,6.9,2.25,1.0,2.25,2.75,7.15,6.9,1.25,2.4,4.0,4.0,7.2,6.3,2.0,2.0,0.5,0.0,7.5,7.4,7.5,7.4,7.5,7.2,0.342,0.419
PL-2024-25-12436585,Jornada 37,2025-05-18,Arsenal,1,Newcastle,1,0,0.0,1.0,12,4,3,5,0,,,1.0,3.0,,,,,,1.0,10,,8,56,,32,51,82.6,337,408,,,18,,,,9,,,,33.3,5,15,,6,,,17,9,8,,30,0,0.0,1,5.0,,,,,2.0,,1.0,3.0,,9,,,0.0,0.0,14,5,3,6,0,,,1.0,3.0,,,,,,3.0,7,,4,45,,32,49,82.7,307,371,,,19,,,,9,,,,14.8,4,27,,6,,,20,12,8,,26,1,0.0,0,3.0,,,,,0.0,,0.0,3.0,,9,,,7.35,6.89,4-3-3,3-4-2-1,4.0,3.0,8.1,6.7,5.0,3.0,1.941,0.346,7.3,7.05,1.25,1.0,4.75,4.5,7.4,7.35,1.667,2.0,4.0,7.0,7.133,6.55,1.667,0.75,0.0,0.0,8.3,7.5,8.1,7.2,7.8,7.1,0.538,0.363
PL-2024-25-12436590,Jornada 37,2025-05-19,Brighton,1,Liverpool,3,2,2.0,1.0,25,12,9,4,0,,,4.0,3.0,,,,,,2.0,3,2.0,8,46,,60,49,87.2,388,445,,,24,,,,8,,,,21.7,5,23,,7,,,27,13,14,,14,2,0.0,0,3.0,,,,,1.0,,0.0,1.0,,9,,,2.0,0.0,18,5,6,7,0,,,1.0,5.0,,,,,,3.0,3,1.0,8,36,,45,51,87.1,411,472,,,22,,,,9,,,,14.3,1,7,,8,,,9,2,7,,24,3,0.0,0,9.0,,,,,1.0,,1.0,0.0,,8,,,7.25,6.96,4-2-3-1,4-2-3-1,4.0,4.0,6.7,8.1,3.0,9.0,-0.507,0.982,7.1,6.625,3.333,0.75,3.0,4.25,7.333,7.08,1.667,1.6,3.833,2.6,7.7,6.6,6.0,1.0,0.0,0.0,8.3,8.3,8.2,8.1,7.7,7.5,0.602,0.729
PL-2024-25-12436592,Jornada 37,2025-05-20,Crystal Palace,1,Wolves,4,2,3.0,1.0,14,10,4,0,0,,,1.0,1.0,,,,,,2.0,0,2.0,2,41,,19,31,73.8,208,282,,,15,,,,8,,,,50.0,2,4,,6,,,22,13,9,,30,2,0.0,0,1.0,,,,,1.0,,,1.0,,14,,,2.0,0.0,12,3,3,6,0,,,0.0,4.0,,,,,,2.0,9,0.0,7,64,,21,69,87.2,538,617,,,17,,,,14,,,,27.8,5,18,,2,,,18,9,9,,16,4,0.0,0,6.0,,,,,0.0,,,2.0,,8,,,6.95,6.8,3-4-2-1,3-4-2-1,3.0,3.0,6.3,6.9,1.0,6.0,0.012,-0.406,6.75,6.625,1.5,1.25,5.25,3.25,7.025,6.68,1.0,0.6,4.25,2.6,7.55,8.0,2.5,1.0,1.0,1.0,8.1,8.0,7.9,7.2,7.9,7.1,0.684,0.469
PL-2024-25-13854588,Jornada 37,2025-05-20,Man City,1,Bournemouth,3,1,2.0,1.0,12,5,5,2,1,,,1.0,5.0,,,,,,3.0,3,2.0,3,56,,21,57,90.3,550,609,,,23,,,,13,,,,28.6,2,7,,7,,,8,3,5,,19,1,0.0,0,1.0,,,,,2.0,,0.0,1.0,1.0,7,,,1.0,0.0,8,2,4,2,1,,,0.0,2.0,,,,,,2.0,1,3.0,4,57,,17,43,85.7,378,441,,,24,,,,7,,,,33.3,6,18,,5,,,10,5,5,,25,3,0.0,0,2.0,,,,,0.0,,1.0,3.0,1.0,13,,,7.04,6.52,4-2-3-1,4-2-3-1,4.0,4.0,6.6,6.3,1.0,2.0,-0.15,-1.516,6.75,6.55,1.25,1.25,2.75,4.75,7.425,6.48,1.5,0.2,3.25,3.0,7.05,6.8,2.0,2.0,0.5,0.0,8.0,6.9,7.6,6.8,7.3,6.7,0.418,0.244
PL-2024-25-12436536,Jornada 38,2025-05-25,Bournemouth,1,Leicester,2,0,1.0,1.0,20,7,7,6,0,,,3.0,6.0,,,,,,3.0,6,2.0,10,63,,52,63,82.3,409,497,,,16,,,,16,,,,31.8,7,22,,7,,,15,9,6,,11,0,0.0,1,0.0,,,,,1.0,,0.0,0.0,,19,,,0.0,0.0,3,0,3,0,0,,,0.0,1.0,,,,,,0.0,1,2.0,5,38,,12,37,74.4,224,301,,,15,,,,19,,,,25.0,2,8,,6,,,18,12,6,,30,2,0.0,0,5.0,,,,,1.0,,1.0,2.0,,16,,,7.38,6.69,4-2-3-1,4-2-3-1,4.0,4.0,6.7,7.1,0.0,5.0,,0.1,7.375,6.78,1.5,1.8,2.0,5.0,7.66,6.533,1.8,0.0,4.0,4.0,6.7,6.5,2.0,1.0,0.0,0.0,8.4,7.6,8.4,7.1,7.9,6.8,0.572,0.401
PL-2024-25-12436559,Jornada 38,2025-05-25,Fulham,1,Man City,0,2,0.0,0.0,13,3,6,4,0,,,0.0,2.0,,,,,,4.0,1,2.0,7,43,,32,47,84.7,375,443,,,32,,,,5,,,,41.7,5,12,,11,,,18,8,10,,29,2,0.0,0,3.0,,,,,1.0,,,,,11,,,2.0,0.0,20,5,7,8,0,,,1.0,3.0,,,,,,3.0,6,0.0,7,57,,46,53,85.7,424,495,,,36,,,,10,,,,16.7,3,18,,13,,,14,9,5,,14,0,0.0,1,3.0,,,,,0.0,,,,,5,,,6.71,7.51,4-2-3-1,4-2-3-1,4.0,4.0,7.0,7.7,3.0,3.0,0.639,1.331,6.85,7.6,2.0,1.25,5.75,2.5,6.7,7.425,0.5,2.5,2.0,3.5,6.3,7.4,1.5,5.0,0.0,0.5,7.3,8.8,7.3,7.9,7.1,7.8,0.417,0.552
PL-2024-25-12436538,Jornada 38,2025-05-25,Ipswich,1,West Ham,1,3,0.0,1.0,14,4,5,5,0,,,1.0,2.0,,,,,,1.0,4,2.0,7,52,,33,41,83.6,347,415,,,18,,,,9,,,,18.2,4,22,,7,,,11,7,4,,25,3,0.0,0,3.0,,,,,1.0,,0.0,1.0,,10,,,2.0,1.0,10,6,1,3,0,,,1.0,1.0,,,,,,1.0,0,1.0,13,62,,16,59,87.2,543,623,,,23,,,,10,,,,22.2,2,9,,9,,,25,11,14,,34,1,0.0,0,3.0,,,,,3.0,,1.0,1.0,,9,,,6.64,7.25,4-2-3-1,3-1-4-2,4.0,3.0,6.5,7.2,3.0,3.0,-0.956,-0.756,6.65,7.06,0.75,2.6,5.75,4.0,6.625,7.6,0.25,1.0,4.25,3.25,6.7,6.8,1.0,1.0,0.5,0.0,7.0,8.8,7.0,7.6,6.9,7.4,0.235,0.566
PL-2024-25-12436548,Jornada 38,2025-05-25,Liverpool,1,Crystal Palace,1,1,1.0,0.0,14,3,7,4,1,,,0.0,2.0,,,,,,4.0,11,1.0,6,98,,35,69,86.7,549,633,,,25,,,,10,,,,14.3,5,35,,12,,,19,9,10,,15,1,0.0,0,4.0,,,,,0.0,,,2.0,1.0,7,,,1.0,0.0,8,5,2,1,1,,,1.0,1.0,,,,,,2.0,0,2.0,8,42,,15,31,70.7,210,297,,,20,,,,7,,,,33.3,2,6,,15,,,18,10,8,,52,1,0.0,0,2.0,,,,,2.0,,,0.0,0.0,10,,,7.14,6.99,4-2-3-1,3-4-2-1,4.0,3.0,7.4,6.8,4.0,2.0,1.329,0.437,7.05,7.15,1.5,1.0,2.5,10.5,7.15,7.067,1.667,0.5,3.667,6.667,,6.7,,2.0,,0.5,8.2,7.8,7.8,7.4,7.7,7.2,0.571,0.373
PL-2024-25-12436540,Jornada 38,2025-05-25,Man United,1,Aston Villa,2,0,2.0,0.0,26,10,14,2,2,,,2.0,10.0,,,,,,3.0,4,5.0,0,66,,55,67,88.3,535,606,,,31,,,,9,,,,31.6,6,19,,7,,,20,15,5,,19,0,0.0,1,1.0,,,,,0.0,,1.0,2.0,0.0,10,,,0.0,0.0,6,1,2,3,0,,,0.0,2.0,,,,,,0.0,3,3.0,10,45,,18,33,72.3,217,300,,,20,,,,10,,,,,0,9,,6,,,9,5,4,,20,2,0.0,0,8.0,,,,,1.0,,1.0,2.0,1.0,10,,,7.56,6.55,3-4-2-1,4-2-3-1,3.0,4.0,7.0,7.0,1.0,5.0,0.038,0.742,7.225,6.325,1.5,1.0,2.0,4.5,8.267,6.64,2.667,0.4,8.0,3.8,7.5,6.5,2.333,0.0,0.333,0.0,9.1,7.1,8.3,7.0,8.2,7.0,0.648,0.505
PL-2024-25-12436541,Jornada 38,2025-05-25,Newcastle,1,Everton,0,1,0.0,0.0,17,6,7,4,0,,,3.0,4.0,,,,,,1.0,12,,5,68,,29,65,87.8,461,525,,,18,,,,9,,,,29.4,10,34,,5,,,11,8,3,,21,1,0.0,0,5.0,,,,,1.0,,1.0,1.0,,12,,,1.0,0.0,14,6,6,2,0,,,3.0,2.0,,,,,,2.0,3,,9,49,,13,35,77.8,224,288,,,26,,,,12,,,,27.3,3,11,,14,,,13,8,5,,25,0,0.0,1,6.0,,,,,4.0,,3.0,4.0,,9,,,7.08,7.37,3-4-3,4-2-3-1,3.0,4.0,7.5,9.0,5.0,6.0,0.127,2.158,7.1,7.25,1.5,1.5,4.5,3.75,7.55,7.375,3.0,0.0,6.5,5.0,6.725,6.8,1.25,2.0,0.0,0.0,8.1,9.0,7.5,7.8,7.2,7.6,0.406,0.614
PL-2024-25-12436556,Jornada 38,2025-05-25,Nottm Forest,1,Chelsea,0,1,0.0,0.0,10,2,4,4,0,,,1.0,1.0,,,,,,2.0,7,5.0,2,64,,28,52,83.8,352,420,,,21,,,,11,,,,21.2,7,33,,3,,,14,9,5,,22,1,0.0,0,1.0,,,,,0.0,,,2.0,,10,,,1.0,0.0,6,2,2,2,0,,,0.0,2.0,,,,,,3.0,4,1.0,4,57,,11,48,80.0,327,409,,,13,,,,10,,,,9.1,1,11,,4,,,15,10,5,,36,0,0.0,1,2.0,,,,,5.0,,,2.0,,11,,,6.75,7.04,4-3-1-2,4-2-3-1,4.0,4.0,7.0,7.2,1.0,2.0,0.11,0.118,6.675,7.325,1.75,1.0,3.5,6.75,6.85,6.817,0.25,0.833,2.75,3.667,6.6,,2.5,,0.0,,7.1,7.7,7.1,7.3,7.1,7.3,0.337,0.372
PL-2024-25-12436549,Jornada 38,2025-05-25,Southampton,1,Arsenal,1,2,1.0,0.0,7,2,2,3,0,,,0.0,2.0,,,,,,0.0,5,1.0,14,39,,17,38,82.0,278,339,,,17,,,,8,,,,27.3,3,11,,6,,,18,9,9,,34,2,0.0,0,6.0,,,,,1.0,,1.0,,,7,,,1.0,1.0,23,8,5,10,1,,,1.0,5.0,,,,,,4.0,8,1.0,10,67,,38,62,91.2,486,533,,,14,,,,7,,,,20.7,6,29,,2,,,18,4,14,,23,1,0.0,0,1.0,,,,,2.0,,1.0,,,8,,,7.07,7.18,5-4-1,4-2-3-1,5.0,4.0,7.4,6.8,6.0,1.0,-0.586,-0.008,7.075,7.375,1.5,2.0,6.75,3.25,6.9,7.075,1.0,2.25,4.0,4.25,7.133,7.2,1.667,2.5,0.333,0.0,7.7,8.2,7.5,7.4,7.4,7.4,0.405,0.432
PL-2024-25-12436557,Jornada 38,2025-05-25,Tottenham,1,Brighton,1,4,1.0,0.0,4,2,1,1,0,,,0.0,0.0,,,,,,3.0,2,1.0,4,26,,10,33,76.4,207,271,,,15,,,,7,,,,,0,5,,11,,,13,7,6,,39,4,0.0,0,4.0,,,,,1.0,,,3.0,,13,,,3.0,1.0,23,8,7,8,1,,,0.0,4.0,,,,,,5.0,11,2.0,10,67,,47,67,89.0,485,545,,,13,,,,12,,,,36.4,12,33,,7,,,18,16,2,,7,1,0.0,0,1.0,,,,,0.0,,,1.0,,8,,,6.46,7.28,4-3-3,4-4-2,4.0,4.0,6.6,6.8,4.0,1.0,0.09,0.549,6.325,7.3,1.0,2.0,5.25,1.5,6.4,7.35,0.333,1.333,3.667,3.5,6.667,,1.333,,0.333,,7.1,8.9,6.9,7.7,6.6,7.5,0.367,0.619
PL-2024-25-12436542,Jornada 38,2025-05-25,Wolves,1,Brentford,1,1,0.0,1.0,18,6,8,4,0,,,2.0,6.0,,,,,,1.0,8,3.0,14,54,,32,49,81.9,339,414,,,20,,,,9,,,,20.0,4,20,,5,,,25,16,9,,23,1,0.0,0,6.0,,,,,2.0,,,2.0,,7,,,1.0,0.0,13,7,5,1,0,,,1.0,1.0,,,,,,3.0,3,1.0,3,54,,27,51,84.4,383,454,,,28,,,,7,,,,30.8,4,13,,6,,,23,13,10,,21,1,0.0,0,5.0,,,,,1.0,,,1.0,,9,,,7.21,7.03,3-4-2-1,4-2-3-1,3.0,4.0,7.9,7.3,6.0,5.0,0.844,-0.459,6.92,6.9,1.8,1.75,4.0,3.5,7.4,7.05,1.75,0.75,5.0,6.25,7.2,7.1,8.0,2.5,0.0,0.5,7.9,7.9,7.7,7.4,7.7,7.3,0.41,0.374
