Partido_id,Fase,Fecha,Equipo1,Es_Local_E1,Equipo2,EQUIPO1_GOLES,EQUIPO2_GOLES,Goles_dentro_area_E1,Goles_Fuera_Area_E1,Disparos_totales_E1,Disparos_a_puerta_E1,Disparos_fuera_E1,Disparo_Bloqueados_E1,Disparos_Al palo_E1,Disparos_Larguero_E1,Disparos_Poste_E1,Disparos_a_puerta_fuera_del_area_E1,Disparos_fuera_desde_fuera_del_area_E1,Asistencias_E1,Penaltis_marcados_E1,Penaltis_fallados_E1,Penaltis_forzados_E1,Ataques_E1,Oportunidades_claras_E1,Saques_de_esquina_sacados_E1,Fueras_de_juego_E1,Regates_E1,Ataques_tercio_ofensivo_E1,Ataques_zonas_clave_E1,Carreras_hacia_el_area_E1,Posesion_E1,Precision_pase_E1,Pases_completados_E1,Pases_realizados_E1,Pases_cortos_completados_E1,Pases_media_distancia_completados_E1,Pases_en_largo_completados_E1,Pases_completados_atras_E1,Pases_completadosa_izquierda_E1,Pases_completados_derecha_E1,Libres_directos_sacados_E1,Centros__tercio_ofensivo_E1,Pases_zonas_clave_E1,Pases_al_area_E1,Precision_en_el_centro_E1,Centros_completados_E1,Centros_realizados_E1,Tiempo_de_posesion_E1,Balones_recuperados_E1,Bloqueos_E1,Penaltis_cometidos_E1,Entradas_E1,Entradas_con_exito_E1,Entradas_perdidas_E1,Despejes_completados_E1,Despejes_realizados_E1,goles_encajados_E1,Goles_encajados_propia_puerta_E1,Porterias_a_cero_E1,Paradas_E1,Paradas_en_libres_directo_E1,Paradas-tras_libre_indirecto_E1,Penaltis_parados_E1,Balones_blocados_E1,Balones_blocados_por arriba_E1,Balones_blocados_por_abajo_E1,Despejes_de_puños_E1,Tarjetas_amarillas_E1,Tarjetas_rojas_E1,Faltas_cometidas_E1,Faltas_cometidas_tercio_def_E1,Faltas_cometidas_en_campo_propio_E1,Goles_dentro_area_E2,Goles_Fuera_Area_E2,Disparos_totales_E2,Disparos_a_puerta_E2,Disparos_fuera_E2,Disparo_Bloqueados_E2,Disparos_Al palo_E2,Disparos_Larguero_E2,Disparos_Poste_E2,Disparos_a_puerta_fuera_del_area_E2,Disparos_fuera_desde_fuera_del_area_E2,Asistencias_E2,Penaltis_marcados_E2,Penaltis_fallados_E2,Penaltis_forzados_E2,Ataques_E2,Oportunidades_claras_E2,Saques_de_esquina_sacados_E2,Fueras_de_juego_E2,Regates_E2,Ataques_tercio_ofensivo_E2,Ataques_zonas_clave_E2,Carreras_hacia_el_area_E2,Posesion_E2,Precision_pase_E2,Pases_completados_E2,Pases_realizados_E2,Pases_cortos_completados_E2,Pases_media_distancia_completados_E2,Pases_en_largo_completados_E2,Pases_completados_atras_E2,Pases_completadosa_izquierda_E2,Pases_completados_derecha_E2,Libres_directos_sacados_E2,Centros__tercio_ofensivo_E2,Pases_zonas_clave_E2,Pases_al_area_E2,Precision_en_el_centro_E2,Centros_completados_E2,Centros_realizados_E2,Tiempo_de_posesion_E2,Balones_recuperados_E2,Bloqueos_E2,Penaltis_cometidos_E2,Entradas_E2,Entradas_con_exito_E2,Entradas_perdidas_E2,Despejes_completados_E2,Despejes_realizados_E2,goles_encajados_E2,Goles_encajados_propia_puerta_E2,Porterias_a_cero_E2,Paradas_E2,Paradas_en_libres_directo_E2,Paradas-tras_libre_indirecto_E2,Penaltis_parados_E2,Balones_blocados_E2,Balones_blocados_por arriba_E2,Balones_blocados_por_abajo_E2,Despejes_de_puños_E2,Tarjetas_amarillas_E2,Tarjetas_rojas_E2,Faltas_cometidas_E2,Faltas_cometidas_tercio_def_E2,Faltas_cometidas_en_campo_propio_E2,media11_titular_E1,media11_titular_E2,Formacion_E1,Formacion_E2,Formacion_Def_E1,Formacion_Def_E2,GK_Rating_E1,GK_Rating_E2,GK_Saves_E1,GK_Saves_E2,GK_GoalsPrevented_E1,GK_GoalsPrevented_E2,Def_Avg_Rating_E1,Def_Avg_Rating_E2,Def_Avg_Tackles_E1,Def_Avg_Tackles_E2,Def_Avg_Clearances_E1,Def_Avg_Clearances_E2,Mid_Avg_Rating_E1,Mid_Avg_Rating_E2,Mid_Avg_KeyPasses_E1,Mid_Avg_KeyPasses_E2,Mid_Avg_Recovery_E1,Mid_Avg_Recovery_E2,Fwd_Avg_Rating_E1,Fwd_Avg_Rating_E2,Fwd_Avg_Shots_E1,Fwd_Avg_Shots_E2,Fwd_Avg_Goals_E1,Fwd_Avg_Goals_E2,Top1_Rating_E1,Top1_Rating_E2,Top2_Rating_E1,Top2_Rating_E2,Top3_Rating_E1,Top3_Rating_E2,Rating_Std_E1,Rating_Std_E2
PL-2025-26-14025013,Jornada 1,2025-08-15,Liverpool,1,Bournemouth,4,2,4.0,0.0,19,10,7,2,0,,,2.0,2.0,,,,,,3.0,6,2.0,8,61,,36,61,82.0,401,489,,,29,,,,10,,,,29.4,5,17,,4,,,16,13,3,,41,2,0.0,0,1.0,,,,,1.0,,2.0,1.0,,7,,,1.0,1.0,10,3,4,3,0,,,0.0,1.0,,,,,,3.0,7,2.0,8,45,,28,39,69.9,209,299,,,24,,,,7,,,,25.0,5,20,,11,,,20,12,8,,45,4,0.0,0,6.0,,,,,2.0,,1.0,2.0,,10,,,7.22,6.62,4-2-3-1,4-1-4-1,4.0,4.0,6.2,7.4,1.0,6.0,-1.185,-0.954,6.925,6.0,0.75,2.0,7.5,6.75,7.5,7.06,2.2,0.8,5.6,5.2,8.0,6.1,4.0,3.0,1.0,0.0,8.7,8.7,8.4,7.4,8.0,6.7,0.791,0.791
PL-2025-26-14025016,Jornada 1,2025-08-16,Aston Villa,1,Newcastle,0,0,0.0,0.0,3,3,0,0,0,,,0.0,0.0,,,,,,1.0,3,2.0,9,46,,14,40,73.2,227,310,,,17,,,,11,,,,27.3,3,11,,10,,,11,5,6,,20,0,0.0,1,3.0,,,,,3.0,,1.0,1.0,1.0,13,,,0.0,0.0,16,3,6,7,0,,,2.0,6.0,,,,,,2.0,6,1.0,2,55,,33,60,83.4,376,451,,,21,,,,13,,,,23.1,6,26,,12,,,10,8,2,,22,0,0.0,1,3.0,,,,,3.0,,0.0,1.0,0.0,11,,,6.92,7.03,4-2-3-1,4-3-3,4.0,4.0,6.9,7.6,3.0,3.0,0.644,0.204,6.95,7.3,1.0,1.0,3.0,4.5,6.94,6.767,0.4,1.0,5.4,5.0,6.7,6.733,1.0,4.0,0.0,0.0,7.7,7.9,7.6,7.6,7.3,7.2,0.413,0.455
PL-2025-26-14025020,Jornada 1,2025-08-16,Brighton,1,Fulham,1,1,1.0,0.0,10,4,5,1,0,,,2.0,2.0,,,,,,2.0,4,3.0,4,47,,25,50,87.6,374,427,,,28,,,,14,,,,36.4,4,11,,9,,,19,9,10,,27,1,0.0,0,1.0,,,,,1.0,,,3.0,,16,,,1.0,0.0,7,2,4,1,0,,,0.0,2.0,,,,,,1.0,3,2.0,5,49,,19,50,82.5,349,423,,,29,,,,16,,,,21.4,3,14,,2,,,15,8,7,,15,1,0.0,0,3.0,,,,,2.0,,,3.0,,15,,,6.99,6.63,4-2-3-1,4-2-3-1,4.0,4.0,6.3,6.9,1.0,3.0,-0.269,0.021,7.275,6.875,2.25,2.25,5.75,2.75,6.917,6.56,0.667,1.0,2.667,2.4,,5.7,,2.0,,0.0,8.2,7.4,7.4,7.2,7.3,7.0,0.54,0.473
PL-2025-26-14025038,Jornada 1,2025-08-16,Sunderland,1,West Ham,3,0,3.0,0.0,10,5,4,1,0,,,0.0,1.0,,,,,,2.0,5,,1,48,,15,37,77.4,250,323,,,18,,,,10,,,,29.4,5,17,,9,,,14,5,9,,32,0,0.0,1,4.0,,,,,1.0,,3.0,0.0,,8,,,0.0,0.0,12,4,2,6,0,,,0.0,5.0,,,,,,0.0,7,,7,78,,28,63,85.1,468,550,,,26,,,,8,,,,19.2,5,26,,4,,,12,7,5,,16,3,0.0,0,2.0,,,,,1.0,,1.0,1.0,,10,,,7.12,6.51,4-3-3,3-4-1-2,4.0,3.0,7.1,6.1,4.0,2.0,0.368,-1.359,7.675,6.6,1.75,1.4,4.75,2.8,6.62,6.75,0.8,0.25,2.0,4.25,7.4,5.5,2.0,2.0,1.0,0.0,9.3,7.1,7.4,6.9,7.3,6.7,0.759,0.408
PL-2025-26-14025047,Jornada 1,2025-08-16,Tottenham,1,Burnley,3,0,3.0,0.0,16,6,9,1,0,,,0.0,4.0,,,,,,2.0,6,0.0,11,58,,26,67,88.3,451,511,,,20,,,,8,,,,29.6,8,27,,1,,,12,9,3,,26,0,0.0,1,4.0,,,,,0.0,,1.0,,,14,,,0.0,0.0,14,4,7,3,0,,,2.0,5.0,,,,,,0.0,5,4.0,7,34,,25,33,73.6,181,246,,,18,,,,14,,,,21.4,3,14,,7,,,6,2,4,,25,3,0.0,0,3.0,,,,,3.0,,0.0,,,8,,,7.65,6.39,4-3-3,5-4-1,4.0,5.0,8.0,6.5,4.0,3.0,1.069,-0.393,7.2,6.04,0.75,0.2,3.0,3.6,7.55,6.7,1.5,2.0,3.25,3.0,8.6,6.8,3.5,2.0,1.5,0.0,9.5,7.0,8.8,6.8,8.0,6.8,0.822,0.368
PL-2025-26-14025050,Jornada 1,2025-08-16,Wolves,1,Man City,0,4,0.0,0.0,9,3,3,3,0,,,0.0,3.0,,,,,,0.0,4,4.0,5,46,,19,42,82.7,326,394,,,24,,,,7,,,,20.0,4,20,,6,,,25,17,8,,20,4,0.0,0,0.0,,,,,1.0,,0.0,1.0,,13,,,3.0,1.0,15,4,7,4,0,,,0.0,6.0,,,,,,3.0,5,0.0,14,48,,28,58,90.6,510,563,,,13,,,,13,,,,30.0,6,20,,7,,,18,11,7,,22,0,0.0,1,3.0,,,,,1.0,,1.0,2.0,,7,,,6.32,7.5,3-4-3,4-3-3,3.0,4.0,5.8,7.4,0.0,3.0,-1.732,0.736,6.06,7.55,2.0,1.75,2.8,3.25,6.7,7.28,0.5,1.6,3.5,2.8,6.6,8.5,4.0,6.0,0.0,2.0,6.9,8.5,6.7,7.8,6.6,7.7,0.428,0.497
PL-2025-26-14025053,Jornada 1,2025-08-17,Chelsea,1,Crystal Palace,0,0,0.0,0.0,19,3,7,9,0,,,0.0,8.0,,,,,,2.0,11,,12,62,,31,72,89.8,510,568,,,21,,,,12,,,,20.7,6,29,,11,,,13,6,7,,19,0,0.0,1,4.0,,,,,,,1.0,2.0,,10,,,0.0,0.0,11,4,3,4,0,,,3.0,4.0,,,,,,1.0,2,,5,28,,8,28,74.3,168,226,,,18,,,,10,,,,,0,11,,7,,,16,13,3,,41,0,0.0,1,2.0,,,,,,,0.0,3.0,,12,,,7.06,7.02,4-2-3-1,3-4-2-1,4.0,3.0,6.8,7.4,4.0,2.0,0.261,0.654,7.475,7.267,1.25,2.0,3.5,5.333,7.02,6.92,1.2,0.4,2.0,3.8,5.9,6.7,2.0,1.5,0.0,0.0,7.8,7.4,7.7,7.4,7.5,7.4,0.536,0.31
PL-2025-26-14025028,Jornada 1,2025-08-17,Nottm Forest,1,Brentford,3,1,3.0,0.0,11,5,4,2,0,,,2.0,3.0,,,,,,4.0,5,2.0,9,64,,25,54,82.3,343,417,,,18,,,,15,,,,20.8,5,24,,9,,,12,7,5,,24,1,0.0,0,2.0,,,,,2.0,,0.0,1.0,,7,,,1.0,0.0,10,3,4,3,0,,,1.0,2.0,,,,,,1.0,5,0.0,7,47,,19,46,78.3,271,346,,,14,,,,6,,,,18.8,3,16,,5,,,20,6,14,,27,3,0.0,0,2.0,,,,,0.0,,3.0,2.0,,15,,,7.16,6.26,4-2-3-1,4-2-3-1,4.0,4.0,6.6,6.1,2.0,2.0,0.47,-0.568,6.925,6.12,1.5,1.4,4.0,3.8,7.06,6.4,1.2,1.0,3.4,4.0,9.2,6.5,2.0,1.5,2.0,0.5,9.2,6.8,7.5,6.7,7.4,6.5,0.716,0.331
PL-2025-26-14025056,Jornada 1,2025-08-17,Man United,1,Arsenal,0,1,0.0,0.0,22,7,7,8,1,,,2.0,5.0,,,,,,0.0,3,1.0,9,54,,36,61,82.7,393,475,,,41,,,,19,,,,20.0,3,15,,4,,,22,11,11,,23,1,0.0,0,2.0,,,,,1.0,,0.0,1.0,,10,,,1.0,0.0,9,3,3,3,0,,,1.0,3.0,,,,,,1.0,4,2.0,9,35,,20,39,74.5,219,294,,,20,,,,10,,,,18.2,2,11,,4,,,18,10,8,,30,0,0.0,1,7.0,,,,,2.0,,1.0,4.0,,19,,,7.0,7.11,3-4-2-1,4-3-3,3.0,4.0,6.4,8.1,2.0,7.0,0.213,0.749,7.0,7.45,1.75,2.0,4.0,4.25,7.3,7.1,2.0,0.333,3.333,5.0,6.9,6.333,3.667,0.667,0.0,0.0,7.8,8.1,7.4,8.1,7.3,7.6,0.359,0.656
PL-2025-26-14025059,Jornada 1,2025-08-18,Leeds,1,Everton,1,0,1.0,0.0,21,3,7,11,0,,,1.0,8.0,,,,,,3.0,7,1.0,6,57,,28,54,83.4,401,481,,,25,,,,7,,,,26.9,7,26,,9,,,15,7,8,,30,0,0.0,1,1.0,,,,,1.0,,2.0,0.0,,6,,,0.0,0.0,7,1,3,3,0,,,0.0,2.0,,,,,,1.0,2,2.0,6,48,,14,46,78.8,324,411,,,18,,,,6,,,,36.4,4,11,,2,,,16,12,4,,31,1,0.0,0,2.0,,,,,1.0,,1.0,2.0,,8,,,6.85,6.64,4-3-3,4-2-3-1,4.0,4.0,6.6,6.7,1.0,2.0,0.105,0.071,7.175,6.667,0.75,1.333,5.0,6.333,6.825,6.633,1.75,0.5,2.75,3.333,6.4,6.5,3.0,1.0,0.0,0.0,7.5,7.2,7.3,7.2,7.1,6.8,0.394,0.323
PL-2025-26-14025088,Jornada 2,2025-08-22,West Ham,1,Chelsea,1,5,0.0,1.0,12,4,5,3,0,,,1.0,1.0,,,,,,1.0,7,4.0,5,43,,19,41,86.5,339,392,,,15,,,,10,,,,43.8,7,16,,7,,,11,6,5,,29,5,0.0,0,2.0,,,,,1.0,,,0.0,,7,,,5.0,0.0,12,7,4,1,0,,,0.0,2.0,,,,,,7.0,5,2.0,4,63,,26,59,87.5,505,577,,,17,,,,7,,,,20.0,3,15,,4,,,19,13,6,,17,1,0.0,0,3.0,,,,,1.0,,,1.0,,10,,,6.45,7.37,3-4-1-2,4-2-3-1,3.0,4.0,6.0,6.6,2.0,3.0,0.139,-0.673,5.96,7.1,0.4,2.0,4.8,3.25,7.2,7.4,1.5,0.75,2.75,2.0,6.3,8.25,0.0,2.0,0.0,0.5,8.3,9.7,7.5,8.4,6.9,7.6,0.827,0.913
PL-2025-26-14025083,Jornada 2,2025-08-23,Man City,1,Tottenham,0,2,0.0,0.0,10,4,3,3,0,,,2.0,2.0,,,,,,2.0,7,0.0,7,47,,34,61,86.9,456,525,,,15,,,,12,,,,26.3,5,19,,6,,,20,10,10,,23,2,0.0,0,3.0,,,,,,,0.0,1.0,,7,,,2.0,0.0,12,5,5,2,0,,,0.0,2.0,,,,,,3.0,2,1.0,8,50,,26,39,78.2,259,331,,,20,,,,7,,,,36.4,4,11,,7,,,24,16,8,,25,0,0.0,1,4.0,,,,,,,1.0,4.0,,12,,,6.63,7.15,4-1-4-1,4-3-3,4.0,4.0,6.3,7.4,3.0,4.0,0.082,0.639,6.375,7.0,1.0,1.75,3.25,3.5,7.025,7.075,0.75,0.5,2.75,5.0,6.5,7.5,2.0,2.5,0.0,0.5,7.2,8.4,7.2,7.7,7.0,7.4,0.344,0.552
PL-2025-26-14025062,Jornada 2,2025-08-23,Bournemouth,1,Wolves,1,0,1.0,0.0,14,4,5,5,1,,,2.0,4.0,,,,,,2.0,8,2.0,10,70,,30,59,86.6,387,447,,,23,,,,16,,,,15.0,3,20,,6,,,12,9,3,,32,0,0.0,1,1.0,,,,,1.0,,1.0,2.0,0.0,13,,,0.0,0.0,6,1,3,2,0,,,0.0,2.0,,,,,,0.0,3,2.0,5,61,,14,41,73.3,225,307,,,29,,,,13,,,,29.4,5,17,,9,,,21,14,7,,30,1,0.0,0,3.0,,,,,2.0,,1.0,4.0,1.0,16,,,7.06,6.69,4-1-4-1,3-4-3,4.0,3.0,6.9,6.9,1.0,3.0,0.237,-0.07,7.125,6.74,1.0,1.2,6.0,3.6,7.1,6.725,1.0,0.0,2.6,2.5,6.8,6.1,0.0,1.0,0.0,0.0,8.0,8.1,7.8,7.0,7.3,6.9,0.51,0.629
PL-2025-26-14025068,Jornada 2,2025-08-23,Brentford,1,Aston Villa,1,0,1.0,0.0,9,2,4,3,0,,,0.0,1.0,,,,,,2.0,2,1.0,8,38,,25,24,71.9,128,178,,,23,,,,9,,,,45.5,5,11,,11,,,28,15,13,,45,0,0.0,1,2.0,,,,,1.0,,1.0,1.0,,11,,,0.0,0.0,17,2,7,8,0,,,2.0,3.0,,,,,,1.0,9,0.0,8,69,,43,76,87.6,514,587,,,25,,,,11,,,,14.8,4,27,,6,,,14,12,2,,12,1,0.0,0,1.0,,,,,0.0,,0.0,2.0,,9,,,7.22,6.72,4-2-3-1,4-2-3-1,4.0,4.0,7.3,7.4,2.0,1.0,0.132,0.36,7.375,6.825,1.75,1.5,6.0,1.75,7.18,6.54,0.8,1.2,5.2,1.6,6.7,6.5,3.0,4.0,0.0,0.0,8.0,7.4,7.6,7.2,7.5,6.9,0.374,0.397
PL-2025-26-14025071,Jornada 2,2025-08-23,Burnley,1,Sunderland,2,0,2.0,0.0,7,2,4,1,1,,,0.0,3.0,,,,,,2.0,4,0.0,3,58,,17,42,80.5,356,442,,,15,,,,5,,,,26.7,4,15,,7,,,22,11,11,,29,0,0.0,1,1.0,,,,,1.0,,2.0,0.0,,9,,,0.0,0.0,9,1,3,5,0,,,0.0,3.0,,,,,,2.0,3,2.0,2,68,,17,58,86.0,530,616,,,16,,,,9,,,,20.8,5,24,,7,,,18,8,10,,27,2,0.0,0,0.0,,,,,1.0,,0.0,1.0,,5,,,7.21,6.5,4-2-3-1,4-3-3,4.0,4.0,6.9,5.9,1.0,0.0,0.695,-0.418,7.375,6.75,2.25,2.25,5.5,3.25,7.55,6.48,1.0,0.8,5.0,2.4,6.35,6.2,0.5,1.0,0.0,0.0,8.5,7.0,8.4,7.0,7.5,6.9,0.71,0.336
PL-2025-26-14025065,Jornada 2,2025-08-23,Arsenal,1,Leeds,5,0,5.0,0.0,18,5,9,4,0,,,0.0,5.0,,,,,,3.0,2,,12,52,,34,68,91.7,549,599,,,24,,,,10,,,,42.1,8,19,,5,,,12,8,4,,7,0,0.0,1,1.0,,,,,,,,0.0,,8,,,0.0,0.0,3,1,0,2,0,,,0.0,1.0,,,,,,0.0,2,,4,17,,6,32,75.5,219,290,,,13,,,,8,,,,20.0,1,5,,6,,,18,12,6,,20,5,0.0,0,0.0,,,,,,,,2.0,,11,,,7.67,5.9,4-3-3,4-3-3,4.0,4.0,7.0,5.1,1.0,0.0,0.145,-2.225,8.05,5.45,1.0,1.75,1.25,4.5,7.2,6.25,1.25,0.75,3.0,2.5,8.2,6.5,2.0,0.0,1.5,0.0,10.0,6.8,8.8,6.7,8.1,6.3,0.925,0.605
PL-2025-26-14025074,Jornada 2,2025-08-24,Crystal Palace,1,Nottm Forest,1,1,1.0,0.0,8,4,4,0,1,,,1.0,0.0,,,,,,2.0,1,2.0,3,51,,21,42,76.1,287,377,,,8,,,,11,,,,33.3,6,18,,7,,,20,11,9,,21,1,0.0,0,0.0,,,,,1.0,,,3.0,,11,,,1.0,0.0,9,1,7,1,1,,,0.0,1.0,,,,,,2.0,3,2.0,6,70,,20,58,86.0,442,514,,,31,,,,11,,,,11.5,3,26,,10,,,12,7,5,,15,1,0.0,0,3.0,,,,,1.0,,,3.0,,11,,,6.79,6.72,3-4-3,4-2-3-1,3.0,4.0,5.9,6.5,0.0,3.0,-0.742,-0.175,6.933,7.0,1.667,1.75,5.0,3.0,6.84,6.68,1.4,0.8,5.4,3.0,6.9,6.0,1.5,2.0,0.5,0.0,7.5,7.4,7.3,7.2,7.3,7.1,0.478,0.465
PL-2025-26-14025077,Jornada 2,2025-08-24,Everton,1,Brighton,2,0,1.0,1.0,11,3,7,1,0,,,1.0,3.0,,,,,,2.0,2,0.0,9,73,,18,42,75.1,272,362,,,31,,,,15,,,,33.3,4,12,,8,,,15,8,7,,35,0,0.0,1,4.0,,,1.0,,1.0,,1.0,4.0,,7,,,0.0,0.0,13,4,5,4,2,,,2.0,4.0,,,,,,3.0,2,6.0,8,58,,29,58,83.9,411,490,,,12,,,,6,,,,27.3,3,11,,5,,,17,8,9,,24,2,0.0,0,1.0,,,0.0,,0.0,,0.0,3.0,,15,,,7.45,6.25,4-2-3-1,4-2-3-1,4.0,4.0,8.7,6.1,4.0,1.0,1.54,-0.79,6.967,6.35,1.333,2.5,7.667,4.5,7.65,6.46,1.5,1.8,4.333,2.8,6.5,4.9,2.0,2.0,0.0,0.0,8.7,6.8,8.7,6.6,8.1,6.6,0.718,0.479
PL-2025-26-14025080,Jornada 2,2025-08-24,Fulham,1,Man United,1,1,1.0,0.0,13,4,4,5,0,,,1.0,2.0,,,,,,3.0,9,2.0,2,47,,38,52,84.2,353,419,,,21,,,,10,,,,30.3,10,33,,8,,,10,8,2,,24,1,0.0,0,3.0,,,,,0.0,,2.0,1.0,,12,,,0.0,0.0,10,3,6,1,1,,,1.0,1.0,,,,,,2.0,6,1.0,2,50,,25,48,82.6,328,397,,,22,,,,11,,,,28.6,4,14,,5,,,17,11,6,,27,1,0.0,0,2.0,,,,,1.0,,0.0,1.0,,10,,,6.78,6.92,4-2-3-1,3-4-2-1,4.0,3.0,7.1,7.0,3.0,2.0,-0.439,0.374,7.02,7.3,1.2,1.333,3.0,5.0,6.675,6.667,1.0,0.333,3.0,4.0,5.7,6.8,3.0,1.25,0.0,0.0,8.2,8.4,8.1,7.2,7.3,7.0,0.814,0.524
PL-2025-26-14147154,Jornada 2,2025-08-25,Newcastle,1,Liverpool,2,3,2.0,0.0,10,3,4,3,0,,,0.0,1.0,,,,,,4.0,7,,8,51,,27,38,68.8,170,247,,,12,,,,15,,,,23.1,6,26,,8,,,12,5,7,,21,3,0.0,0,1.0,,,,,0.0,,0.0,2.0,1.0,17,,,2.0,1.0,5,4,0,1,0,,,0.0,1.0,,,,,,2.0,1,,5,49,,17,62,83.1,370,445,,,15,,,,17,,,,22.2,2,9,,2,,,13,8,5,,43,2,0.0,0,1.0,,,,,1.0,,3.0,3.0,0.0,15,,,6.46,6.75,4-3-3,4-2-3-1,4.0,4.0,6.1,6.7,1.0,1.0,-0.745,-0.134,6.225,6.6,1.0,1.0,3.5,8.0,6.833,6.767,0.0,0.667,4.667,3.5,6.533,7.2,1.0,1.0,0.0,1.0,7.3,7.4,7.2,7.3,6.8,7.2,0.466,0.408
PL-2025-26-14025097,Jornada 3,2025-08-30,Chelsea,1,Fulham,2,0,2.0,0.0,13,6,1,6,0,,,2.0,1.0,,,,,,3.0,6,3.0,8,64,,27,54,86.8,429,494,,,17,,,,16,,,,30.8,4,13,,18,,,19,9,10,,20,0,0.0,1,1.0,,,,,0.0,,,2.0,,11,,,0.0,0.0,11,3,6,2,0,,,1.0,2.0,,,,,,1.0,4,1.0,3,49,,20,46,81.2,337,415,,,25,,,,11,,,,33.3,5,15,,6,,,29,12,17,,20,2,0.0,0,4.0,,,,,1.0,,,2.0,,17,,,7.31,6.67,4-2-3-1,4-2-3-1,4.0,4.0,6.7,8.2,1.0,4.0,0.102,1.188,7.6,6.46,3.0,3.2,3.25,3.6,7.275,6.65,1.5,1.0,4.5,4.5,7.1,6.3,2.0,1.0,0.5,0.0,8.1,8.2,8.0,6.9,7.9,6.9,0.588,0.538
PL-2025-26-14025106,Jornada 3,2025-08-30,Man United,1,Burnley,3,2,2.0,0.0,26,6,13,7,2,,,1.0,6.0,,,,,,4.0,7,1.0,5,59,,38,62,82.3,418,508,,,32,,,,8,,,,50.0,13,26,,3,,,16,9,7,,17,2,0.0,0,1.0,,,,,1.0,,0.0,1.0,,9,,,2.0,0.0,6,3,1,2,0,,,0.0,1.0,,,,,,2.0,1,1.0,3,48,,18,38,70.8,225,318,,,24,,,,9,,,,11.1,1,9,,9,,,20,14,6,,39,3,0.0,0,5.0,,,,,0.0,,1.0,5.0,,9,,,6.95,6.56,3-4-2-1,4-2-3-1,3.0,4.0,6.4,6.6,1.0,5.0,-0.342,-0.822,6.725,6.275,1.75,2.0,2.25,5.75,7.2,6.6,3.0,0.0,6.5,2.75,7.2,7.05,2.0,1.0,0.25,0.5,8.3,7.3,7.9,6.9,7.6,6.8,0.646,0.357
PL-2025-26-14025112,Jornada 3,2025-08-30,Sunderland,1,Brentford,2,1,2.0,0.0,12,3,6,3,0,,,0.0,3.0,,,,,,2.0,3,0.0,4,70,,16,54,81.1,340,419,,,23,,,,11,,,,16.7,3,18,,7,,,28,14,14,,34,1,0.0,0,3.0,,,1.0,,1.0,,,3.0,,11,,,1.0,0.0,7,4,2,1,0,,,1.0,2.0,,,,,,2.0,4,3.0,8,44,,14,46,79.9,283,354,,,17,,,,10,,,,37.5,6,16,,4,,,9,7,2,,34,2,0.0,0,1.0,,,0.0,,0.0,,,2.0,,12,,,6.97,6.5,4-3-3,4-2-3-1,4.0,4.0,7.5,6.3,3.0,1.0,0.45,-0.916,6.95,6.675,3.5,1.0,6.0,5.75,7.04,6.14,0.8,0.4,2.8,2.4,6.2,7.8,0.0,1.0,0.0,1.0,7.7,7.8,7.7,7.1,7.5,6.8,0.497,0.592
PL-2025-26-14025115,Jornada 3,2025-08-30,Tottenham,1,Bournemouth,0,1,0.0,0.0,5,1,3,1,0,,,0.0,2.0,,,,,,0.0,0,2.0,10,67,,18,61,82.6,394,477,,,19,,,,13,,,,25.0,5,20,,4,,,16,8,8,,33,1,0.0,0,5.0,,,,,1.0,,0.0,2.0,,17,,,1.0,0.0,20,6,9,5,1,,,1.0,4.0,,,,,,3.0,8,3.0,8,61,,29,39,70.3,208,296,,,19,,,,17,,,,27.8,5,18,,9,,,28,13,15,,31,0,0.0,1,1.0,,,,,3.0,,1.0,4.0,,13,,,6.74,7.09,4-3-3,4-2-3-1,4.0,4.0,7.9,7.2,5.0,1.0,0.484,0.216,6.725,7.125,1.0,1.75,5.25,4.5,6.55,6.96,0.25,1.4,3.75,4.2,6.55,7.5,0.0,5.0,0.0,1.0,7.9,7.9,7.3,7.5,6.9,7.4,0.481,0.438
PL-2025-26-14025118,Jornada 3,2025-08-30,Wolves,1,Everton,2,3,2.0,0.0,12,4,3,5,0,,,2.0,4.0,,,,,,2.0,2,2.0,3,67,,22,59,80.3,421,524,,,22,,,,10,,,,50.0,8,16,,10,,,23,13,10,,19,3,0.0,0,1.0,,,,,1.0,,1.0,0.0,,15,,,3.0,0.0,10,4,2,4,0,,,0.0,3.0,,,,,,3.0,2,1.0,8,61,,23,41,74.1,275,371,,,23,,,,15,,,,15.4,2,13,,16,,,16,11,5,,28,2,0.0,0,2.0,,,,,1.0,,0.0,1.0,,10,,,6.45,6.82,3-4-3,4-2-3-1,3.0,4.0,5.9,6.7,1.0,2.0,-0.422,-0.845,6.2,6.125,3.0,1.0,3.5,6.0,6.56,7.28,0.6,1.8,3.0,5.8,7.4,7.4,1.0,1.0,1.0,1.0,7.4,8.5,7.1,8.4,6.7,7.4,0.434,0.865
PL-2025-26-14025100,Jornada 3,2025-08-30,Leeds,1,Newcastle,0,0,0.0,0.0,10,1,6,3,0,,,0.0,6.0,,,,,,1.0,5,1.0,7,49,,19,43,79.2,328,414,,,16,,,,15,,,,23.5,4,17,,13,,,18,14,4,,18,0,0.0,1,2.0,,,,,1.0,,,1.0,,10,,,0.0,0.0,8,2,3,3,0,,,1.0,3.0,,,,,,0.0,5,0.0,5,65,,13,57,84.6,463,547,,,30,,,,10,,,,9.5,2,21,,8,,,10,4,6,,6,0,0.0,1,1.0,,,,,2.0,,,1.0,,15,,,6.89,6.83,4-3-3,5-3-2,4.0,5.0,6.5,7.0,2.0,1.0,0.135,0.093,7.075,6.98,1.25,0.6,3.0,0.8,7.05,6.833,1.25,1.667,3.0,4.667,6.4,6.35,1.5,2.0,0.0,0.0,7.3,7.4,7.1,7.3,7.1,7.0,0.3,0.319
PL-2025-26-14025094,Jornada 3,2025-08-31,Brighton,1,Man City,2,1,2.0,0.0,12,7,2,3,0,,,2.0,0.0,,,,,,3.0,3,1.0,8,46,,22,36,74.6,235,315,,,14,,,,13,,,,37.5,3,8,,8,,,17,13,4,,10,1,0.0,0,2.0,,,,,1.0,,,2.0,,16,,,1.0,0.0,12,3,8,1,0,,,0.0,4.0,,,,,,3.0,2,0.0,14,38,,24,64,87.3,493,565,,,19,,,,16,,,,20.0,1,5,,9,,,15,7,8,,15,2,0.0,0,5.0,,,,,1.0,,,2.0,,14,,,6.67,6.97,4-2-3-1,4-3-3,4.0,4.0,6.6,8.5,2.0,5.0,0.096,1.072,6.725,6.5,1.25,1.75,1.5,2.75,6.7,6.775,0.8,0.75,3.8,4.0,6.4,7.55,0.0,4.0,0.0,0.5,7.6,8.5,7.0,7.9,6.8,7.5,0.398,0.696
PL-2025-26-14025109,Jornada 3,2025-08-31,Nottm Forest,1,West Ham,0,3,0.0,0.0,11,3,3,5,0,,,0.0,2.0,,,,,,1.0,9,,6,80,,29,58,86.9,470,541,,,11,,,,6,,,,11.4,4,35,,6,,,19,14,5,,16,3,0.0,0,5.0,,,,,0.0,,1.0,,,14,,,2.0,1.0,12,8,4,0,0,,,1.0,0.0,,,,,,4.0,7,,8,33,,18,42,82.1,316,385,,,13,,,,13,,,,38.9,7,18,,6,,,16,9,7,,32,0,0.0,1,3.0,,,,,3.0,,1.0,,,6,,,6.46,7.07,4-2-3-1,4-2-3-1,4.0,4.0,7.0,6.9,5.0,3.0,0.285,0.291,6.2,7.175,1.25,1.0,2.0,5.5,6.58,7.14,1.2,1.8,3.8,5.0,6.4,6.5,3.0,3.0,0.0,0.0,7.2,7.8,7.0,7.3,6.7,7.2,0.362,0.314
PL-2025-26-14025103,Jornada 3,2025-08-31,Liverpool,1,Arsenal,1,0,0.0,1.0,9,3,2,4,0,,,0.0,4.0,,,,,,,3,1.0,7,50,,16,53,84.6,368,435,,,27,,,,10,,,,14.3,1,7,,7,,,11,9,2,,29,0,0.0,1,1.0,,,,,0.0,,,2.0,,7,,,0.0,0.0,11,1,3,7,0,,,0.0,3.0,,,,,,,8,0.0,3,46,,29,47,81.7,303,371,,,25,,,,7,,,,17.6,3,17,,9,,,14,6,8,,19,1,0.0,0,2.0,,,,,1.0,,,2.0,,10,,,7.16,6.61,4-2-3-1,4-3-3,4.0,4.0,7.5,6.8,1.0,2.0,0.556,-0.727,7.6,4.875,1.333,1.25,3.667,3.25,7.05,6.65,1.0,0.25,4.5,4.0,6.2,6.6,0.0,0.0,0.0,0.0,8.3,6.8,7.9,6.8,7.8,6.8,0.64,0.181
PL-2025-26-14025091,Jornada 3,2025-08-31,Aston Villa,1,Crystal Palace,0,3,0.0,0.0,13,4,8,1,0,,,1.0,2.0,,,,,,2.0,10,0.0,7,79,,20,58,89.5,475,531,,,29,,,,14,,,,19.4,6,31,,6,,,11,5,6,,17,3,0.0,0,1.0,,,,,1.0,,1.0,2.0,,7,,,3.0,0.0,6,4,1,1,0,,,0.0,1.0,,,,,,4.0,1,2.0,6,51,,14,42,85.0,328,386,,,17,,,,6,,,,18.2,2,11,,10,,,26,16,10,,37,0,0.0,1,4.0,,,,,4.0,,0.0,3.0,,14,,,6.38,7.45,4-2-3-1,3-4-2-1,4.0,3.0,5.7,8.5,1.0,4.0,-0.553,1.015,6.225,7.9,0.25,2.333,3.25,6.667,6.9,7.08,0.667,0.4,4.0,4.4,6.3,7.15,2.0,1.5,0.0,1.0,7.4,8.7,6.7,8.5,6.7,7.8,0.445,0.667
PL-2025-26-14025124,Jornada 4,2025-09-13,Arsenal,1,Nottm Forest,3,0,2.0,1.0,16,5,6,5,1,,,0.0,3.0,,,,,,5.0,8,2.0,11,48,,38,54,86.8,415,478,,,15,,,,11,,,,25.0,5,20,,7,,,13,11,2,,15,0,0.0,1,1.0,,,,,,,,1.0,,8,,,0.0,0.0,5,1,1,3,1,,,0.0,2.0,,,,,,0.0,3,0.0,5,50,,14,46,85.6,350,409,,,18,,,,8,,,,15.4,2,13,,11,,,12,8,4,,19,3,0.0,0,2.0,,,,,,,,1.0,,11,,,7.54,6.31,4-3-3,4-2-3-1,4.0,4.0,6.9,6.1,1.0,2.0,0.063,-0.651,7.3,6.15,2.0,0.75,3.25,3.25,7.98,6.48,1.6,0.2,2.8,4.0,6.9,6.3,4.0,1.0,1.0,0.0,9.2,6.9,8.5,6.7,8.5,6.6,0.804,0.337
PL-2025-26-14025121,Jornada 4,2025-09-13,Bournemouth,1,Brighton,2,1,1.0,1.0,13,5,4,4,0,,,1.0,4.0,,,,,,1.0,4,1.0,6,65,,28,51,78.6,309,393,,,25,,,,9,,,,21.1,4,19,,3,,,18,14,4,,35,1,0.0,0,1.0,,,,,,,0.0,4.0,,16,,,1.0,0.0,6,2,2,2,0,,,0.0,1.0,,,,,,2.0,4,0.0,10,56,,24,49,78.3,293,374,,,24,,,,16,,,,17.6,3,17,,6,,,20,16,4,,35,2,0.0,0,3.0,,,,,,,1.0,4.0,,10,,,6.86,6.78,4-2-3-1,4-2-3-1,4.0,4.0,6.2,7.3,1.0,3.0,0.277,-0.506,6.65,6.55,1.5,1.5,5.0,5.25,7.06,5.52,1.0,0.4,4.6,1.6,7.4,6.7,3.0,1.0,0.0,0.0,8.3,7.3,8.1,7.3,7.4,7.3,0.756,0.426
PL-2025-26-14025133,Jornada 4,2025-09-13,Crystal Palace,1,Sunderland,0,0,0.0,0.0,14,6,4,4,0,,,2.0,4.0,,,,,,3.0,5,0.0,2,45,,21,56,83.5,410,491,,,27,,,,8,,,,25.0,5,20,,6,,,10,6,4,,25,0,0.0,1,0.0,,,,,0.0,,0.0,1.0,,10,,,0.0,0.0,6,0,4,2,0,,,0.0,1.0,,,,,,0.0,3,2.0,11,60,,17,44,80.3,310,386,,,21,,,,10,,,,23.5,4,17,,10,,,13,9,4,,34,0,0.0,1,6.0,,,,,2.0,,1.0,1.0,,8,,,6.81,7.22,3-4-2-1,4-3-3,3.0,4.0,6.8,9.2,0.0,6.0,,1.365,7.133,7.45,0.667,2.0,3.333,4.25,6.92,6.88,0.8,0.6,2.4,3.0,6.05,6.0,2.5,3.0,0.0,0.0,7.4,9.2,7.2,8.0,7.2,7.8,0.417,0.862
PL-2025-26-14025136,Jornada 4,2025-09-13,Everton,1,Aston Villa,0,0,0.0,0.0,20,2,9,9,1,,,0.0,5.0,,,,,,3.0,10,2.0,8,53,,46,48,81.9,281,343,,,25,,,,15,,,,36.4,8,22,,5,,,23,16,7,,17,0,0.0,1,1.0,,,,,1.0,,0.0,3.0,,17,,,0.0,0.0,7,1,1,5,0,,,1.0,3.0,,,,,,0.0,3,2.0,2,43,,8,52,81.5,313,384,,,14,,,,17,,,,30.0,3,10,,4,,,16,11,5,,19,0,0.0,1,2.0,,,,,1.0,,1.0,3.0,,15,,,7.16,6.75,4-2-3-1,4-2-3-1,4.0,4.0,7.0,6.8,1.0,2.0,0.127,0.293,7.233,6.925,2.333,1.5,4.0,3.0,7.3,6.7,2.167,0.4,5.0,4.0,6.3,6.3,4.0,0.0,0.0,0.0,7.9,7.8,7.7,7.3,7.5,7.1,0.458,0.476
PL-2025-26-14025139,Jornada 4,2025-09-13,Fulham,1,Leeds,1,0,0.0,0.0,5,3,2,0,0,,,2.0,0.0,,,,,,2.0,3,1.0,6,76,,10,54,84.7,382,451,,,19,,,,15,,,,13.6,3,22,,6,,,24,16,8,,23,0,0.0,1,3.0,,,,,0.0,,1.0,1.0,,20,,,0.0,0.0,10,3,3,4,1,,,1.0,2.0,,,,,,1.0,3,3.0,4,54,,21,46,80.7,313,388,,,23,,,,20,,,,7.7,1,13,,7,,,18,11,7,,30,1,0.0,0,3.0,,,,,1.0,,1.0,2.0,,15,,,7.15,6.74,4-2-3-1,4-3-3,4.0,4.0,7.4,8.0,3.0,3.0,0.516,-0.116,7.825,6.425,2.5,1.5,4.5,5.0,6.64,6.75,0.2,0.5,2.6,4.25,6.7,6.7,1.0,1.5,0.0,0.0,8.5,8.0,8.0,7.2,7.4,6.9,0.646,0.514
PL-2025-26-14025145,Jornada 4,2025-09-13,Newcastle,1,Wolves,1,0,1.0,0.0,16,4,7,5,1,,,0.0,7.0,,,,,,1.0,9,1.0,5,75,,28,57,80.4,361,449,,,21,,,,17,,,,32.0,8,25,,6,,,10,5,5,,20,0,0.0,1,3.0,,,,,1.0,,0.0,1.0,,10,,,0.0,0.0,8,3,3,2,0,,,0.0,1.0,,,,,,0.0,4,0.0,8,45,,22,43,75.5,259,343,,,22,,,,10,,,,20.0,3,15,,14,,,16,8,8,,34,1,0.0,0,3.0,,,,,0.0,,1.0,4.0,,17,,,7.32,6.69,4-3-3,3-5-2,4.0,3.0,7.9,7.0,3.0,3.0,0.366,0.752,7.325,6.74,1.25,2.0,3.75,3.4,7.233,6.733,1.0,0.333,4.333,5.667,7.2,6.35,3.333,1.0,0.333,0.0,8.0,7.4,7.9,7.0,7.8,6.9,0.497,0.326
PL-2025-26-14025148,Jornada 4,2025-09-13,West Ham,1,Tottenham,0,3,0.0,0.0,7,4,3,0,0,,,0.0,1.0,,,,,,1.0,2,0.0,6,48,,10,36,77.1,239,310,,,17,,,,7,,,,33.3,3,9,,5,,,13,9,4,,41,3,0.0,0,2.0,,,,,,,2.0,0.0,1.0,8,,,3.0,0.0,14,5,4,5,0,,,0.0,4.0,,,,,,2.0,13,4.0,11,60,,37,64,87.1,465,534,,,23,,,,8,,,,16.1,5,31,,3,,,16,11,5,,10,0,0.0,1,4.0,,,,,,,1.0,1.0,0.0,7,,,6.37,7.29,4-2-3-1,4-3-3,4.0,4.0,6.0,7.6,2.0,4.0,-0.773,0.286,6.325,7.275,1.25,1.25,5.75,1.75,6.467,7.44,0.833,0.8,1.5,2.8,,6.3,,1.0,,0.0,7.0,8.3,6.7,7.8,6.6,7.7,0.296,0.573
PL-2025-26-14025127,Jornada 4,2025-09-13,Brentford,1,Chelsea,2,2,2.0,0.0,7,4,2,1,0,,,0.0,0.0,,,,,,1.0,5,0.0,11,35,,20,34,75.7,215,284,,,28,,,,9,,,,33.3,6,18,,6,,,17,10,7,,33,2,0.0,0,4.0,,,,,0.0,,1.0,3.0,,13,,,1.0,1.0,16,6,3,7,1,,,1.0,4.0,,,,,,2.0,6,4.0,4,70,,38,66,90.5,516,570,,,23,,,,13,,,,17.6,3,17,,13,,,15,9,6,,33,2,0.0,0,3.0,,,,,3.0,,0.0,2.0,,9,,,6.91,6.84,5-3-2,4-2-3-1,5.0,4.0,8.3,7.2,4.0,3.0,0.231,0.296,6.46,6.875,0.8,0.25,4.4,5.5,7.15,6.86,1.0,1.6,3.5,4.2,6.8,6.2,0.0,1.0,0.0,0.0,8.3,8.1,7.5,7.6,7.2,7.3,0.587,0.611
PL-2025-26-14025130,Jornada 4,2025-09-14,Burnley,1,Liverpool,0,1,0.0,0.0,3,0,3,0,0,,,0.0,2.0,,,,,,0.0,1,3.0,2,39,,2,19,47.6,80,168,,,15,,,,9,,,,,0,3,,17,,,16,11,5,,48,1,0.0,0,3.0,,,,,1.0,,4.0,2.0,1.0,9,,,1.0,0.0,27,4,11,12,0,,,1.0,12.0,,,,,,3.0,13,1.0,12,85,,56,81,87.5,610,697,,,15,,,,8,,,,22.7,10,44,,7,,,10,7,3,,12,0,0.0,1,0.0,,,,,0.0,,0.0,2.0,0.0,9,,,6.52,6.93,5-4-1,4-2-3-1,5.0,4.0,6.0,6.7,3.0,0.0,0.185,,6.875,7.4,1.0,1.667,7.5,2.0,6.35,6.783,0.0,1.833,2.25,2.333,6.4,6.6,0.0,2.0,0.0,0.0,7.2,8.3,7.1,7.7,7.0,7.3,0.443,0.645
PL-2025-26-14025142,Jornada 4,2025-09-14,Man City,1,Man United,3,0,3.0,0.0,13,6,7,0,1,,,0.0,1.0,,,,,,4.0,2,2.0,7,41,,26,45,81.9,352,430,,,22,,,,8,,,,50.0,1,2,,10,,,13,7,6,,33,0,0.0,1,2.0,,,,,,,3.0,,,8,,,0.0,0.0,12,2,8,2,0,,,1.0,4.0,,,,,,2.0,4,3.0,6,66,,29,55,83.8,420,501,,,36,,,,8,,,,26.1,6,23,,13,,,23,15,8,,10,3,0.0,0,3.0,,,,,,,0.0,,,8,,,7.39,6.53,4-1-4-1,3-4-2-1,4.0,3.0,7.0,7.0,2.0,3.0,0.143,-0.704,7.05,6.3,1.75,2.25,4.5,1.75,7.34,6.9,1.6,1.667,5.8,4.0,9.4,6.3,5.0,2.0,2.0,0.0,9.4,7.4,8.3,7.0,7.6,7.0,0.76,0.514
PL-2025-26-14025166,Jornada 5,2025-09-20,Liverpool,1,Everton,2,1,2.0,0.0,11,3,3,5,0,,,0.0,2.0,,,,,,1.0,5,1.0,10,46,,26,57,85.1,404,475,,,14,,,,10,,,,16.7,2,12,,12,,,18,7,11,,37,1,0.0,0,1.0,,,,,,,2.0,2.0,,11,,,1.0,0.0,9,2,4,3,0,,,0.0,3.0,,,,,,0.0,4,1.0,12,54,,21,43,76.2,263,345,,,23,,,,11,,,,25.0,5,20,,10,,,18,13,5,,23,2,0.0,0,1.0,,,,,,,0.0,3.0,,10,,,7.04,6.74,4-2-3-1,4-2-3-1,4.0,4.0,6.9,6.8,1.0,1.0,-0.431,-0.825,6.775,6.5,1.25,1.25,5.75,4.25,7.02,7.04,1.0,1.6,4.6,5.6,8.3,6.1,2.0,1.0,1.0,0.0,8.7,7.6,8.3,7.5,7.2,7.3,0.738,0.551
PL-2025-26-14025157,Jornada 5,2025-09-20,Brighton,1,Tottenham,2,2,1.0,1.0,12,4,7,1,0,,,1.0,5.0,,,,,,1.0,2,0.0,6,51,,17,36,76.9,236,307,,,22,,,,13,,,,25.0,2,8,,5,,,25,17,8,,40,2,0.0,0,2.0,,,,,0.0,,1.0,1.0,,10,,,1.0,0.0,11,3,6,2,0,,,0.0,2.0,,,,,,1.0,10,1.0,13,66,,44,64,88.7,464,523,,,27,,,,10,,,,9.4,3,32,,9,,,26,10,16,,17,2,0.0,0,2.0,,,,,1.0,,0.0,2.0,,13,,,6.83,6.6,4-2-3-1,4-3-3,4.0,4.0,7.0,6.1,2.0,2.0,-0.45,-0.732,6.8,6.775,3.5,2.75,6.0,3.0,6.817,6.6,1.0,1.0,4.0,5.5,,6.5,,3.0,,0.5,7.9,7.2,7.3,7.1,7.0,7.0,0.459,0.407
PL-2025-26-14025160,Jornada 5,2025-09-20,Burnley,1,Nottm Forest,1,1,1.0,0.0,12,5,4,3,1,,,2.0,1.0,,,,,,2.0,4,1.0,11,53,,23,37,77.5,272,351,,,16,,,,11,,,,30.8,8,26,,10,,,11,9,2,,35,1,0.0,0,7.0,,,,,1.0,,1.0,1.0,,12,,,1.0,0.0,17,8,2,7,0,,,2.0,6.0,,,,,,2.0,5,2.0,4,70,,29,63,89.9,567,631,,,17,,,,12,,,,16.7,5,30,,7,,,11,6,5,,29,1,0.0,0,4.0,,,,,1.0,,0.0,1.0,,11,,,6.95,6.79,5-4-1,4-2-3-1,5.0,4.0,7.1,6.6,7.0,4.0,0.466,-0.02,6.875,7.175,1.25,2.0,5.0,4.5,6.95,6.68,0.75,1.4,4.75,4.4,7.0,6.0,1.5,2.0,0.0,0.0,7.7,7.8,7.4,7.5,7.1,7.1,0.375,0.516
PL-2025-26-14025175,Jornada 5,2025-09-20,West Ham,1,Crystal Palace,1,2,1.0,0.0,8,3,4,1,0,,,0.0,1.0,,,,,,1.0,8,1.0,14,56,,20,57,83.3,375,450,,,21,,,,5,,,,31.8,7,22,,7,,,9,6,3,,22,2,0.0,0,1.0,,,,,1.0,,1.0,4.0,,15,,,2.0,0.0,18,3,9,6,2,,,0.0,4.0,,,,,,4.0,8,2.0,5,47,,27,43,82.3,284,345,,,22,,,,15,,,,44.4,8,18,,10,,,22,16,6,,35,1,0.0,0,2.0,,,,,0.0,,2.0,3.0,,5,,,6.62,7.18,4-3-3,3-4-2-1,4.0,3.0,5.8,7.7,1.0,2.0,-0.63,0.555,6.875,7.067,1.25,3.667,4.25,6.0,6.64,7.16,1.0,2.0,2.4,2.8,6.3,7.15,0.0,2.0,0.0,0.5,7.5,7.7,7.2,7.7,7.1,7.6,0.461,0.486
PL-2025-26-14025178,Jornada 5,2025-09-20,Wolves,1,Leeds,1,3,1.0,0.0,16,6,6,4,0,,,1.0,3.0,,,,,,1.0,4,0.0,9,83,,39,56,83.8,425,507,,,24,,,,9,,,,40.0,14,35,,3,,,28,14,14,,16,3,0.0,0,1.0,,,,,0.0,,0.0,1.0,,11,,,2.0,1.0,6,4,2,0,0,,,1.0,2.0,,,,,,1.0,0,2.0,8,43,,13,44,84.4,351,416,,,16,,,,11,,,,,0,7,,7,,,20,13,7,,49,1,0.0,0,5.0,,,,,1.0,,2.0,1.0,,9,,,6.68,7.03,3-4-2-1,4-3-3,3.0,4.0,5.6,7.2,1.0,5.0,-1.456,0.306,6.95,6.5,3.5,1.25,2.25,7.75,6.68,7.35,1.2,0.25,3.0,5.75,6.7,7.35,3.0,1.0,0.0,1.0,7.6,8.4,7.5,7.5,6.9,7.3,0.544,0.596
PL-2025-26-14025169,Jornada 5,2025-09-20,Man United,1,Chelsea,2,1,2.0,0.0,11,4,3,4,0,,,1.0,4.0,,,,,,3.0,5,3.0,5,49,,21,41,78.7,292,371,,,13,,,,14,,,,30.8,8,26,,10,,,21,16,5,,19,1,0.0,0,0.0,,,,,,,1.0,2.0,1.0,13,,,1.0,0.0,5,1,2,2,0,,,0.0,1.0,,,,,,1.0,5,2.0,8,54,,16,59,84.7,466,550,,,21,,,,13,,,,13.3,2,15,,8,,,16,13,3,,29,2,0.0,0,2.0,,,,,,,1.0,5.0,1.0,14,,,6.93,6.27,3-4-2-1,4-2-3-1,3.0,4.0,6.3,3.0,0.0,1.0,-0.406,0.087,7.2,6.6,2.5,2.0,2.0,5.0,7.033,4.04,1.333,0.2,4.333,2.4,6.667,6.8,1.667,0.0,0.0,0.0,7.8,7.9,7.5,7.0,7.4,6.8,0.488,1.275
PL-2025-26-14025163,Jornada 5,2025-09-20,Fulham,1,Brentford,3,1,2.0,0.0,14,3,5,6,0,,,0.0,6.0,,,,,,3.0,2,2.0,8,40,,27,53,83.8,382,456,,,22,,,,13,,,,38.5,5,13,,6,,,19,9,10,,39,1,0.0,0,2.0,,,,,1.0,,1.0,4.0,,11,,,1.0,0.0,8,3,2,3,0,,,0.0,0.0,,,,,,1.0,10,2.0,4,46,,17,47,81.4,324,398,,,17,,,,11,,,,9.5,2,21,,5,,,13,6,7,,18,3,0.0,0,2.0,,,,,0.0,,1.0,1.0,,13,,,7.07,6.27,4-2-3-1,5-3-2,4.0,5.0,7.0,5.7,2.0,2.0,-0.115,-2.154,6.95,5.98,2.5,0.8,6.25,2.6,7.22,6.8,1.6,0.5,4.0,2.25,6.9,6.2,2.0,1.0,0.0,0.0,8.5,7.6,8.1,6.7,7.4,6.7,0.655,0.583
PL-2025-26-14025151,Jornada 5,2025-09-21,Bournemouth,1,Newcastle,0,0,0.0,0.0,11,2,3,6,0,,,1.0,6.0,,,,,,,5,3.0,6,71,,16,56,82.1,409,498,,,17,,,,10,,,,,0,21,,16,,,15,8,7,,28,0,0.0,1,1.0,,,,,1.0,,1.0,2.0,,7,,,0.0,0.0,4,1,2,1,0,,,0.0,3.0,,,,,,,2,2.0,12,67,,17,44,76.4,298,390,,,21,,,,7,,,,12.5,2,16,,8,,,19,11,8,,35,0,0.0,1,2.0,,,,,3.0,,0.0,1.0,,10,,,6.77,6.94,4-2-3-1,3-4-2-1,4.0,3.0,6.7,6.8,1.0,2.0,0.097,0.259,7.1,7.18,1.0,2.0,3.5,5.6,6.62,7.0,0.6,1.0,5.2,4.667,6.3,6.3,1.0,1.0,0.0,0.0,7.5,7.4,7.2,7.3,6.9,7.2,0.339,0.372
PL-2025-26-14025172,Jornada 5,2025-09-21,Sunderland,1,Aston Villa,1,1,1.0,0.0,14,4,6,4,1,,,2.0,2.0,,,,,,1.0,6,0.0,5,41,,16,29,69.3,151,218,,,16,,,,8,,,,16.7,2,12,,8,,,20,13,7,,34,1,0.0,0,1.0,,,,,1.0,,1.0,2.0,1.0,14,,,0.0,1.0,12,2,4,6,0,,,0.0,5.0,,,,,,2.0,5,3.0,0,67,,34,71,89.2,488,547,,,15,,,,14,,,,15.4,4,26,,3,,,11,7,4,,28,1,0.0,0,3.0,,,,,0.0,,1.0,1.0,0.0,8,,,6.7,6.84,4-3-3,4-2-3-1,4.0,4.0,5.9,6.7,1.0,3.0,-0.848,-0.015,6.6,7.175,2.25,0.75,6.25,4.5,6.76,6.65,1.0,1.0,2.4,2.25,7.6,6.6,6.0,0.5,1.0,0.0,7.6,7.9,7.4,7.5,6.9,7.2,0.588,0.536
PL-2025-26-14025154,Jornada 5,2025-09-21,Arsenal,1,Man City,1,1,1.0,0.0,12,3,6,3,0,,,0.0,1.0,,,,,,2.0,11,4.0,6,61,,39,67,88.8,517,582,,,33,,,,10,,,,15.6,5,32,,5,,,20,13,7,,18,1,0.0,0,2.0,,,,,,,0.0,1.0,,11,,,1.0,0.0,5,3,2,0,0,,,0.0,1.0,,,,,,2.0,1,2.0,10,48,,7,33,76.3,229,300,,,19,,,,11,,,,,0,4,,5,,,13,9,4,,60,1,0.0,0,2.0,,,,,,,4.0,2.0,,10,,,6.65,6.92,4-3-3,4-1-4-1,4.0,4.0,6.8,6.3,2.0,2.0,0.109,0.237,6.8,6.875,3.75,1.0,3.25,5.75,6.575,6.94,1.0,1.0,3.75,4.6,6.4,7.6,1.0,2.0,0.0,1.0,7.3,7.6,7.2,7.4,6.9,7.3,0.408,0.404
PL-2025-26-14025184,Jornada 6,2025-09-27,Brentford,1,Man United,3,1,2.0,1.0,10,8,1,1,0,,,0.0,2.0,,,,,,6.0,4,2.0,6,61,,23,44,76.3,274,359,,,21,,,,10,,,,50.0,7,14,,7,,,14,8,6,,24,1,0.0,0,5.0,,,1.0,,2.0,,1.0,2.0,,14,,,1.0,0.0,14,6,4,4,0,,,2.0,3.0,,,,,,4.0,2,1.0,2,44,,17,56,80.8,370,458,,,18,,,,13,,,,28.6,4,14,,4,,,16,9,7,,29,3,0.0,0,5.0,,,0.0,,1.0,,0.0,2.0,,10,,,7.05,6.52,4-2-3-1,3-4-2-1,4.0,3.0,8.3,6.5,5.0,5.0,1.425,0.026,6.5,6.35,0.75,1.0,3.25,3.5,6.88,6.4,1.0,0.333,3.8,5.333,8.8,6.867,3.0,3.333,2.0,0.333,8.8,7.2,8.3,6.8,7.2,6.7,0.76,0.388
PL-2025-26-14025187,Jornada 6,2025-09-27,Chelsea,1,Brighton,1,3,1.0,0.0,13,3,4,6,0,,,2.0,3.0,,,,,,2.0,5,2.0,10,53,,17,60,84.3,396,470,,,15,,,,16,,,,21.4,3,14,,10,,,21,11,10,,8,3,0.0,0,0.0,,,,,4.0,,,3.0,1.0,9,,,3.0,0.0,12,3,7,2,0,,,0.0,4.0,,,,,,4.0,7,2.0,7,51,,27,40,84.2,266,316,,,16,,,,9,,,,38.5,5,13,,12,,,21,13,8,,26,1,0.0,0,2.0,,,,,0.0,,,5.0,0.0,16,,,6.61,6.84,4-3-3,4-2-3-1,4.0,4.0,5.6,7.8,0.0,2.0,-1.227,1.124,6.375,7.025,1.25,2.0,0.75,4.25,6.98,6.55,0.6,0.667,1.6,3.333,6.7,,0.0,,0.0,,7.6,8.2,7.4,7.8,7.1,6.9,0.656,0.58
PL-2025-26-14025190,Jornada 6,2025-09-27,Crystal Palace,1,Liverpool,2,1,2.0,0.0,16,7,7,2,1,,,0.0,4.0,,,,,,7.0,2,2.0,6,58,,33,28,64.8,175,270,,,23,,,,8,,,,25.0,2,8,,9,,,24,16,8,,32,1,0.0,0,3.0,,,,,1.0,,,1.0,,10,,,1.0,0.0,20,4,11,5,1,,,1.0,6.0,,,,,,6.0,6,1.0,6,93,,28,72,88.5,609,688,,,19,,,,10,,,,30.8,8,26,,10,,,7,5,2,,36,2,0.0,0,5.0,,,,,1.0,,,3.0,,8,,,7.0,6.79,3-4-2-1,4-2-3-1,3.0,4.0,6.9,8.0,3.0,5.0,0.794,0.65,6.9,6.725,3.667,1.0,6.333,6.0,6.975,6.7,1.75,1.6,3.5,4.8,7.167,6.3,2.667,3.0,0.333,0.0,7.7,8.0,7.7,7.6,7.3,7.4,0.431,0.646
PL-2025-26-14025196,Jornada 6,2025-09-27,Leeds,1,Bournemouth,2,2,2.0,0.0,19,8,5,6,0,,,1.0,2.0,,,,,,3.0,7,0.0,8,48,,35,41,78.4,280,357,,,32,,,,13,,,,56.2,9,16,,9,,,27,16,11,,25,2,0.0,0,3.0,,,,,,,1.0,2.0,,12,,,1.0,1.0,12,5,4,3,0,,,0.0,4.0,,,,,,1.0,4,2.0,11,60,,21,59,85.7,436,509,,,24,,,,12,,,,14.3,3,21,,7,,,23,11,12,,30,2,0.0,0,6.0,,,,,,,0.0,2.0,,13,,,6.98,6.85,4-3-3,4-2-3-1,4.0,4.0,6.7,7.5,3.0,6.0,-0.687,0.044,6.95,6.95,2.75,3.25,5.0,6.5,7.175,6.8,2.25,0.5,3.5,3.0,6.8,6.45,2.5,1.0,0.0,0.0,9.3,7.9,7.9,7.5,7.3,7.2,0.902,0.481
PL-2025-26-14025199,Jornada 6,2025-09-27,Man City,1,Burnley,5,1,3.0,0.0,21,8,7,6,0,,,1.0,7.0,,,,,,5.0,10,1.0,14,64,,64,69,88.7,566,638,,,10,,,,7,,,,39.1,9,23,,4,,,8,6,2,,19,1,0.0,0,1.0,,,,,0.0,,0.0,1.0,,5,,,1.0,0.0,9,2,2,5,0,,,1.0,3.0,,,,,,0.0,2,1.0,1,38,,11,31,82.0,242,295,,,31,,,,5,,,,14.3,1,7,,10,,,20,9,11,,31,5,0.0,0,5.0,,,,,1.0,,1.0,3.0,,7,,,7.27,6.16,4-1-4-1,5-4-1,4.0,5.0,6.5,6.5,1.0,5.0,-0.386,-2.248,6.975,5.475,1.25,2.5,3.0,4.25,7.26,6.7,1.6,1.0,3.2,3.25,9.3,6.3,7.0,2.0,2.0,0.0,9.3,7.5,8.9,7.1,7.5,6.9,0.923,0.825
PL-2025-26-14025205,Jornada 6,2025-09-27,Nottm Forest,1,Sunderland,0,1,0.0,0.0,22,6,10,6,0,,,2.0,5.0,,,,,,1.0,7,0.0,9,79,,36,65,90.1,521,578,,,23,,,,6,,,,19.0,8,42,,1,,,16,9,7,,20,1,0.0,0,2.0,,,,,0.0,,1.0,4.0,,11,,,1.0,0.0,11,3,5,3,0,,,0.0,3.0,,,,,,3.0,4,1.0,7,42,,21,35,81.1,258,318,,,33,,,,11,,,,15.8,3,19,,6,,,10,7,3,,42,0,0.0,1,6.0,,,,,4.0,,1.0,2.0,,6,,,6.75,7.29,4-2-3-1,4-2-3-1,4.0,4.0,6.8,9.1,2.0,6.0,0.386,1.693,7.1,7.3,1.75,0.75,2.75,5.5,6.66,7.1,0.8,0.4,3.4,4.0,5.7,6.4,6.0,2.0,0.0,0.0,7.3,9.1,7.2,8.7,7.1,8.5,0.446,0.934
PL-2025-26-14025208,Jornada 6,2025-09-27,Tottenham,1,Wolves,1,1,0.0,1.0,10,3,5,2,1,,,0.0,2.0,,,,,,1.0,10,2.0,11,65,,24,51,81.7,325,398,,,26,,,,11,,,,28.1,9,32,,10,,,17,12,5,,19,1,0.0,0,2.0,,,,,1.0,,0.0,3.0,,9,,,1.0,0.0,9,3,5,1,1,,,0.0,3.0,,,,,,1.0,9,0.0,8,45,,16,49,81.5,321,394,,,22,,,,9,,,,26.7,4,15,,10,,,31,14,17,,41,1,0.0,0,2.0,,,,,1.0,,2.0,2.0,,11,,,6.81,6.86,4-2-3-1,4-3-3,4.0,4.0,7.1,7.1,2.0,2.0,0.435,0.502,6.775,7.05,1.0,3.25,1.5,2.75,6.86,6.8,0.6,0.75,5.0,4.5,6.4,6.5,1.0,1.0,0.0,0.0,8.3,7.7,7.1,7.3,7.0,7.1,0.538,0.452
PL-2025-26-14025181,Jornada 6,2025-09-28,Aston Villa,1,Fulham,3,1,2.0,1.0,9,4,3,2,0,,,1.0,3.0,,,,,,3.0,2,2.0,5,43,,18,48,84.4,340,403,,,17,,,,13,,,,10.0,1,10,,7,,,10,4,6,,26,1,0.0,0,3.0,,,,,1.0,,,1.0,,10,,,1.0,0.0,11,4,4,3,0,,,0.0,2.0,,,,,,1.0,8,4.0,11,56,,27,52,86.2,357,414,,,26,,,,10,,,,23.3,7,30,,9,,,16,7,9,,23,3,0.0,0,1.0,,,,,2.0,,,4.0,,13,,,6.87,6.51,4-2-3-1,4-2-3-1,4.0,4.0,6.8,6.2,3.0,1.0,-0.243,-1.296,6.875,6.3,0.5,2.5,3.0,4.75,6.9,6.52,1.0,0.6,2.5,3.4,6.85,7.6,0.5,1.0,0.5,1.0,7.8,7.6,7.4,6.7,7.3,6.6,0.461,0.38
PL-2025-26-14025202,Jornada 6,2025-09-28,Newcastle,1,Arsenal,1,2,1.0,0.0,8,3,1,4,0,,,1.0,0.0,,,,,,1.0,7,1.0,3,46,,17,37,69.5,194,279,,,20,,,,9,,,,20.0,3,15,,8,,,12,8,4,,41,2,0.0,0,5.0,,,,,2.0,,0.0,2.0,,8,,,2.0,0.0,20,7,7,6,1,,,0.0,1.0,,,,,,4.0,12,0.0,11,63,,43,63,81.8,405,495,,,22,,,,8,,,,39.1,9,23,,10,,,13,6,7,,29,1,0.0,0,2.0,,,,,1.0,,1.0,1.0,,9,,,6.88,6.78,4-3-3,4-2-3-1,4.0,4.0,7.8,6.6,5.0,2.0,0.731,-0.074,6.725,6.95,0.75,1.25,7.0,4.5,6.767,7.2,2.0,2.0,3.0,4.0,6.9,6.2,1.0,3.0,0.333,0.0,7.8,8.6,7.6,8.0,7.2,7.2,0.499,0.82
PL-2025-26-14311407,Jornada 6,2025-09-29,Everton,1,West Ham,1,1,1.0,0.0,12,6,3,3,0,,,1.0,2.0,,,,,,0.0,3,0.0,4,51,,30,52,85.0,380,447,,,25,,,,16,,,,13.6,3,22,,5,,,11,6,5,,37,1,0.0,0,2.0,,,,,,,0.0,3.0,,7,,,1.0,0.0,14,3,5,6,0,,,0.0,4.0,,,,,,1.0,5,2.0,4,53,,29,48,79.8,332,416,,,19,,,,7,,,,22.2,4,18,,6,,,16,7,9,,36,1,0.0,0,5.0,,,,,,,1.0,4.0,,16,,,6.96,6.74,4-2-3-1,4-1-4-1,4.0,4.0,7.4,6.4,2.0,5.0,0.193,-0.587,7.225,6.75,0.75,1.75,7.0,5.25,6.84,7.0,1.6,0.8,4.6,4.2,6.1,5.7,1.0,2.0,0.0,0.0,8.2,7.6,7.4,7.5,7.3,7.4,0.551,0.582
PL-2025-26-14025211,Jornada 7,2025-10-03,Bournemouth,1,Fulham,3,1,2.0,1.0,11,6,2,3,0,,,1.0,3.0,,,,,,1.0,4,2.0,10,89,,30,54,85.8,460,536,,,25,,,,10,,,,4.0,1,25,,8,,,10,7,3,,23,1,0.0,0,3.0,,,,,,,1.0,0.0,,8,,,1.0,0.0,12,4,4,4,0,,,2.0,5.0,,,,,,1.0,3,2.0,9,55,,17,46,81.0,383,473,,,22,,,,8,,,,17.6,3,17,,7,,,11,9,2,,38,3,0.0,0,3.0,,,,,,,2.0,1.0,,10,,,7.19,6.52,4-2-3-1,3-4-2-1,4.0,3.0,6.9,6.1,3.0,3.0,0.064,-1.192,7.375,6.56,0.75,1.4,3.75,6.2,7.18,6.56,0.6,0.8,5.8,4.4,6.8,,2.0,,0.0,,9.5,7.4,7.7,6.8,7.5,6.7,0.838,0.369
PL-2025-26-14025225,Jornada 7,2025-10-04,Leeds,1,Tottenham,1,2,1.0,0.0,16,4,10,2,1,,,0.0,5.0,,,,,,4.0,4,1.0,3,65,,22,57,83.9,401,478,,,16,,,,12,,,,47.6,10,21,,6,,,19,11,8,,25,2,0.0,0,1.0,,,,,1.0,,,2.0,,10,,,1.0,1.0,9,3,4,2,1,,,1.0,3.0,,,,,,1.0,1,2.0,10,51,,18,43,79.7,298,374,,,11,,,,10,,,,10.0,1,10,,6,,,15,10,5,,34,1,0.0,0,3.0,,,,,0.0,,,3.0,,12,,,6.54,6.85,4-3-3,4-2-3-1,4.0,4.0,5.7,7.7,1.0,3.0,-1.4,0.661,6.4,6.5,2.0,1.5,4.75,4.5,6.7,6.8,2.0,0.75,4.25,2.75,6.9,7.2,1.5,1.0,0.5,0.5,7.5,8.0,6.8,7.7,6.8,7.7,0.483,0.658
PL-2025-26-14025214,Jornada 7,2025-10-04,Arsenal,1,West Ham,2,0,2.0,0.0,21,5,7,9,1,,,0.0,5.0,,,,,,4.0,8,1.0,5,44,,46,68,88.0,498,566,,,10,,,,13,,,,13.0,3,23,,7,,,23,14,9,,27,0,0.0,1,0.0,,,,,0.0,,0.0,0.0,,14,,,0.0,0.0,4,0,3,1,0,,,0.0,0.0,,,,,,2.0,3,1.0,3,34,,8,32,78.4,210,268,,,14,,,,14,,,,18.2,2,11,,12,,,17,7,10,,50,2,0.0,0,3.0,,,,,1.0,,2.0,2.0,,14,,,7.13,6.55,4-3-3,4-1-4-1,4.0,4.0,6.5,6.5,0.0,3.0,,0.197,7.25,6.375,2.75,0.0,4.75,9.5,7.1,6.74,1.333,0.6,1.667,2.8,7.2,6.3,2.667,1.0,0.333,0.0,8.5,7.7,7.6,7.0,7.5,6.8,0.634,0.452
PL-2025-26-14025227,Jornada 7,2025-10-04,Man United,1,Sunderland,2,0,2.0,0.0,15,6,7,2,1,,,2.0,2.0,,,,,,2.0,2,1.0,7,55,,32,50,78.3,351,448,,,19,,,,12,,,,71.4,5,7,,10,,,17,10,7,,24,0,0.0,1,3.0,,,,,2.0,,,1.0,,10,,,0.0,0.0,8,3,4,1,0,,,1.0,2.0,,,,,,2.0,3,2.0,11,48,,14,50,79.7,341,428,,,16,,,,10,,,,20.0,4,20,,10,,,21,9,12,,31,2,0.0,0,4.0,,,,,0.0,,,4.0,,12,,,7.19,6.48,3-4-2-1,4-2-3-1,3.0,4.0,7.8,6.6,3.0,4.0,0.938,0.074,6.85,6.375,1.75,2.5,3.5,2.75,7.45,6.475,1.5,0.5,6.0,4.5,7.25,6.65,1.5,1.0,0.5,0.0,7.8,6.9,7.7,6.8,7.6,6.6,0.408,0.252
PL-2025-26-14025221,Jornada 7,2025-10-04,Chelsea,1,Liverpool,2,1,1.0,1.0,12,6,4,2,2,,,2.0,3.0,,,,,,2.0,7,2.0,6,56,,22,53,83.1,422,508,,,29,,,,8,,,,15.0,3,20,,13,,,21,12,9,,12,1,0.0,0,1.0,,,,,1.0,,0.0,0.0,,9,,,1.0,0.0,12,2,5,5,0,,,1.0,3.0,,,,,,4.0,2,2.0,2,50,,25,47,82.2,370,450,,,16,,,,9,,,,27.3,3,11,,9,,,16,12,4,,26,2,0.0,0,4.0,,,,,2.0,,1.0,2.0,,8,,,6.95,6.59,4-2-3-1,4-2-3-1,4.0,4.0,6.6,7.1,1.0,4.0,-0.044,-0.338,7.26,6.3,1.8,0.75,1.8,3.25,6.8,6.78,0.333,1.6,4.667,4.6,6.6,6.3,1.0,1.0,0.0,0.0,8.2,7.4,8.0,7.1,7.6,6.9,0.7,0.442
PL-2025-26-14025217,Jornada 7,2025-10-05,Aston Villa,1,Burnley,2,1,2.0,0.0,15,7,5,3,0,,,2.0,1.0,,,,,,2.0,6,3.0,6,40,,23,55,87.5,434,496,,,21,,,,15,,,,72.7,8,11,,5,,,15,10,5,,23,1,0.0,0,1.0,,,,,1.0,,,3.0,,9,,,1.0,0.0,5,2,1,2,1,,,1.0,1.0,,,,,,1.0,4,5.0,2,60,,12,45,80.9,331,409,,,23,,,,9,,,,42.9,3,7,,13,,,27,11,16,,5,2,0.0,0,5.0,,,,,0.0,,,1.0,,15,,,7.19,6.57,4-2-2-2,5-4-1,4.0,5.0,7.0,8.0,1.0,5.0,-0.714,0.047,7.3,6.25,1.5,1.5,3.75,1.0,7.05,6.725,1.25,0.25,4.0,5.25,7.35,6.2,2.5,0.0,1.0,0.0,8.8,8.0,8.2,7.2,7.6,7.2,0.763,0.624
PL-2025-26-14025223,Jornada 7,2025-10-05,Everton,1,Crystal Palace,2,1,2.0,0.0,14,7,5,2,0,,,0.0,3.0,,,,,,5.0,2,0.0,6,66,,28,50,81.1,351,433,,,24,,,,15,,,,31.6,6,19,,11,,,19,10,9,,35,1,0.0,0,5.0,,,,,0.0,,,2.0,,13,,,1.0,0.0,15,8,4,3,1,,,1.0,3.0,,,,,,5.0,4,1.0,2,56,,23,50,80.8,349,432,,,17,,,,13,,,,21.4,3,14,,14,,,31,15,16,,38,2,0.0,0,5.0,,,,,1.0,,,3.0,,16,,,7.27,7.01,4-2-3-1,3-4-2-1,4.0,3.0,7.7,7.5,5.0,5.0,0.398,0.616,7.35,6.967,1.75,1.333,6.5,7.0,7.32,7.25,0.8,0.25,4.2,5.5,6.3,6.567,0.0,1.667,0.0,0.0,8.4,8.1,8.1,7.7,7.7,7.5,0.697,0.653
PL-2025-26-14025229,Jornada 7,2025-10-05,Newcastle,1,Nottm Forest,2,0,1.0,1.0,18,9,4,5,1,,,1.0,3.0,,,,,,6.0,8,0.0,5,71,,33,51,83.4,387,464,,,13,,,,14,,,,19.2,5,26,,9,,,16,11,5,,16,0,0.0,1,4.0,,,,,,,1.0,0.0,,16,,,0.0,0.0,5,4,1,0,0,,,1.0,0.0,,,,,,0.0,1,2.0,13,38,,18,49,82.3,372,452,,,20,,,,16,,,,21.4,3,14,,9,,,13,8,5,,38,2,0.0,0,7.0,,,,,,,0.0,4.0,,15,,,7.15,6.86,4-3-3,3-4-3,4.0,3.0,6.7,8.7,4.0,7.0,0.254,1.843,7.2,6.68,1.5,1.6,3.25,5.4,7.733,6.8,1.333,0.5,4.0,5.75,6.633,6.2,1.333,0.0,0.333,0.0,9.4,8.7,7.4,7.1,7.3,7.0,0.807,0.655
PL-2025-26-14025231,Jornada 7,2025-10-05,Wolves,1,Brighton,1,1,0.0,0.0,6,3,3,0,2,,,0.0,1.0,,,,,,1.0,2,1.0,6,48,,8,42,76.5,270,353,,,31,,,,9,,,,20.0,3,15,,9,,,26,14,12,,32,1,0.0,0,5.0,,,,,1.0,,,2.0,,13,,,1.0,0.0,17,6,6,5,0,,,2.0,4.0,,,,,,2.0,8,3.0,8,66,,28,58,86.8,427,492,,,26,,,,13,,,,41.9,13,31,,9,,,19,10,9,,16,1,0.0,0,3.0,,,,,1.0,,,4.0,,9,,,6.89,6.66,4-3-3,4-2-3-1,4.0,4.0,8.1,7.0,5.0,3.0,0.459,-0.332,6.9,6.875,2.333,1.0,2.667,2.5,6.74,6.68,0.4,1.2,5.4,3.4,6.65,5.4,1.0,0.0,0.0,0.0,8.1,8.2,7.3,7.0,7.0,6.9,0.454,0.671
PL-2025-26-14025219,Jornada 7,2025-10-05,Brentford,1,Man City,0,1,0.0,0.0,6,1,3,2,0,,,0.0,2.0,,,,,,1.0,3,1.0,2,44,,8,30,80.1,249,311,,,17,,,,6,,,,14.3,2,14,,11,,,16,10,6,,14,1,0.0,0,3.0,,,,,2.0,,0.0,3.0,,10,,,1.0,0.0,10,4,2,4,0,,,1.0,3.0,,,,,,2.0,2,1.0,10,59,,23,70,91.4,698,764,,,18,,,,10,,,,22.2,2,9,,6,,,14,10,4,,21,0,0.0,1,1.0,,,,,3.0,,1.0,2.0,,6,,,6.45,7.1,5-3-2,4-1-4-1,5.0,4.0,6.7,7.2,3.0,1.0,-0.349,0.232,6.38,7.35,1.0,1.75,2.4,3.25,6.425,6.8,0.75,1.4,3.0,3.6,6.6,7.5,2.0,1.0,0.0,1.0,6.7,7.9,6.7,7.6,6.6,7.5,0.167,0.416
PL-2025-26-14025245,Jornada 8,2025-10-18,Nottm Forest,1,Chelsea,0,3,0.0,0.0,12,2,8,2,1,,,0.0,4.0,,,,,,4.0,5,1.0,8,50,,23,50,82.5,367,445,,,15,,,,16,,,,21.7,5,23,,9,,,19,10,9,,15,3,0.0,0,3.0,,,,,0.0,,1.0,2.0,0.0,13,,,2.0,1.0,17,6,6,5,0,,,1.0,4.0,,,,,,4.0,2,2.0,12,52,,20,50,85.7,397,463,,,28,,,,13,,,,33.3,3,9,,13,,,15,8,7,,19,0,0.0,1,2.0,,,,,1.0,,0.0,4.0,1.0,16,,,6.35,7.44,5-3-2,4-2-3-1,5.0,4.0,5.1,7.7,3.0,2.0,-0.843,0.554,6.32,7.58,1.8,1.4,2.2,2.8,6.675,7.6,1.25,1.333,4.0,1.667,6.4,6.7,1.0,0.5,0.0,0.0,7.3,9.5,6.9,8.8,6.7,8.1,0.569,1.004
PL-2025-26-14025233,Jornada 8,2025-10-18,Brighton,1,Newcastle,2,1,1.0,1.0,13,5,3,5,0,,,2.0,4.0,,,,,,1.0,8,3.0,11,48,,30,46,81.0,341,421,,,16,,,,9,,,,22.2,4,18,,5,,,21,14,7,,30,1,0.0,0,2.0,,,,,0.0,,0.0,0.0,,9,,,1.0,0.0,16,3,8,5,0,,,0.0,6.0,,,,,,1.0,4,1.0,10,49,,25,54,85.3,419,491,,,17,,,,9,,,,29.2,7,24,,7,,,17,13,4,,22,2,0.0,0,3.0,,,,,2.0,,1.0,1.0,,9,,,7.15,6.7,4-2-3-1,4-3-3,4.0,4.0,6.7,6.9,2.0,3.0,0.056,-0.559,7.15,6.45,1.75,1.75,5.25,3.0,6.94,6.8,1.4,1.0,3.2,3.0,8.7,6.867,2.0,1.667,2.0,0.333,8.7,7.5,7.8,6.9,7.5,6.9,0.62,0.328
PL-2025-26-14025235,Jornada 8,2025-10-18,Burnley,1,Leeds,2,0,1.0,1.0,4,3,1,0,0,,,1.0,1.0,,,,,,1.0,1,1.0,2,36,,3,31,75.7,221,292,,,23,,,,7,,,,14.3,1,7,,17,,,14,8,6,,50,0,0.0,1,4.0,,,,,1.0,,2.0,2.0,,10,,,0.0,0.0,19,4,12,3,1,,,1.0,1.0,,,,,,4.0,5,0.0,6,61,,44,69,85.5,526,615,,,13,,,,10,,,,38.3,18,47,,12,,,13,6,7,,12,2,0.0,0,1.0,,,,,1.0,,0.0,1.0,,7,,,7.04,6.67,4-2-3-1,4-3-3,4.0,4.0,7.8,5.9,4.0,1.0,0.505,-0.792,7.2,6.85,1.75,1.25,7.25,2.25,7.0,6.775,0.5,1.5,3.5,2.75,6.4,6.5,0.5,3.0,0.0,0.0,7.9,7.5,7.8,7.2,7.7,7.0,0.59,0.477
PL-2025-26-14025237,Jornada 8,2025-10-18,Crystal Palace,1,Bournemouth,3,3,3.0,0.0,20,7,6,7,0,,,2.0,3.0,,,,,,7.0,6,3.0,4,60,,41,52,76.2,308,404,,,36,,,,15,,,,31.6,6,19,,6,,,23,14,9,,32,3,0.0,0,2.0,,,,,0.0,,,1.0,,8,,,3.0,0.0,8,5,3,0,0,,,0.0,2.0,,,,,,3.0,5,3.0,6,43,,19,48,76.9,280,364,,,20,,,,8,,,,16.7,2,12,,12,,,18,7,11,,47,3,0.0,0,4.0,,,,,4.0,,,4.0,,16,,,7.21,6.64,3-4-2-1,4-2-3-1,3.0,4.0,6.7,7.1,2.0,4.0,-0.19,0.931,6.933,6.0,2.0,0.5,6.333,6.5,7.275,6.62,1.25,0.8,5.25,2.8,7.567,8.8,4.333,2.0,1.0,2.0,9.3,8.8,8.1,7.1,7.3,6.9,0.779,0.807
PL-2025-26-14025243,Jornada 8,2025-10-18,Man City,1,Everton,2,0,2.0,0.0,19,7,5,7,1,,,0.0,3.0,,,,,,6.0,11,0.0,15,69,,46,71,91.5,685,749,,,23,,,,14,,,,27.8,5,18,,5,,,15,9,6,,26,0,0.0,1,1.0,,,,,1.0,,2.0,0.0,,8,,,0.0,0.0,5,1,2,2,0,,,0.0,1.0,,,,,,1.0,3,1.0,5,43,,15,29,79.0,237,300,,,25,,,,8,,,,10.0,1,10,,7,,,18,11,7,,28,2,0.0,0,5.0,,,,,0.0,,0.0,2.0,,14,,,7.45,6.58,4-1-4-1,4-2-3-1,4.0,4.0,7.0,6.8,1.0,5.0,0.067,-0.522,7.425,6.575,2.0,0.75,3.75,4.25,7.22,6.62,2.4,0.4,2.6,3.8,9.2,6.2,5.0,1.0,2.0,0.0,9.2,7.2,8.1,6.9,8.1,6.9,0.755,0.379
PL-2025-26-14025247,Jornada 8,2025-10-18,Sunderland,1,Wolves,2,0,1.0,0.0,8,2,3,3,1,,,0.0,3.0,,,,,,2.0,2,2.0,8,47,,17,41,72.7,248,341,,,15,,,,12,,,,25.0,3,12,,7,,,14,9,5,,36,0,0.0,1,3.0,,,,,1.0,,0.0,,,5,,,0.0,0.0,16,3,8,5,0,,,1.0,7.0,,,,,,0.0,2,2.0,7,65,,38,59,84.3,393,466,,,29,,,,5,,,,35.5,11,31,,8,,,15,12,3,,40,2,0.0,0,1.0,,,,,0.0,,1.0,,,12,,,7.05,6.64,4-2-3-1,4-3-3,4.0,4.0,7.4,6.6,3.0,1.0,0.27,-1.778,7.65,6.6,1.25,1.5,6.25,5.25,6.725,6.84,0.75,0.6,4.0,4.0,6.35,5.8,0.5,1.0,0.0,0.0,9.3,7.1,7.4,6.8,7.4,6.8,0.811,0.323
PL-2025-26-14025239,Jornada 8,2025-10-18,Fulham,1,Arsenal,0,1,0.0,0.0,9,0,6,3,0,,,0.0,3.0,,,,,,0.0,6,0.0,6,37,,16,37,79.2,248,313,,,19,,,,4,,,,11.1,2,18,,7,,,20,13,7,,35,1,0.0,0,4.0,,,,,2.0,,2.0,,,11,,,1.0,0.0,16,5,7,4,0,,,0.0,2.0,,,,,,3.0,10,2.0,10,80,,46,63,87.0,475,546,,,20,,,,11,,,,20.8,5,24,,1,,,9,5,4,,29,0,0.0,1,0.0,,,,,0.0,,0.0,,,4,,,6.68,7.05,4-2-3-1,4-3-3,4.0,4.0,7.5,6.6,4.0,0.0,0.423,,6.55,7.15,1.25,0.75,4.5,4.5,6.68,7.1,1.4,1.0,2.6,1.667,6.4,7.033,1.0,2.667,0.0,0.333,7.5,8.1,7.0,7.4,6.9,7.4,0.402,0.487
PL-2025-26-14025249,Jornada 8,2025-10-19,Tottenham,1,Aston Villa,1,2,1.0,0.0,10,3,5,2,0,,,1.0,2.0,,,,,,3.0,6,6.0,5,47,,28,53,88.0,336,382,,,25,,,,7,,,,22.7,5,22,,6,,,25,15,10,,29,2,0.0,0,0.0,,,,,0.0,,,2.0,,11,,,0.0,2.0,8,2,4,2,0,,,0.0,4.0,,,,,,0.0,6,1.0,7,43,,7,47,83.9,292,348,,,15,,,,11,,,,,0,16,,2,,,24,15,9,,29,1,0.0,0,2.0,,,,,2.0,,,0.0,,7,,,6.66,6.76,4-2-3-1,4-2-3-1,4.0,4.0,6.2,6.1,0.0,2.0,-1.033,-0.004,6.7,6.775,0.75,1.5,3.75,3.25,6.925,7.075,1.5,0.25,3.75,3.5,6.3,6.45,1.5,0.5,0.0,0.0,7.7,7.8,7.6,7.2,6.9,6.9,0.531,0.425
PL-2025-26-14025241,Jornada 8,2025-10-19,Liverpool,1,Man United,1,2,1.0,0.0,19,6,11,2,3,,,1.0,2.0,,,,,,5.0,9,1.0,4,63,,52,64,85.0,408,480,,,27,,,,14,,,,18.8,9,48,,5,,,13,7,6,,28,2,0.0,0,2.0,,,,,0.0,,0.0,0.0,,8,,,2.0,0.0,12,4,5,3,1,,,1.0,1.0,,,,,,5.0,4,1.0,4,63,,16,36,68.0,200,294,,,18,,,,8,,,,33.3,4,12,,6,,,15,9,6,,46,1,0.0,0,5.0,,,,,2.0,,1.0,2.0,,14,,,6.68,6.9,4-2-3-1,3-4-2-1,4.0,3.0,6.4,6.9,2.0,5.0,-0.943,1.33,6.75,6.825,1.25,1.25,6.0,6.25,6.72,7.05,2.0,1.5,2.2,2.5,6.5,6.9,2.0,1.75,0.0,0.25,7.6,7.6,7.3,7.5,7.0,7.1,0.415,0.388
PL-2025-26-14504827,Jornada 8,2025-10-20,West Ham,1,Brentford,0,2,0.0,0.0,7,1,3,3,0,,,1.0,4.0,,,,,,0.0,6,3.0,2,33,,14,44,74.7,257,344,,,19,,,,10,,,,10.0,2,20,,2,,,16,12,4,,39,2,0.0,0,4.0,,,,,2.0,,,1.0,,10,,,2.0,0.0,22,7,10,5,2,,,0.0,2.0,,,,,,5.0,10,2.0,6,52,,42,56,82.5,372,451,,,23,,,,10,,,,54.2,13,24,,7,,,11,8,3,,26,0,0.0,1,1.0,,,,,2.0,,,1.0,,10,,,6.73,7.35,4-2-3-1,4-2-3-1,4.0,4.0,7.1,7.3,4.0,1.0,-0.25,0.203,6.65,7.65,1.0,1.25,5.5,4.25,6.717,7.1,0.667,2.6,3.5,4.8,,7.5,,6.0,,1.0,7.3,8.1,7.1,7.8,7.0,7.7,0.296,0.458
PL-2025-26-14025265,Jornada 9,2025-10-24,Leeds,1,West Ham,2,1,2.0,0.0,13,5,5,3,1,,,1.0,4.0,,,,,,3.0,3,1.0,5,38,,10,41,81.0,302,373,,,20,,,,11,,,,45.5,5,11,,13,,,21,13,8,,39,1,0.0,0,2.0,,,,,1.0,,,3.0,,12,,,1.0,0.0,9,3,3,3,0,,,0.0,5.0,,,,,,0.0,4,1.0,6,62,,10,59,82.3,441,536,,,19,,,,12,,,,13.0,3,23,,4,,,13,6,7,,12,2,0.0,0,3.0,,,,,0.0,,,3.0,,11,,,6.96,6.65,4-3-3,3-4-3,4.0,3.0,7.4,7.1,2.0,3.0,0.031,-0.54,7.05,6.54,2.0,1.0,6.0,2.0,7.125,6.68,1.0,1.0,3.75,4.0,6.25,,1.5,,0.0,,8.2,7.6,8.0,7.1,7.4,6.8,0.672,0.419
PL-2025-26-14025261,Jornada 9,2025-10-25,Chelsea,1,Sunderland,1,2,1.0,0.0,16,7,5,4,0,,,2.0,4.0,,,,,,2.0,9,3.0,9,61,,26,68,90.1,567,629,,,19,,,,13,,,,13.8,4,29,,3,,,8,8,0,,18,2,0.0,0,2.0,,,,,1.0,,0.0,1.0,,15,,,2.0,0.0,10,4,2,4,0,,,1.0,2.0,,,,,,2.0,1,2.0,4,55,,17,32,78.5,230,293,,,19,,,,15,,,,11.1,1,9,,8,,,14,8,6,,33,1,0.0,0,6.0,,,,,3.0,,1.0,1.0,,13,,,6.95,6.96,4-2-3-1,5-4-1,4.0,5.0,6.7,7.6,2.0,6.0,-0.422,-0.013,7.0,6.78,1.25,1.0,2.75,4.4,7.233,7.033,2.0,1.333,4.0,3.667,6.667,7.0,2.0,2.5,0.333,0.5,8.0,7.6,7.7,7.4,7.7,7.2,0.605,0.296
PL-2025-26-14025269,Jornada 9,2025-10-25,Newcastle,1,Fulham,2,1,2.0,0.0,18,7,6,5,2,,,2.0,6.0,,,,,,4.0,4,0.0,6,51,,35,51,84.3,381,452,,,22,,,,18,,,,31.6,6,19,,7,,,14,9,5,,20,1,0.0,0,4.0,,,,,1.0,,0.0,0.0,,11,,,1.0,0.0,12,5,2,5,1,,,2.0,2.0,,,,,,2.0,3,1.0,5,48,,25,49,79.1,351,444,,,22,,,,11,,,,7.7,1,13,,9,,,19,11,8,,21,2,0.0,0,5.0,,,,,0.0,,1.0,2.0,,18,,,7.11,6.62,4-3-3,4-2-3-1,4.0,4.0,8.1,7.7,4.0,5.0,1.689,0.146,6.775,6.025,1.25,2.25,3.25,3.0,7.067,6.7,2.0,1.0,4.667,2.75,7.267,7.1,2.333,3.5,0.333,0.0,8.1,7.7,8.1,7.3,7.6,7.2,0.772,0.644
PL-2025-26-14025267,Jornada 9,2025-10-25,Man United,1,Brighton,4,2,2.0,2.0,13,9,3,1,1,,,2.0,2.0,,,,,,4.0,1,2.0,13,46,,21,44,81.7,361,442,,,27,,,,13,,,,11.1,1,9,,14,,,21,13,8,,15,2,0.0,0,3.0,,,,,1.0,,,2.0,,4,,,1.0,1.0,17,5,8,4,0,,,2.0,5.0,,,,,,1.0,6,2.0,17,45,,20,56,85.4,485,568,,,20,,,,4,,,,29.4,5,17,,12,,,18,12,6,,18,4,0.0,0,5.0,,,,,1.0,,,2.0,,13,,,7.33,6.33,3-4-2-1,4-2-3-1,3.0,4.0,6.9,6.3,3.0,5.0,-0.299,-0.956,6.6,6.3,1.0,2.4,2.5,2.6,7.85,6.05,1.5,0.5,6.0,4.25,7.9,7.6,1.75,3.0,0.75,1.0,9.8,7.6,8.8,6.7,8.4,6.5,1.105,0.483
PL-2025-26-14025259,Jornada 9,2025-10-25,Brentford,1,Liverpool,3,2,3.0,0.0,17,8,7,2,0,,,2.0,3.0,,,,,,7.0,5,2.0,7,50,,34,34,69.8,201,288,,,22,,,,9,,,,31.6,6,19,,14,,,15,9,6,,35,2,0.0,0,3.0,,,,,,,0.0,3.0,,7,,,2.0,0.0,18,5,7,6,0,,,1.0,4.0,,,,,,3.0,4,0.0,9,74,,37,66,83.6,490,586,,,24,,,,7,,,,33.3,7,21,,4,,,21,12,9,,41,3,0.0,0,5.0,,,,,,,1.0,2.0,,10,,,7.07,6.75,4-2-3-1,4-2-3-1,4.0,4.0,7.8,6.0,3.0,5.0,0.059,-0.508,6.875,6.75,1.25,2.25,5.75,6.0,7.18,7.08,1.2,1.2,4.8,5.0,6.6,5.8,4.0,4.0,1.0,0.0,8.1,9.1,7.8,7.2,7.8,7.0,0.545,0.844
PL-2025-26-14025255,Jornada 9,2025-10-26,Arsenal,1,Crystal Palace,1,0,1.0,0.0,10,3,4,3,1,,,0.0,3.0,,,,,,2.0,4,2.0,5,87,,25,60,83.1,449,540,,,18,,,,11,,,,40.0,4,10,,6,,,12,7,5,,28,0,0.0,1,1.0,,,,,,,,,,6,,,0.0,0.0,7,1,3,3,0,,,0.0,2.0,,,,,,0.0,3,1.0,4,46,,15,40,73.6,265,360,,,19,,,,6,,,,30.0,3,10,,12,,,16,9,7,,44,1,0.0,0,2.0,,,,,,,,,,11,,,7.22,6.69,4-3-3,3-4-2-1,4.0,3.0,7.6,7.0,1.0,2.0,0.477,0.019,7.225,7.2,0.5,1.333,2.5,11.333,7.8,6.4,1.333,0.25,2.667,4.5,6.5,6.467,1.667,0.667,0.0,0.0,8.3,7.6,8.2,7.2,7.7,7.0,0.691,0.472
PL-2025-26-14025257,Jornada 9,2025-10-26,Aston Villa,1,Man City,1,0,0.0,1.0,9,3,1,5,0,,,0.0,2.0,,,,,,2.0,5,1.0,6,48,,26,47,86.4,388,449,,,25,,,,16,,,,25.0,3,12,,7,,,18,11,7,,19,0,0.0,1,3.0,,,,,1.0,,,1.0,,8,,,0.0,0.0,18,4,5,9,0,,,0.0,4.0,,,,,,2.0,6,3.0,6,52,,33,53,90.3,455,504,,,10,,,,8,,,,33.3,7,21,,11,,,14,8,6,,19,1,0.0,0,2.0,,,,,0.0,,,4.0,,16,,,7.29,6.72,4-2-3-1,4-1-4-1,4.0,4.0,7.2,7.7,3.0,2.0,0.164,-0.194,7.625,6.875,1.5,0.75,3.75,2.5,7.24,6.4,0.6,1.8,3.2,3.4,6.3,6.7,2.0,3.0,0.0,0.0,8.4,7.8,8.1,7.7,7.5,6.9,0.571,0.544
PL-2025-26-14025253,Jornada 9,2025-10-26,Bournemouth,1,Nottm Forest,2,0,1.0,1.0,13,5,4,4,0,,,2.0,4.0,,,,,,,6,3.0,7,45,,16,52,80.3,359,447,,,17,,,,7,,,,20.0,2,10,,12,,,9,7,2,,16,0,0.0,1,4.0,,,,,0.0,,,3.0,,17,,,0.0,0.0,8,4,2,2,0,,,2.0,3.0,,,,,,,4,0.0,2,62,,7,48,77.8,318,409,,,30,,,,17,,,,23.1,3,13,,9,,,19,10,9,,18,2,0.0,0,3.0,,,,,1.0,,,1.0,,7,,,7.06,6.55,4-2-3-1,4-2-3-1,4.0,4.0,7.0,5.6,4.0,3.0,0.815,-1.437,7.2,6.625,0.75,2.25,2.5,2.75,6.88,6.6,1.2,0.8,5.0,4.8,7.5,6.9,3.0,0.0,1.0,0.0,7.6,7.2,7.5,7.2,7.4,6.9,0.375,0.491
PL-2025-26-14025271,Jornada 9,2025-10-26,Wolves,1,Burnley,2,3,2.0,0.0,15,7,6,2,1,,,1.0,4.0,,,,,,3.0,4,2.0,7,73,,35,57,84.0,414,493,,,28,,,,6,,,,27.3,12,44,,9,,,14,6,8,,24,3,0.0,0,4.0,,,,,,,,1.0,,12,,,2.0,1.0,11,7,1,3,0,,,2.0,2.0,,,,,,2.0,3,2.0,3,56,,20,43,78.8,308,391,,,27,,,,12,,,,10.0,1,10,,5,,,19,8,11,,42,2,0.0,0,5.0,,,,,,,,0.0,,7,,,6.74,6.84,4-3-3,4-2-3-1,4.0,4.0,6.8,7.5,4.0,5.0,-1.118,0.296,6.825,6.575,1.25,1.0,3.75,8.0,6.58,6.55,0.8,0.5,3.0,3.0,7.1,7.6,2.0,2.0,1.0,1.0,7.1,9.2,7.1,7.5,7.0,7.1,0.235,0.88
PL-2025-26-14025263,Jornada 9,2025-10-26,Everton,1,Tottenham,0,3,0.0,0.0,12,2,5,5,0,,,1.0,3.0,,,,,,3.0,9,2.0,8,56,,31,54,84.6,374,442,,,16,,,,8,,,,9.1,3,33,,6,,,19,10,9,,27,3,0.0,0,1.0,,,,,0.0,,1.0,2.0,,9,,,3.0,0.0,7,4,2,1,0,,,0.0,2.0,,,,,,4.0,8,2.0,8,37,,16,46,83.3,329,395,,,14,,,,9,,,,26.7,4,15,,6,,,20,11,9,,54,0,0.0,1,2.0,,,,,1.0,,2.0,0.0,,8,,,6.63,7.3,4-2-3-1,4-2-3-1,4.0,4.0,5.8,7.8,1.0,2.0,0.226,1.199,6.35,7.975,1.75,1.25,4.5,9.0,7.08,6.9,1.2,0.5,4.2,5.25,6.3,6.5,1.0,0.0,0.0,0.0,7.4,9.2,7.2,8.1,7.0,8.1,0.506,0.869
PL-2025-26-14025273,Jornada 10,2025-11-01,Brighton,1,Leeds,3,0,3.0,0.0,14,7,5,2,0,,,0.0,6.0,,,,,,3.0,4,3.0,9,50,,26,50,87.8,431,491,,,19,,,,7,,,,20.0,2,10,,3,,,24,15,9,,14,0,0.0,1,2.0,,,,,1.0,,,0.0,,10,,,0.0,0.0,5,2,2,1,0,,,0.0,2.0,,,,,,1.0,7,1.0,11,35,,18,50,87.0,423,486,,,22,,,,10,,,,21.1,4,19,,6,,,12,8,4,,19,3,0.0,0,4.0,,,,,0.0,,,1.0,,7,,,7.6,6.35,4-2-3-1,4-1-4-1,4.0,4.0,8.2,7.2,2.0,4.0,0.884,1.476,7.65,5.925,3.25,0.75,2.5,4.0,7.54,6.425,1.0,0.25,3.0,3.25,7.1,6.6,2.0,0.5,1.0,0.0,9.4,7.2,8.4,6.8,8.3,6.7,0.856,0.468
PL-2025-26-14025275,Jornada 10,2025-11-01,Burnley,1,Arsenal,0,2,0.0,0.0,3,0,3,0,1,,,0.0,1.0,,,,,,1.0,1,0.0,6,57,,12,46,81.5,348,427,,,27,,,,13,,,,7.7,1,13,,7,,,14,9,5,,28,2,0.0,0,5.0,,,,,0.0,,1.0,2.0,,10,,,2.0,0.0,12,8,3,1,0,,,2.0,1.0,,,,,,4.0,6,1.0,5,50,,23,54,86.2,426,494,,,13,,,,10,,,,28.6,4,14,,6,,,16,7,9,,28,0,0.0,1,0.0,,,,,1.0,,0.0,1.0,,13,,,6.64,7.13,5-4-1,4-3-3,5.0,4.0,7.8,6.6,5.0,0.0,0.581,,6.825,7.275,1.5,1.5,5.25,5.25,6.34,7.467,0.0,0.667,1.4,4.333,6.2,6.767,1.0,1.667,0.0,0.333,7.8,8.8,7.7,8.0,6.9,7.4,0.573,0.69
PL-2025-26-14025277,Jornada 10,2025-11-01,Crystal Palace,1,Brentford,2,0,1.0,0.0,10,3,3,4,1,,,0.0,3.0,,,,,,1.0,6,1.0,2,57,,24,36,66.4,178,268,,,17,,,,11,,,,11.8,2,17,,12,,,13,7,6,,31,0,0.0,1,2.0,,,,,3.0,,1.0,0.0,,7,,,0.0,0.0,6,2,2,2,0,,,1.0,3.0,,,,,,1.0,5,3.0,6,66,,16,64,79.5,392,493,,,27,,,,7,,,,5.9,1,17,,4,,,16,11,5,,38,2,0.0,0,2.0,,,,,3.0,,0.0,3.0,,11,,,7.05,6.44,3-4-2-1,4-2-3-1,3.0,4.0,7.3,6.9,2.0,2.0,0.774,-1.182,7.067,6.325,2.333,1.75,5.667,7.5,6.775,6.44,0.5,0.2,5.5,4.2,7.3,6.4,2.0,0.0,0.333,0.0,7.8,7.0,7.4,6.9,7.4,6.7,0.387,0.375
PL-2025-26-14025279,Jornada 10,2025-11-01,Fulham,1,Wolves,3,0,1.0,1.0,19,6,5,8,1,,,2.0,5.0,,,,,,2.0,10,3.0,7,58,,37,63,86.9,477,549,,,19,,,,14,,,,28.6,6,21,,4,,,6,2,4,,22,0,0.0,1,2.0,,,,,1.0,,1.0,1.0,0.0,13,,,0.0,0.0,5,2,2,1,0,,,0.0,2.0,,,,,,1.0,1,0.0,2,64,,17,37,76.9,243,316,,,31,,,,13,,,,25.0,4,16,,10,,,17,12,5,,31,3,0.0,0,4.0,,,,,0.0,,0.0,3.0,1.0,14,,,7.25,6.52,4-2-3-1,5-3-2,4.0,5.0,7.5,6.8,2.0,4.0,0.097,-1.076,7.025,6.333,0.75,1.333,2.25,3.0,7.32,6.833,2.0,0.0,2.6,2.333,7.5,6.4,0.0,0.0,0.0,0.0,8.4,7.2,7.5,7.0,7.5,7.0,0.519,0.569
PL-2025-26-14025285,Jornada 10,2025-11-01,Nottm Forest,1,Man United,2,2,2.0,0.0,17,3,8,6,0,,,1.0,5.0,,,,,,1.0,8,2.0,5,57,,24,41,75.1,263,350,,,23,,,,7,,,,20.0,5,25,,11,,,17,10,7,,17,2,0.0,0,4.0,,,,,1.0,,1.0,1.0,,17,,,1.0,1.0,18,7,6,5,1,,,2.0,7.0,,,,,,0.0,5,1.0,8,63,,17,59,84.2,442,525,,,31,,,,10,,,,38.5,5,13,,10,,,12,10,2,,22,2,0.0,0,1.0,,,,,0.0,,1.0,1.0,,0,,,6.81,7.01,4-2-3-1,3-4-2-1,4.0,3.0,6.2,6.2,4.0,1.0,-0.58,-0.444,7.025,6.925,2.5,1.75,4.0,3.0,6.94,7.65,2.0,3.5,4.8,7.0,5.9,6.975,3.0,2.5,0.0,0.25,7.6,8.0,7.4,7.7,7.3,7.6,0.523,0.657
PL-2025-26-14025289,Jornada 10,2025-11-01,Tottenham,1,Chelsea,0,1,0.0,0.0,3,1,1,1,0,,,0.0,1.0,,,,,,0.0,6,1.0,9,47,,15,48,76.0,294,387,,,13,,,,12,,,,,0,16,,4,,,30,19,11,,20,1,0.0,0,8.0,,,,,0.0,,1.0,4.0,,14,,,1.0,0.0,15,9,5,1,0,,,1.0,2.0,,,,,,6.0,5,1.0,8,53,,36,52,80.7,343,425,,,26,,,,14,,,,23.1,3,13,,17,,,20,12,8,,19,0,0.0,1,1.0,,,,,5.0,,1.0,2.0,,12,,,6.75,7.07,4-2-3-1,4-2-3-1,4.0,4.0,8.6,7.3,8.0,1.0,2.165,0.158,6.3,7.24,2.0,2.0,1.5,3.2,5.38,6.533,0.4,2.333,5.0,4.667,6.8,7.35,0.0,3.0,0.0,0.5,8.6,7.7,7.1,7.6,6.8,7.4,0.677,0.534
PL-2025-26-14025281,Jornada 10,2025-11-01,Liverpool,1,Aston Villa,2,0,1.0,1.0,16,4,7,5,0,,,2.0,6.0,,,,,,4.0,1,8.0,9,63,,21,53,87.4,408,467,,,19,,,,11,,,,9.1,1,11,,6,,,12,8,4,,25,0,0.0,1,3.0,,,,,,,,2.0,,13,,,0.0,0.0,10,3,6,1,2,,,3.0,3.0,,,,,,0.0,4,0.0,6,51,,22,47,84.4,336,398,,,21,,,,13,,,,5.6,1,18,,6,,,11,7,4,,26,2,0.0,0,2.0,,,,,,,,3.0,,11,,,7.35,6.35,4-2-3-1,4-2-3-1,4.0,4.0,7.2,5.7,3.0,2.0,0.3,-0.988,7.275,6.4,0.75,0.5,5.0,5.0,7.68,6.575,2.0,1.0,2.8,3.0,6.1,6.1,0.0,0.5,0.0,0.0,8.4,7.1,8.1,6.8,7.9,6.7,0.59,0.436
PL-2025-26-14025291,Jornada 10,2025-11-02,West Ham,1,Newcastle,3,1,1.0,1.0,15,9,3,3,1,,,3.0,1.0,,,,,,2.0,7,4.0,7,41,,21,37,76.6,245,320,,,20,,,,10,,,,28.6,6,21,,7,,,21,13,8,,41,1,0.0,0,3.0,,,,,1.0,,2.0,1.0,,5,,,0.0,1.0,12,4,6,2,0,,,1.0,4.0,,,,,,0.0,6,0.0,7,89,,22,63,85.7,467,545,,,22,,,,5,,,,7.4,2,27,,9,,,8,5,3,,19,3,0.0,0,7.0,,,,,1.0,,3.0,2.0,,10,,,6.95,6.55,4-3-3,4-3-3,4.0,4.0,7.0,6.4,3.0,7.0,-0.213,-1.075,6.775,6.1,2.75,1.0,6.75,1.5,7.26,6.667,1.8,1.333,3.8,4.333,6.1,7.1,1.0,2.0,0.0,0.333,8.5,7.7,7.2,7.4,7.1,7.2,0.577,0.632
PL-2025-26-14025283,Jornada 10,2025-11-02,Man City,1,Bournemouth,3,1,3.0,0.0,15,8,4,3,0,,,1.0,1.0,,,,,,4.0,9,0.0,13,53,,43,48,86.2,425,493,,,16,,,,11,,,,25.0,4,16,,9,,,10,7,3,,23,1,0.0,0,4.0,,,,,0.0,,2.0,2.0,,8,,,1.0,0.0,8,5,2,1,0,,,3.0,1.0,,,,,,1.0,4,3.0,4,55,,17,52,88.5,461,521,,,26,,,,8,,,,5.0,1,20,,5,,,23,10,13,,27,3,0.0,0,4.0,,,,,1.0,,2.0,2.0,,11,,,7.09,6.58,4-3-2-1,4-2-3-1,4.0,4.0,6.2,5.4,4.0,4.0,0.542,-1.607,7.15,6.8,0.5,3.0,4.25,4.25,6.78,6.68,2.0,0.4,4.2,3.0,9.3,6.4,6.0,2.0,2.0,0.0,9.3,7.9,8.5,7.1,7.2,6.7,0.911,0.601
PL-2025-26-14723615,Jornada 10,2025-11-03,Sunderland,1,Everton,1,1,0.0,1.0,17,3,7,7,0,,,0.0,3.0,,,,,,1.0,4,2.0,7,80,,29,61,84.9,449,529,,,29,,,,12,,,,28.6,6,21,,5,,,14,10,4,,21,1,0.0,0,1.0,,,,,3.0,,,3.0,,10,,,1.0,0.0,8,2,3,3,1,,,1.0,2.0,,,,,,1.0,1,0.0,6,47,,19,39,76.9,267,347,,,13,,,,10,,,,22.2,2,9,,8,,,14,6,8,,45,1,0.0,0,2.0,,,,,0.0,,,2.0,,12,,,7.01,6.81,3-4-3,4-2-3-1,3.0,4.0,6.3,6.3,1.0,2.0,-0.264,0.373,6.94,7.05,1.0,1.0,3.4,7.75,7.667,7.02,2.667,0.8,6.333,5.0,6.55,5.3,3.5,2.0,0.0,0.0,9.2,7.5,7.3,7.5,7.3,7.3,0.774,0.601
PL-2025-26-14025057,Jornada 11,2025-11-08,Tottenham,1,Man United,2,2,2.0,0.0,10,4,3,3,0,,,0.0,4.0,,,,,,3.0,5,2.0,12,65,,18,55,83.0,385,464,,,14,,,,8,,,,17.2,5,29,,7,,,26,15,11,,17,2,0.0,0,0.0,,,,,1.0,,,5.0,,10,,,2.0,0.0,5,2,2,1,0,,,0.0,0.0,,,,,,2.0,3,3.0,3,40,,19,45,77.0,305,396,,,29,,,,10,,,,33.3,4,12,,6,,,21,8,13,,23,2,0.0,0,2.0,,,,,0.0,,,1.0,,8,,,6.56,6.9,4-2-3-1,3-4-2-1,4.0,3.0,5.5,7.1,0.0,2.0,-0.776,-0.018,6.6,6.875,2.75,1.75,2.75,3.0,6.833,6.933,0.0,0.667,4.667,4.0,6.6,6.833,1.0,1.0,0.333,0.333,7.2,7.3,7.0,7.3,6.9,7.2,0.423,0.305
PL-2025-26-14025043,Jornada 11,2025-11-08,Everton,1,Fulham,2,0,2.0,0.0,14,5,5,4,0,,,2.0,6.0,,,,,,4.0,7,5.0,6,53,,26,50,84.2,342,406,,,16,,,,14,,,,27.3,6,22,,4,,,15,10,5,,23,0,0.0,1,4.0,,,,,,,0.0,2.0,,11,,,0.0,0.0,8,4,1,3,0,,,0.0,3.0,,,,,,0.0,5,1.0,9,37,,19,50,82.2,338,411,,,22,,,,11,,,,14.3,2,14,,13,,,17,12,5,,34,2,0.0,0,3.0,,,,,,,1.0,2.0,,14,,,7.26,6.57,4-2-3-1,4-2-3-1,4.0,4.0,7.5,6.0,4.0,3.0,0.913,-0.543,7.5,6.825,0.0,2.0,4.333,6.25,7.333,6.54,1.5,0.6,3.0,1.4,5.9,6.3,2.0,2.0,0.0,0.0,7.9,7.1,7.9,7.1,7.7,6.9,0.569,0.379
PL-2025-26-14025060,Jornada 11,2025-11-08,West Ham,1,Burnley,3,2,3.0,0.0,15,6,1,8,0,,,2.0,5.0,,,,,,3.0,7,2.0,6,47,,22,43,82.4,308,374,,,25,,,,13,,,,22.2,4,18,,13,,,14,10,4,,30,2,0.0,0,5.0,,,,,1.0,,1.0,2.0,,15,,,2.0,0.0,16,7,2,7,0,,,2.0,5.0,,,,,,4.0,4,1.0,3,68,,25,57,85.1,440,517,,,21,,,,15,,,,23.1,3,13,,7,,,16,11,5,,28,3,0.0,0,3.0,,,,,1.0,,0.0,2.0,,13,,,6.69,6.74,4-3-3,4-2-3-1,4.0,4.0,6.3,6.1,5.0,3.0,0.325,0.058,6.275,6.65,0.75,1.0,4.0,5.5,6.92,6.9,1.2,1.0,4.0,4.5,7.6,6.9,2.0,1.5,1.0,0.5,7.7,7.4,7.6,7.3,7.1,7.1,0.526,0.416
PL-2025-26-14025054,Jornada 11,2025-11-08,Sunderland,1,Arsenal,2,2,2.0,0.0,6,2,2,2,0,,,0.0,0.0,,,,,,2.0,2,2.0,2,43,,14,35,78.7,226,287,,,12,,,,13,,,,,0,11,,6,,,16,8,8,,39,2,0.0,0,5.0,,,,,,,1.0,2.0,,13,,,1.0,1.0,17,7,6,4,1,,,1.0,3.0,,,,,,4.0,2,0.0,8,62,,32,65,87.0,460,529,,,10,,,,13,,,,18.2,4,22,,3,,,12,4,8,,25,2,0.0,0,0.0,,,,,,,0.0,1.0,,13,,,6.62,6.81,5-4-1,4-2-3-1,5.0,4.0,6.5,5.9,5.0,0.0,-0.623,-1.18,6.68,6.575,1.8,1.0,4.0,3.25,6.8,6.875,1.0,1.25,2.0,4.0,6.25,7.6,1.0,2.0,0.0,1.0,7.7,7.8,7.5,7.6,7.2,7.4,0.626,0.61
PL-2025-26-14025023,Jornada 11,2025-11-08,Chelsea,1,Wolves,3,0,3.0,0.0,20,8,6,6,1,,,1.0,5.0,,,,,,6.0,10,,9,70,,36,64,88.4,543,614,,,25,,,,14,,,,15.4,4,26,,7,,,9,8,1,,15,0,0.0,1,0.0,,,,,1.0,,0.0,1.0,,12,,,0.0,0.0,3,0,3,0,0,,,0.0,2.0,,,,,,0.0,1,,4,40,,8,36,80.6,279,346,,,29,,,,12,,,,11.1,1,9,,12,,,10,3,7,,30,3,0.0,0,5.0,,,,,0.0,,1.0,2.0,,14,,,7.45,6.39,4-2-3-1,5-3-2,4.0,5.0,6.8,7.5,0.0,5.0,,0.19,7.25,6.025,0.75,0.75,3.0,3.5,7.8,6.475,1.667,0.0,5.667,3.25,7.6,6.4,2.667,0.5,0.333,0.0,9.2,7.5,8.4,6.6,7.8,6.6,0.744,0.452
PL-2025-26-14025014,Jornada 11,2025-11-09,Aston Villa,1,Bournemouth,4,0,2.0,2.0,16,8,2,6,0,,,2.0,2.0,,,,,,2.0,6,0.0,7,54,,27,52,78.3,271,346,,,20,,,,20,,,,18.8,3,16,,6,,,20,12,8,,22,0,0.0,1,3.0,,,1.0,,2.0,,0.0,2.0,,8,,,0.0,0.0,12,3,5,4,1,,,2.0,4.0,,,,,,2.0,9,2.0,13,43,,12,48,80.1,253,316,,,17,,,,7,,,,9.5,2,21,,11,,,16,9,7,,35,4,0.0,0,4.0,,,0.0,,0.0,,1.0,2.0,,20,,,7.25,6.48,4-4-2,4-2-3-1,4.0,4.0,8.2,7.0,3.0,4.0,1.059,-1.725,6.85,6.475,0.5,1.75,2.25,5.5,7.5,6.42,1.2,0.8,2.8,3.0,6.6,6.3,3.0,2.0,0.0,0.0,8.5,7.3,8.2,7.0,8.2,6.8,0.728,0.48
PL-2025-26-14025017,Jornada 11,2025-11-09,Brentford,1,Newcastle,3,1,3.0,0.0,15,7,4,4,0,,,0.0,2.0,,,,,,4.0,6,2.0,6,64,,35,49,75.9,321,423,,,28,,,,12,,,,31.2,5,16,,10,,,17,12,5,,16,1,0.0,0,0.0,,,,,0.0,,1.0,2.0,0.0,23,,,1.0,0.0,5,1,3,1,0,,,0.0,3.0,,,,,,1.0,2,0.0,7,51,,16,51,82.3,362,440,,,23,,,,10,,,,13.3,2,15,,5,,,10,7,3,,56,3,0.0,0,4.0,,,,,1.0,,2.0,3.0,1.0,0,,,7.05,6.51,4-2-3-1,4-3-3,4.0,4.0,6.1,6.5,0.0,3.0,-0.784,0.3,6.875,6.2,1.5,0.75,2.25,8.5,6.96,6.7,1.2,0.0,4.8,4.667,9.1,6.733,3.0,1.0,2.0,0.333,9.1,7.4,8.0,7.2,7.6,6.8,0.824,0.478
PL-2025-26-14025033,Jornada 11,2025-11-09,Crystal Palace,1,Brighton,0,0,0.0,0.0,10,2,7,1,0,,,1.0,1.0,,,,,,0.0,4,2.0,5,47,,30,42,72.9,272,373,,,17,,,,12,,,,54.5,6,11,,14,,,21,14,7,,32,0,0.0,1,3.0,,,,,0.0,,4.0,1.0,,10,,,0.0,0.0,7,3,1,3,0,,,1.0,1.0,,,,,,1.0,8,1.0,4,48,,28,58,84.1,423,503,,,25,,,,10,,,,15.4,4,26,,4,,,16,11,5,,22,0,0.0,1,2.0,,,,,2.0,,0.0,4.0,,12,,,7.08,6.93,3-4-2-1,4-2-3-1,3.0,4.0,7.2,7.0,3.0,2.0,0.304,0.923,7.233,7.3,2.667,1.5,5.0,3.25,7.04,6.76,0.6,1.0,5.6,3.4,6.9,6.2,1.5,0.0,0.0,0.0,7.9,7.8,7.8,7.6,7.4,7.6,0.434,0.554
PL-2025-26-14025051,Jornada 11,2025-11-09,Nottm Forest,1,Leeds,3,1,3.0,0.0,14,6,2,6,0,,,2.0,2.0,,,,,,3.0,6,2.0,7,66,,24,46,79.6,277,348,,,23,,,,10,,,,23.1,6,26,,6,,,27,17,10,,27,1,0.0,0,2.0,,,,,0.0,,,2.0,,10,,,1.0,0.0,10,3,5,2,0,,,1.0,4.0,,,,,,1.0,4,1.0,5,64,,20,54,81.1,353,435,,,19,,,,10,,,,15.4,2,13,,9,,,15,10,5,,28,3,0.0,0,3.0,,,,,1.0,,,1.0,,11,,,7.09,6.68,4-2-3-1,4-3-3,4.0,4.0,7.2,6.3,2.0,3.0,-0.074,0.415,6.975,6.5,3.25,1.5,5.25,4.0,7.42,6.75,0.8,0.75,3.4,5.25,5.8,7.1,5.0,1.0,0.0,0.5,7.7,7.7,7.6,7.1,7.5,7.0,0.52,0.413
PL-2025-26-14025048,Jornada 11,2025-11-09,Man City,1,Liverpool,3,0,1.0,2.0,14,6,3,5,0,,,0.0,4.0,,,,,,1.0,7,1.0,9,35,,28,49,83.4,377,452,,,14,,,,14,,,,36.4,4,11,,9,,,17,12,5,,23,0,0.0,1,2.0,,,0.0,,,,,2.0,,14,,,0.0,0.0,7,1,2,4,0,,,1.0,1.0,,,,,,2.0,7,7.0,4,64,,22,51,87.0,410,471,,,18,,,,14,,,,5.6,1,18,,9,,,8,7,1,,13,3,0.0,0,3.0,,,1.0,,,,,4.0,,15,,,7.41,6.21,4-3-3,4-2-3-1,4.0,4.0,6.7,5.7,2.0,3.0,0.061,-0.867,7.325,6.4,2.5,1.25,3.75,2.5,7.7,6.12,1.2,0.6,2.8,3.2,7.0,6.4,2.0,0.0,1.0,0.0,9.5,6.5,8.3,6.4,7.7,6.4,0.82,0.231
PL-2025-26-14025072,Jornada 12,2025-11-22,Burnley,1,Chelsea,0,2,0.0,0.0,8,2,3,3,0,,,1.0,1.0,,,,,,1.0,1,0.0,1,48,,17,44,78.7,329,418,,,21,,,,8,,,,14.3,1,7,,12,,,16,7,9,,28,2,0.0,0,3.0,,,,,0.0,,5.0,2.0,,13,,,2.0,0.0,15,5,5,5,1,,,1.0,4.0,,,,,,2.0,9,3.0,9,39,,31,56,83.8,439,524,,,18,,,,13,,,,7.7,1,13,,12,,,15,9,6,,19,0,0.0,1,2.0,,,,,1.0,,0.0,3.0,,8,,,6.52,7.1,4-3-3,4-2-3-1,4.0,4.0,6.4,7.2,3.0,2.0,0.303,0.106,6.475,7.175,2.0,2.5,3.75,2.0,6.5,7.35,0.5,2.0,2.25,3.75,6.7,6.4,2.0,2.0,0.0,0.0,6.8,8.6,6.7,7.7,6.6,7.4,0.159,0.638
PL-2025-26-14025063,Jornada 12,2025-11-22,Bournemouth,1,West Ham,2,2,2.0,0.0,28,10,11,7,0,,,0.0,6.0,,,,,,4.0,9,2.0,9,95,,57,76,85.6,527,616,,,13,,,,9,,,,27.8,15,54,,7,,,19,10,9,,11,2,0.0,0,0.0,,,,,0.0,,0.0,3.0,,9,,,1.0,1.0,5,2,2,1,0,,,0.0,0.0,,,,,,0.0,2,2.0,8,49,,8,24,56.9,115,202,,,24,,,,9,,,,16.7,1,6,,9,,,13,10,3,,57,2,0.0,0,10.0,,,,,3.0,,3.0,2.0,,10,,,6.81,7.11,4-2-3-1,3-4-3,4.0,3.0,6.1,9.3,0.0,10.0,-1.278,2.489,7.133,6.54,1.0,1.2,1.667,7.8,6.78,7.1,1.6,0.0,4.6,5.333,6.75,7.45,5.0,1.5,0.0,1.0,8.1,9.3,7.6,8.6,7.4,7.7,0.63,0.95
PL-2025-26-14025069,Jornada 12,2025-11-22,Brighton,1,Brentford,2,1,1.0,1.0,14,5,8,1,0,,,1.0,4.0,,,,,,1.0,7,0.0,10,59,,35,64,83.2,479,576,,,20,,,,9,,,,16.7,3,18,,8,,,23,10,13,,19,1,0.0,0,3.0,,,1.0,,,,1.0,4.0,,10,,,1.0,0.0,10,4,5,1,0,,,1.0,2.0,,,,,,3.0,4,1.0,9,42,,25,36,74.5,234,314,,,18,,,,8,,,,21.4,3,14,,13,,,20,8,12,,29,2,0.0,0,3.0,,,0.0,,,,0.0,2.0,,9,,,6.87,6.61,4-2-3-1,4-2-3-1,4.0,4.0,7.4,6.9,3.0,3.0,0.828,-0.396,6.825,6.525,2.0,1.5,3.5,4.75,6.74,6.76,1.4,0.6,4.4,3.8,7.2,5.9,4.0,3.0,1.0,1.0,7.6,7.2,7.4,7.0,7.3,6.9,0.51,0.355
PL-2025-26-14025075,Jornada 12,2025-11-22,Fulham,1,Sunderland,1,0,1.0,0.0,24,6,13,5,0,,,2.0,5.0,,,,,,4.0,7,1.0,2,51,,46,57,84.9,412,485,,,22,,,,13,,,,30.8,8,26,,6,,,11,7,4,,28,0,0.0,1,2.0,,,,,1.0,,0.0,3.0,,5,,,0.0,0.0,4,2,1,1,0,,,0.0,0.0,,,,,,0.0,4,3.0,3,51,,22,43,80.2,299,373,,,17,,,,5,,,,14.3,2,14,,9,,,21,9,12,,25,1,0.0,0,4.0,,,,,0.0,,1.0,3.0,,13,,,7.0,6.85,4-2-3-1,5-4-1,4.0,5.0,7.2,7.6,2.0,4.0,0.183,0.267,7.1,6.8,1.25,2.6,5.75,3.4,6.98,6.9,1.2,0.667,3.6,3.0,6.5,6.55,6.0,1.0,1.0,0.0,7.8,7.6,7.7,7.3,7.3,7.0,0.479,0.389
PL-2025-26-14025081,Jornada 12,2025-11-22,Liverpool,1,Nottm Forest,0,3,0.0,0.0,21,4,8,9,0,,,1.0,4.0,,,,,,1.0,8,0.0,14,88,,50,75,88.9,559,629,,,19,,,,8,,,,23.1,9,39,,4,,,15,10,5,,17,3,0.0,0,4.0,,,,,2.0,,0.0,2.0,,11,,,3.0,0.0,15,7,3,5,0,,,2.0,3.0,,,,,,2.0,6,2.0,7,39,,23,25,70.2,151,215,,,21,,,,11,,,,20.0,3,15,,7,,,27,17,10,,46,0,0.0,1,3.0,,,,,2.0,,1.0,0.0,,8,,,6.67,7.39,4-3-3,4-2-3-1,4.0,4.0,6.7,7.1,4.0,3.0,-0.226,0.67,6.733,8.175,1.0,3.5,4.0,7.75,6.75,7.06,1.667,0.6,3.5,4.0,6.0,6.2,1.0,2.0,0.0,0.0,7.3,9.1,7.3,8.1,7.0,7.9,0.382,0.77
PL-2025-26-14025090,Jornada 12,2025-11-22,Wolves,1,Crystal Palace,0,2,0.0,0.0,8,1,5,2,0,,,1.0,2.0,,,,,,2.0,1,2.0,7,59,,24,48,80.9,330,408,,,27,,,,9,,,,14.3,2,14,,8,,,21,10,11,,44,2,0.0,0,2.0,,,,,3.0,,1.0,2.0,,13,,,1.0,1.0,10,4,3,3,0,,,1.0,2.0,,,,,,2.0,4,3.0,7,53,,23,52,83.3,364,437,,,24,,,,13,,,,,0,23,,10,,,19,11,8,,30,0,0.0,1,1.0,,,,,0.0,,0.0,3.0,,9,,,6.57,7.19,5-3-2,3-4-3,5.0,3.0,6.7,6.9,2.0,1.0,-0.6,0.079,6.65,7.3,1.75,1.333,6.0,3.667,6.525,7.325,0.0,0.5,4.5,4.0,6.45,7.0,1.0,1.667,0.0,0.333,7.3,8.2,7.1,7.7,6.7,7.5,0.374,0.466
PL-2025-26-14025087,Jornada 12,2025-11-22,Newcastle,1,Man City,2,1,1.0,1.0,9,5,3,1,1,,,1.0,0.0,,,,,,5.0,5,3.0,4,41,,14,33,77.2,220,285,,,25,,,,8,,,,35.7,5,14,,7,,,17,11,6,,36,1,0.0,0,3.0,,,,,1.0,,,1.0,,13,,,1.0,0.0,17,4,9,4,0,,,0.0,3.0,,,,,,3.0,9,2.0,9,73,,43,67,89.9,525,584,,,18,,,,13,,,,23.1,6,26,,10,,,13,9,4,,15,2,0.0,0,3.0,,,,,1.0,,,3.0,,8,,,6.98,6.74,4-5-1,4-3-2-1,4.0,4.0,6.6,7.3,3.0,3.0,-0.166,0.501,6.8,6.875,1.75,1.25,5.75,2.25,7.033,6.62,0.667,1.8,4.333,3.4,7.3,6.2,2.667,5.0,0.667,0.0,8.8,8.7,7.1,7.3,7.1,7.3,0.631,0.758
PL-2025-26-14025078,Jornada 12,2025-11-23,Leeds,1,Aston Villa,1,2,1.0,0.0,14,5,5,4,0,,,0.0,5.0,,,,,,3.0,3,4.0,9,62,,24,48,84.8,339,400,,,20,,,,16,,,,15.4,4,26,,12,,,26,16,10,,21,2,0.0,0,2.0,,,,,0.0,,,5.0,,18,,,1.0,1.0,14,3,7,4,0,,,0.0,5.0,,,,,,1.0,3,2.0,12,51,,23,52,79.7,358,449,,,18,,,,18,,,,36.4,4,11,,7,,,20,8,12,,18,1,0.0,0,3.0,,,,,3.0,,,1.0,,16,,,6.79,7.08,4-3-3,4-4-2,4.0,4.0,5.8,7.5,2.0,3.0,-1.536,0.713,6.775,6.875,2.0,2.0,3.5,2.5,6.775,7.3,1.0,1.4,5.0,4.4,7.35,6.4,0.5,3.0,0.5,0.0,7.7,8.5,7.2,7.7,7.1,7.6,0.474,0.656
PL-2025-26-14025066,Jornada 12,2025-11-23,Arsenal,1,Tottenham,4,1,4.0,0.0,17,8,7,2,0,,,2.0,3.0,,,,,,3.0,4,3.0,5,65,,27,57,81.0,363,448,,,20,,,,15,,,,26.7,4,15,,11,,,23,16,7,,17,1,0.0,0,1.0,,,,,2.0,,0.0,1.0,,11,,,0.0,1.0,3,2,1,0,0,,,1.0,1.0,,,,,,0.0,1,1.0,4,37,,4,43,75.8,250,330,,,18,,,,11,,,,,0,7,,8,,,21,12,9,,34,4,0.0,0,4.0,,,,,0.0,,1.0,3.0,,15,,,7.21,6.45,4-2-3-1,3-4-2-1,4.0,3.0,6.9,6.5,1.0,4.0,-0.873,-0.849,6.625,6.22,1.25,1.8,2.25,4.2,7.8,6.533,1.5,0.333,4.25,3.333,7.35,6.9,2.0,0.5,0.5,0.5,10.0,7.3,7.8,7.0,7.7,6.6,0.991,0.434
PL-2025-26-14723574,Jornada 12,2025-11-24,Man United,1,Everton,0,1,0.0,0.0,25,6,12,7,0,,,3.0,5.0,,,,,,3.0,9,1.0,4,70,,50,70,87.9,558,635,,,18,,,,9,,,,18.4,7,38,,8,,,14,7,7,,19,1,0.0,0,0.0,,,,,1.0,,0.0,2.0,0.0,12,,,1.0,0.0,3,1,1,1,0,,,0.0,1.0,,,,,,0.0,1,2.0,4,45,,10,30,67.6,190,281,,,26,,,,12,,,,11.1,1,9,,11,,,6,3,3,,46,0,0.0,1,6.0,,,,,0.0,,2.0,0.0,1.0,9,,,6.82,6.8,3-4-2-1,4-2-3-1,3.0,4.0,6.4,8.6,0.0,6.0,-0.582,1.847,7.025,7.0,1.25,0.5,2.25,6.0,6.9,6.22,1.333,0.4,4.0,4.4,6.6,7.1,3.667,0.0,0.0,0.0,7.6,8.6,7.5,8.1,7.2,7.4,0.48,1.35
PL-2025-26-14025096,Jornada 13,2025-11-29,Brentford,1,Burnley,3,1,3.0,0.0,14,4,9,1,0,,,1.0,2.0,,,,,,6.0,5,3.0,7,71,,35,52,79.1,321,406,,,19,,,,6,,,,20.8,5,24,,11,,,9,8,1,,51,1,0.0,0,1.0,,,,,1.0,,0.0,0.0,,7,,,1.0,0.0,6,2,1,3,0,,,1.0,3.0,,,,,,1.0,6,1.0,2,53,,13,48,69.4,263,379,,,20,,,,6,,,,6.7,1,15,,7,,,26,18,8,,37,3,0.0,0,1.0,,,,,1.0,,1.0,2.0,,7,,,7.09,6.29,4-2-3-1,4-2-3-1,4.0,4.0,6.7,5.6,1.0,1.0,-0.043,-0.854,6.65,6.0,1.25,2.75,9.0,6.5,7.28,6.733,1.4,0.0,5.0,3.333,8.3,6.467,4.0,1.0,2.0,0.333,8.6,7.1,8.3,6.8,7.6,6.6,0.751,0.496
PL-2025-26-14025108,Jornada 13,2025-11-29,Man City,1,Leeds,3,2,3.0,0.0,18,9,3,6,0,,,1.0,3.0,,,,,,6.0,8,2.0,7,59,,45,62,88.2,495,561,,,26,,,,11,,,,34.6,9,26,,2,,,6,2,4,,25,2,0.0,0,1.0,,,1.0,,,,,4.0,,17,,,2.0,0.0,9,4,3,2,0,,,0.0,1.0,,,,,,3.0,1,4.0,4,42,,20,38,76.1,265,348,,,20,,,,16,,,,21.4,3,14,,8,,,26,14,12,,21,3,0.0,0,6.0,,,0.0,,,,,1.0,,11,,,6.89,6.66,4-3-2-1,4-3-3,4.0,4.0,6.9,7.6,1.0,6.0,0.288,0.677,6.25,6.425,0.25,1.25,3.75,3.5,7.52,6.675,1.2,0.5,3.4,3.5,6.3,6.65,1.0,1.5,0.0,0.5,9.0,7.6,7.8,6.9,7.2,6.9,0.849,0.433
PL-2025-26-14025114,Jornada 13,2025-11-29,Sunderland,1,Bournemouth,3,2,3.0,0.0,12,6,4,2,0,,,1.0,1.0,,,,,,2.0,6,1.0,9,58,,29,43,71.9,240,334,,,13,,,,12,,,,27.3,6,22,,8,,,14,8,6,,26,2,0.0,0,4.0,,,,,2.0,,1.0,5.0,0.0,14,,,1.0,1.0,18,6,8,4,2,,,0.0,4.0,,,,,,2.0,3,2.0,3,76,,36,57,81.2,376,463,,,24,,,,14,,,,21.7,5,23,,9,,,19,10,9,,21,3,0.0,0,3.0,,,,,0.0,,1.0,5.0,1.0,13,,,6.87,6.61,4-2-3-1,4-2-3-1,4.0,4.0,8.5,6.2,4.0,3.0,0.954,-1.185,6.55,6.425,2.0,2.5,4.0,3.5,6.675,6.575,1.25,2.0,3.75,3.0,7.1,7.25,2.0,2.5,0.5,0.5,8.5,7.7,7.9,7.4,7.5,7.3,0.778,0.697
PL-2025-26-14025105,Jornada 13,2025-11-29,Everton,1,Newcastle,1,4,1.0,0.0,10,2,6,2,1,,,1.0,2.0,,,,,,1.0,8,,4,77,,31,49,88.1,458,520,,,30,,,,6,,,,20.0,5,25,,9,,,19,12,7,,19,4,0.0,0,3.0,,,,,0.0,,1.0,,,4,,,4.0,0.0,13,8,1,4,1,,,1.0,2.0,,,,,,5.0,7,,5,47,,28,51,87.7,485,553,,,20,,,,4,,,,41.2,7,17,,3,,,16,16,0,,30,1,0.0,0,1.0,,,,,1.0,,0.0,,,6,,,6.64,7.38,4-2-3-1,4-3-3,4.0,4.0,6.3,6.7,3.0,1.0,-1.232,-0.111,6.575,7.7,2.0,2.0,4.0,4.5,6.94,7.6,0.6,0.667,4.2,6.667,5.7,6.967,2.0,1.667,0.0,0.333,8.1,9.4,7.2,8.6,7.2,7.8,0.66,0.891
PL-2025-26-14025117,Jornada 13,2025-11-29,Tottenham,1,Fulham,1,2,1.0,0.0,14,2,6,6,0,,,0.0,4.0,,,,,,3.0,8,3.0,7,73,,27,63,86.6,439,507,,,21,,,,7,,,,15.4,6,39,,13,,,14,7,7,,18,2,0.0,0,1.0,,,,,1.0,,1.0,3.0,,11,,,0.0,2.0,7,3,1,3,1,,,1.0,1.0,,,,,,0.0,2,4.0,5,32,,15,37,75.0,240,320,,,21,,,,11,,,,16.7,1,6,,9,,,29,16,13,,47,1,0.0,0,0.0,,,,,1.0,,3.0,2.0,,7,,,6.55,6.95,4-2-2-2,4-2-3-1,4.0,4.0,5.1,5.9,1.0,0.0,-0.921,-0.538,6.775,7.325,2.25,3.75,2.5,8.0,6.875,6.8,0.75,0.25,4.5,4.75,6.2,7.0,2.0,1.0,0.0,0.0,7.5,8.0,7.2,7.8,7.1,7.6,0.62,0.642
PL-2025-26-14025102,Jornada 13,2025-11-30,Crystal Palace,1,Man United,1,2,1.0,0.0,14,3,6,5,0,,,0.0,3.0,,,,,,3.0,4,3.0,2,62,,26,44,72.0,244,339,,,16,,,,13,,,,23.5,4,17,,7,,,14,9,5,,44,2,0.0,0,4.0,,,,,,,4.0,3.0,,14,,,1.0,1.0,14,6,8,0,0,,,1.0,4.0,,,,,,2.0,4,0.0,5,70,,18,56,79.5,352,443,,,27,,,,14,,,,16.7,3,18,,10,,,16,6,10,,31,1,0.0,0,2.0,,,,,,,0.0,2.0,,14,,,6.68,6.94,3-4-2-1,3-4-2-1,3.0,3.0,7.4,6.7,4.0,2.0,-0.699,0.065,6.2,6.525,1.333,1.25,7.333,3.5,6.65,7.5,0.25,2.0,4.75,4.5,6.967,7.125,1.667,1.75,0.333,0.5,7.5,8.0,7.4,7.8,7.1,7.6,0.476,0.636
PL-2025-26-14025093,Jornada 13,2025-11-30,Aston Villa,1,Wolves,1,0,0.0,1.0,16,6,6,4,1,,,2.0,3.0,,,,,,0.0,7,0.0,7,65,,28,52,87.0,401,461,,,14,,,,21,,,,23.8,5,21,,4,,,16,9,7,,26,0,0.0,1,4.0,,,,,1.0,,,0.0,,13,,,0.0,0.0,9,4,2,3,1,,,1.0,1.0,,,,,,1.0,3,2.0,7,51,,20,48,87.2,369,423,,,22,,,,13,,,,27.8,5,18,,6,,,22,11,11,,28,1,0.0,0,5.0,,,,,1.0,,,4.0,,21,,,7.27,6.73,4-2-3-1,3-4-3,4.0,3.0,7.6,7.1,4.0,5.0,0.976,0.174,7.475,6.75,1.25,1.5,4.25,4.25,7.24,6.78,1.4,0.8,3.4,5.4,6.3,6.0,5.0,1.0,0.0,0.0,8.4,7.5,7.8,7.5,7.8,7.1,0.717,0.515
PL-2025-26-14025111,Jornada 13,2025-11-30,Nottm Forest,1,Brighton,0,2,0.0,0.0,19,3,6,10,0,,,0.0,6.0,,,,,,1.0,9,1.0,17,67,,35,52,83.1,409,492,,,29,,,,10,,,,24.2,8,33,,7,,,22,14,8,,19,2,0.0,0,3.0,,,,,0.0,,,0.0,,11,,,2.0,0.0,17,6,5,6,0,,,1.0,5.0,,,,,,4.0,2,0.0,6,56,,28,48,82.4,392,476,,,26,,,,11,,,,60.0,3,5,,13,,,19,13,6,,37,0,0.0,1,3.0,,,,,1.0,,,1.0,,10,,,6.77,7.15,4-2-3-1,4-2-3-1,4.0,4.0,6.4,7.7,3.0,3.0,-0.271,0.4,6.45,7.54,2.75,1.6,3.25,4.6,7.06,6.65,2.2,1.0,4.8,4.5,7.0,6.7,5.0,2.0,0.0,0.0,8.1,8.2,7.7,7.7,7.2,7.7,0.641,0.542
PL-2025-26-14025120,Jornada 13,2025-11-30,West Ham,1,Liverpool,0,2,0.0,0.0,7,0,2,5,0,,,0.0,3.0,,,,,,0.0,7,2.0,5,47,,11,44,79.7,303,380,,,16,,,,14,,,,8.3,2,24,,9,,,13,9,4,,21,2,0.0,0,3.0,,,,,,,1.0,3.0,1.0,12,,,2.0,0.0,9,5,4,0,0,,,1.0,3.0,,,,,,3.0,2,1.0,6,63,,20,56,86.4,445,515,,,19,,,,12,,,,20.0,2,10,,4,,,11,7,4,,29,0,0.0,1,0.0,,,,,,,1.0,0.0,0.0,14,,,6.49,7.24,4-2-3-1,4-2-3-1,4.0,4.0,7.0,6.8,3.0,0.0,-0.365,,6.3,7.25,1.25,0.75,4.0,5.0,6.58,7.3,0.8,1.0,3.8,4.2,6.3,7.3,1.0,3.0,0.0,1.0,7.0,8.1,7.0,7.7,6.9,7.4,0.355,0.375
PL-2025-26-14025099,Jornada 13,2025-11-30,Chelsea,1,Arsenal,1,1,1.0,0.0,11,4,5,2,0,,,2.0,3.0,,,,,,1.0,3,1.0,5,50,,20,38,79.6,222,279,,,26,,,,13,,,,33.3,5,15,,6,,,13,6,7,,30,1,0.0,0,3.0,,,,,2.0,,1.0,1.0,1.0,12,,,1.0,0.0,8,4,3,1,0,,,1.0,1.0,,,,,,1.0,3,3.0,5,54,,23,62,84.2,390,463,,,11,,,,12,,,,26.7,4,15,,10,,,15,9,6,,17,1,0.0,0,3.0,,,,,0.0,,0.0,6.0,0.0,13,,,6.92,6.94,4-2-3-1,4-3-3,4.0,4.0,8.2,7.4,3.0,3.0,1.184,0.153,7.12,6.95,1.6,2.5,5.0,2.25,6.325,6.825,1.0,0.75,2.5,2.75,7.0,6.9,1.0,2.0,0.0,0.0,8.2,7.4,7.8,7.4,7.7,7.4,0.678,0.398
PL-2025-26-14025123,Jornada 14,2025-12-02,Bournemouth,1,Everton,0,1,0.0,0.0,5,2,1,2,0,,,0.0,0.0,,,,,,1.0,1,1.0,8,64,,28,55,84.5,402,476,,,15,,,,14,,,,17.6,3,17,,3,,,15,10,5,,55,1,0.0,0,2.0,,,,,1.0,,3.0,3.0,,14,,,0.0,1.0,13,3,5,5,2,,,0.0,3.0,,,,,,2.0,6,1.0,2,61,,33,45,74.3,281,378,,,18,,,,14,,,,7.7,2,26,,4,,,18,11,7,,24,0,0.0,1,2.0,,,,,0.0,,0.0,3.0,,14,,,6.84,7.03,4-2-3-1,4-2-3-1,4.0,4.0,6.6,7.1,2.0,2.0,-0.332,0.501,7.025,7.267,1.5,1.667,8.75,5.667,6.9,7.017,0.25,0.833,4.5,5.667,6.45,6.3,0.0,4.0,0.0,0.0,7.2,7.7,7.2,7.5,7.0,7.3,0.26,0.441
PL-2025-26-14025135,Jornada 14,2025-12-02,Fulham,1,Man City,4,5,3.0,1.0,12,6,3,3,0,,,0.0,2.0,,,,,,1.0,7,4.0,8,47,,23,57,87.9,538,612,,,25,,,,7,,,,23.8,5,21,,11,,,18,11,7,,19,5,0.0,0,0.0,,,,,,,1.0,0.0,,9,,,3.0,1.0,11,4,3,4,2,,,0.0,1.0,,,,,,3.0,2,1.0,8,41,,23,43,83.9,392,467,,,23,,,,9,,,,57.1,4,7,,16,,,16,7,9,,27,4,0.0,0,1.0,,,,,,,1.0,1.0,,7,,,6.22,6.95,4-2-3-1,4-3-3,4.0,4.0,5.1,6.4,0.0,1.0,-2.994,-2.091,5.6,6.125,2.25,2.25,3.25,4.75,6.84,7.38,0.8,1.0,3.0,3.2,6.7,8.6,1.0,5.0,0.0,1.0,8.0,9.3,7.0,8.6,6.7,7.4,0.847,1.07
PL-2025-26-14025141,Jornada 14,2025-12-02,Newcastle,1,Tottenham,2,2,2.0,0.0,19,7,5,7,1,,,0.0,6.0,,,,,,1.0,11,3.0,9,53,,38,53,85.7,377,440,,,13,,,,11,,,,25.0,10,40,,9,,,18,13,5,,28,2,0.0,0,0.0,,,,,1.0,,1.0,0.0,,5,,,2.0,0.0,8,2,1,5,0,,,0.0,1.0,,,,,,1.0,8,1.0,10,43,,22,47,80.7,313,388,,,12,,,,5,,,,21.4,6,28,,8,,,17,13,4,,37,2,0.0,0,4.0,,,,,1.0,,3.0,3.0,,12,,,6.85,6.79,4-3-3,4-2-3-1,4.0,4.0,6.0,7.5,0.0,4.0,-0.637,0.417,7.025,7.125,2.5,1.5,5.5,5.5,6.867,6.4,1.0,0.75,4.667,5.5,6.867,6.55,2.667,0.0,0.0,0.0,7.9,8.8,7.1,7.5,7.1,7.3,0.448,0.812
PL-2025-26-14025126,Jornada 14,2025-12-03,Arsenal,1,Brentford,2,0,2.0,0.0,15,7,4,4,0,,,2.0,3.0,,,,,,4.0,4,,7,71,,28,62,84.1,456,542,,,25,,,,9,,,,13.3,2,15,,6,,,26,14,12,,25,0,0.0,1,1.0,,,,,2.0,,1.0,0.0,,7,,,0.0,0.0,6,1,2,3,1,,,0.0,1.0,,,,,,1.0,8,,5,55,,13,38,76.6,255,333,,,28,,,,7,,,,25.0,3,12,,10,,,19,12,7,,34,2,0.0,0,5.0,,,,,0.0,,0.0,1.0,,9,,,7.23,6.54,4-3-3,5-3-2,4.0,5.0,7.0,6.9,1.0,5.0,0.141,-0.719,7.35,6.56,3.5,1.6,3.75,4.4,7.32,6.44,1.8,0.4,3.4,2.2,6.5,,1.0,,0.0,,8.4,7.2,7.7,6.9,7.4,6.9,0.465,0.389
PL-2025-26-14025129,Jornada 14,2025-12-03,Brighton,1,Aston Villa,3,4,2.0,0.0,16,7,6,3,0,,,2.0,2.0,,,,,,3.0,5,4.0,13,54,,29,56,85.4,404,473,,,15,,,,9,,,,21.1,4,19,,9,,,23,13,10,,16,4,0.0,0,6.0,,,,,,,,2.0,,10,,,4.0,0.0,14,10,2,2,1,,,1.0,1.0,,,,,,6.0,6,1.0,13,37,,25,44,82.9,300,362,,,15,,,,10,,,,26.7,4,15,,8,,,23,13,10,,25,3,0.0,0,4.0,,,,,,,,2.0,,9,,,6.71,6.73,4-2-3-1,4-2-3-1,4.0,4.0,8.2,5.9,6.0,4.0,0.446,-0.806,6.56,6.725,1.8,2.5,1.6,4.25,6.6,6.8,0.75,1.0,3.75,3.5,6.4,7.0,0.0,3.0,0.0,1.0,8.2,8.7,7.7,7.3,7.2,7.3,0.692,0.885
PL-2025-26-14025132,Jornada 14,2025-12-03,Burnley,1,Crystal Palace,0,1,0.0,0.0,11,4,1,6,1,,,0.0,3.0,,,,,,2.0,3,0.0,3,65,,29,58,83.6,474,567,,,23,,,,8,,,,26.3,5,19,,16,,,13,7,6,,42,1,0.0,0,2.0,,,,,0.0,,1.0,,,9,,,1.0,0.0,3,3,0,0,0,,,0.0,0.0,,,,,,2.0,3,3.0,1,49,,22,42,74.1,309,417,,,22,,,,9,,,,45.5,5,11,,11,,,17,13,4,,42,0,0.0,1,3.0,,,,,1.0,,0.0,,,8,,,6.58,7.23,4-4-2,3-4-2-1,4.0,3.0,7.2,7.3,2.0,3.0,0.28,0.46,6.7,7.967,1.5,0.667,7.5,9.333,6.633,7.1,0.333,0.4,4.667,5.6,6.167,6.4,1.333,1.0,0.0,0.0,7.2,8.8,7.2,7.7,7.0,7.7,0.411,0.747
PL-2025-26-14025144,Jornada 14,2025-12-03,Wolves,1,Nottm Forest,0,1,0.0,0.0,5,1,2,2,0,,,0.0,1.0,,,,,,1.0,3,2.0,8,45,,10,50,79.3,329,415,,,24,,,,11,,,,16.7,3,18,,10,,,19,14,5,,19,1,0.0,0,2.0,,,,,0.0,,3.0,2.0,,19,,,1.0,0.0,10,3,3,4,0,,,1.0,2.0,,,,,,2.0,9,2.0,4,56,,23,50,80.3,334,416,,,28,,,,19,,,,38.1,8,21,,5,,,17,7,10,,19,0,0.0,1,1.0,,,,,1.0,,1.0,2.0,,11,,,6.65,6.93,3-4-3,4-2-3-1,3.0,4.0,5.9,7.1,2.0,1.0,-0.617,0.142,6.725,7.0,1.5,0.5,2.75,3.5,6.78,6.78,0.4,1.6,4.0,2.2,6.4,7.2,0.0,4.0,0.0,1.0,7.3,7.3,7.0,7.2,6.9,7.2,0.355,0.26
PL-2025-26-14025138,Jornada 14,2025-12-03,Leeds,1,Chelsea,3,1,2.0,1.0,17,5,10,2,0,,,0.0,5.0,,,,,,2.0,4,3.0,4,55,,20,29,70.5,186,264,,,20,,,,13,,,,33.3,6,18,,9,,,21,15,6,,32,1,0.0,0,1.0,,,,,1.0,,,1.0,,10,,,1.0,0.0,14,2,7,5,0,,,0.0,4.0,,,,,,1.0,2,1.0,8,69,,33,71,89.1,608,682,,,15,,,,10,,,,25.0,5,20,,3,,,16,11,5,,35,3,0.0,0,2.0,,,,,1.0,,,1.0,,13,,,7.02,6.48,3-5-2,4-2-3-1,3.0,4.0,6.6,6.5,1.0,2.0,-0.228,-0.472,6.9,6.125,2.6,1.75,4.4,6.25,7.2,6.875,1.333,1.0,4.0,3.0,7.25,6.4,2.5,2.0,0.5,0.0,8.3,7.5,7.7,6.8,7.3,6.8,0.592,0.411
PL-2025-26-14025147,Jornada 14,2025-12-03,Liverpool,1,Sunderland,1,1,0.0,0.0,23,4,8,11,1,,,2.0,8.0,,,,,,1.0,7,2.0,5,84,,33,68,86.8,554,638,,,15,,,,5,,,,17.6,6,34,,6,,,12,9,3,,26,1,0.0,0,4.0,,,,,0.0,,1.0,1.0,,10,,,0.0,1.0,9,6,2,1,2,,,3.0,0.0,,,,,,1.0,3,2.0,3,43,,16,32,71.7,218,304,,,24,,,,10,,,,25.0,3,12,,9,,,15,7,8,,47,1,0.0,0,4.0,,,,,5.0,,0.0,1.0,,5,,,6.68,6.85,4-2-3-1,4-4-2,4.0,4.0,6.4,7.5,4.0,4.0,-0.551,0.003,6.775,6.78,1.25,1.4,4.25,7.0,6.74,6.875,1.6,0.75,4.4,2.75,6.3,6.4,3.0,0.0,0.0,0.0,7.4,7.5,7.1,7.5,7.0,7.2,0.393,0.47
PL-2025-26-14025150,Jornada 14,2025-12-04,Man United,1,West Ham,1,1,1.0,0.0,17,4,5,8,1,,,0.0,3.0,,,,,,3.0,6,3.0,9,65,,43,65,81.5,446,547,,,22,,,,9,,,,16.1,5,31,,5,,,19,14,5,,17,1,0.0,0,1.0,,,,,1.0,,0.0,2.0,,13,,,1.0,0.0,11,3,3,5,0,,,0.0,1.0,,,,,,1.0,6,2.0,11,60,,28,35,71.4,212,297,,,27,,,,13,,,,18.8,3,16,,20,,,15,8,7,,39,1,0.0,0,3.0,,,,,0.0,,4.0,2.0,,9,,,6.87,6.98,3-4-2-1,4-2-3-1,3.0,4.0,6.6,6.0,1.0,3.0,0.062,-0.417,7.1,7.325,1.0,1.25,2.25,6.75,7.35,6.96,2.5,0.4,6.0,5.2,6.475,6.7,1.75,0.0,0.0,0.0,8.2,8.6,7.7,7.7,7.7,7.2,0.772,0.653
PL-2025-26-14025156,Jornada 15,2025-12-06,Aston Villa,1,Arsenal,2,1,2.0,0.0,15,6,2,7,0,,,0.0,2.0,,,,,,5.0,3,0.0,10,53,,43,47,81.9,325,397,,,31,,,,8,,,,7.1,1,14,,6,,,15,10,5,,23,1,0.0,0,7.0,,,,,,,,0.0,,10,,,1.0,0.0,15,9,5,1,0,,,5.0,1.0,,,,,,4.0,3,3.0,6,59,,33,53,84.9,376,443,,,18,,,,10,,,,25.0,4,16,,11,,,20,11,9,,24,2,0.0,0,4.0,,,,,,,,2.0,,8,,,6.9,6.78,4-2-3-1,4-3-3,4.0,4.0,7.6,7.3,7.0,4.0,1.072,-0.007,6.925,6.825,0.75,3.0,3.5,3.0,6.76,6.7,1.0,1.0,4.0,4.0,6.8,6.5,4.0,4.0,0.0,0.0,7.8,7.3,7.6,7.2,7.6,7.0,0.501,0.316
PL-2025-26-14025153,Jornada 15,2025-12-06,Bournemouth,1,Chelsea,0,0,0.0,0.0,13,5,6,2,0,,,1.0,4.0,,,,,,1.0,5,4.0,7,59,,24,39,70.5,232,329,,,26,,,,13,,,,9.1,1,11,,14,,,17,12,5,,23,0,0.0,1,4.0,,,,,0.0,,0.0,0.0,,15,,,0.0,0.0,11,4,6,1,1,,,2.0,3.0,,,,,,0.0,0,0.0,7,66,,20,61,82.9,430,519,,,21,,,,15,,,,35.7,5,14,,10,,,17,9,8,,26,0,0.0,1,5.0,,,,,2.0,,1.0,2.0,,13,,,6.89,7.05,4-2-3-1,4-2-3-1,4.0,4.0,7.5,7.6,4.0,5.0,0.641,0.757,6.88,7.14,1.4,2.4,3.6,4.4,6.9,6.933,1.0,1.667,5.75,4.667,6.3,6.75,1.0,1.5,0.0,0.0,7.5,7.6,7.4,7.5,7.1,7.4,0.353,0.337
PL-2025-26-14025162,Jornada 15,2025-12-06,Everton,1,Nottm Forest,3,0,2.0,0.0,11,5,2,4,1,,,1.0,3.0,,,,,,1.0,6,3.0,3,56,,27,41,77.8,238,306,,,15,,,,15,,,,16.7,3,18,,11,,,15,11,4,,42,0,0.0,1,2.0,,,,,1.0,,1.0,4.0,,17,,,0.0,0.0,7,3,2,2,0,,,0.0,1.0,,,,,,1.0,3,1.0,8,41,,12,59,81.0,357,441,,,14,,,,17,,,,16.7,3,18,,6,,,24,15,9,,35,3,0.0,0,3.0,,,,,0.0,,1.0,3.0,,15,,,7.18,6.37,4-2-3-1,4-2-3-1,4.0,4.0,6.8,5.9,2.0,3.0,0.444,-1.201,7.325,6.35,0.75,1.5,8.0,5.25,7.2,6.48,1.0,0.2,4.8,4.0,6.9,6.4,1.0,2.0,1.0,0.0,8.3,7.7,7.7,6.8,7.4,6.7,0.463,0.556
PL-2025-26-14025171,Jornada 15,2025-12-06,Man City,1,Sunderland,3,0,2.0,1.0,18,6,7,5,1,,,0.0,2.0,,,,,,3.0,6,0.0,11,53,,42,64,89.7,559,623,,,15,,,,10,,,,31.6,6,19,,4,,,8,8,0,,21,0,0.0,1,1.0,,,,,0.0,,,1.0,0.0,9,,,0.0,0.0,8,1,4,3,1,,,0.0,4.0,,,,,,1.0,5,3.0,3,29,,7,36,79.8,277,347,,,20,,,,9,,,,7.7,1,13,,8,,,20,13,7,,28,3,0.0,0,2.0,,,,,2.0,,,0.0,1.0,10,,,7.65,6.59,4-3-2-1,5-4-1,4.0,5.0,7.2,6.4,1.0,2.0,0.587,-0.773,7.975,6.54,1.25,2.2,3.75,3.4,7.8,6.667,2.8,0.0,4.0,4.333,6.0,6.7,1.0,1.0,0.0,0.0,9.3,7.4,8.8,6.8,8.2,6.8,0.888,0.345
PL-2025-26-14025174,Jornada 15,2025-12-06,Newcastle,1,Burnley,2,1,2.0,0.0,17,7,7,3,2,,,4.0,6.0,,,,,,2.0,9,3.0,9,78,,26,70,90.7,554,611,,,29,,,,10,,,,4.0,1,25,,1,,,19,15,4,,27,1,0.0,0,2.0,,,,,,,1.0,2.0,0.0,9,,,1.0,0.0,9,3,3,3,1,,,1.0,3.0,,,,,,3.0,9,2.0,4,42,,19,30,72.6,188,259,,,18,,,,8,,,,30.0,6,20,,7,,,15,8,7,,28,2,0.0,0,6.0,,,,,,,2.0,2.0,1.0,11,,,7.21,6.3,4-3-3,4-3-3,4.0,4.0,7.0,7.1,2.0,6.0,0.258,0.359,7.175,5.925,2.25,0.75,3.75,3.5,7.433,6.267,1.0,1.0,4.667,4.333,7.1,6.567,2.333,1.333,0.333,0.0,9.1,7.2,8.7,7.1,7.8,6.7,0.898,0.534
PL-2025-26-14025177,Jornada 15,2025-12-06,Tottenham,1,Brentford,2,0,2.0,0.0,15,7,5,3,0,,,2.0,4.0,,,,,,4.0,7,2.0,8,49,,23,53,82.2,329,400,,,24,,,,9,,,,19.2,5,26,,11,,,17,10,7,,29,0,0.0,1,1.0,,,,,2.0,,0.0,3.0,,8,,,0.0,0.0,4,1,2,1,0,,,0.0,1.0,,,,,,1.0,6,1.0,8,50,,16,47,79.2,281,355,,,17,,,,8,,,,11.1,2,18,,7,,,24,16,8,,34,2,0.0,0,5.0,,,,,0.0,,4.0,4.0,,9,,,7.32,6.71,4-2-3-1,4-2-3-1,4.0,4.0,6.8,8.1,1.0,5.0,0.446,0.887,7.325,6.625,1.0,3.25,4.25,2.5,7.725,6.62,0.75,0.2,6.0,3.2,6.75,6.1,2.0,3.0,0.5,0.0,9.5,8.1,7.7,7.6,7.6,7.4,0.824,0.688
PL-2025-26-14025168,Jornada 15,2025-12-06,Leeds,1,Liverpool,3,3,3.0,0.0,12,5,5,2,0,,,1.0,2.0,,,,,,2.0,5,2.0,5,65,,19,45,79.9,321,402,,,14,,,,13,,,,28.6,4,14,,10,,,9,6,3,,19,3,0.0,0,4.0,,,,,,,2.0,3.0,,14,,,3.0,0.0,16,7,5,4,1,,,0.0,4.0,,,,,,4.0,4,2.0,6,46,,27,55,83.1,418,503,,,16,,,,14,,,,35.3,6,17,,5,,,17,9,8,,28,3,0.0,0,2.0,,,,,,,0.0,3.0,,14,,,6.48,6.85,3-5-2,4-2-3-1,3.0,4.0,6.4,5.8,4.0,2.0,0.692,-0.929,6.22,6.7,0.8,2.25,2.8,5.75,7.133,6.92,1.0,2.0,4.333,4.0,6.2,8.2,3.0,5.0,0.5,2.0,8.1,8.2,6.7,8.1,6.6,7.3,0.567,0.758
PL-2025-26-14025159,Jornada 15,2025-12-07,Brighton,1,West Ham,1,1,1.0,0.0,22,4,8,10,1,,,0.0,7.0,,,,,,3.0,10,1.0,6,59,,44,68,87.9,515,586,,,19,,,,8,,,,33.3,13,39,,9,,,12,7,5,,13,1,0.0,0,4.0,,,,,,,,2.0,,12,,,1.0,0.0,14,5,6,3,0,,,1.0,1.0,,,,,,3.0,6,1.0,13,39,,24,32,73.3,203,277,,,15,,,,12,,,,27.3,3,11,,13,,,14,7,7,,41,1,0.0,0,4.0,,,,,,,,2.0,,8,,,7.01,7.04,4-2-3-1,3-4-1-2,4.0,3.0,7.9,7.1,4.0,4.0,0.589,0.062,7.1,6.8,1.2,0.8,1.6,6.6,6.875,7.26,0.75,0.8,3.25,3.8,6.2,,2.0,,0.0,,8.1,8.2,7.9,7.8,7.9,7.3,0.705,0.523
PL-2025-26-14025165,Jornada 15,2025-12-07,Fulham,1,Crystal Palace,1,2,1.0,0.0,12,4,5,3,0,,,1.0,2.0,,,,,,2.0,6,3.0,9,69,,26,63,86.9,556,640,,,23,,,,8,,,,36.8,7,19,,8,,,12,7,5,,23,2,0.0,0,3.0,,,,,,,0.0,,,5,,,2.0,0.0,11,5,1,5,0,,,0.0,2.0,,,,,,4.0,4,2.0,6,50,,18,37,82.6,303,367,,,21,,,,5,,,,23.1,3,13,,9,,,20,14,6,,28,1,0.0,0,3.0,,,,,,,1.0,,,8,,,6.84,7.04,4-2-3-1,3-4-2-1,4.0,3.0,6.9,7.0,3.0,3.0,0.068,0.346,6.725,6.95,1.75,2.5,4.25,4.25,7.15,7.233,1.0,1.333,2.5,4.333,6.4,6.967,1.5,2.0,0.0,0.333,7.7,7.9,7.3,7.6,7.2,7.4,0.492,0.466
PL-2025-26-14912436,Jornada 15,2025-12-08,Wolves,1,Man United,1,4,1.0,0.0,8,2,3,3,0,,,0.0,4.0,,,,,,1.0,1,2.0,13,61,,21,37,70.7,208,294,,,26,,,,12,,,,24.0,6,25,,13,,,26,12,14,,24,4,0.0,0,4.0,,,,,,,2.0,3.0,,17,,,4.0,0.0,27,10,3,14,0,,,0.0,7.0,,,,,,8.0,9,3.0,10,50,,42,63,84.7,458,541,,,20,,,,16,,,,21.4,3,14,,7,,,16,9,7,,27,1,0.0,0,1.0,,,,,,,0.0,2.0,,12,,,6.85,7.15,3-4-2-1,3-4-2-1,3.0,3.0,6.8,6.5,4.0,1.0,-0.601,0.171,6.9,6.775,2.667,1.0,2.833,5.0,7.0,8.0,0.667,3.0,5.667,4.5,6.1,7.25,0.0,4.5,0.0,0.5,8.1,9.3,7.7,8.0,7.3,7.2,0.644,0.797
PL-2025-26-14025192,Jornada 16,2025-12-13,Chelsea,1,Everton,2,0,2.0,0.0,17,5,9,3,0,,,2.0,3.0,,,,,,5.0,4,0.0,7,44,,24,58,88.1,473,537,,,22,,,,11,,,,30.0,3,10,,11,,,15,8,7,,32,0,0.0,1,2.0,,,,,2.0,,0.0,1.0,,13,,,0.0,0.0,11,2,5,4,1,,,0.0,2.0,,,,,,3.0,7,1.0,6,58,,23,42,82.0,306,373,,,25,,,,13,,,,21.7,5,23,,8,,,22,8,14,,12,2,0.0,0,3.0,,,,,1.0,,1.0,0.0,,11,,,7.34,6.54,4-2-3-1,4-2-3-1,4.0,4.0,7.4,5.8,2.0,3.0,0.73,-0.788,7.6,6.475,1.6,1.25,5.4,2.0,7.567,6.78,1.667,0.4,4.0,3.4,6.3,6.3,2.5,0.0,0.0,0.0,8.7,7.3,7.6,7.1,7.6,6.7,0.637,0.398
PL-2025-26-14025198,Jornada 16,2025-12-13,Liverpool,1,Brighton,2,0,2.0,0.0,18,4,8,6,0,,,2.0,7.0,,,,,,3.0,2,2.0,17,45,,38,49,86.3,448,519,,,29,,,,15,,,,40.0,2,5,,8,,,22,12,10,,31,0,0.0,1,1.0,,,,,1.0,,1.0,1.0,,8,,,0.0,0.0,14,1,7,6,1,,,0.0,3.0,,,,,,3.0,2,0.0,7,62,,28,51,89.4,470,526,,,28,,,,8,,,,22.2,4,18,,6,,,13,7,6,,6,2,0.0,0,2.0,,,,,0.0,,0.0,2.0,,15,,,7.51,6.41,4-2-3-1,4-2-3-1,4.0,4.0,7.5,6.7,1.0,2.0,0.623,-0.785,7.525,6.6,2.25,1.0,4.0,1.0,7.2,6.233,1.4,1.167,4.0,2.5,9.0,,7.0,,2.0,,9.0,7.0,8.0,6.7,7.7,6.6,0.574,0.337
PL-2025-26-14025189,Jornada 16,2025-12-13,Burnley,1,Fulham,2,3,2.0,0.0,16,8,4,4,0,,,1.0,5.0,,,,,,5.0,10,1.0,6,88,,25,53,82.8,444,536,,,22,,,,8,,,,17.6,3,17,,9,,,13,9,4,,10,3,0.0,0,1.0,,,,,1.0,,1.0,1.0,,8,,,3.0,0.0,6,4,2,0,0,,,0.0,0.0,,,,,,2.0,4,0.0,4,43,,15,47,82.0,393,479,,,18,,,,8,,,,26.7,4,15,,12,,,22,12,10,,38,2,0.0,0,6.0,,,,,0.0,,1.0,2.0,,8,,,6.63,7.3,4-3-3,4-2-3-1,4.0,4.0,6.9,8.4,1.0,6.0,0.592,0.702,6.275,7.025,1.75,3.75,1.75,6.5,7.033,7.675,1.0,1.0,4.0,3.75,6.6,6.55,2.0,0.0,0.0,0.0,7.8,10.0,7.4,8.4,6.9,8.2,0.588,1.107
PL-2025-26-14025183,Jornada 16,2025-12-13,Arsenal,1,Wolves,2,1,0.0,0.0,16,2,11,3,1,,,1.0,3.0,,,,,,3.0,8,1.0,10,81,,41,69,87.4,500,572,,,11,,,,15,,,,20.0,6,30,,8,,,5,3,2,,21,1,0.0,0,1.0,,,,,0.0,,0.0,0.0,,7,,,1.0,0.0,3,2,0,1,0,,,0.0,0.0,,,,,,1.0,0,1.0,4,52,,14,31,69.0,180,261,,,21,,,,7,,,,50.0,4,8,,5,,,8,5,3,,54,2,0.0,0,2.0,,,,,1.0,,3.0,4.0,,15,,,6.9,6.45,4-3-3,3-5-2,4.0,3.0,6.8,6.2,1.0,2.0,-0.375,-1.719,6.825,6.367,0.5,0.667,2.75,6.167,6.8,6.85,0.333,0.0,2.333,5.0,7.133,6.4,2.0,1.0,0.0,0.0,8.5,7.1,7.3,6.9,7.0,6.6,0.561,0.342
PL-2025-26-14025195,Jornada 16,2025-12-14,Crystal Palace,1,Man City,0,3,0.0,0.0,16,4,6,6,2,,,1.0,3.0,,,,,,1.0,2,3.0,4,40,,33,39,75.7,284,375,,,21,,,,6,,,,14.3,2,14,,6,,,23,17,6,,20,3,0.0,0,3.0,,,,,,,0.0,2.0,,9,,,2.0,1.0,7,6,1,0,0,,,1.0,0.0,,,,,,2.0,2,2.0,14,65,,13,61,86.3,516,598,,,20,,,,8,,,,33.3,3,9,,8,,,14,6,8,,39,0,0.0,1,4.0,,,,,,,2.0,0.0,,6,,,6.41,7.39,3-4-2-1,4-3-2-1,3.0,4.0,5.6,7.7,3.0,4.0,-1.245,1.066,6.25,7.325,2.25,1.25,3.75,6.0,6.633,7.18,0.667,0.6,6.333,5.4,6.667,8.4,3.0,2.0,0.0,2.0,7.3,8.4,6.9,8.2,6.9,7.7,0.454,0.571
PL-2025-26-14025204,Jornada 16,2025-12-14,Nottm Forest,1,Tottenham,3,0,1.0,2.0,15,6,7,2,1,,,1.0,2.0,,,,,,4.0,3,4.0,6,49,,24,48,81.6,320,392,,,23,,,,13,,,,33.3,5,15,,12,,,17,9,8,,23,0,0.0,1,1.0,,,,,,,2.0,1.0,,9,,,0.0,0.0,6,1,1,4,0,,,0.0,1.0,,,,,,0.0,3,1.0,12,48,,13,52,79.8,335,420,,,18,,,,9,,,,15.8,3,19,,11,,,30,20,10,,17,3,0.0,0,3.0,,,,,,,2.0,3.0,,13,,,7.45,6.36,4-2-3-1,4-2-3-1,4.0,4.0,7.4,6.4,1.0,3.0,0.518,-0.989,7.275,6.125,1.0,1.75,3.25,1.0,7.7,6.5,1.0,0.75,5.0,3.25,7.0,6.55,2.0,1.0,0.0,0.0,9.9,6.8,9.1,6.8,7.7,6.7,1.077,0.284
PL-2025-26-14025207,Jornada 16,2025-12-14,Sunderland,1,Newcastle,1,0,0.0,0.0,5,1,2,2,0,,,0.0,2.0,,,,,,1.0,3,,7,69,,15,47,76.6,302,394,,,18,,,,10,,,,14.3,2,14,,11,,,10,7,3,,29,0,0.0,1,2.0,,,,,3.0,,1.0,5.0,,10,,,0.0,0.0,6,2,1,3,0,,,2.0,2.0,,,,,,0.0,6,,8,57,,14,53,84.9,377,444,,,32,,,,10,,,,7.7,2,26,,3,,,8,5,3,,53,1,0.0,0,1.0,,,,,1.0,,1.0,4.0,,10,,,6.94,6.68,4-2-3-1,4-3-3,4.0,4.0,7.0,6.7,2.0,1.0,0.286,-0.756,7.175,7.0,1.0,0.5,5.25,8.5,6.85,6.867,0.25,0.333,3.0,1.667,6.6,6.067,0.0,0.333,0.0,0.0,7.5,8.0,7.3,7.2,7.3,7.0,0.328,0.652
PL-2025-26-14025210,Jornada 16,2025-12-14,West Ham,1,Aston Villa,2,3,2.0,0.0,10,3,4,3,0,,,1.0,2.0,,,,,,2.0,5,1.0,6,56,,19,41,83.9,324,386,,,16,,,,13,,,,,0,13,,9,,,17,10,7,,14,3,0.0,0,2.0,,,,,0.0,,0.0,1.0,,18,,,1.0,1.0,7,4,2,1,0,,,1.0,1.0,,,,,,1.0,3,1.0,10,41,,12,59,88.9,503,566,,,27,,,,18,,,,27.3,3,11,,6,,,22,17,5,,13,2,0.0,0,1.0,,,,,2.0,,1.0,2.0,,13,,,6.32,6.84,4-3-1-2,4-2-3-1,4.0,4.0,5.5,6.2,2.0,1.0,-2.028,-1.273,5.75,6.5,1.25,2.0,2.75,1.75,6.833,7.32,0.833,0.4,4.167,3.2,,6.4,,0.0,,0.0,7.3,9.3,7.1,7.2,6.9,7.0,0.663,0.843
PL-2025-26-14025186,Jornada 16,2025-12-14,Brentford,1,Leeds,1,1,1.0,0.0,7,2,4,1,0,,,0.0,3.0,,,,,,1.0,0,2.0,4,62,,14,57,81.1,403,497,,,33,,,,9,,,,5.6,1,18,,8,,,12,9,3,,44,1,0.0,0,3.0,,,,,0.0,,2.0,,,8,,,1.0,0.0,18,4,6,8,0,,,0.0,7.0,,,,,,2.0,3,0.0,8,51,,31,43,75.1,271,361,,,18,,,,8,,,,26.1,6,23,,7,,,15,8,7,,43,1,0.0,0,1.0,,,,,1.0,,0.0,,,9,,,6.93,6.73,4-2-3-1,3-5-2,4.0,3.0,7.4,5.9,3.0,1.0,0.67,-0.16,6.9,6.96,1.0,2.0,5.6,6.4,7.075,6.467,0.5,1.0,3.5,4.333,6.0,6.95,0.0,3.5,0.0,0.5,7.8,7.3,7.5,7.3,7.4,7.1,0.566,0.441
PL-2025-26-15035359,Jornada 16,2025-12-15,Man United,1,Bournemouth,4,4,3.0,1.0,25,9,6,10,1,,,3.0,3.0,,,,,,2.0,5,0.0,7,53,,49,57,78.9,310,393,,,16,,,,12,,,,28.6,6,21,,3,,,16,8,8,,47,4,0.0,0,5.0,,,,,,,,2.0,,15,,,3.0,1.0,14,9,5,0,0,,,1.0,3.0,,,,,,6.0,4,1.0,9,65,,24,43,67.3,202,300,,,15,,,,15,,,,17.6,3,17,,8,,,14,8,6,,29,4,0.0,0,5.0,,,,,,,,3.0,,12,,,7.03,6.75,3-4-2-1,4-2-3-1,3.0,4.0,6.1,6.3,5.0,5.0,-0.702,-0.64,6.375,6.3,1.5,2.2,7.0,4.0,7.9,5.45,3.0,1.75,2.0,3.5,7.475,7.9,4.25,2.0,0.5,1.0,8.8,8.1,8.1,7.9,7.7,7.5,0.878,1.0
PL-2025-26-14025228,Jornada 17,2025-12-20,Newcastle,1,Chelsea,2,2,2.0,0.0,11,5,6,0,0,,,0.0,1.0,,,,,,7.0,6,2.0,5,46,,21,47,77.0,278,361,,,16,,,,14,,,,28.6,8,28,,14,,,13,8,5,,19,2,0.0,0,2.0,,,,,2.0,,0.0,3.0,,13,,,1.0,1.0,13,4,5,4,0,,,0.0,2.0,,,,,,1.0,4,0.0,9,46,,26,53,81.1,351,433,,,14,,,,13,,,,12.5,2,16,,13,,,11,9,2,,24,2,0.0,0,3.0,,,,,1.0,,1.0,6.0,,14,,,6.83,6.81,4-3-3,4-2-3-1,4.0,4.0,6.6,7.1,2.0,3.0,-0.555,0.316,6.333,6.6,1.667,1.2,3.667,3.2,6.7,6.833,0.25,1.0,8.0,6.333,7.567,7.15,1.667,3.5,0.667,0.5,7.9,8.2,7.7,8.1,7.1,7.5,0.561,0.77
PL-2025-26-14025213,Jornada 17,2025-12-20,Bournemouth,1,Burnley,1,1,0.0,1.0,16,1,12,3,0,,,0.0,4.0,,,,,,3.0,5,2.0,6,74,,37,66,79.8,404,506,,,18,,,,11,,,,27.3,6,22,,8,,,21,15,6,,31,1,0.0,0,,,,,,1.0,,0.0,1.0,,11,,,1.0,0.0,4,1,1,2,0,,,0.0,3.0,,,,,,1.0,3,2.0,2,57,,16,34,66.2,178,269,,,30,,,,11,,,,25.0,2,8,,10,,,15,10,5,,38,1,0.0,0,,,,,,0.0,,2.0,1.0,,11,,,6.95,6.55,4-2-3-1,4-4-2,4.0,4.0,6.4,6.7,0.0,0.0,-0.065,-0.643,7.35,6.675,3.5,1.0,5.75,6.25,6.92,6.5,1.6,0.25,5.0,4.75,6.0,6.35,0.0,0.0,0.0,0.0,8.5,6.9,8.3,6.8,7.2,6.7,0.791,0.284
PL-2025-26-14025218,Jornada 17,2025-12-20,Brighton,1,Sunderland,0,0,0.0,0.0,16,4,7,5,0,,,4.0,5.0,,,,,,0.0,3,1.0,13,56,,37,57,82.5,364,441,,,17,,,,15,,,,38.1,8,21,,7,,,12,8,4,,30,0,0.0,1,6.0,,,,,0.0,,,2.0,,11,,,0.0,0.0,14,6,4,4,1,,,2.0,3.0,,,,,,2.0,4,1.0,2,50,,26,43,76.3,255,334,,,24,,,,11,,,,35.7,5,14,,9,,,25,15,10,,22,0,0.0,1,4.0,,,,,1.0,,,2.0,,15,,,7.13,7.06,4-2-3-1,4-2-3-1,4.0,4.0,9.1,7.0,6.0,4.0,0.629,0.237,7.32,7.34,1.2,3.0,4.4,3.8,6.54,6.9,0.8,1.5,3.2,2.75,,6.4,,3.0,,0.0,9.1,8.0,8.0,7.6,7.5,7.4,0.811,0.479
PL-2025-26-14025226,Jornada 17,2025-12-20,Man City,1,West Ham,3,0,3.0,0.0,17,8,7,2,0,,,1.0,2.0,,,,,,8.0,6,1.0,9,54,,40,66,92.4,693,750,,,24,,,,10,,,,28.6,6,21,,9,,,12,7,5,,9,0,0.0,1,4.0,,,,,,,,1.0,,16,,,0.0,0.0,7,3,4,0,0,,,1.0,1.0,,,,,,2.0,0,2.0,7,28,,12,34,80.3,314,391,,,17,,,,16,,,,100.0,1,1,,12,,,24,15,9,,13,3,0.0,0,5.0,,,,,,,,1.0,,10,,,7.45,6.54,4-3-2-1,4-3-1-2,4.0,4.0,8.5,7.0,4.0,5.0,0.816,-0.189,7.175,6.1,1.75,3.25,2.0,1.75,7.2,6.75,1.6,0.333,3.8,3.833,8.7,,7.0,,2.0,,8.7,7.1,8.5,7.0,8.1,7.0,0.758,0.401
PL-2025-26-14025232,Jornada 17,2025-12-20,Wolves,1,Brentford,0,2,0.0,0.0,9,2,1,6,0,,,0.0,3.0,,,,,,2.0,3,2.0,7,53,,22,43,78.5,281,358,,,21,,,,14,,,,18.2,4,22,,9,,,16,9,7,,37,2,0.0,0,4.0,,,0.0,,,,0.0,2.0,,12,,,2.0,0.0,7,6,1,0,0,,,0.0,0.0,,,,,,4.0,4,2.0,4,49,,28,57,83.2,400,481,,,20,,,,12,,,,45.5,10,22,,16,,,12,6,6,,36,0,0.0,1,2.0,,,1.0,,,,1.0,4.0,,15,,,6.67,7.24,3-5-2,4-3-3,3.0,4.0,7.7,7.3,4.0,2.0,-0.273,0.99,6.72,7.34,2.0,1.0,5.0,4.8,6.633,7.475,0.0,0.75,4.333,6.25,6.1,5.7,1.5,0.0,0.0,0.0,7.7,8.6,7.0,8.0,6.8,7.7,0.437,0.723
PL-2025-26-14025230,Jornada 17,2025-12-20,Tottenham,1,Liverpool,1,2,1.0,0.0,15,4,4,7,1,,,2.0,2.0,,,,,,2.0,2,1.0,4,53,,20,35,76.4,246,322,,,17,,,,7,,,,20.0,4,20,,7,,,11,7,4,,33,2,0.0,0,2.0,,,,,0.0,,1.0,5.0,2.0,7,,,2.0,0.0,8,4,1,3,0,,,0.0,1.0,,,,,,2.0,6,6.0,8,74,,30,65,88.3,542,614,,,23,,,,9,,,,21.7,5,23,,7,,,4,4,0,,22,1,0.0,0,4.0,,,,,1.0,,1.0,3.0,0.0,2,,,6.34,6.87,4-2-2-2,4-2-3-1,4.0,4.0,6.4,7.1,2.0,4.0,-0.724,0.154,6.325,7.1,1.75,0.5,5.5,3.0,6.32,6.64,0.8,1.2,3.6,3.4,6.4,6.9,4.0,1.0,0.0,1.0,6.7,8.0,6.6,7.1,6.6,7.0,0.314,0.463
PL-2025-26-14025220,Jornada 17,2025-12-20,Everton,1,Arsenal,0,1,0.0,0.0,5,1,2,2,0,,,0.0,1.0,,,,,,0.0,2,0.0,4,56,,13,35,73.7,250,339,,,19,,,,5,,,,14.3,2,14,,8,,,26,13,13,,23,1,0.0,0,0.0,,,,,0.0,,1.0,2.0,,4,,,1.0,0.0,13,2,9,2,2,,,0.0,1.0,,,,,,3.0,3,1.0,9,61,,43,65,87.6,573,654,,,23,,,,3,,,,16.7,2,12,,7,,,14,9,5,,32,0,0.0,1,1.0,,,,,5.0,,0.0,2.0,,5,,,6.75,6.95,4-2-3-1,4-3-3,4.0,4.0,6.4,7.4,0.0,1.0,-0.15,0.18,7.225,6.95,2.75,1.25,4.0,5.25,6.52,7.2,0.4,2.0,4.6,4.333,6.4,6.567,0.0,2.667,0.0,0.333,7.8,7.9,7.7,7.4,7.1,7.2,0.538,0.41
PL-2025-26-14025224,Jornada 17,2025-12-20,Leeds,1,Crystal Palace,4,1,3.0,1.0,20,8,7,5,0,,,0.0,5.0,,,,,,4.0,9,2.0,6,51,,37,53,81.8,327,400,,,19,,,,10,,,,27.3,6,22,,7,,,15,11,4,,29,1,0.0,0,2.0,,,,,1.0,,,1.0,,5,,,1.0,0.0,9,3,3,3,1,,,1.0,3.0,,,,,,2.0,5,3.0,5,40,,19,47,78.5,284,362,,,14,,,,4,,,,12.5,2,16,,6,,,22,13,9,,58,4,0.0,0,2.0,,,,,0.0,,,3.0,,10,,,7.26,6.53,3-5-2,3-4-2-1,3.0,3.0,6.2,6.8,2.0,2.0,-0.102,-0.834,6.86,6.125,1.6,2.25,3.6,7.75,8.167,6.767,2.0,0.333,6.333,5.333,7.45,6.733,1.5,2.0,1.0,0.0,8.9,7.2,8.7,7.1,8.2,6.8,0.923,0.4
PL-2025-26-14025216,Jornada 17,2025-12-21,Aston Villa,1,Man United,2,1,2.0,0.0,12,4,3,5,1,,,1.0,3.0,,,,,,2.0,5,3.0,3,27,,20,43,80.1,281,351,,,16,,,,14,,,,14.3,1,7,,7,,,18,10,8,,22,1,0.0,0,5.0,,,,,7.0,,1.0,1.0,,11,,,1.0,0.0,15,6,6,3,0,,,4.0,6.0,,,,,,3.0,5,1.0,8,49,,34,57,86.1,396,460,,,22,,,,11,,,,15.4,4,26,,9,,,26,14,12,,21,2,0.0,0,2.0,,,,,1.0,,0.0,2.0,,14,,,6.82,6.95,4-2-3-1,3-4-2-1,4.0,3.0,6.6,7.0,5.0,2.0,-0.149,-0.383,6.325,6.925,1.25,2.0,3.25,3.75,7.34,7.067,1.2,1.333,4.2,3.333,6.4,6.833,1.0,3.333,0.0,0.333,8.7,7.9,7.5,7.9,7.0,7.2,0.721,0.558
PL-2025-26-14907281,Jornada 17,2025-12-22,Fulham,1,Nottm Forest,1,0,1.0,0.0,11,1,4,6,0,,,0.0,3.0,,,,,,2.0,1,2.0,8,38,,24,50,80.0,396,495,,,27,,,,8,,,,57.1,4,7,,10,,,21,13,8,,29,0,0.0,1,2.0,,,,,2.0,,2.0,5.0,,5,,,0.0,0.0,12,2,6,4,0,,,2.0,4.0,,,,,,0.0,5,2.0,3,65,,21,50,85.1,417,490,,,28,,,,5,,,,8.7,2,23,,8,,,10,5,5,,16,1,0.0,0,0.0,,,,,0.0,,0.0,4.0,,9,,,7.12,6.45,4-2-3-1,4-2-3-1,4.0,4.0,6.7,6.4,2.0,0.0,0.077,-0.253,7.325,6.625,2.0,1.25,4.75,3.0,7.08,6.22,1.0,1.8,4.6,4.8,6.9,7.0,5.0,4.0,1.0,0.0,8.1,7.0,7.6,7.0,7.3,6.7,0.411,0.382
PL-2025-26-14025246,Jornada 18,2025-12-26,Man United,1,Newcastle,1,0,1.0,0.0,10,4,6,0,1,,,0.0,1.0,,,,,,1.0,2,0.0,7,36,,15,33,76.8,252,328,,,11,,,,5,,,,37.5,3,8,,18,,,20,8,12,,45,0,0.0,1,3.0,,,,,2.0,,,2.0,,9,,,0.0,0.0,16,3,6,7,1,,,0.0,2.0,,,,,,1.0,11,1.0,11,85,,44,67,87.4,548,627,,,18,,,,9,,,,15.2,7,46,,6,,,14,7,7,,13,1,0.0,0,3.0,,,,,0.0,,,1.0,,5,,,7.11,6.72,4-2-3-1,4-3-3,4.0,4.0,7.5,6.5,3.0,3.0,0.96,-0.035,7.25,7.0,1.25,1.333,6.5,2.667,7.233,6.725,0.667,0.75,4.333,4.75,6.667,6.5,1.667,1.0,0.0,0.0,8.3,7.3,7.5,6.9,7.4,6.9,0.5,0.304
PL-2025-26-14025248,Jornada 18,2025-12-27,Nottm Forest,1,Man City,1,2,1.0,0.0,7,2,2,3,0,,,1.0,1.0,,,,,,1.0,5,1.0,6,43,,12,34,74.7,219,293,,,33,,,,13,,,,18.2,4,22,,8,,,15,12,3,,22,2,0.0,0,3.0,,,,,,,0.0,1.0,,5,,,2.0,0.0,16,5,4,7,1,,,0.0,7.0,,,,,,1.0,5,1.0,11,69,,33,66,90.1,536,595,,,15,,,,5,,,,16.7,3,18,,4,,,14,8,6,,37,1,0.0,0,1.0,,,,,,,2.0,2.0,,13,,,6.8,6.87,4-2-3-1,4-3-2-1,4.0,4.0,6.5,6.1,3.0,1.0,-0.539,-0.417,6.7,7.025,1.5,2.25,4.25,6.25,6.98,7.0,0.4,2.2,5.4,4.8,6.6,6.4,2.0,2.0,0.0,0.0,7.5,8.4,7.4,7.5,7.3,7.2,0.42,0.674
PL-2025-26-14025234,Jornada 18,2025-12-27,Arsenal,1,Brighton,2,1,0.0,1.0,24,6,8,10,0,,,1.0,1.0,,,,,,4.0,7,1.0,10,50,,57,53,83.6,376,450,,,16,,,,13,,,,31.6,6,19,,9,,,14,6,8,,16,1,0.0,0,2.0,,,,,1.0,,0.0,2.0,,7,,,1.0,0.0,8,3,3,2,1,,,0.0,1.0,,,,,,1.0,2,1.0,7,55,,18,47,82.6,336,407,,,23,,,,7,,,,30.0,3,10,,5,,,16,13,3,,28,2,0.0,0,5.0,,,,,1.0,,2.0,3.0,,13,,,7.01,6.6,4-3-3,3-4-2-1,4.0,3.0,7.2,6.7,2.0,5.0,0.423,-0.315,6.6,6.74,1.333,1.0,2.333,2.4,7.225,6.44,2.0,0.4,4.0,2.8,7.067,,4.0,,0.0,,8.5,7.7,7.7,7.6,7.4,7.0,0.639,0.648
PL-2025-26-14025236,Jornada 18,2025-12-27,Brentford,1,Bournemouth,4,1,3.0,0.0,15,7,4,4,1,,,1.0,4.0,,,,,,5.0,2,3.0,12,52,,32,49,78.7,311,395,,,35,,,,8,,,,25.0,2,8,,10,,,12,7,5,,51,1,0.0,0,9.0,,,,,0.0,,0.0,2.0,,9,,,1.0,0.0,20,10,2,8,1,,,5.0,2.0,,,,,,4.0,15,1.0,14,51,,40,51,77.1,290,376,,,22,,,,9,,,,7.9,3,38,,7,,,18,13,5,,27,4,0.0,0,4.0,,,,,1.0,,2.0,2.0,,8,,,7.44,6.46,4-2-3-1,4-2-3-1,4.0,4.0,8.0,5.9,9.0,4.0,0.182,-0.658,6.86,5.96,1.0,1.2,7.4,3.0,8.0,7.175,0.75,1.25,5.5,4.5,7.5,6.7,2.0,0.0,0.0,0.0,10.0,7.6,8.0,7.5,8.0,6.8,1.038,0.664
PL-2025-26-14025238,Jornada 18,2025-12-27,Burnley,1,Everton,0,0,0.0,0.0,16,0,9,7,0,,,0.0,8.0,,,,,,1.0,6,2.0,7,77,,28,54,77.0,359,466,,,27,,,,8,,,,6.2,1,16,,4,,,22,12,10,,39,0,0.0,1,6.0,,,,,,,5.0,0.0,,8,,,0.0,0.0,15,6,6,3,0,,,0.0,4.0,,,,,,1.0,5,3.0,6,64,,24,46,77.9,307,394,,,22,,,,8,,,,11.1,2,18,,11,,,25,14,11,,48,0,0.0,1,0.0,,,,,,,1.0,2.0,,8,,,7.06,7.0,3-4-3,4-2-3-1,3.0,4.0,9.2,7.1,6.0,0.0,1.536,,7.175,7.35,1.5,1.5,5.0,8.5,6.833,6.86,0.0,1.4,4.333,4.6,6.433,6.2,2.0,2.0,0.0,0.0,9.2,7.7,7.5,7.6,7.2,7.5,0.803,0.467
PL-2025-26-14025244,Jornada 18,2025-12-27,Liverpool,1,Wolves,2,1,2.0,0.0,14,4,7,3,1,,,1.0,2.0,,,,,,1.0,6,1.0,13,77,,41,67,88.0,581,660,,,18,,,,13,,,,38.1,8,21,,9,,,19,16,3,,21,1,0.0,0,3.0,,,,,2.0,,0.0,0.0,,5,,,1.0,0.0,9,4,4,1,0,,,2.0,3.0,,,,,,1.0,4,0.0,2,53,,13,33,77.1,252,327,,,17,,,,5,,,,13.3,2,15,,8,,,16,10,6,,24,2,0.0,0,2.0,,,,,1.0,,1.0,1.0,,13,,,7.41,6.55,4-2-3-1,3-4-2-1,4.0,3.0,7.5,6.9,3.0,2.0,0.17,-0.36,7.125,6.5,1.5,1.0,2.75,3.0,8.0,7.1,1.25,1.5,6.0,8.0,6.75,6.167,2.0,2.667,0.0,0.0,9.1,7.3,8.3,6.9,7.6,6.9,0.759,0.387
PL-2025-26-14025252,Jornada 18,2025-12-27,West Ham,1,Fulham,0,1,0.0,0.0,11,2,4,5,0,,,1.0,3.0,,,,,,1.0,5,7.0,7,47,,27,44,81.7,330,404,,,23,,,,8,,,,11.8,2,17,,9,,,29,17,12,,25,1,0.0,0,4.0,,,,,1.0,,0.0,1.0,,8,,,1.0,0.0,17,5,6,6,0,,,2.0,3.0,,,,,,1.0,4,2.0,7,64,,35,56,86.4,439,508,,,22,,,,8,,,,41.7,10,24,,12,,,16,5,11,,34,0,0.0,1,2.0,,,,,0.0,,1.0,3.0,,8,,,7.05,7.08,4-3-2-1,4-2-3-1,4.0,4.0,7.7,7.0,4.0,2.0,0.365,0.201,6.925,7.525,3.0,2.0,4.0,4.5,7.017,6.8,0.667,1.4,3.5,3.4,,6.8,,5.0,,1.0,7.7,8.4,7.7,7.8,7.6,7.3,0.528,0.629
PL-2025-26-14025240,Jornada 18,2025-12-27,Chelsea,1,Aston Villa,1,2,1.0,0.0,14,3,4,7,0,,,1.0,5.0,,,,,,2.0,6,,6,58,,42,63,88.8,469,528,,,28,,,,8,,,,13.8,4,29,,9,,,26,19,7,,6,2,0.0,0,6.0,,,,,1.0,,,5.0,,16,,,2.0,0.0,11,8,1,2,0,,,1.0,3.0,,,,,,5.0,7,,6,25,,19,37,80.1,257,321,,,19,,,,16,,,,12.5,1,8,,4,,,8,2,6,,28,1,0.0,0,2.0,,,,,2.0,,,3.0,,8,,,7.05,6.66,4-2-3-1,4-4-2,4.0,4.0,7.6,7.3,6.0,2.0,0.946,0.427,6.925,6.625,2.5,0.75,1.25,5.0,6.875,6.62,1.0,1.2,5.5,5.6,7.4,6.4,2.0,0.0,0.5,0.0,8.2,7.3,7.7,7.1,7.6,7.1,0.577,0.372
PL-2025-26-14025250,Jornada 18,2025-12-28,Sunderland,1,Leeds,1,1,1.0,0.0,8,3,3,2,1,,,0.0,0.0,,,,,,2.0,3,4.0,5,45,,21,43,81.9,322,393,,,25,,,,9,,,,21.4,3,14,,5,,,14,8,6,,42,1,0.0,0,4.0,,,,,,,,1.0,,7,,,1.0,0.0,17,6,5,6,0,,,2.0,4.0,,,,,,4.0,9,3.0,4,52,,42,57,84.4,433,513,,,21,,,,7,,,,25.9,7,27,,6,,,14,8,6,,20,1,0.0,0,2.0,,,,,,,,0.0,,9,,,7.07,6.93,4-2-3-1,3-5-2,4.0,3.0,7.2,7.0,4.0,2.0,0.221,-0.49,7.06,6.7,1.6,0.8,6.8,2.4,7.175,7.133,2.0,2.667,2.25,4.333,6.6,7.15,2.0,2.0,0.0,0.5,8.0,7.9,7.5,7.4,7.4,7.2,0.441,0.473
PL-2025-26-14025242,Jornada 18,2025-12-28,Crystal Palace,1,Tottenham,0,1,0.0,0.0,15,2,8,5,0,,,0.0,6.0,,,,,,2.0,3,1.0,7,78,,35,62,79.2,431,544,,,26,,,,5,,,,14.8,4,27,,7,,,16,11,5,,23,1,0.0,0,3.0,,,,,1.0,,,3.0,,7,,,1.0,0.0,8,4,3,1,1,,,1.0,2.0,,,,,,1.0,2,3.0,8,52,,18,38,69.4,236,340,,,28,,,,7,,,,25.0,3,12,,6,,,20,10,10,,50,0,0.0,1,2.0,,,,,3.0,,,2.0,,5,,,6.84,7.06,3-4-2-1,4-2-3-1,3.0,4.0,6.4,7.5,3.0,2.0,0.028,0.113,7.2,7.25,1.667,2.25,4.667,7.25,6.86,6.825,2.2,0.25,4.8,3.5,6.45,6.95,2.0,1.0,0.0,0.0,7.8,7.6,7.7,7.5,7.3,7.2,0.666,0.296
PL-2025-26-14025258,Jornada 19,2025-12-30,Burnley,1,Newcastle,1,3,1.0,0.0,15,4,8,3,1,,,1.0,6.0,,,,,,2.0,3,1.0,5,54,,27,48,79.5,349,439,,,16,,,,3,,,,8.3,1,12,,11,,,21,14,7,,27,3,0.0,0,4.0,,,,,1.0,,1.0,2.0,,9,,,2.0,1.0,20,9,5,6,0,,,1.0,5.0,,,,,,7.0,4,2.0,6,45,,23,52,83.3,389,467,,,19,,,,9,,,,21.1,4,19,,11,,,19,10,9,,36,1,0.0,0,2.0,,,,,0.0,,0.0,1.0,,3,,,6.63,7.12,3-4-3,4-3-3,3.0,4.0,5.9,6.5,4.0,2.0,-0.521,-0.601,6.65,7.2,2.0,1.0,2.25,7.333,6.9,7.5,1.667,1.75,4.667,5.75,6.567,6.733,3.0,2.667,0.0,0.333,7.5,8.4,7.1,8.3,7.0,7.9,0.465,0.707
PL-2025-26-14025260,Jornada 19,2025-12-30,Chelsea,1,Bournemouth,2,2,2.0,0.0,17,3,6,8,1,,,1.0,1.0,,,,,,2.0,12,0.0,11,64,,52,67,85.8,483,563,,,21,,,,11,,,,30.8,8,26,,8,,,17,9,8,,29,2,0.0,0,4.0,,,,,0.0,,0.0,1.0,,5,,,2.0,0.0,17,6,7,4,0,,,0.0,5.0,,,,,,6.0,3,1.0,9,42,,23,33,73.2,197,269,,,17,,,,5,,,,18.8,3,16,,17,,,16,12,4,,41,2,0.0,0,2.0,,,,,1.0,,4.0,1.0,,12,,,7.07,6.74,4-2-3-1,4-2-3-1,4.0,4.0,7.3,6.4,4.0,2.0,0.018,0.153,6.675,7.1,1.75,2.75,5.25,5.5,7.7,6.62,1.75,1.6,4.25,4.8,6.5,6.2,1.5,2.0,0.0,0.0,8.1,7.6,8.1,7.6,7.8,7.3,0.778,0.631
PL-2025-26-14025268,Jornada 19,2025-12-30,Nottm Forest,1,Everton,0,2,0.0,0.0,21,6,8,7,0,,,4.0,5.0,,,,,,1.0,9,,16,85,,42,70,90.2,600,665,,,19,,,,9,,,,17.3,9,52,,5,,,21,14,7,,12,2,0.0,0,1.0,,,,,0.0,,,1.0,,11,,,2.0,0.0,11,3,4,4,0,,,0.0,4.0,,,,,,3.0,2,,7,46,,18,30,74.1,223,301,,,26,,,,11,,,,28.6,2,7,,9,,,23,11,12,,53,0,0.0,1,6.0,,,,,2.0,,,0.0,,9,,,6.73,7.49,4-2-3-1,4-2-3-1,4.0,4.0,5.9,8.5,1.0,6.0,-1.142,0.943,7.3,7.525,2.75,2.0,1.5,9.5,6.7,7.32,1.2,1.0,4.4,5.0,5.4,7.2,3.0,1.0,0.0,1.0,8.3,9.6,7.9,8.5,7.6,8.0,0.868,0.875
PL-2025-26-14025272,Jornada 19,2025-12-30,West Ham,1,Brighton,2,2,2.0,0.0,10,4,3,3,0,,,0.0,0.0,,,,,,4.0,5,1.0,4,50,,21,39,74.9,251,335,,,31,,,,17,,,,12.5,2,16,,9,,,27,14,13,,27,2,0.0,0,5.0,,,,,2.0,,1.0,3.0,,11,,,2.0,0.0,16,6,6,4,1,,,0.0,7.0,,,,,,4.0,5,1.0,8,61,,31,61,86.1,466,541,,,21,,,,9,,,,4.3,1,23,,16,,,13,10,3,,24,2,0.0,0,2.0,,,,,2.0,,1.0,5.0,,18,,,6.75,6.63,4-2-3-1,4-2-3-1,4.0,4.0,6.2,7.0,5.0,2.0,0.7,-0.054,6.5,6.94,1.75,1.4,4.25,3.0,7.16,6.25,1.0,0.5,4.4,4.0,6.2,6.2,2.0,3.0,0.0,1.0,7.8,7.8,7.3,7.6,7.0,7.0,0.505,0.62
PL-2025-26-14025254,Jornada 19,2025-12-30,Arsenal,1,Aston Villa,4,1,2.0,2.0,22,7,8,7,0,,,2.0,1.0,,,,,,6.0,3,4.0,5,51,,38,46,86.0,302,351,,,17,,,,9,,,,41.7,5,12,,8,,,17,7,10,,17,1,0.0,0,2.0,,,,,1.0,,,2.0,,18,,,1.0,0.0,11,3,4,4,2,,,0.0,2.0,,,,,,5.0,3,0.0,8,23,,21,54,87.0,362,416,,,21,,,,18,,,,8.3,1,12,,3,,,10,3,7,,17,4,0.0,0,3.0,,,,,0.0,,,3.0,,9,,,7.39,6.32,4-3-3,4-2-3-1,4.0,4.0,7.2,5.3,2.0,3.0,0.641,-1.281,7.325,6.167,1.25,0.667,2.0,2.333,7.833,6.5,2.667,0.5,4.0,1.833,7.1,6.7,3.0,5.0,0.333,1.0,8.9,7.1,8.3,6.8,8.2,6.8,0.883,0.547
PL-2025-26-14025266,Jornada 19,2025-12-30,Man United,1,Wolves,1,1,0.0,1.0,15,6,5,4,1,,,1.0,3.0,,,,,,2.0,8,3.0,5,58,,21,56,88.9,450,506,,,26,,,,12,,,,27.3,6,22,,4,,,21,14,7,,16,1,0.0,0,3.0,,,,,,,0.0,0.0,,9,,,1.0,0.0,11,4,5,2,0,,,1.0,2.0,,,,,,2.0,4,1.0,10,36,,23,44,84.4,335,397,,,18,,,,9,,,,28.6,4,14,,10,,,20,9,11,,28,1,0.0,0,5.0,,,,,,,2.0,2.0,,12,,,6.96,6.82,4-2-3-1,3-5-2,4.0,3.0,7.3,7.0,3.0,5.0,0.02,-0.272,6.9,7.15,1.5,2.5,2.0,3.25,6.933,6.733,1.333,0.667,3.333,3.333,6.967,6.4,3.0,1.333,0.333,0.0,7.6,7.8,7.4,7.6,7.3,7.0,0.46,0.517
PL-2025-26-14025262,Jornada 19,2026-01-01,Crystal Palace,1,Fulham,1,1,1.0,0.0,11,2,5,4,1,,,0.0,2.0,,,,,,3.0,6,5.0,7,54,,37,40,77.1,299,388,,,22,,,,10,,,,8.3,1,12,,9,,,14,9,5,,29,1,0.0,0,4.0,,,,,,,0.0,0.0,,7,,,0.0,1.0,17,5,6,6,1,,,1.0,4.0,,,,,,3.0,3,1.0,5,75,,31,60,85.7,502,586,,,30,,,,7,,,,36.8,7,19,,9,,,16,9,7,,35,1,0.0,0,1.0,,,,,,,1.0,5.0,,10,,,6.99,6.84,3-4-2-1,4-2-3-1,3.0,4.0,7.5,7.3,4.0,1.0,0.563,0.372,7.133,7.2,0.667,2.0,5.0,5.25,6.98,6.62,0.8,1.2,4.0,4.0,6.55,6.0,2.0,4.0,0.5,0.0,7.5,7.5,7.5,7.4,7.5,7.3,0.456,0.452
PL-2025-26-14025264,Jornada 19,2026-01-01,Liverpool,1,Leeds,0,0,0.0,0.0,19,4,7,8,0,,,2.0,6.0,,,,,,2.0,8,6.0,12,90,,35,68,86.3,549,636,,,16,,,,8,,,,16.0,4,25,,6,,,8,3,5,,21,0,0.0,1,2.0,,,,,,,2.0,0.0,,10,,,0.0,0.0,4,2,1,1,0,,,1.0,0.0,,,,,,1.0,3,1.0,8,50,,11,32,65.8,194,295,,,18,,,,10,,,,30.0,3,10,,11,,,18,10,8,,37,0,0.0,1,4.0,,,,,,,0.0,2.0,,8,,,6.95,7.0,4-2-3-1,3-5-2,4.0,3.0,6.5,7.2,2.0,4.0,0.97,0.762,7.26,7.22,0.6,1.4,2.8,6.0,6.775,6.85,1.75,0.25,5.5,5.0,6.5,6.3,4.0,0.0,0.0,0.0,8.3,7.5,8.0,7.5,7.1,7.3,0.613,0.379
PL-2025-26-14025256,Jornada 19,2026-01-01,Brentford,1,Tottenham,0,0,0.0,0.0,7,2,3,2,0,,,0.0,3.0,,,,,,1.0,3,4.0,3,72,,20,56,82.7,426,515,,,24,,,,10,,,,20.0,4,20,,9,,,18,12,6,,20,0,0.0,1,2.0,,,,,2.0,,0.0,1.0,,8,,,0.0,0.0,9,3,2,4,0,,,0.0,2.0,,,,,,0.0,1,0.0,9,48,,18,44,78.6,324,412,,,24,,,,8,,,,9.1,1,11,,10,,,18,13,5,,33,0,0.0,1,2.0,,,,,2.0,,2.0,2.0,,10,,,7.15,6.95,4-3-3,4-3-3,4.0,4.0,8.1,6.9,2.0,2.0,0.892,0.286,7.24,7.2,1.4,2.75,3.8,5.0,7.2,6.65,0.75,0.25,5.0,6.0,5.6,7.05,1.0,1.5,0.0,0.0,8.1,7.5,8.0,7.4,7.8,7.3,0.681,0.38
PL-2025-26-14025270,Jornada 19,2026-01-01,Sunderland,1,Man City,0,0,0.0,0.0,10,4,4,2,0,,,0.0,3.0,,,,,,2.0,3,0.0,9,60,,22,32,72.7,221,304,,,22,,,,6,,,,33.3,3,9,,17,,,18,15,3,,31,0,0.0,1,4.0,,,,,,,,1.0,,9,,,0.0,0.0,14,4,5,5,1,,,0.0,2.0,,,,,,5.0,5,1.0,16,62,,52,68,85.6,548,640,,,21,,,,9,,,,28.6,6,21,,12,,,23,17,6,,21,0,0.0,1,4.0,,,,,,,,1.0,,6,,,7.08,7.02,4-2-3-1,4-3-2-1,4.0,4.0,7.1,7.2,4.0,4.0,0.745,0.613,7.24,7.325,2.4,2.5,4.8,4.5,7.033,6.9,1.333,0.8,5.333,3.8,6.75,6.2,2.0,2.0,0.0,0.0,8.2,7.8,7.8,7.6,7.5,7.5,0.681,0.488
PL-2025-26-14025276,Jornada 20,2026-01-03,Aston Villa,1,Nottm Forest,3,1,1.0,2.0,11,4,3,4,0,,,0.0,4.0,,,,,,2.0,4,1.0,4,65,,46,73,89.8,579,645,,,16,,,,20,,,,12.5,2,16,,11,,,18,9,9,,12,1,0.0,0,4.0,,,,,1.0,,1.0,1.0,,10,,,1.0,0.0,10,5,3,2,0,,,2.0,2.0,,,,,,2.0,4,4.0,8,18,,13,27,71.1,170,239,,,20,,,,10,,,,,0,9,,14,,,19,8,11,,28,3,0.0,0,1.0,,,,,1.0,,1.0,2.0,,20,,,7.28,6.36,4-2-3-1,4-5-1,4.0,4.0,7.0,5.2,4.0,1.0,0.672,-1.547,6.925,6.25,0.75,2.0,2.25,6.5,7.52,6.76,1.0,1.0,4.0,5.0,7.8,6.0,2.0,1.0,1.0,0.0,8.5,7.6,7.9,7.2,7.8,6.7,0.607,0.612
PL-2025-26-14025278,Jornada 20,2026-01-03,Brighton,1,Burnley,2,0,2.0,0.0,15,4,7,4,1,,,0.0,5.0,,,,,,2.0,4,3.0,8,39,,26,60,89.8,546,608,,,17,,,,17,,,,36.4,4,11,,6,,,17,10,7,,25,0,0.0,1,2.0,,,,,0.0,,1.0,0.0,,7,,,0.0,0.0,5,3,2,0,1,,,1.0,0.0,,,,,,0.0,4,1.0,8,43,,12,40,82.1,325,396,,,21,,,,7,,,,6.2,1,16,,3,,,25,13,12,,21,2,0.0,0,2.0,,,,,1.0,,1.0,4.0,,17,,,7.37,6.34,4-2-3-1,5-4-1,4.0,5.0,7.4,6.7,2.0,2.0,0.159,-1.278,7.825,6.075,1.5,1.5,4.5,2.75,7.04,6.475,0.8,0.0,3.6,4.5,7.2,6.4,2.0,0.0,0.0,0.0,8.7,7.0,8.5,6.8,7.9,6.7,0.717,0.35
PL-2025-26-14025292,Jornada 20,2026-01-03,Wolves,1,West Ham,3,0,2.0,1.0,11,8,3,0,0,,,1.0,1.0,,,,,,3.0,6,1.0,6,34,,14,33,77.7,234,301,,,12,,,,9,,,,31.2,5,16,,9,,,23,12,11,,34,0,0.0,1,0.0,,,,,3.0,,5.0,1.0,,11,,,0.0,0.0,6,0,6,0,0,,,0.0,2.0,,,,,,0.0,7,1.0,8,80,,25,67,87.5,546,624,,,26,,,,11,,,,25.0,7,28,,6,,,27,17,10,,15,3,0.0,0,5.0,,,,,1.0,,0.0,0.0,,10,,,7.22,6.34,3-5-2,4-2-3-1,3.0,4.0,6.8,6.5,0.0,5.0,,-0.858,7.0,6.3,2.0,3.75,4.0,3.25,6.867,6.36,0.667,0.6,3.333,3.6,8.0,6.2,1.667,1.0,0.667,0.0,8.8,7.0,8.1,6.6,7.3,6.5,0.641,0.302
PL-2025-26-14025274,Jornada 20,2026-01-03,Bournemouth,1,Arsenal,2,3,1.0,1.0,15,3,7,5,0,,,1.0,8.0,,,,,,1.0,7,1.0,8,62,,13,43,76.4,259,339,,,22,,,,8,,,,18.2,4,22,,4,,,16,12,4,,37,3,0.0,0,2.0,,,,,0.0,,3.0,3.0,,13,,,2.0,1.0,12,5,3,4,0,,,1.0,3.0,,,,,,2.0,5,1.0,7,60,,28,57,79.7,368,462,,,18,,,,13,,,,15.0,3,20,,7,,,25,11,14,,30,2,0.0,0,1.0,,,,,1.0,,0.0,1.0,,8,,,6.54,6.9,4-2-3-1,4-3-3,4.0,4.0,6.0,5.9,2.0,1.0,-1.274,-0.902,6.575,6.7,2.75,2.5,5.25,3.75,6.48,7.575,1.0,1.25,4.4,6.75,7.2,6.45,2.0,1.0,1.0,0.0,7.2,9.2,7.0,7.3,6.9,7.0,0.448,0.819
PL-2025-26-14025284,Jornada 20,2026-01-04,Leeds,1,Man United,1,1,1.0,0.0,11,3,6,2,1,,,0.0,2.0,,,,,,1.0,6,1.0,4,67,,25,45,73.4,312,425,,,21,,,,9,,,,15.0,3,20,,17,,,18,10,8,,23,1,0.0,0,1.0,,,,,,,,0.0,,9,,,1.0,0.0,15,2,8,5,1,,,0.0,6.0,,,,,,3.0,4,3.0,5,66,,22,55,79.2,419,529,,,23,,,,9,,,,20.0,2,10,,8,,,25,15,10,,38,1,0.0,0,2.0,,,,,,,,1.0,,9,,,6.85,6.89,3-5-2,3-4-2-1,3.0,3.0,6.7,6.9,1.0,2.0,-0.609,0.524,6.84,6.92,2.0,2.4,4.0,4.8,7.067,6.967,1.667,2.0,5.667,7.0,6.65,6.7,2.0,3.0,0.0,0.5,7.2,7.4,7.2,7.2,7.1,7.2,0.246,0.373
PL-2025-26-14025280,Jornada 20,2026-01-04,Everton,1,Brentford,2,4,2.0,0.0,14,6,3,5,0,,,1.0,2.0,,,,,,1.0,4,0.0,13,53,,31,45,78.6,286,364,,,24,,,,8,,,,37.0,10,27,,7,,,24,15,9,,22,4,0.0,0,3.0,,,,,,,0.0,0.0,,9,,,4.0,0.0,11,7,2,2,0,,,0.0,2.0,,,,,,6.0,5,2.0,6,61,,23,55,78.0,355,455,,,21,,,,9,,,,50.0,6,12,,10,,,16,8,8,,24,2,0.0,0,4.0,,,,,,,2.0,2.0,,8,,,6.72,7.19,4-2-3-1,4-2-3-1,4.0,4.0,6.6,6.7,3.0,4.0,-0.904,-0.837,6.15,6.7,1.75,1.0,4.75,3.75,7.08,7.12,1.4,1.6,4.6,6.8,7.3,10.0,2.0,6.0,1.0,3.0,7.7,10.0,7.5,8.4,7.3,8.0,0.638,1.137
PL-2025-26-14025288,Jornada 20,2026-01-04,Newcastle,1,Crystal Palace,2,0,2.0,0.0,12,7,3,2,1,,,1.0,0.0,,,,,,5.0,8,5.0,15,62,,35,59,82.6,408,494,,,25,,,,12,,,,22.6,7,31,,7,,,16,9,7,,35,0,0.0,1,1.0,,,,,1.0,,0.0,1.0,,5,,,0.0,0.0,11,1,5,5,0,,,0.0,2.0,,,,,,1.0,6,2.0,8,43,,26,41,69.5,239,344,,,11,,,,5,,,,13.3,2,15,,11,,,28,11,17,,45,2,0.0,0,5.0,,,,,0.0,,3.0,3.0,,12,,,7.38,6.65,4-3-3,3-4-2-1,4.0,3.0,6.9,7.6,1.0,5.0,0.041,0.649,8.233,6.367,2.333,1.333,7.333,5.333,7.575,6.9,0.5,0.5,5.75,3.25,6.433,6.3,0.667,1.0,0.0,0.0,9.6,7.6,8.6,7.0,7.9,7.0,0.993,0.535
PL-2025-26-14025290,Jornada 20,2026-01-04,Tottenham,1,Sunderland,1,1,1.0,0.0,13,5,6,2,0,,,1.0,2.0,,,,,,2.0,3,4.0,10,53,,33,49,78.7,284,361,,,26,,,,6,,,,30.4,7,23,,8,,,15,12,3,,33,1,0.0,0,2.0,,,,,0.0,,1.0,2.0,,9,,,1.0,0.0,10,3,4,3,1,,,0.0,1.0,,,,,,0.0,5,2.0,7,54,,20,51,77.0,294,382,,,20,,,,9,,,,19.0,4,21,,9,,,17,13,4,,27,1,0.0,0,3.0,,,,,1.0,,1.0,3.0,,6,,,6.85,6.85,4-2-3-1,4-4-2,4.0,4.0,6.7,7.1,2.0,3.0,0.616,0.157,7.3,6.74,2.0,1.4,4.75,3.4,6.5,6.7,0.0,0.333,3.0,5.333,6.633,7.25,1.667,2.0,0.0,0.5,7.9,7.7,7.7,7.5,6.8,7.1,0.476,0.5
PL-2025-26-14025282,Jornada 20,2026-01-04,Fulham,1,Liverpool,2,2,1.0,1.0,8,2,3,3,1,,,0.0,2.0,,,,,,1.0,3,2.0,5,39,,15,42,83.5,386,462,,,14,,,,4,,,,7.7,1,13,,10,,,15,9,6,,40,2,0.0,0,,,,,,,,,1.0,,11,,,2.0,0.0,10,2,5,3,1,,,0.0,3.0,,,,,,3.0,8,4.0,4,87,,33,58,88.1,563,639,,,26,,,,11,,,,4.3,1,23,,5,,,7,5,2,,24,2,0.0,0,,,,,,,,,1.0,,4,,,6.65,6.7,3-4-2-1,4-2-3-1,3.0,4.0,5.9,6.5,0.0,0.0,-0.786,-0.788,6.56,6.6,1.4,1.0,6.6,4.5,7.0,6.8,0.25,1.0,2.5,2.5,6.4,,3.0,,0.0,,7.8,7.5,7.4,7.3,7.0,7.0,0.568,0.377
PL-2025-26-14025286,Jornada 20,2026-01-04,Man City,1,Chelsea,1,1,1.0,0.0,14,3,6,5,1,,,1.0,1.0,,,,,,0.0,8,2.0,9,57,,35,57,86.9,504,580,,,22,,,,14,,,,33.3,5,15,,9,,,24,18,6,,6,1,0.0,0,2.0,,,,,,,,3.0,,12,,,1.0,0.0,8,3,4,1,0,,,0.0,0.0,,,,,,3.0,2,2.0,7,24,,16,43,83.3,363,436,,,15,,,,12,,,,50.0,2,4,,14,,,20,10,10,,23,1,0.0,0,2.0,,,,,,,,3.0,,14,,,7.09,6.65,4-1-4-1,4-2-3-1,4.0,4.0,7.2,7.3,2.0,2.0,0.897,0.231,7.15,6.58,3.5,1.4,0.5,3.4,7.04,6.7,2.4,0.5,6.6,3.25,7.0,6.2,5.0,0.0,0.0,0.0,8.2,7.7,7.8,7.3,7.5,6.9,0.566,0.477
PL-2025-26-14025055,Jornada 21,2026-01-06,West Ham,1,Nottm Forest,1,2,0.0,0.0,14,3,6,5,0,,,1.0,2.0,,,,,,3.0,6,1.0,2,70,,17,47,76.5,290,379,,,19,,,,9,,,,10.5,2,19,,7,,,28,19,9,,33,2,0.0,0,3.0,,,,,1.0,,,3.0,,15,,,2.0,0.0,13,5,4,4,1,,,2.0,4.0,,,,,,1.0,5,0.0,2,70,,26,53,80.6,337,418,,,19,,,,14,,,,17.9,5,28,,6,,,15,9,6,,32,1,0.0,0,3.0,,,,,1.0,,,0.0,,9,,,6.7,6.95,4-2-3-1,4-2-3-1,4.0,4.0,6.7,7.4,3.0,3.0,0.279,-0.627,6.675,7.0,3.5,1.5,5.0,5.75,6.82,7.08,1.0,1.0,4.2,5.8,6.2,5.7,3.0,1.0,0.0,0.0,7.3,8.0,7.3,7.8,6.9,7.4,0.344,0.706
PL-2025-26-14025015,Jornada 21,2026-01-07,Bournemouth,1,Tottenham,3,2,2.0,1.0,11,3,3,5,0,,,0.0,5.0,,,,,,1.0,3,4.0,4,44,,14,42,74.8,240,321,,,9,,,,10,,,,25.0,3,12,,10,,,17,8,9,,35,2,0.0,0,2.0,,,,,1.0,,1.0,3.0,,19,,,2.0,0.0,16,4,7,5,1,,,1.0,4.0,,,,,,2.0,7,0.0,14,44,,29,58,77.4,336,434,,,22,,,,19,,,,23.8,5,21,,5,,,24,16,8,,15,3,0.0,0,0.0,,,,,1.0,,0.0,3.0,,10,,,6.83,6.66,4-2-3-1,4-2-3-1,4.0,4.0,6.7,5.6,2.0,0.0,-0.219,-1.532,6.95,6.575,3.0,2.75,5.0,3.25,6.825,6.9,0.5,0.25,6.25,3.25,6.65,6.9,1.5,1.0,1.0,0.5,8.0,8.4,7.1,8.2,7.0,8.0,0.457,0.994
PL-2025-26-14025027,Jornada 21,2026-01-07,Brentford,1,Sunderland,3,0,3.0,0.0,18,6,7,5,4,,,0.0,3.0,,,,,,5.0,7,1.0,4,41,,42,51,83.7,328,392,,,30,,,,13,,,,18.2,4,22,,8,,,8,3,5,,22,0,0.0,1,3.0,,,1.0,,1.0,,0.0,2.0,,13,,,0.0,0.0,11,3,4,4,0,,,1.0,3.0,,,,,,2.0,4,1.0,3,55,,21,49,80.7,314,389,,,21,,,,12,,,,15.4,2,13,,10,,,7,6,1,,26,3,0.0,0,3.0,,,0.0,,3.0,,1.0,1.0,,13,,,7.42,6.34,4-2-3-1,4-2-3-1,4.0,4.0,7.9,7.3,3.0,3.0,0.999,0.161,7.22,6.04,0.4,0.8,3.6,3.8,7.275,6.325,1.75,0.75,3.5,3.75,8.5,6.9,6.0,2.0,2.0,0.0,8.5,7.3,7.9,7.2,7.8,6.9,0.506,0.523
PL-2025-26-14025058,Jornada 21,2026-01-07,Crystal Palace,1,Aston Villa,0,0,0.0,0.0,11,5,2,4,0,,,0.0,2.0,,,,,,3.0,3,2.0,2,46,,21,41,80.5,297,369,,,12,,,,3,,,,27.3,3,11,,4,,,20,6,14,,31,0,0.0,1,4.0,,,,,,,2.0,2.0,,8,,,0.0,0.0,15,3,7,5,1,,,1.0,3.0,,,,,,3.0,5,0.0,7,49,,37,59,87.5,470,537,,,19,,,,8,,,,25.0,4,16,,9,,,14,8,6,,21,0,0.0,1,5.0,,,,,,,0.0,0.0,,3,,,7.05,6.99,3-4-2-1,4-2-3-1,3.0,4.0,7.4,7.2,4.0,1.0,0.758,0.055,7.5,7.55,2.333,1.75,6.0,3.0,7.05,6.56,1.5,1.4,3.5,2.0,6.5,6.7,2.0,4.0,0.0,0.0,7.8,7.7,7.5,7.6,7.5,7.5,0.464,0.53
PL-2025-26-14025046,Jornada 21,2026-01-07,Everton,1,Wolves,1,1,1.0,0.0,13,2,8,3,1,,,0.0,4.0,,,,,,2.0,2,,8,43,,30,45,81.3,296,364,,,12,,,,15,,,,26.3,5,19,,6,,,17,8,9,,42,1,0.0,0,3.0,,,,,0.0,,0.0,3.0,2.0,13,,,0.0,1.0,13,4,6,3,0,,,1.0,2.0,,,,,,1.0,7,,5,67,,28,55,84.6,367,434,,,24,,,,13,,,,23.3,7,30,,5,,,16,9,7,,24,1,0.0,0,1.0,,,,,2.0,,1.0,3.0,0.0,15,,,6.94,6.77,4-3-3,3-5-2,4.0,3.0,6.7,6.6,3.0,1.0,0.708,-0.063,6.825,7.0,1.0,1.5,6.75,4.25,7.14,6.7,1.4,0.333,5.0,4.0,6.6,6.6,1.0,3.0,0.0,0.333,7.5,7.4,7.1,7.4,7.1,7.3,0.26,0.441
PL-2025-26-14025049,Jornada 21,2026-01-07,Fulham,1,Chelsea,2,1,2.0,0.0,16,5,3,8,0,,,2.0,5.0,,,,,,0.0,2,1.0,12,55,,34,55,87.9,503,572,,,24,,,,6,,,,21.1,4,19,,9,,,16,10,6,,28,1,0.0,0,4.0,,,,,,,1.0,3.0,0.0,11,,,1.0,0.0,14,6,5,3,2,,,1.0,2.0,,,,,,4.0,11,2.0,7,54,,25,45,85.4,392,459,,,27,,,,11,,,,18.2,4,22,,8,,,13,9,4,,30,2,0.0,0,3.0,,,,,,,0.0,3.0,1.0,6,,,7.35,6.58,3-4-2-1,4-2-3-1,3.0,4.0,7.5,7.1,4.0,3.0,0.926,-0.238,6.82,5.925,0.8,0.5,3.0,3.75,7.925,6.74,1.0,0.8,3.75,3.2,7.6,7.9,3.0,3.0,1.0,1.0,9.0,7.9,8.7,7.1,7.6,7.1,0.808,0.861
PL-2025-26-14025061,Jornada 21,2026-01-07,Man City,1,Brighton,1,1,1.0,0.0,21,6,9,6,1,,,1.0,4.0,,,,,,7.0,6,2.0,16,54,,53,60,87.2,530,608,,,23,,,,15,,,,46.2,6,13,,19,,,14,11,3,,7,1,0.0,0,2.0,,,,,,,,1.0,,6,,,0.0,1.0,6,3,3,0,1,,,0.0,0.0,,,,,,5.0,2,3.0,2,36,,15,40,78.4,313,399,,,18,,,,6,,,,33.3,3,9,,20,,,22,12,10,,24,1,0.0,0,3.0,,,,,,,,6.0,,16,,,6.94,6.75,4-1-4-1,4-2-3-1,4.0,4.0,6.8,7.2,2.0,3.0,0.101,0.707,6.85,6.85,1.5,2.5,1.25,3.75,7.06,6.6,0.8,0.833,4.0,3.667,6.8,,8.0,,1.0,,7.8,7.8,7.4,7.4,7.3,7.3,0.466,0.647
PL-2025-26-14025037,Jornada 21,2026-01-07,Burnley,1,Man United,2,2,1.0,0.0,7,1,1,5,0,,,0.0,1.0,,,,,,0.0,2,3.0,10,36,,9,35,76.2,240,315,,,20,,,,8,,,,,0,7,,7,,,16,10,6,,25,2,0.0,0,6.0,,,,,1.0,,1.0,2.0,,9,,,2.0,0.0,30,10,13,7,2,,,0.0,9.0,,,,,,5.0,6,0.0,16,74,,43,65,87.5,519,593,,,17,,,,9,,,,34.6,9,26,,6,,,19,16,3,,13,2,0.0,0,0.0,,,,,1.0,,0.0,0.0,,8,,,6.77,7.05,3-4-2-1,4-2-3-1,3.0,4.0,7.7,6.5,6.0,0.0,0.399,-1.121,6.875,6.8,1.25,1.5,4.0,2.0,6.4,7.225,0.25,3.5,5.0,5.5,6.85,7.5,1.5,5.5,0.0,1.0,7.9,8.6,7.7,7.8,7.0,7.7,0.571,0.754
PL-2025-26-14025052,Jornada 21,2026-01-07,Newcastle,1,Leeds,4,3,4.0,0.0,18,8,6,4,2,,,1.0,2.0,,,,,,3.0,8,1.0,8,51,,37,63,86.4,471,545,,,25,,,,9,,,,25.7,9,35,,9,,,14,11,3,,32,3,0.0,0,3.0,,,,,2.0,,0.0,3.0,,11,,,2.0,1.0,14,6,5,3,1,,,1.0,0.0,,,,,,3.0,4,0.0,8,62,,26,37,76.6,256,334,,,24,,,,10,,,,33.3,4,12,,16,,,17,7,10,,33,4,0.0,0,3.0,,,,,2.0,,2.0,2.0,,10,,,7.08,6.96,4-3-3,3-1-4-2,4.0,3.0,7.2,6.9,3.0,3.0,-0.778,-1.129,6.033,6.38,0.333,0.6,3.0,4.6,7.425,7.6,1.5,1.75,4.25,6.0,7.633,7.4,2.333,3.0,0.667,1.0,8.6,9.3,8.1,7.4,7.7,7.2,0.898,0.852
PL-2025-26-14025019,Jornada 21,2026-01-08,Arsenal,1,Liverpool,0,0,0.0,0.0,9,4,1,4,0,,,2.0,1.0,,,,,,1.0,3,2.0,8,51,,24,48,86.3,396,459,,,12,,,,9,,,,20.0,3,15,,7,,,11,6,5,,15,0,0.0,1,0.0,,,,,0.0,,0.0,2.0,,10,,,0.0,0.0,8,0,5,3,1,,,0.0,6.0,,,,,,0.0,0,1.0,10,63,,11,52,89.0,453,509,,,20,,,,10,,,,,0,9,,8,,,10,7,3,,23,0,0.0,1,4.0,,,,,2.0,,1.0,2.0,,9,,,6.9,7.03,4-3-3,4-2-3-1,4.0,4.0,6.4,7.8,0.0,4.0,,0.678,7.025,7.04,0.25,1.0,2.75,3.2,7.267,6.86,1.0,0.6,3.333,3.2,6.533,,1.333,,0.0,,7.6,7.8,7.5,7.6,7.4,7.3,0.451,0.402
PL-2025-26-14025079,Jornada 22,2026-01-17,Man United,1,Man City,2,0,2.0,0.0,11,7,4,1,2,,,1.0,0.0,,,,,,6.0,1,6.0,5,50,,21,32,79.5,240,302,,,26,,,,8,,,,40.0,4,10,,12,,,24,12,12,,27,0,0.0,1,1.0,,,,,1.0,,,2.0,,13,,,0.0,0.0,7,1,3,3,0,,,0.0,3.0,,,,,,0.0,6,1.0,6,59,,35,68,89.9,581,646,,,15,,,,13,,,,10.0,2,20,,9,,,13,11,2,,19,2,0.0,0,5.0,,,,,1.0,,,3.0,,8,,,7.27,6.65,4-2-3-1,4-1-4-1,4.0,4.0,7.0,7.2,1.0,5.0,0.312,-0.253,7.1,6.5,1.25,1.0,4.75,3.25,7.675,6.7,1.75,0.8,4.75,3.2,6.95,6.4,3.0,2.0,0.5,0.0,8.6,7.4,8.2,7.2,7.5,6.8,0.561,0.358
PL-2025-26-14025070,Jornada 22,2026-01-17,Chelsea,1,Brentford,2,0,2.0,0.0,6,2,2,2,0,,,0.0,2.0,,,,,,2.0,3,0.0,7,40,,11,46,84.4,374,443,,,27,,,,9,,,,9.1,1,11,,11,,,17,9,8,,42,0,0.0,1,6.0,,,,,3.0,,,3.0,,7,,,0.0,0.0,15,5,5,5,1,,,1.0,4.0,,,,,,3.0,9,1.0,3,62,,33,54,86.9,446,513,,,22,,,,7,,,,24.1,7,29,,8,,,14,9,5,,16,2,0.0,0,0.0,,,,,0.0,,,2.0,,10,,,7.29,6.45,4-2-3-1,4-2-3-1,4.0,4.0,8.7,5.4,6.0,0.0,0.602,-0.757,7.075,6.475,1.25,1.25,7.75,3.5,7.35,6.7,1.25,2.0,5.25,5.2,6.9,6.1,1.5,2.0,0.5,0.0,8.7,7.1,7.5,7.0,7.5,6.9,0.55,0.489
PL-2025-26-14025073,Jornada 22,2026-01-17,Leeds,1,Fulham,1,0,1.0,0.0,14,5,8,1,0,,,2.0,2.0,,,,,,5.0,7,8.0,4,55,,22,46,77.4,311,402,,,18,,,,11,,,,23.8,5,21,,7,,,10,8,2,,13,0,0.0,1,1.0,,,,,0.0,,,1.0,,6,,,0.0,0.0,8,1,5,2,0,,,0.0,3.0,,,,,,0.0,3,3.0,3,48,,7,54,81.3,388,477,,,22,,,,6,,,,12.5,1,8,,10,,,16,7,9,,31,1,0.0,0,4.0,,,,,3.0,,,5.0,,11,,,6.83,6.68,3-5-2,4-2-3-1,3.0,4.0,6.4,6.8,1.0,4.0,0.09,0.119,6.86,6.56,1.4,2.0,1.4,4.4,7.1,6.725,2.333,1.25,3.667,2.75,6.55,7.0,2.0,2.0,0.0,0.0,8.0,7.3,7.1,7.0,7.0,7.0,0.431,0.324
PL-2025-26-14025076,Jornada 22,2026-01-17,Liverpool,1,Burnley,1,1,1.0,0.0,32,11,8,13,1,,,5.0,7.0,,,,,,3.0,9,1.0,15,80,,78,73,87.2,635,728,,,26,,,,9,,,,26.5,9,34,,8,,,7,4,3,,13,1,0.0,0,1.0,,,,,,,1.0,1.0,,8,,,1.0,0.0,7,1,4,2,0,,,0.0,2.0,,,,,,0.0,1,2.0,7,35,,15,27,69.5,191,275,,,12,,,,8,,,,,0,7,,9,,,19,7,12,,41,1,0.0,0,8.0,,,,,,,3.0,2.0,,10,,,7.17,7.13,4-2-3-1,3-4-2-1,4.0,3.0,6.1,8.0,1.0,8.0,-0.92,1.169,7.275,7.16,0.75,1.0,2.75,5.2,7.42,7.167,2.4,0.667,3.8,4.333,6.6,6.55,6.0,1.0,0.0,0.5,8.2,8.2,8.1,8.0,7.5,7.4,0.614,0.625
PL-2025-26-14025085,Jornada 22,2026-01-17,Sunderland,1,Crystal Palace,2,1,2.0,0.0,13,7,5,1,1,,,0.0,3.0,,,,,,3.0,3,0.0,6,62,,18,57,80.0,365,456,,,21,,,,15,,,,38.9,7,18,,11,,,15,11,4,,35,1,0.0,0,1.0,,,,,1.0,,2.0,3.0,,8,,,1.0,0.0,6,2,2,2,0,,,0.0,0.0,,,,,,2.0,4,2.0,3,62,,16,43,75.2,255,339,,,15,,,,8,,,,13.3,2,15,,9,,,12,7,5,,36,2,0.0,0,5.0,,,,,0.0,,0.0,3.0,,15,,,7.0,6.52,4-2-3-1,3-4-2-1,4.0,3.0,6.9,6.7,1.0,5.0,0.045,0.641,6.76,6.55,1.6,2.0,5.2,8.0,7.267,6.14,0.333,0.2,3.0,4.0,7.25,7.067,1.0,1.333,0.5,0.333,8.0,8.1,7.7,7.1,7.3,6.9,0.482,0.67
PL-2025-26-14025089,Jornada 22,2026-01-17,Tottenham,1,West Ham,1,2,1.0,0.0,21,6,11,4,0,,,3.0,3.0,,,,,,3.0,11,1.0,13,64,,52,62,83.4,401,481,,,21,,,,17,,,,23.3,10,43,,7,,,19,15,4,,15,2,0.0,0,2.0,,,,,1.0,,0.0,5.0,,12,,,2.0,0.0,17,4,7,6,0,,,0.0,0.0,,,,,,4.0,5,1.0,6,37,,28,38,75.2,230,306,,,24,,,,12,,,,30.0,6,20,,19,,,25,12,13,,43,1,0.0,0,5.0,,,,,0.0,,1.0,3.0,,17,,,6.85,7.02,4-2-3-1,4-4-1-1,4.0,4.0,7.1,7.7,2.0,5.0,0.541,0.589,7.325,6.975,1.25,2.75,2.75,6.75,6.5,7.35,1.667,1.75,3.667,5.0,6.467,6.1,2.0,3.0,0.0,0.0,8.5,8.2,7.5,7.7,7.1,7.5,0.664,0.618
PL-2025-26-14025082,Jornada 22,2026-01-17,Nottm Forest,1,Arsenal,0,0,0.0,0.0,6,0,3,3,0,,,0.0,5.0,,,,,,0.0,4,1.0,4,52,,14,40,80.7,259,321,,,18,,,,14,,,,20.0,5,25,,6,,,12,5,7,,33,0,0.0,1,3.0,,,,,0.0,,1.0,1.0,,8,,,0.0,0.0,15,3,4,8,0,,,0.0,1.0,,,,,,4.0,9,0.0,6,50,,36,60,84.2,416,494,,,15,,,,8,,,,42.3,11,26,,4,,,16,7,9,,27,0,0.0,1,0.0,,,,,2.0,,1.0,1.0,,14,,,7.13,6.84,4-2-3-1,4-3-3,4.0,4.0,7.1,6.6,3.0,0.0,0.852,,7.225,6.9,1.0,1.0,4.5,3.0,7.16,7.05,0.4,1.5,2.8,1.0,6.6,6.4,0.0,2.5,0.0,0.0,8.0,8.0,7.8,7.2,7.5,7.1,0.473,0.472
PL-2025-26-14025092,Jornada 22,2026-01-18,Wolves,1,Newcastle,0,0,0.0,0.0,6,2,2,2,0,,,0.0,0.0,,,,,,,4,1.0,7,37,,14,33,77.6,235,303,,,18,,,,8,,,,17.6,3,17,,8,,,11,9,2,,28,0,0.0,1,2.0,,,,,1.0,,2.0,2.0,,14,,,0.0,0.0,12,2,6,4,0,,,0.0,3.0,,,,,,,7,3.0,6,60,,24,67,91.7,563,614,,,22,,,,14,,,,29.4,10,34,,8,,,10,7,3,,20,0,0.0,1,2.0,,,,,0.0,,0.0,2.0,,8,,,6.86,7.05,3-5-2,4-3-3,3.0,4.0,7.4,7.0,2.0,2.0,0.482,0.151,6.95,7.475,0.75,0.5,5.0,3.0,7.033,7.033,1.0,1.0,4.0,2.667,6.4,6.5,0.667,1.0,0.0,0.0,7.4,8.0,7.3,7.4,7.2,7.4,0.355,0.452
PL-2025-26-14025064,Jornada 22,2026-01-18,Aston Villa,1,Everton,0,1,0.0,0.0,18,5,7,6,1,,,3.0,3.0,,,,,,0.0,6,1.0,5,50,,31,63,87.7,434,495,,,22,,,,13,,,,21.1,4,19,,4,,,14,7,7,,16,1,0.0,0,2.0,,,,,2.0,,0.0,1.0,,15,,,1.0,0.0,9,3,2,4,1,,,2.0,2.0,,,,,,1.0,4,4.0,2,43,,16,37,77.7,227,292,,,26,,,,15,,,,28.6,2,7,,13,,,17,10,7,,28,0,0.0,1,5.0,,,,,1.0,,2.0,2.0,,13,,,6.72,7.21,4-2-3-1,4-2-3-1,4.0,4.0,6.1,8.8,2.0,5.0,-0.017,0.969,7.1,7.375,1.75,1.75,2.0,4.5,6.66,6.84,1.8,1.0,4.2,6.4,6.1,6.8,1.0,1.0,0.0,1.0,7.6,8.8,7.6,8.0,7.2,7.9,0.616,0.733
PL-2025-26-15129445,Jornada 22,2026-01-19,Brighton,1,Bournemouth,1,1,1.0,0.0,17,5,5,7,1,,,2.0,3.0,,,,,,1.0,11,1.0,12,74,,45,67,84.5,490,580,,,24,,,,6,,,,21.7,5,23,,2,,,21,10,11,,24,1,0.0,0,1.0,,,,,1.0,,1.0,2.0,,7,,,1.0,0.0,11,2,4,5,1,,,0.0,4.0,,,,,,1.0,6,3.0,6,49,,18,33,68.8,194,282,,,27,,,,6,,,,13.3,2,15,,17,,,18,6,12,,31,1,0.0,0,4.0,,,,,0.0,,2.0,3.0,,6,,,6.84,6.87,4-2-3-1,4-2-3-1,4.0,4.0,6.3,7.7,1.0,4.0,0.028,0.6,7.075,6.725,1.5,3.5,3.5,3.0,6.86,7.167,1.2,0.667,4.4,7.333,6.3,6.5,0.0,1.667,0.0,0.0,7.9,7.7,7.4,7.5,7.2,7.2,0.492,0.407
PL-2025-26-14025122,Jornada 23,2026-01-24,West Ham,1,Sunderland,3,1,2.0,1.0,13,5,5,3,1,,,1.0,4.0,,,,,,4.0,3,0.0,4,56,,25,47,76.2,279,366,,,26,,,,15,,,,15.4,2,13,,5,,,25,16,9,,24,1,0.0,0,1.0,,,,,1.0,,0.0,2.0,,9,,,1.0,0.0,7,2,4,1,1,,,1.0,2.0,,,,,,3.0,3,1.0,2,55,,13,53,82.5,335,406,,,22,,,,9,,,,23.5,4,17,,3,,,13,6,7,,30,3,0.0,0,2.0,,,,,1.0,,1.0,4.0,,16,,,7.05,6.26,4-4-1-1,4-4-2,4.0,4.0,6.7,6.1,1.0,2.0,0.094,-1.784,6.675,6.0,1.5,0.8,2.75,4.0,7.975,6.65,1.0,0.5,3.25,6.5,6.15,6.5,2.0,0.333,0.0,0.333,8.9,7.5,8.0,6.7,7.9,6.6,0.873,0.548
PL-2025-26-14025104,Jornada 23,2026-01-24,Burnley,1,Tottenham,2,2,2.0,0.0,9,4,2,3,0,,,1.0,2.0,,,,,,3.0,1,3.0,9,44,,15,38,77.0,292,379,,,13,,,,9,,,,33.3,2,6,,16,,,19,13,6,,20,2,0.0,0,9.0,,,,,,,2.0,1.0,,8,,,2.0,0.0,18,11,7,0,1,,,3.0,4.0,,,,,,4.0,3,1.0,17,50,,28,62,84.8,526,620,,,23,,,,8,,,,36.8,7,19,,10,,,26,16,10,,14,2,0.0,0,2.0,,,,,,,0.0,0.0,,9,,,6.74,6.93,3-4-2-1,3-4-2-1,3.0,3.0,7.8,6.3,9.0,2.0,1.32,-0.109,6.86,7.24,2.4,2.6,3.4,2.2,6.633,6.833,0.667,1.333,7.0,7.667,6.05,6.6,1.0,3.0,0.0,0.0,7.8,7.8,7.3,7.7,7.1,7.5,0.584,0.621
PL-2025-26-14025113,Jornada 23,2026-01-24,Fulham,1,Brighton,2,1,1.0,1.0,12,4,5,3,0,,,1.0,5.0,,,,,,2.0,6,1.0,4,46,,19,49,83.1,417,502,,,26,,,,6,,,,11.1,2,18,,7,,,11,8,3,,41,1,0.0,0,3.0,,,,,1.0,,0.0,1.0,,10,,,1.0,0.0,13,5,4,4,0,,,0.0,2.0,,,,,,4.0,6,3.0,7,47,,28,51,83.6,432,517,,,15,,,,10,,,,30.8,8,26,,12,,,16,9,7,,23,2,0.0,0,2.0,,,,,1.0,,1.0,1.0,,6,,,6.83,6.75,4-2-3-1,4-3-3,4.0,4.0,6.7,5.7,3.0,2.0,-0.487,-0.939,7.05,6.7,1.25,0.75,7.0,3.75,6.8,7.12,0.8,1.4,2.8,4.6,6.2,6.1,3.0,2.0,0.0,0.0,8.1,7.9,7.6,7.2,7.4,7.1,0.605,0.561
PL-2025-26-14025116,Jornada 23,2026-01-24,Man City,1,Wolves,2,0,2.0,0.0,11,4,7,0,2,,,0.0,3.0,,,,,,1.0,4,0.0,2,70,,24,64,90.2,581,644,,,27,,,,14,,,,33.3,3,9,,17,,,16,6,10,,11,0,0.0,1,1.0,,,,,,,0.0,1.0,,16,,,0.0,0.0,11,1,5,5,1,,,0.0,6.0,,,,,,1.0,6,6.0,9,29,,17,36,79.7,278,349,,,12,,,,16,,,,33.3,4,12,,10,,,19,13,6,,21,2,0.0,0,2.0,,,,,,,1.0,3.0,,14,,,7.22,6.51,4-1-4-1,3-5-2,4.0,3.0,7.1,6.1,1.0,2.0,0.069,-1.037,7.275,6.425,1.25,1.5,1.5,4.5,7.04,6.45,0.8,0.75,3.4,3.75,8.0,7.0,2.0,2.0,1.0,0.0,8.0,7.4,7.7,7.1,7.4,6.7,0.447,0.401
PL-2025-26-14025095,Jornada 23,2026-01-24,Bournemouth,1,Liverpool,3,2,3.0,0.0,12,5,4,3,1,,,1.0,1.0,,,,,,6.0,3,,4,37,,26,33,77.2,230,298,,,22,,,,7,,,,23.1,3,13,,14,,,20,10,10,,38,2,0.0,0,2.0,,,,,3.0,,1.0,1.0,,7,,,1.0,1.0,14,4,4,6,0,,,0.0,7.0,,,,,,1.0,11,,7,81,,40,67,87.2,537,616,,,20,,,,7,,,,20.0,4,20,,4,,,12,8,4,,27,3,0.0,0,2.0,,,,,0.0,,0.0,1.0,,7,,,7.07,6.63,4-2-3-1,4-2-2-2,4.0,4.0,6.3,6.1,2.0,2.0,-0.831,-1.5,7.08,6.425,1.8,1.0,5.0,3.75,7.4,6.85,0.5,1.5,5.5,2.833,7.1,,1.667,,0.667,,7.8,8.4,7.7,7.2,7.7,6.7,0.569,0.655
PL-2025-26-14025101,Jornada 23,2026-01-25,Brentford,1,Nottm Forest,0,2,0.0,0.0,10,1,6,3,1,,,0.0,1.0,,,,,,3.0,6,1.0,10,74,,42,66,86.4,490,567,,,32,,,,10,,,,19.4,7,36,,15,,,14,6,8,,22,2,0.0,0,0.0,,,,,1.0,,0.0,1.0,,11,,,2.0,0.0,7,2,2,3,0,,,0.0,2.0,,,,,,1.0,5,0.0,9,43,,16,34,74.2,219,295,,,19,,,,11,,,,18.8,3,16,,8,,,18,11,7,,54,0,0.0,1,1.0,,,,,0.0,,2.0,0.0,,10,,,6.72,7.08,4-2-3-1,4-2-3-1,4.0,4.0,6.0,6.8,0.0,1.0,-1.148,0.363,6.675,7.175,1.25,1.25,2.0,7.75,7.0,6.94,1.0,0.6,4.0,5.2,6.2,7.7,2.0,3.0,0.0,1.0,7.7,7.7,7.1,7.4,7.0,7.3,0.439,0.304
PL-2025-26-14025107,Jornada 23,2026-01-25,Crystal Palace,1,Chelsea,1,3,1.0,0.0,13,7,3,3,0,,,0.0,1.0,,,,,,6.0,4,2.0,8,52,,27,43,77.7,342,440,,,19,,,,10,,,,15.0,3,20,,10,,,17,9,8,,23,3,0.0,0,2.0,,,,,0.0,,1.0,4.0,1.0,11,,,3.0,0.0,10,6,3,1,0,,,1.0,1.0,,,,,,5.0,5,1.0,6,35,,21,57,85.4,504,590,,,31,,,,10,,,,33.3,5,15,,14,,,15,10,5,,45,1,0.0,0,5.0,,,,,1.0,,0.0,2.0,0.0,10,,,6.42,7.11,3-4-2-1,4-2-3-1,3.0,4.0,5.8,7.6,2.0,5.0,-1.307,0.904,6.433,7.0,2.0,2.25,3.0,6.75,6.325,6.98,0.25,0.4,4.0,2.2,6.733,7.7,1.667,2.0,0.0,1.0,7.7,7.7,6.9,7.7,6.8,7.6,0.603,0.444
PL-2025-26-14025119,Jornada 23,2026-01-25,Newcastle,1,Aston Villa,0,2,0.0,0.0,15,4,4,7,0,,,0.0,6.0,,,,,,3.0,6,2.0,13,79,,24,61,86.1,447,519,,,18,,,,12,,,,17.6,6,34,,3,,,24,15,9,,22,2,0.0,0,6.0,,,,,0.0,,0.0,1.0,,7,,,1.0,1.0,14,8,4,2,0,,,4.0,2.0,,,,,,2.0,5,0.0,6,58,,26,39,77.1,272,353,,,16,,,,7,,,,50.0,5,10,,7,,,21,13,8,,29,0,0.0,1,4.0,,,,,6.0,,1.0,2.0,,12,,,6.94,7.18,4-3-3,4-2-3-1,4.0,4.0,8.2,8.2,6.0,4.0,-0.202,1.305,6.775,6.875,2.25,0.5,4.75,4.25,7.1,7.2,1.333,1.0,5.0,4.8,6.567,7.3,2.333,4.0,0.0,1.0,8.2,8.2,7.8,7.9,7.3,7.3,0.629,0.497
PL-2025-26-14025098,Jornada 23,2026-01-25,Arsenal,1,Man United,2,3,1.0,0.0,15,4,5,6,0,,,1.0,5.0,,,,,,1.0,9,3.0,7,47,,28,56,83.7,371,443,,,14,,,,9,,,,16.0,4,25,,11,,,11,7,4,,20,3,0.0,0,0.0,,,,,1.0,,0.0,2.0,,11,,,1.0,2.0,10,3,5,2,0,,,0.0,5.0,,,,,,2.0,2,0.0,4,56,,9,44,79.4,289,364,,,15,,,,11,,,,20.0,1,5,,6,,,14,9,5,,25,2,0.0,0,3.0,,,,,3.0,,3.0,0.0,,9,,,6.31,6.68,4-3-3,4-2-3-1,4.0,4.0,5.1,6.7,0.0,3.0,-2.559,-0.095,6.0,6.475,1.0,1.5,3.25,2.75,6.567,6.7,1.333,1.25,3.0,5.0,6.867,7.05,1.667,1.0,0.0,0.5,7.7,7.6,7.4,7.3,6.5,7.0,0.686,0.439
PL-2025-26-15129439,Jornada 23,2026-01-26,Everton,1,Leeds,1,1,1.0,0.0,10,3,3,4,1,,,1.0,3.0,,,,,,1.0,4,1.0,10,79,,25,58,83.0,450,542,,,16,,,,13,,,,15.0,3,20,,6,,,20,15,5,,32,1,0.0,0,3.0,,,,,0.0,,,0.0,,9,,,1.0,0.0,14,4,7,3,1,,,1.0,3.0,,,,,,3.0,4,0.0,1,57,,23,42,77.2,304,394,,,27,,,,9,,,,16.7,2,12,,10,,,31,20,11,,44,1,0.0,0,2.0,,,,,1.0,,,3.0,,13,,,6.95,6.91,4-2-3-1,3-4-2-1,4.0,3.0,6.8,7.2,3.0,2.0,-0.206,-0.003,6.975,7.08,2.5,3.4,6.0,6.6,6.8,6.975,0.6,0.75,3.2,5.5,7.7,5.5,3.0,2.0,1.0,0.0,7.7,7.7,7.4,7.5,7.4,7.3,0.382,0.576
PL-2025-26-14025128,Jornada 24,2026-01-31,Brighton,1,Everton,1,1,1.0,0.0,11,2,5,4,0,,,0.0,2.0,,,,,,2.0,5,3.0,4,50,,23,54,82.9,408,492,,,13,,,,14,,,,30.8,4,13,,9,,,20,9,11,,30,1,0.0,0,3.0,,,,,,,,1.0,,13,,,1.0,0.0,7,4,2,1,0,,,0.0,0.0,,,,,,2.0,2,0.0,4,57,,26,46,78.7,333,423,,,35,,,,13,,,,20.0,3,15,,7,,,23,14,9,,20,1,0.0,0,1.0,,,,,,,,2.0,,14,,,6.88,6.86,4-3-3,4-2-3-1,4.0,4.0,7.1,7.7,3.0,1.0,0.546,-0.002,6.8,6.975,1.75,1.5,4.5,3.75,6.98,6.66,0.8,0.2,5.8,4.0,6.5,6.6,3.0,0.0,0.0,0.0,8.0,7.7,7.1,7.5,7.0,7.2,0.417,0.446
PL-2025-26-14025134,Jornada 24,2026-01-31,Leeds,1,Arsenal,0,4,0.0,0.0,3,1,1,1,0,,,0.0,1.0,,,,,,0.0,4,0.0,6,53,,21,50,80.0,316,395,,,17,,,,7,,,,5.3,1,19,,10,,,16,6,10,,36,4,0.0,0,4.0,,,,,0.0,,1.0,1.0,,10,,,3.0,0.0,15,9,4,2,0,,,1.0,1.0,,,,,,6.0,12,1.0,10,57,,28,50,79.2,313,395,,,23,,,,10,,,,30.8,8,26,,6,,,14,7,7,,31,0,0.0,1,1.0,,,,,1.0,,0.0,1.0,,7,,,6.42,7.28,3-4-2-1,4-2-3-1,3.0,4.0,5.7,6.8,4.0,1.0,-2.486,0.418,6.38,7.225,1.6,1.5,5.2,4.25,6.625,7.933,0.25,1.667,3.25,3.0,6.5,6.867,0.0,1.0,0.0,0.333,7.4,8.4,6.8,7.9,6.8,7.7,0.461,0.552
PL-2025-26-14025152,Jornada 24,2026-01-31,Wolves,1,Bournemouth,0,2,0.0,0.0,17,7,7,3,1,,,5.0,5.0,,,,,,4.0,5,2.0,6,41,,26,51,81.7,389,476,,,19,,,,15,,,,31.8,7,22,,3,,,23,17,6,,19,2,0.0,0,2.0,,,,,2.0,,1.0,2.0,,11,,,2.0,0.0,9,4,4,1,0,,,0.0,2.0,,,,,,2.0,6,2.0,9,49,,15,49,84.6,397,469,,,24,,,,11,,,,27.3,3,11,,13,,,20,11,9,,32,0,0.0,1,7.0,,,,,1.0,,1.0,3.0,,15,,,6.7,7.24,3-5-2,4-2-3-1,3.0,4.0,6.5,9.5,2.0,7.0,-0.542,1.402,6.6,6.88,2.25,2.0,2.5,4.0,6.633,7.5,0.667,0.5,4.667,6.0,6.967,6.9,3.333,1.333,0.0,0.333,7.3,9.5,7.1,7.6,7.0,7.5,0.336,0.809
PL-2025-26-14025131,Jornada 24,2026-01-31,Chelsea,1,West Ham,3,2,3.0,0.0,14,6,4,4,1,,,2.0,1.0,,,,,,4.0,9,0.0,3,78,,35,71,89.3,644,721,,,30,,,,13,,,,16.7,6,36,,8,,,14,8,6,,23,2,0.0,0,4.0,,,,,,,0.0,3.0,0.0,11,,,1.0,1.0,11,6,2,3,1,,,1.0,1.0,,,,,,2.0,3,2.0,11,60,,24,29,68.3,205,300,,,24,,,,11,,,,18.2,2,11,,7,,,15,9,6,,47,3,0.0,0,3.0,,,,,,,4.0,2.0,1.0,13,,,6.71,6.72,4-1-4-1,4-4-1-1,4.0,4.0,6.6,6.4,4.0,3.0,-0.952,-0.364,6.475,6.575,1.0,1.75,4.0,6.75,7.25,7.025,0.0,1.25,3.75,5.25,6.15,6.55,2.0,2.0,0.0,0.0,8.3,7.7,7.5,7.3,6.9,7.0,0.66,0.495
PL-2025-26-14025137,Jornada 24,2026-01-31,Liverpool,1,Newcastle,4,1,4.0,0.0,17,7,7,3,0,,,2.0,4.0,,,,,,7.0,7,1.0,7,63,,41,54,83.9,345,411,,,21,,,,7,,,,25.0,4,16,,6,,,18,11,7,,38,1,0.0,0,1.0,,,,,1.0,,2.0,1.0,,11,,,1.0,0.0,8,2,3,3,1,,,0.0,4.0,,,,,,0.0,11,3.0,3,54,,21,46,80.1,266,332,,,14,,,,11,,,,24.0,6,25,,8,,,13,7,6,,23,4,0.0,0,3.0,,,,,1.0,,0.0,3.0,,7,,,7.44,6.25,4-2-3-1,4-3-3,4.0,4.0,6.7,5.4,1.0,3.0,-0.467,-0.867,7.2,5.925,0.667,2.0,8.333,5.25,7.45,6.333,2.0,0.0,4.167,4.0,8.8,6.9,6.0,1.333,2.0,0.333,8.8,7.6,8.4,6.7,7.9,6.6,0.694,0.568
PL-2025-26-14025125,Jornada 24,2026-02-01,Aston Villa,1,Brentford,0,1,0.0,0.0,27,5,11,11,0,,,1.0,9.0,,,,,,3.0,12,1.0,8,42,,77,72,87.7,558,636,,,15,,,,8,,,,26.9,7,26,,3,,,19,10,9,,19,1,0.0,0,0.0,,,,,1.0,,1.0,1.0,0.0,8,,,1.0,0.0,6,2,3,1,0,,,0.0,1.0,,,,,,2.0,1,6.0,2,53,,13,28,71.9,184,256,,,26,,,,8,,,,14.3,1,7,,13,,,7,4,3,,34,0,0.0,1,5.0,,,,,0.0,,2.0,3.0,1.0,8,,,6.93,6.95,4-2-3-1,4-2-3-1,4.0,4.0,6.6,7.8,0.0,5.0,-0.301,0.98,7.325,7.2,3.0,1.0,2.25,4.25,6.8,6.72,2.2,0.2,3.0,2.8,6.3,6.3,3.0,0.0,0.0,0.0,7.6,7.9,7.4,7.8,7.3,7.7,0.455,0.708
PL-2025-26-14025140,Jornada 24,2026-02-01,Man United,1,Fulham,3,2,3.0,0.0,13,6,4,3,1,,,0.0,1.0,,,,,,3.0,3,1.0,5,68,,27,42,86.9,372,428,,,27,,,,9,,,,50.0,6,12,,10,,,22,10,12,,30,2,0.0,0,4.0,,,,,,,2.0,2.0,,6,,,1.0,1.0,14,6,3,5,0,,,2.0,3.0,,,,,,2.0,7,2.0,6,53,,26,58,89.8,517,576,,,11,,,,5,,,,28.6,8,28,,13,,,17,12,5,,10,3,0.0,0,3.0,,,,,,,0.0,1.0,,9,,,7.33,6.57,4-2-3-1,4-2-3-1,4.0,4.0,7.6,7.3,4.0,3.0,1.348,-0.557,6.725,6.225,1.75,1.25,3.75,2.0,7.867,6.575,2.0,1.0,3.667,4.0,7.5,6.9,1.667,2.5,0.333,0.5,8.7,7.6,8.2,7.3,7.7,7.3,0.706,0.625
PL-2025-26-14025143,Jornada 24,2026-02-01,Nottm Forest,1,Crystal Palace,1,1,1.0,0.0,9,1,5,3,0,,,0.0,3.0,,,,,,2.0,5,2.0,15,47,,19,33,73.0,206,282,,,31,,,,12,,,,15.4,2,13,,10,,,16,11,5,,25,1,0.0,0,1.0,,,,,1.0,,1.0,1.0,1.0,4,,,1.0,0.0,14,3,8,3,0,,,1.0,4.0,,,,,,1.0,7,0.0,0,73,,28,67,85.0,489,575,,,27,,,,3,,,,25.0,6,24,,6,,,14,10,4,,24,1,0.0,0,0.0,,,,,2.0,,2.0,3.0,0.0,12,,,6.87,6.61,4-2-3-1,3-4-2-1,4.0,3.0,6.5,6.7,1.0,0.0,-0.183,-0.12,6.8,6.967,1.0,0.667,3.5,3.667,7.02,6.6,1.0,1.75,3.4,5.25,6.8,6.233,2.0,1.667,0.0,0.333,8.1,7.5,7.4,7.1,7.3,6.9,0.58,0.434
PL-2025-26-14025149,Jornada 24,2026-02-01,Tottenham,1,Man City,2,2,2.0,0.0,12,6,1,5,0,,,2.0,3.0,,,,,,2.0,3,1.0,10,45,,28,40,80.8,311,385,,,23,,,,12,,,,38.5,5,13,,6,,,24,10,14,,19,2,0.0,0,1.0,,,,,0.0,,,3.0,,15,,,2.0,0.0,15,3,8,4,0,,,0.0,1.0,,,,,,2.0,4,2.0,7,56,,30,60,90.3,522,578,,,25,,,,15,,,,41.2,7,17,,4,,,23,12,11,,25,2,0.0,0,4.0,,,,,1.0,,,3.0,,12,,,6.81,7.08,3-4-2-1,4-1-3-2,3.0,4.0,6.1,7.1,1.0,4.0,-0.741,-0.274,6.0,6.74,1.333,2.2,2.0,3.6,7.1,7.625,1.0,1.25,4.4,4.5,7.65,6.6,1.0,2.0,1.0,0.0,9.1,8.4,9.0,8.1,7.1,8.1,1.167,0.757
PL-2025-26-15129444,Jornada 24,2026-02-02,Sunderland,1,Burnley,3,0,1.0,1.0,14,5,7,2,0,,,1.0,2.0,,,,,,3.0,1,0.0,9,70,,25,44,83.3,355,426,,,27,,,,10,,,,10.0,1,10,,9,,,9,7,2,,25,0,0.0,1,0.0,,,,,1.0,,,1.0,,12,,,0.0,0.0,5,0,3,2,0,,,0.0,3.0,,,,,,0.0,2,2.0,1,57,,8,56,87.0,460,529,,,22,,,,12,,,,9.1,2,22,,5,,,14,11,3,,27,3,0.0,0,3.0,,,,,0.0,,,4.0,,10,,,7.14,6.43,5-4-1,3-4-2-1,5.0,3.0,6.7,7.0,0.0,3.0,,-1.619,7.08,6.36,0.6,1.6,3.8,4.6,7.6,6.433,0.75,0.667,5.25,2.667,6.0,6.3,1.0,0.0,0.0,0.0,8.2,7.0,7.9,6.8,7.5,6.7,0.597,0.352
PL-2025-26-14025170,Jornada 25,2026-02-06,Leeds,1,Nottm Forest,3,1,3.0,0.0,14,5,3,6,1,,,0.0,1.0,,,,,,7.0,5,1.0,11,48,,30,56,83.4,398,477,,,17,,,,12,,,,41.2,7,17,,5,,,22,16,6,,36,1,0.0,0,5.0,,,,,,,,1.0,,9,,,1.0,0.0,16,6,6,4,0,,,1.0,6.0,,,,,,2.0,10,4.0,10,53,,24,44,78.3,274,350,,,24,,,,9,,,,29.4,10,34,,8,,,14,10,4,,18,3,0.0,0,2.0,,,,,,,,1.0,,12,,,7.41,6.45,3-4-2-1,4-2-3-1,3.0,4.0,8.1,6.5,5.0,2.0,0.494,-0.06,7.36,6.25,3.0,1.0,5.0,4.0,7.333,6.62,2.0,1.4,4.0,3.0,7.3,6.4,2.5,2.0,1.0,0.0,8.2,7.0,8.1,6.7,8.1,6.6,0.579,0.243
PL-2025-26-14025176,Jornada 25,2026-02-07,Man United,1,Tottenham,2,0,2.0,0.0,23,10,7,6,0,,,5.0,8.0,,,,,,3.0,7,3.0,9,78,,37,65,89.7,582,649,,,12,,,,11,,,,25.0,5,20,,5,,,18,11,7,,11,0,0.0,1,1.0,,,,,1.0,,,1.0,0.0,12,,,0.0,0.0,7,1,1,5,0,,,0.0,3.0,,,,,,1.0,0,1.0,6,38,,17,35,82.7,283,342,,,17,,,,12,,,,40.0,4,10,,9,,,16,6,10,,30,2,0.0,0,8.0,,,,,3.0,,,2.0,1.0,11,,,7.37,6.52,4-2-3-1,4-3-3,4.0,4.0,6.8,8.1,1.0,8.0,0.187,-0.511,7.55,6.033,2.25,1.667,2.25,2.333,7.867,6.58,4.0,0.4,3.333,2.2,6.833,6.3,1.667,0.0,0.333,0.0,8.9,8.1,8.1,7.2,7.9,6.7,0.705,0.658
PL-2025-26-14025158,Jornada 25,2026-02-07,Arsenal,1,Sunderland,3,0,2.0,1.0,16,5,6,5,0,,,0.0,5.0,,,,,,1.0,5,3.0,6,44,,34,49,83.5,325,389,,,22,,,,8,,,,10.5,2,19,,12,,,15,8,7,,22,0,0.0,1,2.0,,,,,1.0,,,1.0,,11,,,0.0,0.0,5,3,1,1,0,,,0.0,1.0,,,,,,1.0,2,1.0,5,58,,13,51,80.1,327,408,,,19,,,,11,,,,16.7,2,12,,6,,,13,7,6,,30,3,0.0,0,2.0,,,,,0.0,,,2.0,,8,,,7.15,6.28,4-3-3,4-2-3-1,4.0,4.0,7.6,5.7,2.0,2.0,0.599,-1.768,7.175,6.26,2.0,1.6,4.25,4.2,7.233,6.425,1.0,0.25,5.333,2.5,6.9,6.4,2.333,1.0,0.0,0.0,7.8,6.8,7.8,6.6,7.6,6.6,0.46,0.354
PL-2025-26-14025155,Jornada 25,2026-02-07,Bournemouth,1,Aston Villa,1,1,1.0,0.0,20,9,7,4,1,,,3.0,5.0,,,,,,3.0,11,3.0,3,64,,26,53,83.1,343,413,,,25,,,,11,,,,11.1,3,27,,11,,,10,6,4,,25,1,0.0,0,3.0,,,,,0.0,,0.0,1.0,,4,,,1.0,0.0,7,4,0,3,0,,,1.0,1.0,,,,,,1.0,4,3.0,5,51,,20,47,81.2,310,382,,,21,,,,4,,,,36.4,4,11,,7,,,18,12,6,,40,1,0.0,0,7.0,,,,,3.0,,1.0,1.0,,11,,,6.97,6.99,4-2-3-1,4-2-3-1,4.0,4.0,7.3,8.7,3.0,7.0,0.332,1.136,6.7,6.7,1.75,1.75,4.5,4.5,7.233,7.0,1.333,1.2,6.0,3.6,6.967,6.4,3.0,1.0,0.0,0.0,8.1,8.7,7.9,7.8,7.3,7.1,0.603,0.686
PL-2025-26-14025164,Jornada 25,2026-02-07,Burnley,1,West Ham,0,2,0.0,0.0,18,5,5,8,0,,,3.0,4.0,,,,,,2.0,5,0.0,7,57,,24,54,85.1,400,470,,,15,,,,10,,,,20.0,7,35,,2,,,16,9,7,,23,2,0.0,0,2.0,,,,,0.0,,1.0,3.0,,11,,,2.0,0.0,6,4,2,0,0,,,1.0,2.0,,,,,,2.0,2,1.0,11,53,,16,46,81.4,345,424,,,18,,,,11,,,,25.0,2,8,,17,,,14,10,4,,34,0,0.0,1,5.0,,,,,2.0,,1.0,1.0,,10,,,6.59,7.3,4-5-1,4-4-1-1,4.0,4.0,6.3,8.1,2.0,5.0,-0.908,0.626,6.7,7.425,2.25,1.5,3.25,5.25,6.625,7.275,1.0,0.5,4.25,5.75,6.45,6.7,5.5,0.5,0.0,0.5,7.2,8.1,7.0,7.9,6.8,7.5,0.297,0.543
PL-2025-26-14025167,Jornada 25,2026-02-07,Fulham,1,Everton,1,2,0.0,0.0,13,3,8,2,2,,,0.0,2.0,,,,,,4.0,6,2.0,3,44,,26,55,86.7,419,483,,,16,,,,12,,,,52.6,10,19,,9,,,20,12,8,,22,2,0.0,0,2.0,,,,,3.0,,1.0,1.0,,11,,,1.0,0.0,16,3,10,3,1,,,1.0,2.0,,,,,,3.0,6,2.0,4,49,,28,45,85.2,334,392,,,24,,,,11,,,,28.6,6,21,,8,,,15,10,5,,29,1,0.0,0,3.0,,,,,0.0,,1.0,5.0,,12,,,6.79,6.91,4-2-3-1,4-2-3-1,4.0,4.0,6.9,7.9,2.0,3.0,-1.266,0.675,6.55,6.475,2.0,1.25,3.5,4.0,7.075,7.2,0.75,2.0,2.75,4.8,6.65,6.2,2.0,4.0,0.0,0.0,7.2,7.9,7.2,7.9,7.0,7.6,0.278,0.614
PL-2025-26-14025182,Jornada 25,2026-02-07,Wolves,1,Chelsea,1,3,1.0,0.0,11,3,4,4,1,,,0.0,2.0,,,,,,1.0,3,2.0,13,38,,24,34,84.1,307,365,,,15,,,,10,,,,30.0,6,20,,8,,,12,8,4,,21,3,0.0,0,3.0,,,,,0.0,,,1.0,,9,,,3.0,0.0,15,6,3,6,0,,,0.0,4.0,,,,,,6.0,4,1.0,8,51,,28,66,92.9,694,747,,,16,,,,7,,,,15.4,2,13,,10,,,21,10,11,,28,1,0.0,0,2.0,,,,,1.0,,,1.0,,10,,,6.58,7.15,4-2-3-1,4-2-3-1,4.0,4.0,6.7,6.9,3.0,2.0,0.027,-0.303,6.0,6.9,1.25,2.0,2.75,4.25,7.1,7.24,1.0,1.2,5.0,4.2,6.875,8.0,1.5,2.0,0.25,0.0,7.4,8.9,7.3,8.0,7.0,7.6,0.559,0.739
PL-2025-26-14025179,Jornada 25,2026-02-07,Newcastle,1,Brentford,2,3,2.0,0.0,16,4,8,4,0,,,1.0,5.0,,,,,,4.0,9,1.0,10,65,,24,54,82.0,351,428,,,28,,,,17,,,,19.0,4,21,,4,,,9,6,3,,31,3,0.0,0,3.0,,,,,,,0.0,2.0,,14,,,3.0,0.0,11,5,2,4,0,,,2.0,3.0,,,,,,4.0,3,2.0,6,64,,21,46,75.5,286,379,,,20,,,,13,,,,15.4,2,13,,3,,,15,10,5,,22,2,0.0,0,1.0,,,,,,,2.0,2.0,,18,,,6.7,6.74,4-3-3,4-2-3-1,4.0,4.0,6.2,6.4,3.0,1.0,-1.375,-0.253,6.975,6.16,0.0,1.4,6.0,2.8,6.967,7.55,1.333,1.25,5.333,4.25,6.233,6.7,1.667,1.0,0.0,1.0,7.8,8.9,7.8,7.8,7.1,6.8,0.589,0.852
PL-2025-26-14025161,Jornada 25,2026-02-08,Brighton,1,Crystal Palace,0,1,0.0,0.0,7,2,2,3,0,,,1.0,1.0,,,,,,1.0,3,3.0,5,61,,13,64,85.5,476,557,,,32,,,,9,,,,13.3,2,15,,3,,,17,7,10,,34,1,0.0,0,3.0,,,,,,,1.0,1.0,,12,,,1.0,0.0,7,4,3,0,0,,,0.0,1.0,,,,,,1.0,4,3.0,7,58,,25,36,69.8,217,311,,,22,,,,12,,,,25.0,3,12,,10,,,21,11,10,,33,0,0.0,1,2.0,,,,,,,0.0,3.0,,9,,,6.69,7.03,4-2-3-1,3-4-2-1,4.0,3.0,6.8,7.4,3.0,2.0,-0.134,0.241,6.8,7.75,1.5,3.0,5.0,7.0,6.72,6.92,0.8,0.8,2.6,4.4,6.0,6.6,2.0,1.667,0.0,0.333,7.5,8.1,7.3,7.6,7.0,7.5,0.479,0.643
PL-2025-26-14025173,Jornada 25,2026-02-08,Liverpool,1,Man City,1,2,0.0,1.0,15,4,8,3,0,,,2.0,3.0,,,,,,1.0,5,6.0,8,55,,32,47,78.5,306,390,,,30,,,,16,,,,28.6,6,21,,7,,,17,9,8,,20,2,0.0,0,5.0,,,,,0.0,,0.0,2.0,1.0,13,,,2.0,0.0,17,7,6,4,0,,,1.0,6.0,,,,,,3.0,4,2.0,3,50,,25,53,84.5,393,465,,,20,,,,12,,,,27.3,3,11,,10,,,15,8,7,,31,1,0.0,0,3.0,,,,,1.0,,4.0,4.0,0.0,16,,,6.67,6.91,4-2-3-1,4-1-3-2,4.0,4.0,6.8,7.2,5.0,3.0,-0.006,-0.502,6.2,6.92,2.333,1.6,3.667,3.4,6.867,6.933,1.667,2.0,4.167,3.667,6.8,6.7,3.0,2.5,0.0,0.5,7.7,7.7,7.1,7.5,7.0,7.5,0.477,0.555
PL-2025-26-14025188,Jornada 26,2026-02-10,Chelsea,1,Leeds,2,2,2.0,0.0,19,4,8,7,0,,,2.0,3.0,,,,,,5.0,4,4.0,5,54,,34,66,92.1,593,644,,,18,,,,12,,,,31.6,6,19,,7,,,14,6,8,,22,2,0.0,0,0.0,,,,,1.0,,0.0,4.0,,9,,,2.0,0.0,4,2,0,2,0,,,0.0,2.0,,,,,,2.0,1,1.0,2,40,,17,34,81.5,274,336,,,21,,,,8,,,,25.0,1,4,,9,,,11,6,5,,33,2,0.0,0,2.0,,,,,0.0,,1.0,4.0,,13,,,6.91,6.62,4-2-3-1,5-4-1,4.0,5.0,6.5,6.2,0.0,2.0,-0.256,-0.546,6.375,6.617,1.0,1.0,3.5,4.667,7.3,6.533,2.2,0.333,2.2,2.0,7.5,7.3,7.0,1.0,1.0,1.0,7.9,8.3,7.5,7.3,7.5,6.9,0.593,0.69
PL-2025-26-14025191,Jornada 26,2026-02-10,Everton,1,Bournemouth,1,2,1.0,0.0,16,6,5,5,1,,,1.0,1.0,,,,,,3.0,7,1.0,5,67,,37,53,80.6,357,443,,,22,,,,14,,,,45.8,11,24,,8,,,11,6,5,,20,2,0.0,0,2.0,,,,,1.0,,0.0,1.0,1.0,14,,,2.0,0.0,11,4,2,5,0,,,1.0,5.0,,,,,,2.0,2,0.0,3,48,,14,47,76.9,310,403,,,16,,,,14,,,,16.7,2,12,,8,,,21,9,12,,35,1,0.0,0,5.0,,,,,0.0,,1.0,3.0,0.0,15,,,6.65,7.04,4-2-3-1,4-2-3-1,4.0,4.0,6.3,7.4,2.0,5.0,0.062,1.469,6.6,7.4,1.25,3.5,3.75,6.0,7.275,6.6,1.25,1.5,5.5,4.25,5.7,7.0,1.0,2.0,0.0,0.5,7.8,7.9,7.7,7.7,7.0,7.6,0.725,0.55
PL-2025-26-14025200,Jornada 26,2026-02-10,Tottenham,1,Newcastle,1,2,1.0,0.0,16,2,6,8,0,,,1.0,5.0,,,,,,2.0,2,0.0,9,56,,29,53,83.8,341,407,,,23,,,,11,,,,53.8,7,13,,7,,,16,11,5,,42,2,0.0,0,3.0,,,,,1.0,,1.0,3.0,,15,,,2.0,0.0,21,5,7,9,0,,,1.0,3.0,,,,,,3.0,12,2.0,3,53,,53,47,81.7,277,339,,,24,,,,15,,,,23.5,8,34,,3,,,23,15,8,,26,1,0.0,0,1.0,,,,,2.0,,1.0,2.0,,11,,,7.02,7.01,4-3-3,4-3-3,4.0,4.0,7.6,6.6,3.0,1.0,-0.413,-0.273,6.567,7.05,1.0,2.25,6.667,4.75,7.3,7.167,2.2,1.667,2.8,4.333,6.7,6.933,1.5,2.333,0.0,0.0,8.2,8.1,7.7,7.6,7.6,7.3,0.622,0.578
PL-2025-26-14025203,Jornada 26,2026-02-10,West Ham,1,Man United,1,1,1.0,0.0,7,3,1,3,0,,,2.0,1.0,,,,,,2.0,5,1.0,4,47,,9,35,79.3,261,329,,,21,,,,4,,,,21.4,3,14,,16,,,15,10,5,,24,1,0.0,0,2.0,,,,,1.0,,1.0,1.0,,10,,,1.0,0.0,9,3,4,2,0,,,1.0,0.0,,,,,,1.0,3,3.0,10,73,,22,65,87.6,551,629,,,21,,,,10,,,,30.0,6,20,,8,,,19,12,7,,12,1,0.0,0,2.0,,,,,0.0,,1.0,1.0,,4,,,6.75,6.86,4-2-3-1,4-2-3-1,4.0,4.0,6.5,7.5,2.0,2.0,-0.519,0.455,6.7,7.0,0.75,1.75,3.25,1.5,7.0,6.867,0.4,1.333,4.6,4.333,6.0,6.467,0.0,1.0,0.0,0.0,7.2,7.5,7.1,7.4,7.0,7.2,0.317,0.401
PL-2025-26-14025206,Jornada 26,2026-02-11,Aston Villa,1,Brighton,1,0,0.0,0.0,15,1,10,4,0,,,0.0,5.0,,,,,,,7,0.0,2,50,,31,50,81.8,342,418,,,25,,,,15,,,,35.7,5,14,,7,,,11,5,6,,22,0,0.0,1,3.0,,,,,3.0,,1.0,2.0,,9,,,0.0,0.0,9,3,5,1,1,,,2.0,0.0,,,,,,,5,3.0,5,57,,24,50,83.3,348,418,,,24,,,,9,,,,18.5,5,27,,13,,,16,10,6,,13,1,0.0,0,2.0,,,,,0.0,,0.0,3.0,,15,,,6.94,6.66,4-2-3-1,4-3-3,4.0,4.0,7.5,6.6,3.0,2.0,0.334,-0.908,6.9,6.725,1.0,0.75,4.667,1.25,6.983,6.66,1.333,1.0,3.167,3.0,6.2,6.5,1.0,1.0,0.0,0.0,7.5,7.3,7.4,7.0,7.2,6.9,0.38,0.367
PL-2025-26-14025209,Jornada 26,2026-02-11,Crystal Palace,1,Burnley,2,3,2.0,0.0,21,3,7,11,0,,,0.0,6.0,,,,,,3.0,8,1.0,2,67,,39,65,80.8,462,572,,,21,,,,8,,,,44.0,11,25,,8,,,14,8,6,,25,3,0.0,0,1.0,,,,,2.0,,,2.0,,11,,,2.0,0.0,8,3,4,1,0,,,0.0,4.0,,,,,,1.0,2,1.0,5,54,,19,35,67.1,212,316,,,16,,,,11,,,,23.1,3,13,,7,,,16,8,8,,37,2,0.0,0,1.0,,,,,0.0,,,1.0,,8,,,6.71,6.8,3-4-2-1,3-4-2-1,3.0,3.0,6.6,6.4,1.0,1.0,-1.495,-0.951,6.2,6.45,1.0,0.75,5.5,5.5,6.8,7.3,2.0,0.75,4.4,4.5,6.933,6.7,2.0,0.5,0.667,0.0,8.6,8.5,7.7,8.0,7.0,7.0,0.783,0.757
PL-2025-26-14025212,Jornada 26,2026-02-11,Man City,1,Fulham,3,0,2.0,1.0,13,5,3,5,0,,,1.0,6.0,,,,,,2.0,4,3.0,5,59,,18,56,91.0,577,634,,,27,,,,10,,,,11.1,1,9,,7,,,22,11,11,,16,0,0.0,1,3.0,,,,,,,1.0,3.0,,8,,,0.0,0.0,14,3,8,3,0,,,0.0,2.0,,,,,,1.0,4,1.0,3,33,,21,44,85.0,418,492,,,22,,,,8,,,,28.6,4,14,,8,,,23,14,9,,11,3,0.0,0,2.0,,,,,,,0.0,1.0,,10,,,7.36,6.27,4-1-3-2,4-2-3-1,4.0,4.0,7.1,6.2,3.0,2.0,0.46,-1.379,7.54,6.325,1.8,3.0,2.0,2.25,7.175,6.175,1.25,0.5,4.5,1.75,7.5,6.4,2.0,2.0,1.0,0.0,8.6,6.8,7.9,6.5,7.7,6.5,0.582,0.293
PL-2025-26-14025194,Jornada 26,2026-02-11,Nottm Forest,1,Wolves,0,0,0.0,0.0,35,10,16,9,0,,,3.0,16.0,,,,,,4.0,8,2.0,6,55,,40,63,88.8,426,480,,,27,,,,13,,,,26.3,10,38,,6,,,18,10,8,,26,0,0.0,1,3.0,,,,,0.0,,0.0,0.0,,12,,,0.0,0.0,7,3,4,0,0,,,1.0,2.0,,,,,,0.0,2,0.0,5,50,,13,37,75.3,216,287,,,24,,,,12,,,,9.1,1,11,,6,,,20,14,6,,39,0,0.0,1,10.0,,,,,3.0,,2.0,2.0,,13,,,7.38,7.14,4-2-3-1,3-4-1-2,4.0,3.0,7.1,9.8,3.0,10.0,0.21,2.037,7.7,7.15,1.25,0.75,4.5,5.25,7.4,6.9,3.4,0.333,4.8,4.667,6.3,6.467,2.0,1.333,0.0,0.0,8.6,9.8,8.2,7.3,7.7,7.2,0.61,0.893
PL-2025-26-14025197,Jornada 26,2026-02-11,Sunderland,1,Liverpool,0,1,0.0,0.0,11,2,5,4,0,,,1.0,2.0,,,,,,1.0,3,2.0,8,44,,27,43,83.6,311,372,,,18,,,,10,,,,16.0,4,25,,8,,,14,7,7,,39,1,0.0,0,2.0,,,,,2.0,,3.0,1.0,,8,,,1.0,0.0,23,3,7,13,1,,,1.0,6.0,,,,,,4.0,11,1.0,10,64,,42,57,86.2,432,501,,,24,,,,8,,,,11.5,3,26,,4,,,15,9,6,,37,0,0.0,1,2.0,,,,,2.0,,2.0,0.0,,10,,,6.77,7.27,4-2-3-1,4-2-3-1,4.0,4.0,7.0,7.5,2.0,2.0,0.443,0.525,6.78,7.867,0.8,0.667,5.8,6.0,6.925,7.033,0.5,1.5,2.25,4.0,5.9,6.7,1.0,3.0,0.0,0.0,7.3,8.5,7.1,8.0,7.0,7.7,0.372,0.564
PL-2025-26-14025185,Jornada 26,2026-02-12,Brentford,1,Arsenal,1,1,1.0,0.0,12,3,4,5,0,,,0.0,3.0,,,,,,3.0,6,,6,39,,23,41,74.8,235,314,,,23,,,,11,,,,33.3,5,15,,12,,,11,6,5,,28,1,0.0,0,1.0,,,,,0.0,,,3.0,,12,,,1.0,0.0,7,2,2,3,0,,,0.0,1.0,,,,,,1.0,4,,3,46,,32,59,85.0,384,452,,,29,,,,12,,,,34.8,8,23,,4,,,22,12,10,,37,1,0.0,0,2.0,,,,,1.0,,,2.0,,11,,,6.72,6.99,4-2-3-1,4-2-3-1,4.0,4.0,6.7,7.4,1.0,2.0,-0.054,0.867,7.04,7.1,1.2,2.75,4.2,5.5,6.475,7.125,1.5,0.75,3.25,2.25,6.1,6.3,6.0,1.0,0.0,0.0,7.6,7.9,7.3,7.4,7.1,7.4,0.445,0.493
PL-2025-26-14025215,Jornada 27,2026-02-21,Aston Villa,1,Leeds,1,1,1.0,0.0,16,4,7,5,1,,,1.0,8.0,,,,,,1.0,7,4.0,8,64,,30,67,85.2,443,520,,,16,,,,16,,,,25.0,7,28,,8,,,14,8,6,,20,1,0.0,0,3.0,,,,,0.0,,1.0,1.0,,11,,,0.0,1.0,14,4,6,4,0,,,0.0,5.0,,,,,,2.0,2,5.0,5,36,,21,33,71.1,182,256,,,17,,,,11,,,,38.5,5,13,,11,,,22,13,9,,40,1,0.0,0,3.0,,,,,3.0,,2.0,4.0,,16,,,6.85,6.97,4-2-3-1,5-4-1,4.0,5.0,6.6,7.6,3.0,3.0,0.103,0.83,7.1,6.86,1.25,2.4,3.75,4.8,6.72,6.975,0.8,0.75,4.6,4.75,6.7,6.9,3.0,3.0,0.0,0.0,7.7,8.2,7.6,7.6,7.5,7.6,0.507,0.622
PL-2025-26-14024006,Jornada 27,2026-02-21,Brentford,1,Brighton,0,2,0.0,0.0,13,3,10,0,0,,,2.0,2.0,,,,,,3.0,6,1.0,5,54,,24,52,78.1,343,439,,,22,,,,14,,,,28.6,6,21,,10,,,8,6,2,,21,2,0.0,0,5.0,,,,,0.0,,,1.0,,9,,,2.0,0.0,11,7,3,1,1,,,2.0,3.0,,,,,,2.0,4,1.0,3,63,,19,48,76.7,319,416,,,18,,,,9,,,,15.4,2,13,,9,,,16,8,8,,26,0,0.0,1,4.0,,,,,2.0,,,2.0,,14,,,6.45,7.05,4-2-3-1,4-3-3,4.0,4.0,6.1,8.1,5.0,4.0,-0.666,0.595,6.34,6.975,0.6,1.0,2.8,4.25,6.525,6.82,1.25,1.0,2.0,3.0,7.1,7.5,2.0,1.0,0.0,1.0,7.1,8.1,6.9,7.5,6.8,7.4,0.334,0.533
PL-2025-26-14024007,Jornada 27,2026-02-21,Chelsea,1,Burnley,1,1,1.0,0.0,12,2,5,5,0,,,1.0,4.0,,,,,,3.0,9,2.0,8,72,,25,67,88.1,533,605,,,23,,,,11,,,,11.1,2,18,,9,,,13,8,5,,13,1,0.0,0,3.0,,,,,0.0,,,4.0,1.0,13,,,1.0,0.0,12,4,6,2,0,,,1.0,2.0,,,,,,1.0,5,4.0,4,39,,15,33,79.5,240,302,,,17,,,,13,,,,45.5,5,11,,15,,,9,6,3,,20,1,0.0,0,1.0,,,,,1.0,,,2.0,0.0,11,,,7.12,6.68,4-2-3-1,3-4-2-1,4.0,3.0,7.2,6.7,3.0,1.0,0.115,0.162,6.875,6.675,1.25,1.25,2.5,3.25,7.28,6.55,1.2,0.75,3.4,3.0,7.2,6.95,3.0,2.5,1.0,0.5,8.2,7.3,7.5,7.0,7.4,6.8,0.518,0.298
PL-2025-26-14023969,Jornada 27,2026-02-21,West Ham,1,Bournemouth,0,0,0.0,0.0,20,3,10,7,0,,,0.0,4.0,,,,,,3.0,9,2.0,5,51,,35,42,72.5,242,334,,,15,,,,11,,,,36.4,8,22,,8,,,21,13,8,,30,0,0.0,1,5.0,,,,,1.0,,2.0,1.0,,10,,,0.0,0.0,10,5,1,4,1,,,4.0,2.0,,,,,,0.0,5,3.0,7,58,,17,58,79.3,384,484,,,17,,,,10,,,,6.7,1,15,,8,,,17,12,5,,25,0,0.0,1,3.0,,,,,1.0,,1.0,1.0,,11,,,7.27,6.89,4-5-1,4-2-3-1,4.0,4.0,7.3,8.1,5.0,3.0,0.298,1.578,7.4,7.225,1.0,1.25,4.5,3.25,7.3,6.733,2.0,0.667,4.6,4.333,6.6,6.2,3.0,0.333,0.0,0.0,8.5,8.1,7.8,7.9,7.7,7.2,0.563,0.636
PL-2025-26-14024010,Jornada 27,2026-02-21,Man City,1,Newcastle,2,1,2.0,0.0,15,7,6,2,0,,,0.0,5.0,,,,,,5.0,5,1.0,14,39,,31,55,84.2,393,467,,,19,,,,13,,,,54.5,6,11,,5,,,21,13,8,,23,1,0.0,0,6.0,,,,,1.0,,1.0,2.0,,12,,,0.0,1.0,13,7,3,3,0,,,1.0,3.0,,,,,,0.0,5,5.0,3,45,,20,45,81.3,305,375,,,27,,,,12,,,,30.8,4,13,,8,,,18,10,8,,18,2,0.0,0,5.0,,,,,0.0,,1.0,5.0,,13,,,7.26,6.77,4-1-3-2,4-3-3,4.0,4.0,7.5,7.3,6.0,5.0,0.104,-0.14,7.12,6.8,1.0,2.5,1.8,3.75,7.433,6.767,2.0,1.667,5.667,3.667,7.25,6.567,4.5,1.0,0.0,0.0,8.7,7.3,8.6,7.3,7.6,7.3,0.751,0.429
PL-2025-26-14024008,Jornada 27,2026-02-22,Crystal Palace,1,Wolves,1,0,1.0,0.0,14,3,7,4,1,,,1.0,4.0,,,,,,3.0,7,0.0,2,61,,23,61,80.0,340,425,,,18,,,,13,,,,20.8,5,24,,7,,,15,12,3,,31,0,0.0,1,7.0,,,1.0,,0.0,,2.0,5.0,0.0,19,,,0.0,0.0,12,7,2,3,0,,,2.0,3.0,,,,,,2.0,3,1.0,10,56,,16,39,75.8,210,277,,,12,,,,18,,,,46.7,7,15,,13,,,17,9,8,,48,1,0.0,0,2.0,,,0.0,,2.0,,2.0,3.0,1.0,13,,,6.92,6.77,3-4-2-1,3-4-2-1,3.0,3.0,9.1,6.8,7.0,2.0,2.064,0.482,6.767,6.7,1.0,2.25,3.0,6.0,6.8,7.067,1.0,0.333,3.0,4.333,6.5,6.567,2.0,2.0,0.0,0.0,9.1,7.8,7.2,7.6,7.2,7.3,0.794,0.666
PL-2025-26-14024013,Jornada 27,2026-02-22,Nottm Forest,1,Liverpool,0,1,0.0,0.0,18,2,8,8,0,,,0.0,11.0,,,,,,1.0,7,1.0,6,42,,23,47,82.7,348,421,,,24,,,,9,,,,23.3,7,30,,10,,,18,14,4,,35,1,0.0,0,3.0,,,,,,,1.0,2.0,,13,,,1.0,0.0,10,4,2,4,0,,,0.0,2.0,,,,,,4.0,2,1.0,8,59,,18,53,84.3,412,489,,,28,,,,13,,,,30.8,4,13,,9,,,14,7,7,,27,0,0.0,1,2.0,,,,,,,1.0,0.0,,9,,,6.91,6.86,4-2-3-1,4-2-3-1,4.0,4.0,7.7,7.3,3.0,2.0,0.86,0.653,6.775,7.167,0.5,1.0,6.5,4.0,6.94,6.7,1.8,1.0,6.6,4.0,6.5,6.5,1.0,3.0,0.0,0.0,7.7,7.6,7.2,7.5,7.2,7.3,0.363,0.509
PL-2025-26-14024011,Jornada 27,2026-02-22,Sunderland,1,Fulham,1,3,1.0,0.0,12,2,5,5,0,,,1.0,3.0,,,,,,3.0,6,1.0,4,64,,34,53,82.3,334,406,,,24,,,,12,,,,7.1,1,14,,5,,,12,5,7,,25,3,0.0,0,1.0,,,,,,,,1.0,,6,,,3.0,0.0,12,4,5,3,0,,,1.0,2.0,,,,,,3.0,4,1.0,3,44,,19,47,80.8,287,355,,,19,,,,5,,,,17.6,3,17,,9,,,22,10,12,,37,1,0.0,0,1.0,,,,,,,,1.0,,13,,,6.49,7.05,4-1-4-1,4-2-3-1,4.0,4.0,6.3,6.4,1.0,1.0,-0.831,0.016,6.575,6.875,0.25,2.5,4.25,5.25,6.56,7.06,0.2,1.0,4.0,4.8,6.0,8.3,0.0,2.0,0.0,2.0,7.0,8.3,6.9,8.2,6.9,7.4,0.38,0.692
PL-2025-26-14024012,Jornada 27,2026-02-22,Tottenham,1,Arsenal,1,4,1.0,0.0,6,5,0,1,0,,,2.0,1.0,,,,,,0.0,2,,2,29,,7,40,72.5,232,320,,,10,,,,11,,,,18.2,2,11,,15,,,24,13,11,,42,4,0.0,0,2.0,,,,,0.0,,0.0,2.0,,17,,,3.0,1.0,20,7,6,7,0,,,0.0,6.0,,,,,,6.0,5,,4,80,,45,60,78.8,378,480,,,17,,,,17,,,,20.0,3,15,,8,,,31,21,10,,15,1,0.0,0,4.0,,,,,3.0,,1.0,1.0,,11,,,6.49,7.16,3-5-2,4-2-3-1,3.0,4.0,5.8,8.3,2.0,4.0,-1.936,0.657,6.5,6.975,1.333,3.0,7.333,2.25,6.45,7.1,0.167,0.667,4.5,6.0,7.4,7.1,1.0,4.333,1.0,0.667,7.4,8.9,7.0,8.3,6.9,8.1,0.479,0.887
PL-2025-26-15238290,Jornada 27,2026-02-23,Everton,1,Man United,0,1,0.0,0.0,12,4,2,6,0,,,3.0,4.0,,,,,,0.0,10,1.0,10,57,,16,48,76.5,316,413,,,21,,,,7,,,,14.3,5,35,,14,,,18,8,10,,13,1,0.0,0,1.0,,,,,0.0,,0.0,2.0,,12,,,1.0,0.0,11,3,6,2,0,,,0.0,5.0,,,,,,2.0,1,0.0,5,52,,16,52,80.3,388,483,,,23,,,,12,,,,16.7,1,6,,8,,,12,8,4,,38,0,0.0,1,4.0,,,,,2.0,,4.0,3.0,,7,,,6.94,7.01,4-2-3-1,4-2-3-1,4.0,4.0,7.8,7.4,1.0,4.0,0.096,0.865,7.067,7.3,2.0,0.5,2.667,5.25,6.783,7.167,0.833,0.667,5.333,4.0,6.6,6.333,0.0,1.667,0.0,0.0,7.8,7.6,7.5,7.4,7.3,7.4,0.396,0.489
PL-2025-26-14023979,Jornada 28,2026-02-27,Wolves,1,Aston Villa,2,0,2.0,0.0,9,2,4,3,0,,,0.0,3.0,,,,,,2.0,0,1.0,9,39,,12,39,78.0,256,328,,,14,,,,19,,,,18.2,2,11,,10,,,16,12,4,,25,0,0.0,1,4.0,,,,,1.0,,,3.0,,13,,,0.0,0.0,14,5,3,6,0,,,2.0,2.0,,,,,,2.0,5,0.0,5,54,,24,61,87.5,439,502,,,24,,,,13,,,,26.9,7,26,,11,,,11,5,6,,15,2,0.0,0,0.0,,,,,0.0,,,3.0,,19,,,7.2,6.48,3-4-2-1,4-2-3-1,3.0,4.0,7.5,6.0,4.0,0.0,0.847,-1.121,7.4,6.625,2.25,2.0,4.25,2.25,7.175,6.52,0.25,0.8,5.0,3.8,6.7,6.2,1.0,1.0,0.0,0.0,8.3,7.0,8.1,6.9,7.5,6.7,0.533,0.313
PL-2025-26-14023970,Jornada 28,2026-02-28,Bournemouth,1,Sunderland,1,1,1.0,0.0,21,5,9,7,0,,,1.0,10.0,,,,,,2.0,7,1.0,12,79,,28,62,77.2,358,464,,,28,,,,12,,,,15.4,4,26,,14,,,16,10,6,,27,1,0.0,0,3.0,,,,,0.0,,1.0,4.0,,15,,,1.0,0.0,8,4,2,2,0,,,1.0,1.0,,,,,,1.0,3,2.0,4,58,,14,38,67.2,193,287,,,18,,,,15,,,,8.3,1,12,,6,,,26,16,10,,46,1,0.0,0,4.0,,,,,3.0,,2.0,2.0,,12,,,6.76,6.68,4-2-3-1,4-2-3-1,4.0,4.0,6.6,6.4,3.0,4.0,0.266,0.06,6.975,7.025,2.0,3.25,5.0,8.75,6.76,6.48,1.2,0.6,3.4,4.0,6.1,6.6,2.0,2.0,0.0,1.0,7.3,7.4,7.2,7.3,7.1,7.3,0.331,0.471
PL-2025-26-14023975,Jornada 28,2026-02-28,Burnley,1,Brentford,3,4,2.0,0.0,12,3,7,2,0,,,0.0,3.0,,,,,,1.0,4,2.0,16,47,,13,41,78.5,256,326,,,20,,,,9,,,,29.4,5,17,,4,,,13,8,5,,39,4,0.0,0,2.0,,,,,1.0,,2.0,2.0,,9,,,4.0,0.0,16,7,4,5,0,,,1.0,2.0,,,,,,5.0,8,0.0,15,48,,44,59,81.2,376,463,,,28,,,,9,,,,22.7,5,22,,8,,,14,11,3,,28,3,0.0,0,1.0,,,,,0.0,,0.0,2.0,,9,,,6.7,6.88,3-4-2-1,4-2-3-1,3.0,4.0,6.0,6.2,2.0,1.0,-1.191,-1.718,6.375,6.375,1.0,1.75,7.25,5.0,7.05,7.14,1.75,0.8,3.25,3.2,7.0,8.3,1.5,4.0,0.5,1.0,7.8,9.2,7.5,8.3,7.5,6.8,0.702,0.934
PL-2025-26-14023976,Jornada 28,2026-02-28,Liverpool,1,West Ham,5,2,4.0,0.0,18,7,4,7,0,,,1.0,4.0,,,,,,2.0,10,1.0,4,52,,34,49,81.0,328,405,,,17,,,,11,,,,10.0,2,20,,6,,,21,10,11,,22,2,0.0,0,3.0,,,,,1.0,,0.0,2.0,,12,,,2.0,0.0,11,4,4,3,0,,,1.0,2.0,,,,,,2.0,5,1.0,6,51,,31,51,78.7,332,422,,,25,,,,12,,,,19.0,4,21,,13,,,13,8,5,,19,5,0.0,0,2.0,,,,,1.0,,1.0,2.0,,11,,,7.15,6.42,4-2-3-1,4-5-1,4.0,4.0,6.2,5.4,3.0,2.0,-0.049,-2.568,6.85,6.2,2.25,1.25,3.25,2.75,7.3,6.7,1.8,1.0,3.2,5.0,8.5,6.9,2.0,2.0,1.0,1.0,8.5,7.1,7.9,7.1,7.8,7.1,0.709,0.629
PL-2025-26-14023977,Jornada 28,2026-02-28,Newcastle,1,Everton,2,3,1.0,1.0,17,7,6,4,1,,,2.0,7.0,,,,,,1.0,7,0.0,12,67,,32,66,86.9,510,587,,,10,,,,7,,,,13.3,4,30,,5,,,13,5,8,,11,3,0.0,0,2.0,,,,,,,1.0,2.0,,15,,,3.0,0.0,9,5,3,1,1,,,2.0,3.0,,,,,,3.0,2,4.0,12,47,,11,34,74.3,231,311,,,18,,,,15,,,,50.0,2,4,,9,,,27,14,13,,41,2,0.0,0,4.0,,,,,,,0.0,3.0,,7,,,6.37,6.98,4-3-3,4-2-3-1,4.0,4.0,5.8,5.8,2.0,4.0,-0.129,-1.322,6.175,7.05,1.5,2.0,2.0,7.0,6.8,6.9,1.667,1.2,3.333,6.0,6.4,8.3,1.0,2.0,0.0,1.0,7.1,8.3,7.0,7.8,6.7,7.3,0.455,0.636
PL-2025-26-14023974,Jornada 28,2026-02-28,Leeds,1,Man City,0,1,0.0,0.0,14,2,7,5,0,,,1.0,6.0,,,,,,3.0,5,1.0,1,40,,25,33,73.6,229,311,,,18,,,,8,,,,27.3,6,22,,9,,,14,5,9,,26,1,0.0,0,4.0,,,,,0.0,,0.0,0.0,,10,,,1.0,0.0,14,5,5,4,0,,,0.0,3.0,,,,,,4.0,3,4.0,16,70,,25,67,89.6,587,655,,,23,,,,10,,,,23.8,5,21,,0,,,17,8,9,,39,0,0.0,1,2.0,,,,,1.0,,1.0,3.0,,8,,,6.77,7.45,5-4-1,4-1-3-2,5.0,4.0,8.5,7.7,4.0,2.0,1.626,0.469,6.68,7.86,0.8,2.2,3.4,5.0,6.55,7.125,1.75,1.0,5.0,3.0,6.4,6.4,4.0,4.0,0.0,0.0,8.5,8.1,7.0,8.1,7.0,7.9,0.612,0.616
PL-2025-26-14023972,Jornada 28,2026-03-01,Brighton,1,Nottm Forest,2,1,2.0,0.0,14,7,5,2,0,,,3.0,4.0,,,,,,2.0,4,0.0,2,55,,28,54,86.8,453,522,,,25,,,,13,,,,54.5,6,11,,6,,,17,11,6,,20,1,0.0,0,3.0,,,,,,,,3.0,,12,,,0.0,1.0,13,4,3,6,0,,,1.0,4.0,,,,,,1.0,4,4.0,11,40,,17,46,85.6,380,444,,,29,,,,12,,,,23.5,4,17,,8,,,9,5,4,,15,2,0.0,0,5.0,,,,,,,,1.0,,13,,,7.1,6.63,4-2-3-1,4-2-3-1,4.0,4.0,6.7,6.8,3.0,5.0,-0.419,-0.821,7.175,6.3,1.75,1.5,2.75,2.0,7.08,6.88,2.0,1.2,4.4,3.6,7.3,6.5,3.0,2.0,1.0,0.0,7.9,8.0,7.9,6.8,7.7,6.8,0.556,0.519
PL-2025-26-14023973,Jornada 28,2026-03-01,Fulham,1,Tottenham,2,1,1.0,1.0,18,4,10,4,0,,,0.0,2.0,,,,,,3.0,5,1.0,8,51,,34,54,80.0,384,480,,,23,,,,14,,,,38.5,5,13,,10,,,12,8,4,,34,1,0.0,0,0.0,,,,,0.0,,3.0,3.0,,11,,,1.0,0.0,13,1,5,7,0,,,0.0,3.0,,,,,,1.0,8,1.0,6,51,,30,46,74.2,293,395,,,21,,,,11,,,,28.6,6,21,,10,,,16,11,5,,18,2,0.0,0,2.0,,,,,1.0,,0.0,3.0,,14,,,7.05,6.39,4-2-3-1,4-4-2,4.0,4.0,6.4,6.1,0.0,2.0,-0.241,-1.212,6.875,6.7,1.5,2.0,5.0,3.667,7.4,6.3,1.6,0.4,3.6,3.8,6.7,6.3,2.0,1.5,0.0,0.0,9.0,7.0,7.9,6.6,7.5,6.5,0.767,0.25
PL-2025-26-14023978,Jornada 28,2026-03-01,Man United,1,Crystal Palace,2,1,2.0,0.0,20,11,4,5,0,,,6.0,3.0,,,,,,3.0,7,1.0,7,58,,32,61,86.1,527,612,,,22,,,,11,,,,44.0,11,25,,4,,,14,6,8,,16,1,0.0,0,2.0,,,,,1.0,,0.0,2.0,0.0,13,,,1.0,0.0,8,3,3,2,0,,,1.0,2.0,,,,,,0.0,1,2.0,3,49,,13,39,77.2,308,399,,,17,,,,13,,,,16.7,1,6,,6,,,16,5,11,,29,2,0.0,0,9.0,,,,,2.0,,1.0,2.0,1.0,12,,,7.05,6.57,4-2-3-1,3-4-2-1,4.0,3.0,6.6,6.9,2.0,9.0,-0.311,0.373,6.65,6.533,0.5,0.667,2.75,7.0,7.6,6.475,3.0,1.5,5.333,6.0,7.2,6.633,2.0,1.667,0.333,0.0,7.9,6.9,7.9,6.8,7.8,6.8,0.568,0.209
PL-2025-26-14023971,Jornada 28,2026-03-01,Arsenal,1,Chelsea,2,1,2.0,0.0,12,5,3,4,0,,,1.0,4.0,,,,,,2.0,5,0.0,7,57,,30,41,82.0,277,338,,,21,,,,14,,,,18.2,2,11,,5,,,17,9,8,,21,1,0.0,0,4.0,,,,,1.0,,,1.0,0.0,11,,,0.0,0.0,9,3,5,1,1,,,1.0,3.0,,,,,,3.0,10,1.0,3,29,,13,59,88.2,425,482,,,19,,,,11,,,,22.2,4,18,,13,,,20,8,12,,22,2,0.0,0,3.0,,,,,0.0,,,5.0,1.0,14,,,7.05,6.75,4-2-3-1,4-3-3,4.0,4.0,7.6,7.6,4.0,3.0,0.092,0.083,7.05,6.825,2.0,2.0,3.75,3.75,7.333,6.62,1.0,0.4,2.333,2.8,6.6,6.3,1.0,4.0,0.0,0.0,7.9,7.7,7.6,7.6,7.5,7.3,0.607,0.566
PL-2025-26-14023980,Jornada 29,2026-03-03,Bournemouth,1,Brentford,0,0,0.0,0.0,13,2,8,3,2,,,1.0,3.0,,,,,,4.0,4,2.0,8,56,,27,48,77.5,320,413,,,20,,,,10,,,,18.8,3,16,,12,,,13,9,4,,43,0,0.0,1,2.0,,,,,1.0,,1.0,2.0,,9,,,0.0,0.0,5,2,1,2,0,,,0.0,2.0,,,,,,2.0,3,0.0,5,54,,15,52,76.7,348,454,,,34,,,,9,,,,13.3,2,15,,6,,,14,3,11,,30,0,0.0,1,2.0,,,,,1.0,,1.0,1.0,,10,,,7.19,6.88,4-2-3-1,4-2-3-1,4.0,4.0,7.2,7.1,2.0,2.0,0.219,0.447,7.575,6.975,1.5,0.5,6.0,3.5,6.94,6.8,1.2,0.8,5.0,5.2,6.9,6.7,0.0,0.0,0.0,0.0,7.8,8.0,7.7,7.2,7.7,7.2,0.399,0.467
PL-2025-26-14023941,Jornada 29,2026-03-03,Everton,1,Burnley,2,0,2.0,0.0,14,5,5,4,1,,,1.0,4.0,,,,,,2.0,6,1.0,9,67,,24,55,87.6,509,581,,,26,,,,12,,,,15.0,3,20,,10,,,18,12,6,,25,0,0.0,1,2.0,,,,,0.0,,,0.0,,10,,,0.0,0.0,5,2,2,1,0,,,1.0,1.0,,,,,,1.0,3,2.0,1,55,,11,45,85.5,407,476,,,23,,,,10,,,,14.3,1,7,,14,,,17,10,7,,29,2,0.0,0,3.0,,,,,1.0,,,1.0,,12,,,7.35,6.59,4-2-3-1,3-4-2-1,4.0,3.0,7.5,6.6,2.0,3.0,0.536,-0.772,7.55,6.6,1.5,1.4,2.75,4.6,7.26,6.6,1.4,0.25,5.6,4.25,6.8,6.5,2.0,2.0,0.0,0.0,8.1,7.0,7.7,6.9,7.6,6.7,0.405,0.207
PL-2025-26-14023982,Jornada 29,2026-03-03,Leeds,1,Sunderland,0,1,0.0,0.0,18,4,5,9,1,,,2.0,4.0,,,,,,0.0,9,2.0,3,65,,25,70,82.7,455,550,,,30,,,,19,,,,13.8,4,29,,6,,,16,6,10,,20,1,0.0,0,0.0,,,,,1.0,,0.0,1.0,,15,,,1.0,0.0,3,1,1,2,0,,,0.0,0.0,,,,,,1.0,2,5.0,2,41,,8,30,61.4,143,233,,,17,,,,14,,,,12.5,1,8,,7,,,16,11,5,,50,0,0.0,1,4.0,,,,,0.0,,2.0,3.0,,19,,,6.7,6.87,4-5-1,4-2-3-1,4.0,4.0,6.7,7.1,0.0,4.0,-0.353,0.729,6.48,6.96,1.2,1.4,2.2,6.8,7.0,6.85,1.25,0.25,2.75,3.75,6.6,6.3,1.0,0.0,0.0,0.0,7.5,7.6,7.4,7.4,6.7,7.3,0.402,0.435
PL-2025-26-14023985,Jornada 29,2026-03-03,Wolves,1,Liverpool,2,1,1.0,1.0,4,3,1,0,0,,,0.0,1.0,,,,,,1.0,2,1.0,7,32,,11,34,79.0,249,315,,,6,,,,13,,,,22.2,2,9,,9,,,25,16,9,,35,1,0.0,0,5.0,,,,,1.0,,4.0,2.0,,10,,,1.0,0.0,20,7,10,3,2,,,2.0,4.0,,,,,,5.0,11,1.0,6,68,,47,66,88.7,540,609,,,21,,,,10,,,,18.5,5,27,,8,,,16,9,7,,11,2,0.0,0,1.0,,,,,1.0,,0.0,1.0,,13,,,7.0,6.67,3-5-1-1,4-2-3-1,3.0,4.0,6.8,5.9,5.0,1.0,0.22,-1.274,6.975,6.85,1.25,0.5,4.25,2.0,7.4,6.78,0.5,1.4,6.5,3.8,6.35,6.2,0.0,1.0,0.0,0.0,8.6,7.4,7.4,7.1,7.3,7.1,0.611,0.439
PL-2025-26-14023986,Jornada 29,2026-03-04,Aston Villa,1,Chelsea,1,4,1.0,0.0,9,4,4,1,1,,,0.0,3.0,,,,,,3.0,3,2.0,2,43,,17,43,86.1,371,431,,,18,,,,9,,,,9.1,1,11,,7,,,11,8,3,,14,4,0.0,0,4.0,,,,,2.0,,,3.0,,10,,,4.0,0.0,15,8,3,4,0,,,1.0,0.0,,,,,,5.0,8,2.0,6,37,,34,57,91.2,515,565,,,13,,,,10,,,,15.8,3,19,,9,,,15,6,9,,15,1,0.0,0,3.0,,,,,3.0,,,2.0,,9,,,6.47,7.41,4-2-3-1,4-3-3,4.0,4.0,6.7,6.6,4.0,3.0,0.097,-0.461,6.075,6.88,0.75,1.2,2.25,1.6,6.72,7.7,0.4,2.0,2.8,6.0,6.6,8.7,2.0,4.0,0.0,1.5,7.2,9.7,7.0,8.7,7.0,7.7,0.483,0.938
PL-2025-26-14023933,Jornada 29,2026-03-04,Brighton,1,Arsenal,0,1,0.0,0.0,11,3,3,5,0,,,1.0,4.0,,,,,,2.0,4,3.0,5,62,,29,60,81.9,385,470,,,23,,,,12,,,,16.7,5,30,,11,,,23,15,8,,28,1,0.0,0,1.0,,,,,0.0,,1.0,4.0,,14,,,1.0,0.0,7,2,4,1,0,,,0.0,1.0,,,,,,0.0,3,0.0,5,60,,18,40,70.2,226,322,,,25,,,,14,,,,14.3,1,7,,8,,,16,6,10,,50,0,0.0,1,2.0,,,,,2.0,,1.0,1.0,,12,,,6.69,7.13,4-2-3-1,4-2-3-1,4.0,4.0,5.6,7.9,1.0,2.0,-0.86,0.555,7.0,7.4,2.25,2.5,4.25,9.5,6.667,7.2,0.667,0.667,3.167,3.333,,6.433,,1.0,,0.333,7.6,8.2,7.3,7.9,7.2,7.7,0.61,0.63
PL-2025-26-14023947,Jornada 29,2026-03-04,Fulham,1,West Ham,0,1,0.0,0.0,13,5,4,4,0,,,1.0,2.0,,,,,,0.0,6,0.0,6,64,,29,60,83.5,470,563,,,28,,,,12,,,,36.0,9,25,,3,,,9,4,5,,21,1,0.0,0,3.0,,,,,1.0,,,2.0,,14,,,1.0,0.0,9,3,4,2,0,,,0.0,3.0,,,,,,3.0,5,7.0,8,42,,13,40,79.7,302,379,,,13,,,,14,,,,13.3,2,15,,14,,,7,4,3,,31,0,0.0,1,5.0,,,,,1.0,,,4.0,,12,,,6.84,6.98,4-2-3-1,4-4-2,4.0,4.0,6.7,7.8,3.0,5.0,0.134,0.556,6.825,7.025,1.25,0.75,3.5,4.5,6.825,7.05,0.75,1.0,5.0,4.5,6.95,6.35,1.0,1.5,0.0,0.0,7.2,8.6,7.1,7.8,7.0,7.1,0.201,0.704
PL-2025-26-14023984,Jornada 29,2026-03-04,Man City,1,Nottm Forest,2,2,2.0,0.0,21,7,8,6,1,,,1.0,4.0,,,,,,5.0,6,1.0,14,83,,46,70,92.2,714,774,,,24,,,,6,,,,16.7,4,24,,6,,,10,6,4,,6,2,0.0,0,2.0,,,,,0.0,,,0.0,,10,,,1.0,1.0,9,4,2,3,0,,,0.0,2.0,,,,,,2.0,1,3.0,6,26,,13,30,81.8,269,329,,,18,,,,10,,,,18.2,2,11,,6,,,20,14,6,,27,2,0.0,0,3.0,,,,,2.0,,,4.0,,6,,,7.14,6.85,4-1-3-2,5-3-2,4.0,5.0,6.0,7.0,2.0,3.0,-0.84,-0.478,6.85,6.48,1.0,1.4,1.0,4.0,7.82,7.3,2.2,1.0,4.6,5.75,6.0,6.8,2.0,2.0,0.0,0.0,8.4,8.4,8.2,7.2,8.1,7.2,0.818,0.616
PL-2025-26-14023983,Jornada 29,2026-03-04,Newcastle,1,Man United,2,1,2.0,0.0,12,5,6,1,1,,,1.0,3.0,,,,,,3.0,2,,4,48,,23,45,76.4,291,381,,,32,,,,15,,,,33.3,5,15,,9,,,18,14,4,,30,1,0.0,0,4.0,,,,,0.0,,,4.0,1.0,15,,,1.0,0.0,14,5,4,5,0,,,2.0,4.0,,,,,,4.0,4,,7,49,,33,55,81.9,384,469,,,18,,,,15,,,,14.3,2,14,,9,,,12,9,3,,18,2,0.0,0,3.0,,,,,2.0,,,3.0,0.0,16,,,6.92,6.63,4-3-3,4-2-3-1,4.0,4.0,6.4,7.4,4.0,3.0,-0.276,0.533,6.8,6.375,1.75,0.75,6.0,3.25,6.867,7.133,1.0,2.667,4.667,5.0,7.3,6.2,2.333,2.0,0.333,0.0,7.9,7.5,7.9,7.4,7.7,7.4,0.708,0.543
PL-2025-26-14023981,Jornada 29,2026-03-05,Tottenham,1,Crystal Palace,1,3,1.0,0.0,12,4,3,5,0,,,0.0,2.0,,,,,,1.0,6,1.0,7,43,,23,40,77.8,242,311,,,19,,,,14,,,,41.7,5,12,,10,,,17,10,7,,28,3,0.0,0,1.0,,,,,0.0,,1.0,3.0,1.0,14,,,3.0,0.0,9,4,2,3,0,,,0.0,1.0,,,,,,3.0,3,1.0,3,51,,21,60,86.8,402,463,,,22,,,,13,,,,10.0,2,20,,6,,,24,13,11,,30,1,0.0,0,3.0,,,,,1.0,,1.0,2.0,0.0,14,,,6.45,7.09,3-4-2-1,3-4-2-1,3.0,3.0,6.2,6.7,1.0,3.0,-1.456,0.093,6.1,7.267,1.5,2.0,2.75,5.333,6.867,6.85,0.667,0.5,3.333,3.25,6.6,7.367,1.667,1.333,0.333,1.0,7.6,8.3,7.1,7.6,6.8,7.4,0.55,0.538
PL-2025-26-14023988,Jornada 30,2026-03-14,Burnley,1,Bournemouth,0,0,0.0,0.0,15,2,5,8,1,,,0.0,2.0,,,,,,3.0,5,1.0,7,56,,25,38,70.3,199,283,,,23,,,,5,,,,30.0,6,20,,3,,,13,8,5,,38,0,0.0,1,2.0,,,,,0.0,,,1.0,,11,,,0.0,0.0,22,3,10,9,1,,,1.0,7.0,,,,,,3.0,8,1.0,10,56,,32,62,80.0,377,471,,,15,,,,11,,,,26.9,7,26,,11,,,20,16,4,,42,0,0.0,1,2.0,,,,,1.0,,,0.0,,5,,,7.02,7.2,4-2-3-1,4-2-3-1,4.0,4.0,6.9,6.9,2.0,2.0,0.169,0.206,7.325,7.625,0.75,2.0,5.5,7.75,7.1,7.3,1.5,1.0,4.5,6.25,6.3,6.3,2.5,4.5,0.0,0.0,7.9,8.6,7.5,7.8,7.4,7.8,0.508,0.686
PL-2025-26-14023996,Jornada 30,2026-03-14,Sunderland,1,Brighton,0,1,0.0,0.0,14,4,5,5,0,,,1.0,5.0,,,,,,0.0,7,3.0,9,66,,28,48,78.7,332,422,,,22,,,,12,,,,5.0,1,20,,5,,,7,4,3,,22,1,0.0,0,3.0,,,,,,,1.0,1.0,,7,,,1.0,0.0,12,4,3,5,0,,,1.0,2.0,,,,,,1.0,3,1.0,7,54,,31,52,78.8,371,471,,,15,,,,7,,,,38.5,5,13,,12,,,26,17,9,,43,0,0.0,1,3.0,,,,,,,0.0,2.0,,12,,,6.67,7.2,4-1-4-1,4-2-3-1,4.0,4.0,7.1,7.5,3.0,3.0,0.334,0.72,6.625,7.45,0.75,2.75,3.5,7.25,6.7,7.04,0.4,1.2,3.6,4.8,6.3,6.7,1.0,2.0,0.0,0.0,7.2,8.0,7.1,8.0,7.1,7.5,0.391,0.539
PL-2025-26-14023987,Jornada 30,2026-03-14,Arsenal,1,Everton,2,0,2.0,0.0,25,7,9,9,0,,,2.0,11.0,,,,,,2.0,8,2.0,7,61,,40,65,86.6,503,581,,,14,,,,12,,,,19.0,4,21,,4,,,16,12,4,,29,0,0.0,1,3.0,,,,,,,2.0,,,11,,,0.0,0.0,9,3,2,4,1,,,2.0,2.0,,,,,,2.0,3,1.0,5,48,,15,35,74.1,238,321,,,14,,,,11,,,,22.2,2,9,,16,,,15,8,7,,33,2,0.0,0,4.0,,,,,,,0.0,,,12,,,7.11,6.56,4-2-3-1,4-2-3-1,4.0,4.0,7.3,6.1,3.0,4.0,0.428,0.238,7.4,6.433,1.5,1.0,5.0,6.667,7.025,6.733,1.75,0.667,2.75,3.667,6.6,6.4,2.0,1.0,0.0,0.0,7.9,7.3,7.9,7.2,7.3,7.0,0.45,0.46
PL-2025-26-14023990,Jornada 30,2026-03-14,Chelsea,1,Newcastle,0,1,0.0,0.0,22,3,10,9,1,,,2.0,10.0,,,,,,2.0,8,,5,55,,33,67,91.9,620,675,,,17,,,,10,,,,25.0,7,28,,9,,,11,6,5,,22,1,0.0,0,4.0,,,,,1.0,,0.0,2.0,,9,,,1.0,0.0,7,5,1,1,1,,,3.0,1.0,,,,,,1.0,1,,6,54,,12,33,78.2,259,331,,,17,,,,9,,,,16.7,2,12,,7,,,16,9,7,,29,0,0.0,1,3.0,,,,,4.0,,1.0,2.0,,10,,,6.88,7.07,4-2-3-1,4-2-3-1,4.0,4.0,6.9,6.9,4.0,3.0,0.482,0.44,6.8,7.275,0.2,1.0,3.6,4.5,7.133,6.85,2.0,2.5,3.333,3.5,6.7,7.025,3.5,1.0,0.0,0.25,7.6,7.9,7.3,7.8,7.2,7.4,0.338,0.475
PL-2025-26-14023993,Jornada 30,2026-03-14,West Ham,1,Man City,1,1,1.0,0.0,1,1,0,0,0,,,0.0,0.0,,,,,,1.0,1,3.0,5,32,,6,29,73.7,224,304,,,13,,,,5,,,,16.7,1,6,,12,,,25,15,10,,34,1,0.0,0,5.0,,,,,2.0,,,2.0,,14,,,1.0,0.0,24,6,11,7,1,,,0.0,4.0,,,,,,1.0,15,2.0,12,86,,40,71,90.6,684,755,,,21,,,,14,,,,30.3,10,33,,13,,,8,7,1,,16,1,0.0,0,0.0,,,,,0.0,,,2.0,,5,,,6.98,6.78,3-4-2-1,4-1-3-2,3.0,4.0,8.6,6.6,5.0,0.0,0.859,-0.009,6.96,6.78,2.0,0.6,4.0,2.6,6.833,6.967,0.333,2.0,2.667,4.0,6.45,6.6,0.0,3.0,0.0,0.0,8.7,7.8,8.6,7.2,7.2,7.1,0.854,0.457
PL-2025-26-14023991,Jornada 30,2026-03-15,Crystal Palace,1,Leeds,0,0,0.0,0.0,12,0,5,7,0,,,0.0,5.0,,,,,,0.0,8,5.0,5,68,,26,67,78.6,364,463,,,27,,,,11,,,,19.0,4,21,,3,,,9,8,1,,51,0,0.0,1,3.0,,,,,1.0,,1.0,2.0,0.0,12,,,0.0,0.0,10,3,4,3,0,,,1.0,2.0,,,,,,1.0,3,2.0,4,50,,20,33,62.3,142,228,,,18,,,,11,,,,28.6,4,14,,6,,,15,8,7,,55,0,0.0,1,0.0,,,,,1.0,,0.0,3.0,1.0,11,,,7.01,6.63,3-4-2-1,3-4-1-2,3.0,3.0,7.1,6.5,3.0,0.0,0.359,,7.833,6.64,1.0,1.4,11.667,7.8,6.933,7.067,0.0,1.333,3.0,3.0,6.425,6.0,0.5,1.5,0.0,0.0,7.9,8.1,7.8,7.2,7.8,7.1,0.579,0.674
PL-2025-26-14023994,Jornada 30,2026-03-15,Man United,1,Aston Villa,3,1,3.0,0.0,16,6,6,4,0,,,0.0,5.0,,,,,,3.0,6,1.0,4,56,,20,52,85.6,410,479,,,22,,,,5,,,,9.5,2,21,,12,,,19,9,10,,22,1,0.0,0,1.0,,,,,,,,3.0,,10,,,1.0,0.0,9,2,5,2,0,,,0.0,3.0,,,,,,3.0,6,1.0,5,51,,31,48,85.1,376,442,,,15,,,,10,,,,35.3,6,17,,8,,,16,10,6,,31,3,0.0,0,3.0,,,,,,,,2.0,,5,,,7.15,6.5,4-2-3-1,4-2-3-1,4.0,4.0,7.0,5.7,1.0,3.0,-0.16,-0.791,7.1,6.167,2.5,0.333,4.0,6.0,7.533,6.833,2.667,0.5,5.667,5.167,6.9,6.3,2.333,0.0,0.333,0.0,8.0,8.3,7.6,7.3,7.5,6.8,0.414,0.727
PL-2025-26-14023995,Jornada 30,2026-03-15,Nottm Forest,1,Fulham,0,0,0.0,0.0,11,2,4,5,1,,,2.0,4.0,,,,,,1.0,5,3.0,10,53,,18,46,80.0,321,401,,,28,,,,11,,,,21.4,3,14,,7,,,8,7,1,,22,0,0.0,1,1.0,,,,,,,,2.0,,8,,,0.0,0.0,6,1,3,2,0,,,0.0,1.0,,,,,,1.0,4,1.0,8,60,,15,54,79.7,378,474,,,26,,,,8,,,,16.7,3,18,,10,,,16,10,6,,22,0,0.0,1,2.0,,,,,,,,3.0,,11,,,6.86,6.87,4-2-3-1,4-2-3-1,4.0,4.0,6.7,7.2,1.0,2.0,0.288,0.441,7.0,7.1,1.0,1.5,4.75,4.75,6.86,6.7,0.8,0.4,4.2,2.0,6.5,6.5,1.0,0.0,0.0,0.0,7.3,7.4,7.1,7.3,7.0,7.2,0.238,0.333
PL-2025-26-14023992,Jornada 30,2026-03-15,Liverpool,1,Tottenham,1,1,0.0,1.0,17,4,7,6,1,,,1.0,5.0,,,,,,1.0,3,0.0,12,64,,45,63,84.1,465,553,,,21,,,,13,,,,15.0,3,20,,11,,,12,8,4,,17,1,0.0,0,6.0,,,,,,,1.0,,,8,,,1.0,0.0,13,7,3,3,0,,,3.0,3.0,,,,,,2.0,4,1.0,12,46,,18,37,72.8,233,320,,,26,,,,8,,,,33.3,4,12,,12,,,20,11,9,,36,1,0.0,0,3.0,,,,,,,0.0,,,13,,,7.03,6.83,4-2-3-1,4-4-2,4.0,4.0,7.0,6.6,6.0,3.0,0.943,0.183,6.7,6.7,1.25,1.4,2.75,5.4,7.08,6.75,1.4,0.5,5.2,6.5,8.1,7.167,3.0,2.0,0.0,0.333,8.3,8.0,8.1,7.2,7.4,7.0,0.668,0.461
PL-2025-26-15408501,Jornada 30,2026-03-16,Brentford,1,Wolves,2,2,2.0,0.0,10,3,7,0,1,,,1.0,0.0,,,,,,5.0,1,0.0,3,49,,23,50,76.7,336,438,,,24,,,,10,,,,50.0,7,14,,11,,,15,10,5,,25,2,0.0,0,2.0,,,,,1.0,,0.0,2.0,,12,,,1.0,1.0,13,4,6,3,2,,,0.0,3.0,,,,,,3.0,5,2.0,6,51,,28,50,80.8,346,428,,,30,,,,12,,,,25.9,7,27,,8,,,8,7,1,,27,2,0.0,0,1.0,,,,,1.0,,2.0,4.0,,10,,,7.03,6.57,4-1-4-1,3-4-2-1,4.0,3.0,6.4,6.6,2.0,1.0,-0.763,-0.165,7.125,6.275,0.5,0.75,3.75,4.25,7.16,6.825,1.0,1.75,4.2,4.0,6.6,6.65,3.0,2.0,1.0,0.5,8.7,7.4,7.7,7.2,7.7,6.9,0.72,0.447
PL-2025-26-14025018,Jornada 31,2026-02-18,Wolves,1,Arsenal,2,2,1.0,1.0,5,2,3,0,0,,,0.0,2.0,,,,,,1.0,1,1.0,2,45,,10,43,74.5,269,361,,,24,,,,8,,,,21.4,3,14,,8,,,26,14,12,,18,2,0.0,0,2.0,,,,,2.0,,1.0,2.0,,6,,,2.0,0.0,10,4,4,2,0,,,0.0,1.0,,,,,,3.0,3,3.0,14,81,,31,57,81.3,395,486,,,12,,,,6,,,,28.6,6,21,,13,,,20,12,8,,25,2,0.0,0,0.0,,,,,0.0,,0.0,1.0,,8,,,6.53,6.78,3-4-2-1,4-2-3-1,3.0,4.0,6.4,5.3,2.0,0.0,-0.739,-0.863,7.025,6.95,3.75,1.5,1.75,4.0,6.225,7.0,0.5,0.333,3.5,4.667,6.2,6.833,0.5,1.0,0.0,0.333,8.1,8.1,7.1,8.1,6.9,7.7,0.597,0.877
PL-2025-26-14023997,Jornada 31,2026-03-20,Bournemouth,1,Man United,2,2,2.0,0.0,16,5,7,4,1,,,3.0,7.0,,,,,,2.0,6,2.0,7,72,,23,55,84.9,426,502,,,19,,,,8,,,,9.1,2,22,,9,,,13,8,5,,24,2,0.0,0,4.0,,,,,1.0,,0.0,2.0,0.0,10,,,1.0,0.0,14,5,2,7,0,,,1.0,5.0,,,,,,2.0,8,0.0,3,44,,27,45,77.1,320,415,,,20,,,,9,,,,20.0,3,15,,12,,,16,10,6,,30,2,0.0,0,3.0,,,,,3.0,,1.0,2.0,1.0,9,,,6.87,6.6,4-2-3-1,4-2-3-1,4.0,4.0,7.7,6.9,4.0,3.0,-0.631,-0.539,6.3,6.075,1.0,1.25,3.0,4.75,7.25,6.933,1.25,1.667,4.25,4.0,6.85,6.867,0.5,1.667,0.0,0.0,7.9,7.9,7.7,7.4,7.6,6.9,0.633,0.624
PL-2025-26-14024015,Jornada 31,2026-03-21,Brighton,1,Liverpool,2,1,2.0,0.0,16,7,7,2,0,,,2.0,3.0,,,,,,5.0,4,2.0,6,58,,32,47,78.2,297,380,,,23,,,,11,,,,37.5,6,16,,7,,,11,6,5,,25,1,0.0,0,4.0,,,,,1.0,,1.0,5.0,,11,,,1.0,0.0,12,5,4,3,0,,,0.0,2.0,,,,,,1.0,8,1.0,10,46,,29,53,80.3,346,431,,,24,,,,11,,,,27.8,5,18,,12,,,12,6,6,,30,2,0.0,0,4.0,,,,,0.0,,0.0,5.0,,11,,,7.01,6.69,4-2-3-1,4-3-1-2,4.0,4.0,7.4,6.4,4.0,4.0,0.012,0.454,6.65,6.425,1.0,1.0,3.75,4.0,7.02,6.98,1.6,1.2,3.8,4.6,8.0,6.6,3.0,0.0,2.0,0.0,8.0,7.5,7.4,7.2,7.3,7.1,0.452,0.385
PL-2025-26-14024016,Jornada 31,2026-03-21,Fulham,1,Burnley,3,1,3.0,0.0,22,6,10,6,0,,,1.0,4.0,,,,,,4.0,6,1.0,3,68,,42,56,85.3,442,518,,,30,,,,8,,,,22.7,5,22,,6,,,18,13,5,,25,1,0.0,0,4.0,,,,,0.0,,,2.0,0.0,6,,,1.0,0.0,9,5,1,3,0,,,2.0,1.0,,,,,,4.0,6,0.0,3,57,,16,44,83.1,343,413,,,36,,,,6,,,,22.2,4,18,,7,,,13,6,7,,24,3,0.0,0,3.0,,,,,4.0,,,2.0,1.0,9,,,7.28,6.67,4-2-3-1,4-2-3-1,4.0,4.0,7.3,7.2,4.0,3.0,0.174,0.158,7.1,6.55,2.25,2.0,4.0,4.25,7.44,6.575,1.6,0.5,4.4,3.75,7.2,6.85,4.0,1.5,0.0,0.5,8.0,7.4,8.0,7.4,7.9,7.2,0.473,0.479
PL-2025-26-14024017,Jornada 31,2026-03-21,Everton,1,Chelsea,3,0,3.0,0.0,10,9,0,1,0,,,1.0,0.0,,,,,,2.0,3,,8,43,,25,36,81.1,318,392,,,20,,,,7,,,,33.3,6,18,,7,,,22,11,11,,29,0,0.0,1,4.0,,,,,,,1.0,0.0,,6,,,0.0,0.0,12,4,4,4,1,,,0.0,3.0,,,,,,2.0,9,,9,65,,32,64,89.4,617,690,,,15,,,,6,,,,4.2,1,24,,7,,,15,7,8,,22,3,0.0,0,5.0,,,,,,,1.0,2.0,,7,,,7.62,6.44,4-2-3-1,4-2-3-1,4.0,4.0,7.9,6.1,4.0,5.0,1.067,-0.972,7.275,6.325,1.75,1.0,5.0,4.25,7.56,6.58,0.8,0.6,5.0,3.8,9.0,6.5,3.0,2.0,2.0,0.0,9.0,6.8,8.0,6.7,7.9,6.6,0.565,0.277
PL-2025-26-14024018,Jornada 31,2026-03-21,Leeds,1,Brentford,0,0,0.0,0.0,14,4,3,7,0,,,2.0,5.0,,,,,,,6,1.0,5,55,,33,57,80.0,369,461,,,26,,,,9,,,,15.6,5,32,,8,,,15,6,9,,38,0,0.0,1,2.0,,,,,,,0.0,2.0,,6,,,0.0,0.0,6,2,3,1,0,,,0.0,2.0,,,,,,,2,3.0,7,56,,19,43,65.4,234,358,,,16,,,,6,,,,38.5,5,13,,7,,,11,8,3,,47,0,0.0,1,4.0,,,,,,,2.0,0.0,,9,,,7.05,6.91,3-4-1-2,5-3-2,3.0,5.0,7.2,7.1,2.0,4.0,0.188,0.724,7.3,7.1,1.4,0.6,6.2,5.8,7.067,6.625,1.333,0.0,5.0,3.5,6.3,6.9,1.0,1.0,0.0,0.0,8.2,7.5,7.5,7.2,7.5,7.1,0.613,0.303
PL-2025-26-14024021,Jornada 31,2026-03-22,Newcastle,1,Sunderland,1,2,1.0,0.0,16,4,8,4,1,,,2.0,6.0,,,,,,1.0,9,1.0,4,49,,22,60,81.4,328,403,,,19,,,,19,,,,30.4,7,23,,6,,,13,9,4,,38,2,0.0,0,4.0,,,,,1.0,,1.0,1.0,,8,,,2.0,0.0,17,7,5,5,0,,,1.0,5.0,,,,,,3.0,5,0.0,5,43,,30,40,71.4,187,262,,,13,,,,8,,,,26.1,6,23,,4,,,17,14,3,,32,1,0.0,0,3.0,,,,,0.0,,0.0,6.0,,19,,,7.05,6.71,4-2-3-1,4-1-4-1,4.0,4.0,7.7,6.8,4.0,3.0,0.538,-0.456,7.075,6.65,0.5,1.5,5.5,5.25,6.9,7.0,0.0,1.0,5.5,3.0,6.95,5.4,1.75,3.0,0.25,1.0,8.1,7.7,7.7,7.4,7.4,7.2,0.485,0.637
PL-2025-26-14024014,Jornada 31,2026-03-22,Aston Villa,1,West Ham,2,0,1.0,1.0,23,7,9,7,0,,,2.0,7.0,,,,,,3.0,6,0.0,6,64,,35,59,89.2,452,507,,,22,,,,7,,,,29.4,5,17,,4,,,18,13,5,,17,0,0.0,1,1.0,,,,,1.0,,0.0,0.0,,3,,,0.0,0.0,9,1,3,5,0,,,0.0,1.0,,,,,,1.0,6,4.0,9,35,,19,41,82.7,283,342,,,23,,,,3,,,,31.6,6,19,,10,,,13,8,5,,21,2,0.0,0,4.0,,,,,1.0,,1.0,1.0,,7,,,7.46,6.71,4-2-3-1,4-3-3,4.0,4.0,7.2,6.4,1.0,4.0,0.156,-0.578,7.525,6.95,1.5,1.75,2.25,3.0,7.5,6.6,2.2,1.0,2.6,1.75,7.3,6.6,5.0,1.5,1.0,0.0,7.9,8.6,7.8,6.8,7.7,6.7,0.26,0.624
PL-2025-26-14024020,Jornada 31,2026-03-22,Tottenham,1,Nottm Forest,0,3,0.0,0.0,14,3,5,6,1,,,2.0,5.0,,,,,,3.0,13,2.0,13,61,,27,59,79.5,365,459,,,14,,,,13,,,,19.4,6,31,,7,,,19,11,8,,14,3,0.0,0,4.0,,,,,,,0.0,1.0,,13,,,3.0,0.0,8,7,0,1,0,,,1.0,1.0,,,,,,3.0,3,0.0,6,48,,16,41,75.0,252,336,,,21,,,,13,,,,27.3,3,11,,9,,,21,14,7,,40,0,0.0,1,3.0,,,,,,,1.0,2.0,,13,,,6.68,7.33,4-4-2,4-2-3-1,4.0,4.0,7.0,7.8,4.0,3.0,-0.828,1.225,6.62,7.55,1.8,1.75,2.2,6.25,6.75,7.04,1.5,1.0,4.5,4.4,6.633,7.4,1.667,2.0,0.0,1.0,7.1,8.0,7.1,8.0,7.0,7.8,0.327,0.427
PL-2025-26-15999228,Jornada 31,2026-05-13,Man City,1,Crystal Palace,3,0,3.0,0.0,15,4,8,3,0,,,0.0,5.0,,,,,,3.0,9,0.0,11,73,,40,73,89.1,662,743,,,21,,,,7,,,,22.2,4,18,,7,,,11,5,6,,6,0,0.0,1,2.0,,,,,2.0,,,0.0,,10,,,0.0,0.0,6,2,2,2,0,,,0.0,0.0,,,,,,0.0,4,4.0,0,24,,9,27,76.9,216,281,,,18,,,,10,,,,28.6,2,7,,5,,,28,14,14,,40,3,0.0,0,1.0,,,,,0.0,,,2.0,,7,,,7.33,6.48,4-2-2-2,5-4-1,4.0,5.0,7.3,6.2,2.0,1.0,0.289,-1.012,7.14,6.3,0.6,2.667,1.0,8.0,7.575,6.675,1.25,0.25,3.5,4.0,7.3,6.5,3.0,0.333,1.0,0.0,9.0,7.2,7.9,7.2,7.7,6.7,0.645,0.437
PL-2025-26-14025029,Jornada 32,2026-04-10,West Ham,1,Wolves,4,0,4.0,0.0,18,7,7,4,1,,,1.0,3.0,,,,,,6.0,5,0.0,5,53,,24,44,81.1,288,355,,,28,,,,7,,,,23.5,4,17,,5,,,23,9,14,,21,0,0.0,1,4.0,,,,,0.0,,0.0,2.0,,11,,,0.0,0.0,14,3,8,3,1,,,2.0,3.0,,,,,,0.0,2,1.0,10,40,,22,56,86.2,393,456,,,8,,,,11,,,,17.6,3,17,,8,,,17,10,7,,19,4,0.0,0,3.0,,,,,2.0,,1.0,2.0,,7,,,7.57,6.34,4-4-1-1,3-5-1-1,4.0,3.0,7.5,6.1,4.0,3.0,0.45,-0.551,7.925,6.35,2.75,1.5,3.0,3.75,7.125,6.44,1.75,0.8,3.5,3.2,7.8,6.0,3.0,3.0,1.0,0.0,9.7,7.1,8.8,6.8,7.8,6.7,0.888,0.37
PL-2025-26-14025021,Jornada 32,2026-04-11,Arsenal,1,Bournemouth,1,2,1.0,0.0,15,3,4,8,0,,,1.0,4.0,,,,,,5.0,10,2.0,9,47,,33,52,80.7,314,389,,,21,,,,17,,,,22.7,5,22,,7,,,17,11,6,,23,2,0.0,0,1.0,,,,,2.0,,0.0,1.0,,12,,,2.0,0.0,8,3,3,2,0,,,0.0,3.0,,,,,,2.0,1,0.0,8,50,,18,48,79.6,292,367,,,13,,,,12,,,,12.5,1,8,,9,,,20,11,9,,28,1,0.0,0,2.0,,,,,1.0,,3.0,3.0,,18,,,6.66,6.79,4-2-3-1,4-2-3-1,4.0,4.0,6.1,6.0,1.0,2.0,-0.587,0.081,6.725,6.95,1.5,2.75,4.0,4.25,7.1,7.025,0.667,0.75,2.333,3.75,6.333,6.4,2.0,1.5,0.333,0.5,7.8,8.2,6.9,7.3,6.9,6.9,0.456,0.548
PL-2025-26-14025022,Jornada 32,2026-04-11,Brentford,1,Everton,2,2,2.0,0.0,17,4,7,6,2,,,0.0,5.0,,,,,,4.0,2,0.0,8,70,,35,55,83.2,380,457,,,38,,,,6,,,,40.9,9,22,,8,,,15,8,7,,30,2,0.0,0,4.0,,,,,1.0,,2.0,0.0,,6,,,2.0,0.0,14,7,3,4,0,,,0.0,5.0,,,,,,2.0,3,1.0,2,54,,22,45,80.9,304,376,,,14,,,,6,,,,10.0,2,20,,7,,,16,9,7,,44,2,0.0,0,2.0,,,,,1.0,,0.0,2.0,,7,,,7.03,6.62,4-2-3-1,4-2-3-1,4.0,4.0,7.3,5.6,4.0,2.0,0.186,-0.369,6.8,6.675,1.5,1.25,5.0,7.5,6.96,6.72,1.2,1.4,4.8,5.6,8.0,6.9,3.0,2.0,2.0,1.0,8.0,7.6,7.8,6.9,7.3,6.9,0.463,0.488
PL-2025-26-14024002,Jornada 32,2026-04-11,Burnley,1,Brighton,0,2,0.0,0.0,10,5,3,2,0,,,0.0,2.0,,,,,,1.0,8,2.0,12,51,,15,50,81.5,387,475,,,28,,,,11,,,,27.3,6,22,,10,,,11,6,5,,25,2,0.0,0,3.0,,,,,0.0,,,2.0,,7,,,1.0,1.0,13,6,3,4,0,,,0.0,3.0,,,,,,1.0,2,1.0,7,55,,39,50,83.2,397,477,,,19,,,,7,,,,50.0,8,16,,18,,,29,19,10,,26,0,0.0,1,4.0,,,,,1.0,,,1.0,,11,,,6.84,7.45,4-2-3-1,4-2-3-1,4.0,4.0,7.9,8.8,3.0,4.0,0.502,1.092,6.95,7.825,1.25,3.25,4.75,4.5,6.425,7.14,1.5,1.8,3.75,6.0,6.9,6.1,3.0,4.0,0.0,0.0,7.9,9.5,7.8,8.8,7.2,7.5,0.571,0.926
PL-2025-26-14024000,Jornada 32,2026-04-11,Liverpool,1,Fulham,2,0,2.0,0.0,18,5,7,6,0,,,1.0,3.0,,,,,,4.0,6,4.0,5,45,,47,53,87.6,447,510,,,29,,,,4,,,,11.8,2,17,,7,,,17,11,6,,26,0,0.0,1,4.0,,,,,1.0,,1.0,,,10,,,0.0,0.0,19,4,7,8,0,,,1.0,5.0,,,,,,2.0,9,2.0,6,44,,42,47,85.3,371,435,,,24,,,,10,,,,36.7,11,30,,15,,,20,11,9,,28,2,0.0,0,3.0,,,,,1.0,,0.0,,,4,,,7.44,6.9,4-2-3-1,4-2-3-1,4.0,4.0,7.3,7.2,4.0,3.0,0.275,-0.383,7.15,7.0,0.5,2.75,3.75,4.5,7.44,6.82,1.6,1.0,3.8,2.8,8.7,6.6,2.0,3.0,1.0,0.0,8.7,7.2,8.3,7.2,7.9,7.1,0.651,0.252
PL-2025-26-14023999,Jornada 32,2026-04-12,Crystal Palace,1,Newcastle,2,1,2.0,0.0,11,5,3,3,1,,,1.0,1.0,,,,,,4.0,2,1.0,1,60,,21,41,79.7,303,380,,,23,,,,11,,,,35.7,5,14,,12,,,21,13,8,,41,1,0.0,0,2.0,,,,,0.0,,1.0,0.0,,17,,,1.0,0.0,7,3,1,3,0,,,0.0,1.0,,,,,,2.0,4,0.0,8,64,,14,59,80.6,437,542,,,20,,,,17,,,,5.0,1,20,,12,,,6,4,2,,16,2,0.0,0,3.0,,,,,1.0,,0.0,3.0,,12,,,6.87,6.63,3-4-3,4-3-3,3.0,4.0,6.3,6.7,2.0,3.0,0.226,1.221,6.8,6.575,1.667,0.75,7.333,3.75,6.95,6.467,0.75,0.667,4.75,4.667,7.033,6.833,1.0,1.333,0.0,0.333,8.1,7.6,7.5,7.2,7.2,6.8,0.534,0.455
PL-2025-26-14025025,Jornada 32,2026-04-12,Nottm Forest,1,Aston Villa,1,1,0.0,1.0,15,4,6,5,0,,,2.0,3.0,,,,,,1.0,7,1.0,5,41,,35,41,82.7,278,336,,,19,,,,10,,,,27.3,6,22,,9,,,15,12,3,,21,1,0.0,0,5.0,,,,,0.0,,,2.0,,15,,,0.0,0.0,12,5,7,1,1,,,2.0,2.0,,,,,,3.0,3,2.0,10,50,,22,59,88.2,442,501,,,21,,,,15,,,,21.4,3,14,,8,,,15,6,9,,12,1,0.0,0,4.0,,,,,1.0,,,2.0,,10,,,6.93,6.65,4-2-3-1,4-2-3-1,4.0,4.0,7.4,6.3,5.0,4.0,-0.219,-0.474,7.125,6.55,2.25,1.5,3.0,1.25,6.78,6.94,1.4,1.0,5.0,4.6,6.4,6.0,2.0,1.0,0.0,0.0,8.1,7.4,7.7,7.1,7.6,7.0,0.672,0.416
PL-2025-26-14025026,Jornada 32,2026-04-12,Sunderland,1,Tottenham,1,0,0.0,1.0,13,2,8,3,0,,,0.0,4.0,,,,,,3.0,2,,8,63,,20,52,78.9,318,403,,,19,,,,15,,,,33.3,6,18,,9,,,22,13,9,,22,0,0.0,1,7.0,,,,,,,0.0,3.0,,14,,,0.0,0.0,11,7,3,1,0,,,0.0,0.0,,,,,,1.0,6,,5,39,,25,48,82.5,301,365,,,22,,,,14,,,,33.3,8,24,,8,,,10,5,5,,28,1,0.0,0,1.0,,,,,,,1.0,3.0,,15,,,7.33,6.55,4-2-3-1,4-2-3-1,4.0,4.0,8.6,6.3,7.0,1.0,1.82,-0.39,7.5,6.75,2.25,1.25,3.75,4.25,7.32,6.333,1.4,0.333,4.2,2.667,5.4,6.567,2.0,2.333,0.0,0.0,8.6,7.1,8.3,6.8,8.0,6.8,0.865,0.358
PL-2025-26-14023998,Jornada 32,2026-04-12,Chelsea,1,Man City,0,3,0.0,0.0,12,3,4,5,0,,,1.0,4.0,,,,,,1.0,4,6.0,7,42,,15,37,84.0,342,407,,,12,,,,15,,,,44.4,4,9,,5,,,21,10,11,,21,3,0.0,0,5.0,,,,,0.0,,0.0,3.0,,10,,,3.0,0.0,18,8,4,6,0,,,1.0,3.0,,,,,,3.0,12,0.0,11,70,,47,63,91.5,627,685,,,20,,,,10,,,,27.3,6,22,,8,,,20,8,12,,10,0,0.0,1,3.0,,,,,1.0,,1.0,1.0,,15,,,6.55,7.48,4-2-3-1,4-2-3-1,4.0,4.0,7.7,7.9,5.0,3.0,0.499,1.142,6.4,8.1,3.5,1.75,3.75,1.25,6.38,7.14,1.4,0.8,4.0,3.8,6.9,6.3,3.0,4.0,0.0,0.0,7.7,9.2,6.9,8.1,6.9,7.9,0.5,0.824
PL-2025-26-14025024,Jornada 32,2026-04-13,Man United,1,Leeds,1,2,1.0,0.0,20,9,5,6,0,,,1.0,4.0,,,,,,1.0,11,1.0,7,53,,36,53,84.5,420,497,,,29,,,,15,,,,24.0,6,25,,15,,,18,13,5,,25,2,0.0,0,3.0,,,,,0.0,,0.0,3.0,1.0,12,,,1.0,1.0,15,6,4,5,0,,,0.0,3.0,,,,,,4.0,4,0.0,9,59,,32,47,83.0,376,453,,,31,,,,12,,,,47.1,8,17,,7,,,12,8,4,,37,1,0.0,0,6.0,,,,,1.0,,2.0,2.0,0.0,15,,,7.11,7.35,4-2-3-1,3-4-2-1,4.0,3.0,7.3,8.2,3.0,6.0,-0.562,0.8,7.025,7.32,1.75,1.4,3.75,5.2,7.7,7.0,3.0,2.333,3.333,4.0,6.567,7.5,3.0,3.5,0.0,1.0,7.9,8.8,7.9,8.2,7.8,7.7,0.555,0.724
PL-2025-26-14025031,Jornada 33,2026-04-18,Brentford,1,Fulham,0,0,0.0,0.0,13,4,6,3,0,,,1.0,0.0,,,,,,4.0,9,1.0,7,58,,22,48,79.3,310,391,,,16,,,,13,,,,36.4,8,22,,3,,,12,7,5,,15,0,0.0,1,0.0,,,,,2.0,,0.0,0.0,,8,,,0.0,0.0,11,0,5,6,0,,,0.0,3.0,,,,,,1.0,3,1.0,5,41,,20,52,81.6,355,435,,,16,,,,8,,,,15.4,2,13,,5,,,13,10,3,,22,0,0.0,1,4.0,,,,,1.0,,2.0,1.0,,13,,,6.95,6.83,4-2-3-1,4-2-3-1,4.0,4.0,6.5,7.2,0.0,4.0,,0.272,7.025,6.85,0.5,1.0,2.75,2.0,7.04,6.8,2.0,1.2,4.6,2.8,6.7,6.5,2.0,0.0,0.0,0.0,7.8,7.3,7.4,7.2,7.4,7.1,0.403,0.286
PL-2025-26-14025036,Jornada 33,2026-04-18,Leeds,1,Wolves,3,0,3.0,0.0,17,6,7,4,0,,,0.0,2.0,,,,,,7.0,5,0.0,5,51,,29,56,81.3,378,465,,,24,,,,16,,,,23.5,4,17,,15,,,12,6,6,,22,0,0.0,1,1.0,,,,,1.0,,0.0,2.0,,9,,,0.0,0.0,7,2,2,3,0,,,0.0,0.0,,,,,,2.0,6,1.0,5,48,,19,44,73.9,264,357,,,29,,,,9,,,,22.2,4,18,,4,,,23,13,10,,35,3,0.0,0,3.0,,,,,1.0,,1.0,1.0,,17,,,7.33,6.62,3-4-2-1,3-4-2-1,3.0,3.0,6.8,6.8,1.0,3.0,0.295,-0.493,7.14,6.575,2.2,3.0,3.2,5.75,7.2,6.6,1.667,0.0,4.667,3.0,8.25,6.7,3.0,2.0,1.0,0.0,8.7,7.0,8.5,7.0,8.0,6.9,0.719,0.289
PL-2025-26-14025040,Jornada 33,2026-04-18,Newcastle,1,Bournemouth,1,2,1.0,0.0,12,3,4,5,0,,,0.0,1.0,,,,,,2.0,2,1.0,7,66,,41,54,79.4,346,436,,,22,,,,12,,,,26.3,5,19,,2,,,15,8,7,,25,2,0.0,0,1.0,,,,,0.0,,1.0,2.0,,11,,,2.0,0.0,12,3,6,3,0,,,0.0,4.0,,,,,,4.0,3,1.0,7,56,,23,46,74.6,288,386,,,17,,,,11,,,,33.3,4,12,,6,,,25,14,11,,27,1,0.0,0,2.0,,,,,1.0,,0.0,4.0,,12,,,6.75,7.09,4-3-3,4-2-3-1,4.0,4.0,6.3,6.6,1.0,2.0,0.012,0.124,6.8,7.25,1.5,2.75,4.25,4.25,6.8,7.475,0.667,1.5,2.667,5.5,6.8,6.25,1.333,2.0,0.333,0.0,7.4,8.4,7.1,7.6,7.0,7.6,0.329,0.633
PL-2025-26-14025042,Jornada 33,2026-04-18,Tottenham,1,Brighton,2,2,1.0,1.0,13,6,4,3,1,,,0.0,2.0,,,,,,3.0,7,2.0,13,34,,32,42,80.2,263,328,,,12,,,,14,,,,21.4,3,14,,11,,,14,10,4,,32,2,0.0,0,1.0,,,,,,,1.0,3.0,,14,,,2.0,0.0,10,3,4,3,1,,,0.0,2.0,,,,,,2.0,5,0.0,5,59,,30,58,83.7,364,435,,,14,,,,14,,,,28.6,8,28,,8,,,14,7,7,,28,2,0.0,0,4.0,,,,,,,1.0,1.0,,14,,,6.84,6.55,4-3-3,4-2-3-1,4.0,4.0,6.4,6.3,1.0,4.0,-0.941,-0.397,6.675,6.425,1.5,0.75,4.5,5.25,7.075,6.78,0.75,1.0,3.75,2.6,6.9,6.2,1.5,2.0,0.0,0.0,8.3,7.8,7.7,7.1,7.3,7.0,0.668,0.573
PL-2025-26-14025032,Jornada 33,2026-04-18,Chelsea,1,Man United,0,1,0.0,0.0,21,3,5,13,3,,,1.0,9.0,,,,,,0.0,7,2.0,5,75,,40,59,89.4,541,605,,,30,,,,13,,,,28.6,8,28,,10,,,10,6,4,,14,1,0.0,0,1.0,,,,,,,,1.0,,12,,,1.0,0.0,4,1,1,2,0,,,0.0,3.0,,,,,,1.0,1,0.0,2,36,,10,41,84.0,362,431,,,15,,,,12,,,,9.1,1,11,,6,,,16,11,5,,29,0,0.0,1,3.0,,,,,,,,3.0,,13,,,6.85,7.11,4-2-3-1,4-2-3-1,4.0,4.0,6.5,7.1,1.0,3.0,-0.207,0.704,6.85,7.325,1.0,2.0,3.0,4.0,7.0,7.133,1.6,1.0,3.0,4.0,6.4,6.8,2.0,1.0,0.0,0.333,7.6,8.0,7.0,7.4,7.0,7.3,0.326,0.399
PL-2025-26-14025030,Jornada 33,2026-04-19,Aston Villa,1,Sunderland,4,3,4.0,0.0,15,7,5,3,1,,,1.0,4.0,,,,,,7.0,4,0.0,6,41,,26,50,84.6,341,403,,,31,,,,11,,,,37.5,6,16,,5,,,10,6,4,,20,3,0.0,0,4.0,,,,,1.0,,,1.0,,11,,,3.0,0.0,10,7,2,1,0,,,0.0,0.0,,,,,,3.0,5,3.0,5,48,,16,50,83.7,340,406,,,13,,,,11,,,,25.0,4,16,,7,,,14,9,5,,23,4,0.0,0,3.0,,,,,0.0,,,3.0,,11,,,7.15,6.35,4-2-3-1,4-2-3-1,4.0,4.0,7.0,5.8,4.0,3.0,-0.068,-0.441,6.425,6.025,0.75,0.75,2.75,3.75,7.44,6.74,1.2,1.2,2.4,5.0,8.7,6.3,4.0,1.0,2.0,0.0,9.0,7.5,8.7,6.8,7.6,6.5,0.903,0.477
PL-2025-26-14025035,Jornada 33,2026-04-19,Everton,1,Liverpool,1,2,1.0,0.0,10,4,5,1,0,,,0.0,3.0,,,,,,2.0,1,4.0,4,64,,20,44,76.4,288,377,,,25,,,,12,,,,25.0,4,16,,10,,,29,18,11,,28,2,0.0,0,3.0,,,,,0.0,,,2.0,,8,,,2.0,0.0,14,6,4,4,0,,,1.0,6.0,,,,,,2.0,6,0.0,5,61,,18,56,82.9,413,498,,,15,,,,8,,,,20.0,2,10,,10,,,12,8,4,,25,1,0.0,0,3.0,,,,,1.0,,,0.0,,12,,,6.95,6.83,4-2-3-1,4-2-3-1,4.0,4.0,6.6,6.9,3.0,2.0,-0.542,0.454,6.85,6.967,2.0,1.333,5.0,5.333,7.02,6.817,1.0,1.833,5.4,5.167,7.3,6.4,4.0,1.0,1.0,0.0,7.7,7.5,7.4,7.5,7.3,7.2,0.363,0.431
PL-2025-26-14025041,Jornada 33,2026-04-19,Nottm Forest,1,Burnley,4,1,4.0,0.0,10,4,4,2,0,,,0.0,2.0,,,,,,2.0,4,2.0,9,60,,24,51,82.1,389,474,,,21,,,,12,,,,25.0,5,20,,5,,,22,8,14,,17,1,0.0,0,2.0,,,,,1.0,,0.0,0.0,,8,,,1.0,0.0,4,3,0,1,0,,,1.0,0.0,,,,,,1.0,4,0.0,2,51,,12,49,81.7,370,453,,,23,,,,8,,,,28.6,4,14,,13,,,22,11,11,,34,4,0.0,0,1.0,,,,,3.0,,1.0,2.0,,12,,,7.08,6.21,4-2-3-1,4-2-3-1,4.0,4.0,6.7,5.2,2.0,0.0,0.293,-2.35,6.8,6.075,1.75,2.25,2.5,6.5,7.52,6.175,0.6,0.5,4.4,2.5,6.4,7.05,1.0,0.5,0.0,0.5,10.0,7.5,7.4,6.6,7.3,6.4,1.021,0.533
PL-2025-26-14025039,Jornada 33,2026-04-19,Man City,1,Arsenal,2,1,2.0,0.0,15,5,5,5,2,,,0.0,2.0,,,,,,5.0,8,0.0,9,44,,40,59,85.1,424,498,,,24,,,,12,,,,18.8,3,16,,9,,,12,10,2,,27,1,0.0,0,1.0,,,,,,,1.0,2.0,,5,,,1.0,0.0,9,3,3,3,2,,,0.0,1.0,,,,,,5.0,5,4.0,3,50,,14,41,75.3,262,348,,,22,,,,5,,,,16.7,2,12,,9,,,22,14,8,,26,2,0.0,0,2.0,,,,,,,0.0,2.0,,12,,,7.12,6.62,4-2-3-1,4-3-3,4.0,4.0,6.1,6.4,1.0,2.0,0.317,-0.635,7.2,6.7,1.25,2.25,3.5,4.0,7.2,6.48,0.8,1.0,4.0,4.4,7.4,7.2,5.0,5.0,1.0,1.0,8.3,7.2,8.2,6.9,7.7,6.9,0.728,0.295
PL-2025-26-14025034,Jornada 33,2026-04-20,Crystal Palace,1,West Ham,0,0,0.0,0.0,9,1,7,1,0,,,0.0,4.0,,,,,,1.0,4,0.0,4,60,,18,54,81.5,370,454,,,16,,,,12,,,,16.7,4,24,,5,,,13,10,3,,41,0,0.0,1,3.0,,,,,1.0,,2.0,2.0,,13,,,0.0,0.0,9,4,3,2,0,,,0.0,2.0,,,,,,1.0,6,2.0,10,54,,28,46,74.0,271,366,,,19,,,,13,,,,13.3,4,30,,6,,,16,13,3,,30,0,0.0,1,1.0,,,,,1.0,,0.0,1.0,,12,,,7.01,6.89,3-4-2-1,4-4-1-1,3.0,4.0,6.8,6.9,3.0,1.0,0.198,0.049,7.8,6.925,1.333,1.5,9.0,5.5,6.925,7.15,0.5,0.25,4.5,5.75,6.4,6.3,1.333,2.0,0.0,0.0,8.2,7.8,8.0,7.3,7.3,7.1,0.608,0.423
PL-2025-26-14024001,Jornada 34,2026-04-21,Brighton,1,Chelsea,3,0,3.0,0.0,15,9,4,2,0,,,1.0,1.0,,,,,,5.0,6,0.0,5,58,,31,53,85.7,456,532,,,21,,,,6,,,,13.0,3,23,,8,,,14,8,6,,20,0,0.0,1,0.0,,,,,2.0,,,1.0,,15,,,0.0,0.0,6,0,2,4,0,,,0.0,3.0,,,,,,0.0,5,4.0,8,44,,15,47,84.2,400,475,,,15,,,,15,,,,16.7,2,12,,8,,,7,3,4,,25,3,0.0,0,4.0,,,,,2.0,,,1.0,,6,,,7.31,6.52,4-2-3-1,5-4-1,4.0,5.0,7.0,7.3,0.0,4.0,,0.216,7.7,6.48,1.0,0.8,2.5,3.2,7.1,6.4,1.833,0.25,3.833,2.75,,6.4,,0.0,,0.0,9.0,7.3,7.7,6.8,7.6,6.7,0.637,0.351
PL-2025-26-14025044,Jornada 34,2026-04-22,Bournemouth,1,Leeds,2,2,2.0,0.0,17,7,5,5,1,,,2.0,3.0,,,,,,4.0,12,1.0,11,71,,45,60,79.9,378,473,,,26,,,,10,,,,34.4,11,32,,13,,,10,6,4,,24,2,0.0,0,2.0,,,,,1.0,,0.0,3.0,,6,,,1.0,0.0,10,3,5,2,2,,,0.0,0.0,,,,,,1.0,1,1.0,8,53,,27,40,74.9,236,315,,,23,,,,6,,,,23.1,3,13,,6,,,22,14,8,,62,2,0.0,0,5.0,,,,,1.0,,2.0,0.0,,10,,,6.84,6.87,4-2-3-1,3-4-2-1,4.0,3.0,6.4,6.8,2.0,5.0,-1.053,0.024,6.925,7.08,2.0,2.4,3.75,7.0,6.75,6.933,1.5,1.333,5.25,5.0,7.05,6.3,1.5,1.0,0.5,0.0,8.3,7.7,7.4,7.2,7.4,7.2,0.698,0.405
PL-2025-26-14024003,Jornada 34,2026-04-22,Burnley,1,Man City,0,1,0.0,0.0,9,1,4,4,0,,,0.0,3.0,,,,,,1.0,3,4.0,6,28,,21,35,78.9,281,356,,,18,,,,12,,,,22.2,2,9,,12,,,24,13,11,,29,1,0.0,0,8.0,,,,,,,1.0,,,10,,,1.0,0.0,28,9,9,10,2,,,3.0,6.0,,,,,,4.0,11,1.0,11,59,,73,65,90.0,620,689,,,9,,,,10,,,,8.3,1,12,,13,,,11,10,1,,17,0,0.0,1,1.0,,,,,,,0.0,,,12,,,7.08,7.14,5-4-1,4-2-3-1,5.0,4.0,9.5,7.3,8.0,1.0,2.161,0.511,7.02,7.14,2.8,0.6,3.4,2.8,6.7,6.975,0.667,4.5,6.0,5.25,6.6,7.6,1.5,5.0,0.0,1.0,9.5,7.7,7.3,7.7,7.3,7.6,0.826,0.398
PL-2025-26-14023932,Jornada 34,2026-04-24,Sunderland,1,Nottm Forest,0,5,0.0,0.0,14,4,3,7,0,,,2.0,5.0,,,,,,1.0,3,1.0,9,72,,34,61,82.1,358,436,,,20,,,,15,,,,18.2,4,22,,8,,,9,8,1,,20,5,0.0,0,2.0,,,,,1.0,,,2.0,,13,,,4.0,0.0,10,6,2,2,0,,,1.0,3.0,,,,,,3.0,6,1.0,3,38,,17,39,72.9,199,273,,,21,,,,13,,,,25.0,4,16,,7,,,15,9,6,,53,0,0.0,1,4.0,,,,,1.0,,,5.0,,15,,,6.08,7.32,4-2-3-1,4-4-2,4.0,4.0,5.1,7.1,2.0,4.0,-3.668,0.275,5.575,7.2,0.75,1.75,3.75,6.5,6.7,7.35,1.0,0.5,2.8,3.75,6.0,7.6,0.0,1.5,0.0,1.0,8.0,8.1,6.6,7.9,6.5,7.9,0.76,0.51
PL-2025-26-14024004,Jornada 34,2026-04-25,Fulham,1,Aston Villa,1,0,1.0,0.0,13,6,2,5,0,,,2.0,5.0,,,,,,2.0,2,7.0,7,53,,19,39,81.9,276,337,,,16,,,,12,,,,26.7,4,15,,16,,,18,12,6,,25,0,0.0,1,1.0,,,,,1.0,,2.0,2.0,,14,,,0.0,0.0,10,1,8,1,0,,,1.0,3.0,,,,,,1.0,5,0.0,6,58,,16,61,86.2,456,529,,,24,,,,14,,,,5.6,1,18,,6,,,13,10,3,,9,1,0.0,0,5.0,,,,,0.0,,0.0,2.0,,12,,,7.11,6.72,4-2-3-1,4-2-3-1,4.0,4.0,7.3,7.7,1.0,5.0,0.067,1.015,7.325,6.775,2.0,1.5,3.25,2.25,6.925,6.54,0.5,1.0,2.5,2.8,6.95,6.4,1.0,3.0,0.0,0.0,8.0,7.7,7.4,7.6,7.4,7.3,0.387,0.601
PL-2025-26-14024005,Jornada 34,2026-04-25,Liverpool,1,Crystal Palace,3,1,3.0,0.0,9,3,2,4,0,,,0.0,3.0,,,,,,3.0,5,1.0,4,52,,32,53,81.3,378,465,,,27,,,,10,,,,33.3,4,12,,4,,,9,6,3,,36,1,0.0,0,5.0,,,,,,,0.0,1.0,,10,,,0.0,1.0,14,7,6,1,2,,,0.0,2.0,,,,,,5.0,8,4.0,6,52,,25,47,81.5,326,400,,,24,,,,10,,,,33.3,6,18,,9,,,13,10,3,,29,3,0.0,0,0.0,,,,,,,2.0,3.0,,10,,,7.19,6.58,4-2-3-1,3-4-2-1,4.0,3.0,7.8,6.1,5.0,0.0,0.479,-1.074,7.567,6.233,0.0,1.333,6.667,6.0,6.917,6.825,0.667,1.5,3.833,4.0,7.1,6.767,1.0,2.0,1.0,0.0,8.2,7.2,7.8,7.2,7.8,7.0,0.537,0.478
PL-2025-26-14023934,Jornada 34,2026-04-25,West Ham,1,Everton,2,1,2.0,0.0,10,3,4,3,0,,,0.0,1.0,,,,,,3.0,3,1.0,12,56,,23,44,80.5,301,374,,,18,,,,11,,,,33.3,4,12,,10,,,22,14,8,,27,1,0.0,0,1.0,,,,,1.0,,1.0,3.0,,9,,,1.0,0.0,11,3,3,5,1,,,1.0,2.0,,,,,,1.0,4,2.0,10,58,,28,56,83.2,397,477,,,24,,,,9,,,,5.3,1,19,,6,,,17,10,7,,21,2,0.0,0,1.0,,,,,2.0,,0.0,4.0,,11,,,7.17,6.77,4-4-1-1,4-2-3-1,4.0,4.0,6.3,7.1,1.0,1.0,-0.53,-0.125,7.25,6.85,2.25,1.5,4.5,4.25,7.85,6.78,1.0,0.8,4.0,4.4,6.1,6.1,0.5,3.0,0.0,0.0,8.7,7.4,8.2,7.1,7.8,7.1,0.831,0.344
PL-2025-26-14024022,Jornada 34,2026-04-25,Wolves,1,Tottenham,0,1,0.0,0.0,11,2,5,4,0,,,1.0,4.0,,,,,,1.0,5,1.0,10,42,,14,41,75.7,234,309,,,18,,,,14,,,,42.9,9,21,,6,,,32,22,10,,22,1,0.0,0,1.0,,,,,1.0,,1.0,3.0,,8,,,1.0,0.0,11,2,7,2,0,,,0.0,5.0,,,,,,2.0,5,2.0,12,73,,24,59,85.7,401,468,,,36,,,,8,,,,6.2,1,16,,15,,,29,19,10,,23,0,0.0,1,2.0,,,,,1.0,,0.0,4.0,,14,,,6.78,7.04,3-4-2-1,4-2-3-1,3.0,4.0,6.9,7.8,1.0,2.0,0.096,0.6,6.84,7.225,3.4,3.0,3.8,3.0,6.667,6.75,0.0,1.0,5.0,4.0,6.75,6.85,2.5,0.5,0.0,0.0,7.2,7.8,7.1,7.6,7.0,7.4,0.341,0.429
PL-2025-26-14025045,Jornada 34,2026-04-25,Arsenal,1,Newcastle,1,0,0.0,1.0,11,4,2,5,0,,,2.0,2.0,,,,,,0.0,7,2.0,5,54,,27,45,80.8,323,400,,,13,,,,10,,,,15.4,2,13,,10,,,15,9,6,,24,0,0.0,1,3.0,,,,,2.0,,,2.0,,13,,,0.0,0.0,13,3,5,5,0,,,1.0,6.0,,,,,,2.0,2,1.0,3,63,,20,55,85.4,415,486,,,18,,,,13,,,,22.2,4,18,,12,,,14,7,7,,21,1,0.0,0,3.0,,,,,1.0,,,2.0,,10,,,7.05,6.85,4-3-3,4-1-4-1,4.0,4.0,6.9,7.1,3.0,3.0,0.102,-0.128,7.175,7.1,1.75,2.0,4.25,4.667,7.1,6.84,1.0,1.2,3.4,3.0,6.5,6.35,0.0,0.0,0.0,0.0,7.8,7.4,7.6,7.3,7.5,7.1,0.429,0.339
PL-2025-26-14023926,Jornada 34,2026-04-27,Man United,1,Brentford,2,1,2.0,0.0,11,6,5,0,0,,,0.0,4.0,,,,,,4.0,7,1.0,7,42,,21,45,82.1,340,414,,,29,,,,9,,,,20.0,3,15,,8,,,29,15,14,,45,1,0.0,0,5.0,,,,,2.0,,1.0,2.0,,6,,,0.0,1.0,12,4,4,4,1,,,0.0,2.0,,,,,,2.0,8,2.0,8,56,,42,55,87.1,433,497,,,24,,,,6,,,,24.2,8,33,,15,,,9,5,4,,21,2,0.0,0,3.0,,,,,0.0,,0.0,4.0,,9,,,7.54,6.53,4-2-3-1,4-2-3-1,4.0,4.0,7.4,6.9,5.0,3.0,-0.086,-0.215,7.35,6.275,2.5,0.5,5.0,3.25,8.3,6.8,2.333,0.8,5.0,5.0,7.067,5.8,1.333,0.0,0.333,0.0,9.3,7.9,8.2,7.0,7.8,6.9,0.718,0.622
PL-2025-26-14023940,Jornada 35,2026-05-01,Leeds,1,Burnley,3,1,2.0,1.0,18,8,5,5,0,,,2.0,4.0,,,,,,2.0,5,0.0,2,66,,26,48,79.4,359,452,,,25,,,,12,,,,30.0,6,20,,12,,,10,7,3,,13,1,0.0,0,2.0,,,,,,,,4.0,,12,,,1.0,0.0,9,3,2,4,0,,,1.0,3.0,,,,,,0.0,0,1.0,7,44,,17,52,82.9,421,508,,,20,,,,12,,,,62.5,5,8,,8,,,13,6,7,,33,3,0.0,0,5.0,,,,,,,,3.0,,12,,,6.94,6.45,3-5-2,5-4-1,3.0,5.0,7.0,6.7,2.0,5.0,-0.635,-0.704,6.86,6.18,1.2,1.8,2.0,6.2,7.067,6.5,1.667,0.333,3.333,2.667,6.9,6.95,2.0,0.5,1.0,0.5,8.0,7.2,7.5,6.7,7.3,6.7,0.555,0.412
PL-2025-26-14023945,Jornada 35,2026-05-02,Brentford,1,West Ham,3,0,2.0,0.0,14,6,5,3,1,,,1.0,6.0,,,,,,4.0,2,0.0,7,46,,23,48,79.0,263,333,,,22,,,,11,,,,38.5,5,13,,5,,,19,12,7,,20,0,0.0,1,4.0,,,,,0.0,,1.0,1.0,,8,,,0.0,0.0,13,4,9,0,4,,,1.0,3.0,,,,,,1.0,6,1.0,5,60,,23,52,77.3,269,348,,,26,,,,8,,,,33.3,7,21,,8,,,25,15,10,,19,3,0.0,0,4.0,,,,,1.0,,1.0,3.0,,12,,,7.25,6.36,4-2-3-1,4-4-1-1,4.0,4.0,7.4,7.2,4.0,4.0,0.54,-1.584,6.925,5.925,1.0,1.25,2.75,3.0,7.52,6.45,1.0,1.75,3.8,3.75,7.1,6.65,3.0,3.5,1.0,0.0,8.5,7.2,7.7,7.0,7.5,6.8,0.531,0.464
PL-2025-26-14023949,Jornada 35,2026-05-02,Newcastle,1,Brighton,3,1,3.0,0.0,13,6,6,1,0,,,0.0,1.0,,,,,,5.0,2,1.0,9,24,,24,32,69.2,164,237,,,18,,,,12,,,,38.5,5,13,,6,,,11,9,2,,44,1,0.0,0,3.0,,,,,1.0,,1.0,3.0,,10,,,1.0,0.0,13,4,6,3,2,,,0.0,3.0,,,,,,4.0,10,1.0,6,70,,28,68,84.2,426,506,,,23,,,,10,,,,15.8,6,38,,3,,,11,9,2,,18,3,0.0,0,4.0,,,,,2.0,,1.0,3.0,,12,,,7.17,6.35,4-2-3-1,4-2-3-1,4.0,4.0,7.2,6.7,3.0,4.0,-0.104,1.212,7.367,6.05,1.667,1.0,7.333,2.25,6.9,6.46,0.6,0.8,4.0,3.8,7.55,6.7,2.0,2.0,0.5,0.0,7.7,7.2,7.7,7.0,7.5,6.7,0.42,0.485
PL-2025-26-14023951,Jornada 35,2026-05-02,Wolves,1,Sunderland,1,1,1.0,0.0,20,7,8,5,0,,,2.0,5.0,,,,,,3.0,6,1.0,6,41,,42,58,86.1,377,438,,,23,,,,11,,,,41.4,12,29,,6,,,12,5,7,,28,1,0.0,0,1.0,,,,,1.0,,,0.0,0.0,11,,,1.0,0.0,10,2,3,5,0,,,0.0,2.0,,,,,,1.0,3,0.0,5,60,,18,42,76.1,249,327,,,30,,,,11,,,,18.8,3,16,,9,,,17,10,7,,23,1,0.0,0,6.0,,,,,1.0,,,4.0,1.0,11,,,7.17,6.85,3-4-2-1,4-2-3-1,3.0,4.0,7.3,7.7,1.0,6.0,0.391,0.554,7.4,6.42,1.2,1.6,3.8,3.6,6.85,7.15,2.5,1.5,5.5,5.25,6.967,6.9,3.333,1.0,0.0,0.0,8.1,7.9,7.8,7.8,7.3,7.7,0.42,0.924
PL-2025-26-14023931,Jornada 35,2026-05-02,Arsenal,1,Fulham,3,0,3.0,0.0,18,9,6,3,1,,,2.0,3.0,,,,,,6.0,3,7.0,12,52,,36,54,88.6,453,511,,,23,,,,12,,,,33.3,3,9,,11,,,6,2,4,,15,0,0.0,1,1.0,,,,,0.0,,0.0,0.0,,7,,,0.0,0.0,10,1,3,6,0,,,0.0,5.0,,,,,,1.0,4,0.0,3,43,,12,46,82.9,359,433,,,13,,,,7,,,,8.3,1,12,,5,,,22,16,6,,20,3,0.0,0,6.0,,,,,1.0,,1.0,1.0,,12,,,7.58,6.42,4-2-3-1,4-2-3-1,4.0,4.0,6.8,7.3,1.0,6.0,0.054,0.659,7.28,6.475,0.8,3.0,2.2,3.5,7.1,6.3,0.0,1.0,4.0,3.0,8.667,6.1,3.333,2.0,1.0,0.0,9.5,7.3,8.3,6.9,8.2,6.6,0.786,0.371
PL-2025-26-14024023,Jornada 35,2026-05-03,Bournemouth,1,Crystal Palace,3,0,2.0,0.0,16,5,5,6,0,,,2.0,4.0,,,,,,2.0,7,3.0,15,58,,32,50,81.8,320,391,,,13,,,,10,,,,26.3,5,19,,9,,,17,10,7,,26,0,0.0,1,1.0,,,,,2.0,,0.0,0.0,,10,,,0.0,0.0,7,1,5,1,1,,,0.0,1.0,,,,,,1.0,1,0.0,6,50,,21,50,77.5,314,405,,,24,,,,10,,,,27.3,3,11,,4,,,22,9,13,,31,3,0.0,0,3.0,,,,,1.0,,1.0,2.0,,11,,,7.21,6.33,4-2-3-1,3-4-3,4.0,3.0,7.0,6.0,1.0,3.0,0.047,-1.066,7.475,6.267,2.5,2.333,5.25,5.0,7.175,6.35,1.0,0.25,4.75,4.0,6.85,6.467,3.0,1.333,0.5,0.0,8.1,6.7,7.9,6.7,7.6,6.6,0.444,0.302
PL-2025-26-14023939,Jornada 35,2026-05-03,Man United,1,Liverpool,3,2,2.0,1.0,18,6,6,6,1,,,0.0,3.0,,,,,,3.0,3,3.0,7,48,,30,37,79.3,287,362,,,19,,,,11,,,,53.8,7,13,,16,,,19,12,7,,22,2,0.0,0,3.0,,,,,,,,2.0,,12,,,2.0,0.0,13,5,5,3,0,,,2.0,4.0,,,,,,1.0,2,3.0,10,67,,21,63,88.3,541,613,,,13,,,,12,,,,28.6,4,14,,10,,,8,4,4,,14,3,0.0,0,3.0,,,,,,,,2.0,,11,,,6.98,6.58,4-2-3-1,4-2-2-2,4.0,4.0,5.8,6.3,3.0,3.0,-0.811,-0.829,6.625,6.275,2.75,0.25,3.5,2.5,7.8,6.833,2.667,1.667,6.0,4.5,7.033,,3.333,,0.667,,8.1,8.1,8.0,6.9,7.3,6.9,0.639,0.565
PL-2025-26-14023927,Jornada 35,2026-05-03,Aston Villa,1,Tottenham,1,2,1.0,0.0,5,1,1,3,0,,,0.0,3.0,,,,,,1.0,5,2.0,6,44,,9,45,83.4,312,374,,,9,,,,12,,,,15.4,2,13,,5,,,19,12,7,,14,2,0.0,0,3.0,,,,,,,0.0,2.0,,12,,,1.0,1.0,10,5,3,2,1,,,1.0,2.0,,,,,,2.0,5,4.0,7,46,,18,55,85.8,400,466,,,14,,,,12,,,,61.5,8,13,,10,,,23,13,10,,16,1,0.0,0,0.0,,,,,,,1.0,5.0,,12,,,6.51,6.85,4-2-3-1,4-2-3-1,4.0,4.0,7.2,5.7,3.0,0.0,-0.127,-0.76,6.4,6.775,2.0,2.75,2.5,2.5,6.48,7.233,0.2,0.0,4.0,4.333,6.4,6.967,0.0,1.667,0.0,0.333,7.2,7.6,7.0,7.3,6.9,7.3,0.479,0.507
PL-2025-26-14023925,Jornada 35,2026-05-04,Chelsea,1,Nottm Forest,1,3,1.0,0.0,21,5,8,8,1,,,1.0,8.0,,,,,,2.0,10,1.0,6,57,,37,67,90.6,597,659,,,18,,,,9,,,,28.6,10,35,,7,,,14,6,8,,9,3,0.0,0,1.0,,,0.0,,,,1.0,3.0,,12,,,3.0,0.0,6,4,1,1,0,,,0.0,0.0,,,,,,3.0,1,2.0,4,29,,17,33,79.9,267,334,,,16,,,,11,,,,25.0,1,4,,10,,,22,10,12,,25,1,0.0,0,4.0,,,1.0,,,,0.0,1.0,,10,,,6.55,7.06,4-2-3-1,4-4-2,4.0,4.0,6.3,7.4,1.0,4.0,-0.355,0.624,6.075,6.775,1.0,2.5,1.75,1.75,6.75,6.95,2.0,0.75,3.5,2.75,7.25,7.7,2.0,2.0,0.5,1.5,7.8,8.6,7.4,7.4,7.0,7.4,0.62,0.577
PL-2025-26-14023930,Jornada 35,2026-05-04,Everton,1,Man City,3,3,3.0,0.0,14,6,2,6,0,,,1.0,3.0,,,,,,4.0,5,4.0,3,41,,16,25,68.7,138,201,,,18,,,,5,,,,42.9,3,7,,4,,,26,13,13,,22,3,0.0,0,1.0,,,,,,,1.0,4.0,,15,,,2.0,1.0,21,4,8,9,0,,,0.0,7.0,,,,,,1.0,9,0.0,16,69,,48,75,90.3,568,629,,,16,,,,15,,,,21.7,5,23,,2,,,18,12,6,,20,3,0.0,0,3.0,,,,,,,1.0,1.0,,5,,,6.65,6.89,4-2-3-1,4-2-3-1,4.0,4.0,6.4,6.7,1.0,3.0,-0.788,0.72,6.675,6.375,2.0,2.5,3.5,3.75,6.72,7.22,0.8,2.0,3.6,2.8,6.5,7.5,2.0,3.0,0.0,1.0,7.1,9.8,7.0,7.5,7.0,6.9,0.355,0.992
PL-2025-26-14024024,Jornada 36,2026-05-09,Liverpool,1,Chelsea,1,1,0.0,1.0,8,3,4,1,2,,,0.0,2.0,,,,,,1.0,5,2.0,8,35,,24,48,84.1,398,473,,,15,,,,17,,,,37.5,6,16,,6,,,10,6,4,,10,1,0.0,0,2.0,,,,,0.0,,,2.0,,17,,,0.0,1.0,6,3,2,1,0,,,0.0,1.0,,,,,,1.0,2,2.0,9,45,,22,52,86.6,446,515,,,11,,,,17,,,,28.6,2,7,,10,,,20,10,10,,14,1,0.0,0,2.0,,,,,1.0,,,4.0,,17,,,6.74,6.74,4-2-3-1,4-2-3-1,4.0,4.0,6.9,6.5,2.0,2.0,-0.59,-0.486,6.55,6.58,0.5,1.8,1.5,2.0,6.74,7.0,1.2,0.75,2.2,2.0,7.3,6.7,0.0,3.0,0.0,0.0,7.9,7.3,7.3,7.3,7.2,7.0,0.524,0.375
PL-2025-26-14023935,Jornada 36,2026-05-09,Brighton,1,Wolves,3,0,3.0,0.0,14,6,5,3,0,,,0.0,3.0,,,,,,4.0,7,1.0,8,59,,36,72,86.2,498,578,,,28,,,,11,,,,32.0,8,25,,10,,,15,10,5,,7,0,0.0,1,1.0,,,,,1.0,,0.0,1.0,,9,,,0.0,0.0,5,1,4,0,1,,,0.0,1.0,,,,,,2.0,1,3.0,9,33,,15,28,68.4,154,225,,,14,,,,9,,,,50.0,3,6,,13,,,17,7,10,,32,3,0.0,0,3.0,,,,,1.0,,2.0,2.0,,11,,,7.51,6.37,4-2-3-1,3-4-2-1,4.0,3.0,7.0,7.2,1.0,3.0,0.09,0.249,8.05,6.1,0.75,1.4,1.25,5.0,7.32,6.6,0.6,0.5,3.0,6.0,6.8,6.4,2.0,0.667,0.0,0.0,9.5,7.2,8.3,7.0,8.0,6.9,0.825,0.437
PL-2025-26-14023948,Jornada 36,2026-05-09,Fulham,1,Bournemouth,0,1,0.0,0.0,14,2,6,6,2,,,1.0,2.0,,,,,,1.0,11,1.0,7,49,,33,60,87.7,456,520,,,23,,,,21,,,,10.7,3,28,,5,,,16,12,4,,9,1,0.0,0,3.0,,,,,0.0,,,4.0,1.0,12,,,0.0,1.0,10,5,3,2,1,,,2.0,2.0,,,,,,2.0,2,3.0,5,52,,17,40,85.8,308,359,,,25,,,,12,,,,33.3,3,9,,5,,,11,8,3,,33,0,0.0,1,2.0,,,,,1.0,,,2.0,1.0,21,,,6.85,6.95,4-2-3-1,4-2-3-1,4.0,4.0,7.0,7.0,3.0,2.0,-0.282,0.16,6.95,7.3,2.25,1.0,1.0,5.0,6.975,6.925,1.25,1.0,2.75,4.75,6.3,6.3,1.5,1.0,0.0,0.0,7.6,7.8,7.4,7.5,7.1,7.4,0.472,0.561
PL-2025-26-14023938,Jornada 36,2026-05-09,Sunderland,1,Man United,0,0,0.0,0.0,15,4,6,5,1,,,0.0,6.0,,,,,,2.0,6,1.0,6,64,,27,51,84.0,414,493,,,18,,,,12,,,,11.8,2,17,,10,,,10,8,2,,22,0,0.0,1,1.0,,,,,,,1.0,0.0,,12,,,0.0,0.0,11,1,5,5,0,,,0.0,5.0,,,,,,0.0,7,0.0,5,45,,21,49,82.0,392,478,,,28,,,,12,,,,25.0,4,16,,11,,,14,10,4,,24,0,0.0,1,4.0,,,,,,,0.0,3.0,,12,,,7.21,7.07,4-2-3-1,4-2-3-1,4.0,4.0,7.1,9.3,1.0,4.0,0.086,1.814,7.02,7.175,0.8,2.25,3.2,4.75,7.425,6.85,1.25,2.0,7.0,6.0,7.4,6.525,3.0,1.75,0.0,0.0,8.8,9.3,7.7,7.5,7.4,7.1,0.604,0.788
PL-2025-26-14023946,Jornada 36,2026-05-09,Man City,1,Brentford,3,0,3.0,0.0,25,10,7,8,0,,,0.0,10.0,,,,,,6.0,10,0.0,21,40,,61,58,86.3,409,474,,,17,,,,14,,,,26.3,5,19,,5,,,14,8,6,,30,0,0.0,1,2.0,,,,,1.0,,0.0,4.0,,8,,,0.0,0.0,4,2,1,1,1,,,0.0,2.0,,,,,,2.0,2,2.0,8,48,,11,42,76.9,259,337,,,19,,,,8,,,,8.3,1,12,,11,,,24,14,10,,29,3,0.0,0,7.0,,,,,2.0,,1.0,2.0,,14,,,7.4,6.67,4-2-3-1,4-4-2,4.0,4.0,7.2,9.3,2.0,7.0,0.322,1.503,7.1,6.36,0.75,1.6,6.0,3.0,7.78,6.525,2.0,0.0,3.6,4.5,6.9,6.2,5.0,2.0,1.0,0.0,10.0,9.3,8.2,7.0,7.7,7.0,0.95,0.907
PL-2025-26-14023929,Jornada 36,2026-05-10,Burnley,1,Aston Villa,2,2,2.0,0.0,15,6,4,5,0,,,3.0,5.0,,,,,,3.0,2,1.0,5,35,,21,34,73.8,192,260,,,12,,,,8,,,,20.0,3,15,,9,,,21,13,8,,31,2,0.0,0,5.0,,,,,1.0,,1.0,1.0,,18,,,2.0,0.0,18,7,6,5,0,,,4.0,5.0,,,,,,3.0,8,1.0,4,49,,31,66,86.4,456,528,,,17,,,,18,,,,23.1,6,26,,5,,,13,8,5,,13,2,0.0,0,4.0,,,,,1.0,,0.0,1.0,,8,,,6.81,6.57,4-2-3-1,4-2-3-1,4.0,4.0,7.1,6.6,5.0,4.0,-0.789,-0.215,6.6,6.38,1.5,0.8,5.5,2.0,6.85,6.675,1.75,1.5,4.0,4.75,7.0,7.1,4.0,2.0,0.5,1.0,7.2,7.6,7.1,7.2,7.1,7.1,0.32,0.564
PL-2025-26-14023937,Jornada 36,2026-05-10,Crystal Palace,1,Everton,2,2,2.0,0.0,21,8,8,5,1,,,1.0,5.0,,,,,,6.0,5,1.0,2,50,,28,59,82.9,387,467,,,20,,,,13,,,,36.4,8,22,,4,,,21,9,12,,31,2,0.0,0,5.0,,,,,0.0,,1.0,0.0,,5,,,2.0,0.0,13,6,3,4,0,,,1.0,2.0,,,,,,4.0,10,2.0,15,46,,42,41,73.7,232,315,,,19,,,,5,,,,30.0,6,20,,6,,,14,7,7,,25,2,0.0,0,6.0,,,,,1.0,,1.0,2.0,,13,,,7.03,6.88,3-4-2-1,4-2-3-1,3.0,4.0,6.4,8.3,5.0,6.0,0.026,1.414,6.867,6.85,0.667,1.5,6.667,4.25,7.475,6.5,2.25,1.2,6.5,3.0,6.8,7.5,2.333,2.0,0.333,1.0,8.0,8.3,7.6,8.2,7.4,7.5,0.519,0.751
PL-2025-26-14023943,Jornada 36,2026-05-10,Nottm Forest,1,Newcastle,1,1,1.0,0.0,17,6,5,6,0,,,0.0,5.0,,,,,,2.0,2,1.0,9,54,,24,46,81.5,343,421,,,17,,,,11,,,,21.4,3,14,,5,,,16,8,8,,26,1,0.0,0,5.0,,,,,0.0,,,2.0,,16,,,1.0,0.0,16,6,6,4,1,,,1.0,8.0,,,,,,4.0,1,0.0,8,59,,28,54,85.1,421,495,,,15,,,,16,,,,28.6,4,14,,9,,,17,9,8,,28,1,0.0,0,5.0,,,,,1.0,,,0.0,,11,,,6.81,6.81,3-4-2-1,4-2-3-1,3.0,4.0,6.8,6.4,5.0,5.0,0.246,-0.056,6.84,7.1,2.4,1.75,4.6,5.75,7.033,7.067,0.333,2.0,4.667,6.0,6.4,6.3,2.5,1.333,0.0,0.0,7.7,7.5,7.2,7.4,6.9,7.4,0.355,0.481
PL-2025-26-14023942,Jornada 36,2026-05-10,West Ham,1,Arsenal,0,1,0.0,0.0,9,3,2,4,0,,,1.0,2.0,,,,,,2.0,4,,8,58,,15,36,66.1,187,283,,,17,,,,12,,,,14.3,2,14,,5,,,15,7,8,,24,1,0.0,0,1.0,,,,,,,0.0,3.0,,14,,,1.0,0.0,15,4,6,5,2,,,0.0,6.0,,,,,,3.0,3,,2,65,,27,64,83.2,416,500,,,14,,,,14,,,,23.5,4,17,,3,,,8,4,4,,26,0,0.0,1,3.0,,,,,,,2.0,4.0,,12,,,6.92,6.97,3-4-2-1,4-2-3-1,3.0,4.0,6.2,7.4,1.0,3.0,-0.265,0.794,7.0,6.92,1.0,0.6,3.6,2.8,7.075,7.1,0.75,1.5,2.5,3.0,6.6,6.833,2.0,2.333,0.0,0.333,8.4,7.9,7.8,7.6,7.1,7.4,0.636,0.512
PL-2025-26-14023944,Jornada 36,2026-05-11,Tottenham,1,Leeds,1,1,0.0,1.0,16,3,8,5,0,,,0.0,1.0,,,,,,2.0,14,1.0,12,48,,34,57,80.0,345,431,,,21,,,,7,,,,30.0,9,30,,11,,,21,14,7,,21,1,0.0,0,3.0,,,,,,,0.0,3.0,,12,,,1.0,0.0,11,4,6,1,2,,,0.0,5.0,,,,,,2.0,2,3.0,5,65,,13,43,72.3,243,336,,,21,,,,11,,,,42.9,6,14,,9,,,25,19,6,,47,1,0.0,0,1.0,,,,,,,3.0,1.0,,7,,,6.91,6.8,4-2-3-1,3-5-2,4.0,3.0,8.0,6.8,3.0,1.0,1.591,-0.033,6.75,6.95,2.0,2.25,4.0,6.0,6.9,6.72,0.333,0.6,5.667,3.8,6.767,6.6,2.0,2.0,0.333,1.0,8.0,7.6,7.1,7.4,7.1,6.9,0.408,0.379
PL-2025-26-14023928,Jornada 37,2026-05-15,Aston Villa,1,Liverpool,4,2,3.0,1.0,14,9,2,3,1,,,1.0,3.0,,,,,,5.0,4,2.0,8,38,,19,45,81.9,299,365,,,21,,,,9,,,,9.1,1,11,,5,,,11,9,2,,24,2,0.0,0,3.0,,,,,1.0,,1.0,3.0,,12,,,2.0,0.0,16,5,8,3,1,,,2.0,4.0,,,,,,3.0,9,3.0,6,44,,32,55,86.7,384,443,,,17,,,,12,,,,37.5,9,24,,9,,,9,6,3,,16,4,0.0,0,5.0,,,,,0.0,,0.0,1.0,,9,,,7.09,6.57,4-2-3-1,4-2-3-1,4.0,4.0,6.8,7.2,3.0,5.0,-0.385,-0.889,6.64,6.525,0.8,0.0,3.0,3.25,7.45,6.48,1.75,2.0,3.75,3.2,8.2,6.6,6.0,3.0,2.0,0.0,8.3,8.2,8.2,7.2,7.6,6.8,0.644,0.633
PL-2025-26-14023956,Jornada 37,2026-05-17,Man United,1,Nottm Forest,3,2,3.0,0.0,29,8,9,12,2,,,1.0,6.0,,,,,,7.0,7,0.0,9,35,,45,48,87.4,383,438,,,31,,,,5,,,,43.8,7,16,,10,,,16,9,7,,32,2,0.0,0,2.0,,,,,2.0,,0.0,2.0,,11,,,2.0,0.0,11,4,4,3,0,,,0.0,0.0,,,,,,4.0,6,1.0,11,49,,23,52,84.3,398,472,,,15,,,,11,,,,30.0,6,20,,12,,,20,13,7,,18,3,0.0,0,5.0,,,,,0.0,,1.0,1.0,,5,,,7.28,6.9,4-2-3-1,4-4-2,4.0,4.0,7.3,6.9,2.0,5.0,-0.089,0.185,7.1,6.45,2.25,1.75,6.25,2.0,7.533,7.575,4.333,1.5,2.333,5.25,7.267,6.45,4.0,1.0,0.667,0.0,8.6,9.2,8.4,7.6,7.5,7.3,0.619,0.902
PL-2025-26-14023953,Jornada 37,2026-05-17,Brentford,1,Crystal Palace,2,2,2.0,0.0,14,3,8,3,0,,,0.0,3.0,,,,,,1.0,9,2.0,6,71,,29,58,79.7,372,467,,,27,,,,5,,,,13.6,3,22,,7,,,5,4,1,,40,2,0.0,0,3.0,,,,,0.0,,0.0,1.0,,7,,,1.0,1.0,16,5,5,6,2,,,2.0,3.0,,,,,,2.0,4,1.0,2,55,,27,42,66.6,229,344,,,19,,,,6,,,,33.3,4,12,,13,,,18,11,7,,43,2,0.0,0,1.0,,,,,1.0,,3.0,3.0,,5,,,6.75,6.81,4-2-3-1,3-4-2-1,4.0,3.0,5.7,6.5,3.0,1.0,-1.036,0.168,6.475,6.433,0.25,1.0,5.5,5.333,7.28,7.375,1.0,2.0,4.6,5.75,6.3,6.533,1.0,1.667,0.0,0.333,8.5,8.1,7.5,7.4,7.4,7.1,0.762,0.611
PL-2025-26-14023955,Jornada 37,2026-05-17,Everton,1,Sunderland,1,3,0.0,1.0,10,4,4,2,0,,,1.0,2.0,,,,,,2.0,3,0.0,5,69,,15,48,85.0,346,407,,,18,,,,9,,,,38.9,7,18,,10,,,13,9,4,,35,3,0.0,0,0.0,,,,,0.0,,0.0,3.0,,14,,,3.0,0.0,7,3,4,0,0,,,0.0,2.0,,,,,,2.0,2,1.0,3,55,,12,52,85.1,384,451,,,17,,,,14,,,,10.0,2,20,,3,,,10,6,4,,30,1,0.0,0,3.0,,,,,1.0,,3.0,0.0,,9,,,6.45,6.85,4-2-3-1,4-2-3-1,4.0,4.0,5.6,6.5,0.0,3.0,-1.723,-0.006,6.05,6.7,1.25,0.6,4.0,2.8,6.96,7.025,0.8,0.25,2.6,4.25,6.3,7.3,1.0,1.0,0.0,1.0,7.6,8.1,7.3,7.3,7.2,7.0,0.654,0.477
PL-2025-26-14023954,Jornada 37,2026-05-17,Leeds,1,Brighton,1,0,1.0,0.0,7,1,3,3,0,,,0.0,4.0,,,,,,1.0,7,3.0,8,51,,17,34,67.1,188,280,,,17,,,,7,,,,15.0,3,20,,3,,,12,5,7,,37,0,0.0,1,7.0,,,,,1.0,,1.0,1.0,,9,,,0.0,0.0,19,8,6,5,0,,,3.0,1.0,,,,,,3.0,8,2.0,6,60,,39,66,84.7,471,556,,,13,,,,9,,,,36.1,13,36,,6,,,6,3,3,,34,1,0.0,0,1.0,,,,,2.0,,1.0,0.0,,7,,,7.24,6.75,3-5-2,4-2-3-1,3.0,4.0,8.0,6.1,7.0,1.0,0.631,-0.171,7.15,6.72,0.75,0.4,5.75,4.2,7.02,6.975,0.4,2.0,2.2,3.0,7.9,6.6,1.0,2.0,1.0,0.0,8.0,7.6,7.9,7.3,7.6,7.1,0.431,0.514
PL-2025-26-14023958,Jornada 37,2026-05-17,Wolves,1,Fulham,1,1,0.0,1.0,11,3,8,0,1,,,2.0,1.0,,,,,,3.0,3,1.0,5,54,,20,31,69.3,181,261,,,19,,,,8,,,,42.9,6,14,,12,,,16,11,5,,22,1,0.0,0,4.0,,,,,3.0,,,1.0,,20,,,1.0,0.0,13,5,5,3,0,,,2.0,3.0,,,,,,2.0,6,2.0,10,55,,35,69,86.5,512,592,,,19,,,,19,,,,20.0,4,20,,10,,,19,11,8,,24,1,0.0,0,2.0,,,,,2.0,,,0.0,,8,,,6.66,6.87,4-2-3-1,4-2-3-1,4.0,4.0,6.9,6.8,4.0,2.0,0.37,-0.491,6.475,7.15,1.5,2.0,2.75,4.0,6.567,6.78,0.333,0.6,5.667,3.8,6.933,6.3,1.333,1.0,0.333,0.0,7.6,7.5,7.2,7.3,6.9,7.2,0.427,0.36
PL-2025-26-14023957,Jornada 37,2026-05-17,Newcastle,1,West Ham,3,1,2.0,1.0,15,7,2,6,0,,,2.0,3.0,,,,,,3.0,9,2.0,6,52,,43,55,82.3,414,503,,,19,,,,11,,,,22.2,4,18,,8,,,24,17,7,,14,1,0.0,0,7.0,,,,,2.0,,,1.0,,8,,,0.0,1.0,15,8,3,4,1,,,1.0,3.0,,,,,,1.0,1,2.0,8,62,,34,45,82.9,340,410,,,20,,,,8,,,,35.3,6,17,,9,,,20,14,6,,19,3,0.0,0,4.0,,,,,0.0,,,3.0,,11,,,7.29,6.61,4-2-3-1,3-4-2-1,4.0,3.0,7.6,5.4,7.0,4.0,-0.214,-0.67,6.725,6.62,2.0,1.4,3.0,2.2,7.4,7.025,1.0,0.75,5.667,5.25,7.833,6.1,2.0,1.0,1.0,0.0,9.2,7.6,8.0,7.5,7.6,6.9,0.798,0.622
PL-2025-26-14023950,Jornada 37,2026-05-18,Arsenal,1,Burnley,1,0,1.0,0.0,13,3,7,3,2,,,1.0,3.0,,,,,,1.0,3,1.0,3,73,,38,60,86.5,444,513,,,18,,,,16,,,,15.4,2,13,,2,,,17,9,8,,15,0,0.0,1,0.0,,,,,,,0.0,1.0,,7,,,0.0,0.0,5,0,4,1,0,,,0.0,3.0,,,,,,0.0,3,0.0,4,42,,7,40,79.2,266,336,,,23,,,,7,,,,40.0,4,10,,7,,,21,11,10,,24,1,0.0,0,2.0,,,,,,,1.0,3.0,,16,,,7.28,6.63,4-3-3,4-2-3-1,4.0,4.0,6.9,7.2,0.0,2.0,,1.027,7.125,6.725,1.25,2.25,2.75,2.75,7.467,6.525,0.667,0.25,4.667,3.0,7.433,6.35,2.667,0.5,0.333,0.0,8.3,7.2,7.7,7.1,7.5,7.1,0.39,0.389
PL-2025-26-14023936,Jornada 37,2026-05-19,Bournemouth,1,Man City,1,1,1.0,0.0,10,2,5,3,2,,,0.0,4.0,,,,,,3.0,7,2.0,4,47,,16,46,80.9,361,446,,,15,,,,7,,,,21.4,3,14,,2,,,18,7,11,,36,1,0.0,0,3.0,,,,,,,,4.0,,16,,,1.0,0.0,14,5,3,6,1,,,1.0,3.0,,,,,,1.0,6,2.0,17,68,,45,54,86.6,464,536,,,24,,,,16,,,,11.8,2,17,,6,,,5,4,1,,18,1,0.0,0,2.0,,,,,,,,2.0,,7,,,7.15,6.78,4-2-3-1,4-1-4-1,4.0,4.0,7.1,6.9,3.0,2.0,-0.01,0.218,7.05,6.65,1.75,0.75,4.25,2.25,7.1,6.82,1.0,1.2,5.75,3.8,7.45,7.0,2.5,2.0,0.5,1.0,7.8,7.6,7.7,7.0,7.4,6.9,0.365,0.319
PL-2025-26-16087727,Jornada 37,2026-05-19,Chelsea,1,Tottenham,2,1,1.0,1.0,9,4,3,2,1,,,1.0,2.0,,,,,,1.0,3,1.0,5,39,,11,44,83.3,360,432,,,15,,,,18,,,,10.0,1,10,,14,,,19,14,5,,10,1,0.0,0,2.0,,,,,0.0,,,4.0,,11,,,1.0,0.0,9,3,5,1,1,,,0.0,1.0,,,,,,4.0,4,1.0,14,45,,25,56,87.7,479,546,,,23,,,,11,,,,25.0,4,16,,11,,,14,9,5,,14,2,0.0,0,2.0,,,,,2.0,,,3.0,,18,,,7.01,6.47,4-2-3-1,4-2-3-1,4.0,4.0,6.3,6.9,2.0,2.0,0.133,-0.685,6.7,6.35,1.25,1.5,1.75,1.75,7.56,6.5,1.2,0.333,4.4,5.667,6.2,6.467,1.0,1.667,0.0,0.333,8.6,7.3,8.0,6.9,7.3,6.7,0.689,0.396
