Partido_id,Fase,Fecha,Equipo1,Es_Local_E1,Equipo2,EQUIPO1_GOLES,EQUIPO2_GOLES,Goles_dentro_area_E1,Goles_Fuera_Area_E1,Disparos_totales_E1,Disparos_a_puerta_E1,Disparos_fuera_E1,Disparo_Bloqueados_E1,Disparos_Al palo_E1,Disparos_Larguero_E1,Disparos_Poste_E1,Disparos_a_puerta_fuera_del_area_E1,Disparos_fuera_desde_fuera_del_area_E1,Asistencias_E1,Penaltis_marcados_E1,Penaltis_fallados_E1,Penaltis_forzados_E1,Ataques_E1,Oportunidades_claras_E1,Saques_de_esquina_sacados_E1,Fueras_de_juego_E1,Regates_E1,Ataques_tercio_ofensivo_E1,Ataques_zonas_clave_E1,Carreras_hacia_el_area_E1,Posesion_E1,Precision_pase_E1,Pases_completados_E1,Pases_realizados_E1,Pases_cortos_completados_E1,Pases_media_distancia_completados_E1,Pases_en_largo_completados_E1,Pases_completados_atras_E1,Pases_completadosa_izquierda_E1,Pases_completados_derecha_E1,Libres_directos_sacados_E1,Centros__tercio_ofensivo_E1,Pases_zonas_clave_E1,Pases_al_area_E1,Precision_en_el_centro_E1,Centros_completados_E1,Centros_realizados_E1,Tiempo_de_posesion_E1,Balones_recuperados_E1,Bloqueos_E1,Penaltis_cometidos_E1,Entradas_E1,Entradas_con_exito_E1,Entradas_perdidas_E1,Despejes_completados_E1,Despejes_realizados_E1,goles_encajados_E1,Goles_encajados_propia_puerta_E1,Porterias_a_cero_E1,Paradas_E1,Paradas_en_libres_directo_E1,Paradas-tras_libre_indirecto_E1,Penaltis_parados_E1,Balones_blocados_E1,Balones_blocados_por arriba_E1,Balones_blocados_por_abajo_E1,Despejes_de_puños_E1,Tarjetas_amarillas_E1,Tarjetas_rojas_E1,Faltas_cometidas_E1,Faltas_cometidas_tercio_def_E1,Faltas_cometidas_en_campo_propio_E1,Goles_dentro_area_E2,Goles_Fuera_Area_E2,Disparos_totales_E2,Disparos_a_puerta_E2,Disparos_fuera_E2,Disparo_Bloqueados_E2,Disparos_Al palo_E2,Disparos_Larguero_E2,Disparos_Poste_E2,Disparos_a_puerta_fuera_del_area_E2,Disparos_fuera_desde_fuera_del_area_E2,Asistencias_E2,Penaltis_marcados_E2,Penaltis_fallados_E2,Penaltis_forzados_E2,Ataques_E2,Oportunidades_claras_E2,Saques_de_esquina_sacados_E2,Fueras_de_juego_E2,Regates_E2,Ataques_tercio_ofensivo_E2,Ataques_zonas_clave_E2,Carreras_hacia_el_area_E2,Posesion_E2,Precision_pase_E2,Pases_completados_E2,Pases_realizados_E2,Pases_cortos_completados_E2,Pases_media_distancia_completados_E2,Pases_en_largo_completados_E2,Pases_completados_atras_E2,Pases_completadosa_izquierda_E2,Pases_completados_derecha_E2,Libres_directos_sacados_E2,Centros__tercio_ofensivo_E2,Pases_zonas_clave_E2,Pases_al_area_E2,Precision_en_el_centro_E2,Centros_completados_E2,Centros_realizados_E2,Tiempo_de_posesion_E2,Balones_recuperados_E2,Bloqueos_E2,Penaltis_cometidos_E2,Entradas_E2,Entradas_con_exito_E2,Entradas_perdidas_E2,Despejes_completados_E2,Despejes_realizados_E2,goles_encajados_E2,Goles_encajados_propia_puerta_E2,Porterias_a_cero_E2,Paradas_E2,Paradas_en_libres_directo_E2,Paradas-tras_libre_indirecto_E2,Penaltis_parados_E2,Balones_blocados_E2,Balones_blocados_por arriba_E2,Balones_blocados_por_abajo_E2,Despejes_de_puños_E2,Tarjetas_amarillas_E2,Tarjetas_rojas_E2,Faltas_cometidas_E2,Faltas_cometidas_tercio_def_E2,Faltas_cometidas_en_campo_propio_E2,media11_titular_E1,media11_titular_E2,Torneo,Confederacion_E1,Confederacion_E2
SEL-WC_QUALS_UEFA-2022-9223752,Final,2021-03-24,Turquía,1,Países Bajos,4,2,,,8,5,2,1,0,,,,,,,,,,1.0,3,1.0,7,52,,,34,74.0,247,334,,,31,,,,12,,,,28.6,2,7,,15,,,11,8,3,,35,2,,0,7,,,,,,,,5.0,,18,,,,,20,9,6,5,1,,,,,,,,,,3.0,11,1.0,8,65,,,66,86.9,550,633,,,14,,,,18,,,,26.5,9,34,,7,,,7,3,4,,7,4,,0,1,,,,,,,,1.0,,12,,,7.07,6.51,Clasificatorias WC UEFA,UEFA,UEFA
SEL-WC_QUALS_UEFA-2022-9223737,Final,2021-03-24,Portugal,1,Azerbaiyán,1,0,,,29,14,8,7,0,,,,,,,,,,1.0,10,1.0,12,99,,,67,86.2,631,732,,,26,,,,10,,,,35.3,12,34,,15,,,11,6,5,,5,0,,1,0,,,,,,,,1.0,,9,,,,,4,0,2,2,0,,,,,,,,,,0.0,0,2.0,5,41,,,33,72.1,269,373,,,25,,,,8,,,,50.0,1,2,,21,,,22,12,10,,40,1,,0,14,,,,,,,,1.0,,11,,,7.31,7.09,Clasificatorias WC UEFA,UEFA,UEFA
SEL-WC_QUALS_UEFA-2022-9223726,Final,2021-03-24,Serbia,1,Irlanda,3,2,,,14,4,4,6,0,,,,,,,,,,2.0,9,4.0,9,40,,,56,84.8,407,480,,,29,,,,17,,,,26.1,6,23,,9,,,11,8,3,,15,2,,0,0,,,,,,,,1.0,,11,,,,,6,2,3,1,0,,,,,,,,,,1.0,6,0.0,5,52,,,44,78.6,297,378,,,20,,,,11,,,,14.8,4,27,,11,,,15,9,6,,26,3,,0,1,,,,,,,,0.0,,18,,,6.93,6.58,Clasificatorias WC UEFA,UEFA,UEFA
SEL-WC_QUALS_UEFA-2022-9223725,Final,2021-03-24,Finlandia,1,Bosnia,2,2,,,12,7,3,2,1,,,,,,,,,,4.0,5,0.0,10,43,,,44,83.8,366,437,,,25,,,,9,,,,22.2,2,9,,19,,,11,6,5,,23,2,,0,5,,,,,,,,3.0,,11,,,,,19,7,4,8,0,,,,,,,,,,5.0,7,3.0,4,58,,,56,87.2,475,545,,,32,,,,10,,,,14.3,4,28,,16,,,12,8,4,,10,2,,0,5,,,,,,,,0.0,,10,,,7.08,6.85,Clasificatorias WC UEFA,UEFA,UEFA
SEL-WC_QUALS_UEFA-2022-9223734,Final,2021-03-24,Francia,1,Ucrania,1,1,,,18,3,9,6,0,,,,,,,,,,2.0,12,6.0,16,85,,,63,91.6,722,788,,,16,,,,3,,,,21.2,7,33,,9,,,8,6,2,,2,1,,0,0,,,,,,,,1.0,,17,,,,,3,1,2,0,0,,,,,,,,,,0.0,0,0.0,7,36,,,37,82.6,388,470,,,16,,,,16,,,,,0,4,,11,,,18,11,7,,36,1,,0,2,,,,,,,,0.0,,3,,,6.86,6.89,Clasificatorias WC UEFA,UEFA,UEFA
SEL-WC_QUALS_UEFA-2022-9223746,Final,2021-03-24,Bélgica,1,Gales,3,1,,,12,4,5,3,0,,,,,,,,,,3.0,4,3.0,8,71,,,75,90.0,807,897,,,25,,,,3,,,,30.8,4,13,,4,,,9,7,2,,7,1,,0,0,,,,,,,,1.0,,12,,,,,4,1,3,0,0,,,,,,,,,,1.0,1,0.0,4,59,,,25,74.2,221,298,,,22,,,,11,,,,33.3,3,9,,25,,,13,11,2,,19,3,,0,1,,,,,,,,0.0,,3,,,7.05,6.67,Clasificatorias WC UEFA,UEFA,UEFA
SEL-WC_QUALS_UEFA-2022-9223748,Final,2021-03-24,Estonia,1,República Checa,2,6,,,6,3,2,1,1,,,,,,,,,,1.0,0,1.0,0,34,,,24,61.7,145,235,,,31,,,,13,,,,14.3,1,7,,16,,,13,7,6,,24,6,,0,2,,,,,,,,,,10,,,,,20,8,8,4,0,,,,,,,,,,3.0,6,3.0,12,83,,,76,89.2,646,724,,,33,,,,9,,,,27.6,8,29,,22,,,7,5,2,,2,2,,0,1,,,,,,,,,,14,,,6.09,7.66,Clasificatorias WC UEFA,UEFA,UEFA
SEL-WC_QUALS_UEFA-2022-9223756,Final,2021-03-24,Gibraltar,1,Noruega,0,3,,,1,0,0,1,0,,,,,,,,,,0.0,1,1.0,6,34,,,16,52.7,77,146,,,16,,,,15,,,,,0,5,,14,,,14,9,5,,40,3,,0,12,,,,,,,,3.0,,15,,,,,29,14,11,4,1,,,,,,,,,,7.0,14,0.0,16,105,,,84,87.8,663,755,,,14,,,,15,,,,23.3,7,30,,8,,,15,8,7,,4,0,,1,0,,,,,,,,1.0,,16,,,6.43,7.43,Clasificatorias WC UEFA,UEFA,UEFA
SEL-WC_QUALS_UEFA-2022-9223744,Final,2021-03-24,Letonia,1,Montenegro,1,2,,,12,6,4,2,0,,,,,,,,,,2.0,3,1.0,6,55,,,38,54.3,176,324,,,24,,,,13,,,,36.4,4,11,,15,,,16,9,7,,33,2,,0,4,,,,,,,,4.0,,18,,,,,27,7,16,4,0,,,,,,,,,,3.0,11,2.0,8,86,,,62,71.2,359,504,,,39,,,,16,,,,25.9,7,27,,7,,,16,9,7,,6,1,,0,3,,,,,,,,1.0,,13,,,6.83,7.23,Clasificatorias WC UEFA,UEFA,UEFA
SEL-WC_QUALS_UEFA-2022-9223773,Final,2021-03-24,Chipre,1,Eslovaquia,0,0,,,11,4,3,4,0,,,,,,,,,,2.0,3,0.0,10,61,,,40,70.7,273,386,,,27,,,,19,,,,50.0,5,10,,11,,,11,6,5,,10,0,,1,3,,,,,,,,2.0,,16,,,,,7,3,3,1,0,,,,,,,,,,2.0,1,3.0,6,73,,,60,79.1,458,579,,,28,,,,16,,,,22.2,2,9,,9,,,20,11,9,,5,0,,1,4,,,,,,,,0.0,,20,,,6.85,7.1,Clasificatorias WC UEFA,UEFA,UEFA
SEL-WC_QUALS_UEFA-2022-9223766,Final,2021-03-24,Malta,1,Rusia,1,3,,,9,5,1,3,0,,,,,,,,,,0.0,1,1.0,11,51,,,45,77.2,315,408,,,37,,,,8,,,,12.5,1,8,,11,,,10,7,3,,20,3,,0,1,,,,,,,,1.0,,13,,,,,11,4,6,1,0,,,,,,,,,,1.0,5,4.0,15,61,,,55,83.0,400,482,,,36,,,,12,,,,32.0,8,25,,16,,,19,10,9,,13,1,,0,4,,,,,,,,1.0,,10,,,6.49,7.26,Clasificatorias WC UEFA,UEFA,UEFA
SEL-WC_QUALS_UEFA-2022-9223768,Final,2021-03-24,Eslovenia,1,Croacia,1,0,,,8,4,3,1,0,,,,,,,,,,,2,0.0,4,40,,,31,75.5,249,330,,,29,,,,15,,,,11.1,1,9,,14,,,19,10,9,,29,0,,1,3,,,,,,,,2.0,,11,,,,,11,3,6,2,1,,,,,,,,,,,3,2.0,13,75,,,69,89.3,657,736,,,36,,,,11,,,,22.9,8,35,,11,,,11,7,4,,6,1,,0,3,,,,,,,,5.0,,15,,,7.09,7.05,Clasificatorias WC UEFA,UEFA,UEFA
SEL-WC_QUALS_UEFA-2022-9223753,Final,2021-03-25,Bulgaria,1,Suiza,1,3,,,7,2,1,4,0,,,,,,,,,,0.0,1,0.0,7,41,,,30,73.4,213,290,,,14,,,,18,,,,28.6,2,7,,16,,,18,11,7,,30,3,,0,2,,,,,,,,1.0,,13,,,,,13,5,5,3,1,,,,,,,,,,5.0,7,4.0,8,77,,,70,88.1,571,648,,,18,,,,12,,,,32.3,10,31,,12,,,14,7,7,,9,1,,0,1,,,,,,,,1.0,,18,,,6.54,7.03,Clasificatorias WC UEFA,UEFA,UEFA
SEL-WC_QUALS_UEFA-2022-9223745,Final,2021-03-25,Israel,1,Dinamarca,0,2,,,14,2,2,10,0,,,,,,,,,,0.0,5,2.0,13,30,,,50,84.9,423,498,,,21,,,,10,,,,16.7,3,18,,10,,,18,11,7,,14,2,,0,5,,,,,,,,2.0,,9,,,,,14,7,5,2,1,,,,,,,,,,1.0,8,1.0,10,60,,,50,83.5,430,515,,,39,,,,9,,,,30.0,3,10,,13,,,16,10,6,,19,0,,1,2,,,,,,,,2.0,,10,,,6.65,7.41,Clasificatorias WC UEFA,UEFA,UEFA
SEL-WC_QUALS_UEFA-2022-9223717,Final,2021-03-25,España,1,Grecia,1,1,,,9,2,4,3,1,,,,,,,,,,1.0,3,1.0,4,99,,,80,92.3,850,921,,,47,,,,9,,,,17.9,5,28,,7,,,11,5,6,,2,1,,0,0,,,,,,,,1.0,,15,,,,,1,1,0,0,0,,,,,,,,,,1.0,0,2.0,3,25,,,20,62.0,147,237,,,18,,,,14,,,,,0,2,,13,,,16,5,11,,14,1,,0,1,,,,,,,,2.0,,10,,,6.85,6.64,Clasificatorias WC UEFA,UEFA,UEFA
SEL-WC_QUALS_UEFA-2022-9223713,Final,2021-03-25,Suecia,1,Georgia,1,0,,,10,4,5,1,0,,,,,,,,,,1.0,4,0.0,6,73,,,55,82.8,457,552,,,31,,,,8,,,,16.7,3,18,,13,,,15,7,8,,10,0,,1,3,,,,,,,,3.0,,19,,,,,8,3,2,3,0,,,,,,,,,,2.0,2,1.0,10,34,,,45,79.4,358,451,,,34,,,,16,,,,42.9,6,14,,8,,,12,5,7,,20,1,,0,3,,,,,,,,1.0,,9,,,7.25,6.7,Clasificatorias WC UEFA,UEFA,UEFA
SEL-WC_QUALS_UEFA-2022-9223761,Final,2021-03-25,Italia,1,Irlanda del Norte,2,0,,,12,5,7,0,0,,,,,,,,,,4.0,0,5.0,7,58,,,66,88.0,648,736,,,36,,,,11,,,,50.0,2,4,,8,,,8,4,4,,21,0,,1,3,,,,,,,,0.0,,8,,,,,8,3,3,2,0,,,,,,,,,,2.0,5,0.0,7,54,,,34,73.9,266,360,,,32,,,,8,,,,17.6,3,17,,5,,,8,8,0,,6,2,,0,3,,,,,,,,2.0,,12,,,7.27,6.53,Clasificatorias WC UEFA,UEFA,UEFA
SEL-WC_QUALS_UEFA-2022-9223743,Final,2021-03-25,Moldavia,1,Islas Feroe,1,1,,,8,3,2,3,1,,,,,,,,,,1.0,1,4.0,3,53,,,42,70.8,254,359,,,27,,,,21,,,,7.7,1,13,,19,,,13,7,6,,27,1,,0,2,,,,,,,,3.0,,15,,,,,12,4,2,6,0,,,,,,,,,,1.0,3,0.0,10,76,,,58,75.6,375,496,,,18,,,,14,,,,14.3,3,21,,12,,,13,7,6,,15,1,,0,2,,,,,,,,3.0,,21,,,6.86,6.66,Clasificatorias WC UEFA,UEFA,UEFA
SEL-WC_QUALS_UEFA-2022-9223733,Final,2021-03-25,Escocia,1,Austria,2,2,,,13,4,6,3,0,,,,,,,,,,1.0,6,1.0,10,53,,,40,75.3,292,388,,,30,,,,16,,,,18.2,4,22,,18,,,15,9,6,,19,2,,0,3,,,,,,,,4.0,,14,,,,,10,5,3,2,0,,,,,,,,,,1.0,2,0.0,9,48,,,60,82.5,498,604,,,22,,,,13,,,,15.4,2,13,,10,,,15,10,5,,16,2,,0,2,,,,,,,,3.0,,16,,,6.96,6.86,Clasificatorias WC UEFA,UEFA,UEFA
SEL-WC_QUALS_UEFA-2022-9223736,Final,2021-03-25,Andorra,1,Albania,0,1,,,2,1,1,0,0,,,,,,,,,,0.0,1,1.0,5,35,,,26,46.9,84,179,,,12,,,,12,,,,11.1,1,9,,18,,,20,14,6,,20,1,,0,3,,,,,,,,3.0,,25,,,,,14,4,6,4,0,,,,,,,,,,3.0,6,2.0,6,67,,,74,81.6,420,515,,,32,,,,23,,,,29.0,9,31,,11,,,10,7,3,,14,0,,1,1,,,,,,,,5.0,,13,,,6.59,7.09,Clasificatorias WC UEFA,UEFA,UEFA
SEL-WC_QUALS_UEFA-2022-9223727,Final,2021-03-25,Inglaterra,1,San Marino,5,0,,,32,15,13,4,1,,,,,,,,,,9.0,7,4.0,21,103,,,85,93.0,846,910,,,17,,,,5,,,,47.8,11,23,,3,,,9,3,6,,2,0,,1,0,,,,,,,,1.0,,8,,,,,2,0,1,1,0,,,,,,,,,,0.0,1,0.0,6,33,,,15,55.7,93,167,,,12,,,,8,,,,,0,2,,7,,,13,6,7,,28,5,,0,10,,,,,,,,0.0,,6,,,7.65,6.16,Clasificatorias WC UEFA,UEFA,UEFA
SEL-WC_QUALS_UEFA-2022-9223716,Final,2021-03-25,Hungría,1,Polonia,3,3,,,10,4,3,3,0,,,,,,,,,,5.0,3,3.0,4,34,,,36,72.0,236,328,,,16,,,,11,,,,25.0,3,12,,17,,,11,7,4,,19,3,,0,0,,,,,,,,5.0,1.0,20,,,,,10,3,6,1,0,,,,,,,,,,1.0,3,5.0,5,68,,,64,84.4,510,604,,,26,,,,19,,,,25.0,4,16,,11,,,12,9,3,,13,3,,0,1,,,,,,,,2.0,0.0,14,,,6.65,6.75,Clasificatorias WC UEFA,UEFA,UEFA
SEL-WC_QUALS_UEFA-2022-9223709,Final,2021-03-25,Alemania,1,Islandia,3,0,,,15,5,7,3,1,,,,,,,,,,1.0,3,2.0,10,80,,,81,92.6,972,1050,,,37,,,,11,,,,30.0,3,10,,12,,,11,5,6,,7,0,,1,2,,,,,,,,1.0,,8,,,,,8,2,4,2,0,,,,,,,,,,1.0,3,1.0,6,42,,,19,68.5,159,232,,,18,,,,8,,,,20.0,2,10,,6,,,11,5,6,,20,3,,0,2,,,,,,,,2.0,,11,,,7.57,6.39,Clasificatorias WC UEFA,UEFA,UEFA
SEL-WC_QUALS_UEFA-2022-9223708,Final,2021-03-25,Liechtenstein,1,Armenia,0,1,,,0,0,0,0,0,,,,,,,,,,0.0,1,1.0,1,36,,,31,54.4,123,226,,,29,,,,12,,,,,0,7,,10,,,19,12,7,,47,1,,0,5,,,,,,,,2.0,,13,,,,,26,5,17,4,0,,,,,,,,,,1.0,9,5.0,18,79,,,69,83.0,410,494,,,40,,,,13,,,,27.0,10,37,,5,,,8,6,2,,9,0,,1,0,,,,,,,,3.0,,12,,,6.67,7.33,Clasificatorias WC UEFA,UEFA,UEFA
SEL-WC_QUALS_UEFA-2022-9223707,Final,2021-03-25,Rumania,1,Macedonia del Norte,3,2,,,18,11,3,4,0,,,,,,,,,,2.0,3,1.0,9,38,,,46,79.8,352,441,,,19,,,,8,,,,20.0,2,10,,14,,,21,12,9,,9,2,,0,2,,,,,,,,3.0,,21,,,,,14,4,5,5,0,,,,,,,,,,6.0,2,4.0,10,54,,,54,82.6,413,500,,,32,,,,18,,,,29.4,5,17,,13,,,11,8,3,,10,3,,0,8,,,,,,,,4.0,,10,,,7.02,6.78,Clasificatorias WC UEFA,UEFA,UEFA
SEL-WC_QUALS_UEFA-2022-9223741,Semifinals,2021-03-27,Montenegro,1,Gibraltar,4,1,,,31,13,9,9,2,,,,,,,,,,4.0,12,2.0,17,84,,,77,88.3,624,707,,,34,,,,14,,,,35.1,13,37,,6,,,13,6,7,,4,1,,0,0,,,,,,,,1.0,,12,,,,,2,1,0,1,0,,,,,,,,,,1.0,0,1.0,3,32,,,23,56.6,124,219,,,17,,,,10,,,,,0,2,,12,,,17,9,8,,40,4,,0,9,,,,,,,,3.0,,14,,,7.42,6.35,Clasificatorias WC UEFA,UEFA,UEFA
SEL-WC_QUALS_UEFA-2022-9223759,Semifinals,2021-03-27,Rusia,1,Eslovenia,2,1,,,9,4,4,1,1,,,,,,,,,,3.0,6,2.0,7,55,,,44,79.3,333,420,,,41,,,,10,,,,22.7,5,22,,13,,,12,6,6,,17,1,,0,2,,,,,,,,3.0,,16,,,,,11,3,4,4,0,,,,,,,,,,0.0,6,0.0,9,65,,,56,83.2,452,543,,,33,,,,13,,,,20.0,4,20,,11,,,9,6,3,,21,2,,0,2,,,,,,,,2.0,,11,,,7.06,6.8,Clasificatorias WC UEFA,UEFA,UEFA
SEL-WC_QUALS_UEFA-2022-9223739,Semifinals,2021-03-27,Bielorrusia,1,Estonia,4,2,,,11,5,2,4,0,,,,,,,,,,3.0,5,4.0,13,66,,,64,68.7,287,418,,,41,,,,25,,,,25.0,6,24,,0,,,11,6,5,,12,2,,0,2,,,,,,,,3.0,0.0,16,,,,,10,4,4,2,0,,,,,,,,,,1.0,2,2.0,1,53,,,36,53.9,131,243,,,26,,,,16,,,,12.5,1,8,,12,,,20,7,13,,33,4,,0,1,,,,,,,,6.0,1.0,27,,,6.87,6.53,Clasificatorias WC UEFA,UEFA,UEFA
SEL-WC_QUALS_UEFA-2022-9223751,Semifinals,2021-03-27,Países Bajos,1,Letonia,2,0,,,36,11,13,12,2,,,,,,,,,,8.0,16,2.0,16,90,,,77,89.1,668,750,,,30,,,,10,,,,43.8,14,32,,10,,,12,4,8,,3,0,,1,0,,,,,,,,2.0,,5,,,,,4,0,3,1,1,,,,,,,,,,0.0,0,1.0,3,27,,,23,63.8,148,232,,,27,,,,4,,,,50.0,2,4,,15,,,16,9,7,,39,2,,0,8,,,,,,,,2.0,,11,,,7.73,6.79,Clasificatorias WC UEFA,UEFA,UEFA
SEL-WC_QUALS_UEFA-2022-9223738,Semifinals,2021-03-27,Noruega,1,Turquía,0,3,,,13,1,8,4,1,,,,,,,,,,1.0,7,2.0,6,78,,,58,87.2,537,616,,,18,,,,9,,,,16.0,4,25,,19,,,11,6,5,,3,3,,0,0,,,,,,,,2.0,1.0,14,,,,,10,3,3,4,0,,,,,,,,,,2.0,3,2.0,4,44,,,42,82.6,384,465,,,31,,,,10,,,,50.0,4,8,,12,,,9,5,4,,20,0,,1,1,,,,,,,,1.0,0.0,13,,,6.75,7.24,Clasificatorias WC UEFA,UEFA,UEFA
SEL-WC_QUALS_UEFA-2022-9223764,Semifinals,2021-03-27,Croacia,1,Chipre,1,0,,,17,3,11,3,0,,,,,,,,,,2.0,7,3.0,9,91,,,69,85.1,576,677,,,40,,,,5,,,,22.5,9,40,,11,,,17,10,7,,5,0,,1,2,,,,,,,,3.0,,12,,,,,3,2,1,0,0,,,,,,,,,,0.0,0,3.0,10,29,,,31,68.9,222,322,,,19,,,,12,,,,100.0,3,3,,23,,,16,8,8,,21,1,,0,2,,,,,,,,0.0,,7,,,7.12,6.8,Clasificatorias WC UEFA,UEFA,UEFA
SEL-WC_QUALS_UEFA-2022-9223771,Semifinals,2021-03-27,Irlanda,1,Luxemburgo,0,1,,,11,3,6,2,0,,,,,,,,,,2.0,3,2.0,7,60,,,63,83.7,468,559,,,18,,,,16,,,,38.1,8,21,,7,,,7,3,4,,10,1,,0,3,,,,,,,,2.0,,16,,,,,9,4,3,2,0,,,,,,,,,,0.0,4,2.0,5,35,,,37,74.8,249,333,,,27,,,,15,,,,20.0,2,10,,6,,,14,9,5,,20,0,,1,3,,,,,,,,3.0,,16,,,6.75,7.03,Clasificatorias WC UEFA,UEFA,UEFA
SEL-WC_QUALS_UEFA-2022-9223765,Semifinals,2021-03-27,Serbia,1,Portugal,2,2,,,16,5,7,4,0,,,,,,,,,,2.0,5,2.0,5,43,,,44,75.4,294,390,,,38,,,,11,,,,57.1,12,21,,9,,,11,8,3,,16,2,,0,1,,,,,,,,2.0,1.0,16,,,,,12,5,4,3,0,,,,,,,,,,4.0,4,5.0,6,51,,,56,81.9,416,508,,,35,,,,16,,,,8.3,1,12,,15,,,6,4,2,,16,2,,0,3,,,,,,,,3.0,0.0,12,,,7.05,6.86,Clasificatorias WC UEFA,UEFA,UEFA
SEL-WC_QUALS_UEFA-2022-9223742,Semifinals,2021-03-27,República Checa,1,Bélgica,1,1,,,14,6,6,2,2,,,,,,,,,,1.0,7,8.0,5,49,,,38,72.7,242,333,,,28,,,,12,,,,16.0,4,25,,20,,,13,8,5,,15,1,,0,3,,,,,,,,1.0,,11,,,,,9,4,4,1,1,,,,,,,,,,2.0,3,4.0,10,56,,,62,79.7,455,571,,,29,,,,11,,,,11.1,2,18,,8,,,12,8,4,,23,1,,0,4,,,,,,,,2.0,,12,,,6.95,7.0,Clasificatorias WC UEFA,UEFA,UEFA
SEL-WC_QUALS_UEFA-2022-9223767,Semifinals,2021-03-27,Eslovaquia,1,Malta,2,2,,,14,5,6,3,0,,,,,,,,,,5.0,8,7.0,16,63,,,66,86.8,480,553,,,22,,,,17,,,,30.0,6,20,,12,,,19,12,7,,5,2,,0,2,,,,,,,,2.0,,13,,,,,9,4,4,1,0,,,,,,,,,,2.0,1,0.0,10,25,,,34,73.9,204,276,,,21,,,,13,,,,23.1,3,13,,15,,,18,11,7,,22,2,,0,1,,,,,,,,2.0,,17,,,6.95,6.71,Clasificatorias WC UEFA,UEFA,UEFA
SEL-WC_QUALS_UEFA-2022-9223715,Semifinals,2021-03-28,Kazajistán,1,Francia,0,2,,,4,1,2,1,0,,,,,,,,,,0.0,0,4.0,4,26,,,37,80.4,340,423,,,16,,,,16,,,,,0,5,,19,,,20,13,7,,11,2,,0,7,,,,,,,,0.0,,13,,,,,15,9,3,3,0,,,,,,,,,,3.0,9,4.0,12,63,,,63,88.6,636,718,,,29,,,,13,,,,27.3,3,11,,6,,,6,1,5,,4,0,,1,1,,,,,,,,1.0,,17,,,6.74,7.1,Clasificatorias WC UEFA,UEFA,UEFA
SEL-WC_QUALS_UEFA-2022-9223769,Semifinals,2021-03-28,Georgia,1,España,1,2,,,5,2,1,2,0,,,,,,,,,,0.0,3,2.0,12,20,,,21,67.5,154,228,,,22,,,,7,,,,20.0,2,10,,14,,,26,14,12,,29,2,,0,1,,,,,,,,1.0,1.0,12,,,,,9,3,5,1,0,,,,,,,,,,1.0,6,2.0,14,79,,,79,89.8,780,869,,,35,,,,10,,,,23.8,5,21,,11,,,14,9,5,,8,1,,0,1,,,,,,,,2.0,0.0,8,,,6.68,7.02,Clasificatorias WC UEFA,UEFA,UEFA
SEL-WC_QUALS_UEFA-2022-9223718,Semifinals,2021-03-28,Dinamarca,1,Moldavia,8,0,,,18,11,3,4,0,,,,,,,,,,6.0,3,2.0,9,68,,,75,89.3,683,765,,,25,,,,6,,,,27.8,5,18,,15,,,12,4,8,,7,0,,1,2,,,,,,,,0.0,,14,,,,,4,2,1,1,0,,,,,,,,,,0.0,2,3.0,2,24,,,25,61.5,158,257,,,20,,,,13,,,,28.6,2,7,,11,,,18,8,10,,10,8,,0,3,,,,,,,,1.0,,7,,,7.86,5.7,Clasificatorias WC UEFA,UEFA,UEFA
SEL-WC_QUALS_UEFA-2022-9223730,Semifinals,2021-03-28,Albania,1,Inglaterra,0,2,,,2,0,1,1,0,,,,,,,,,,1.0,1,3.0,3,30,,,29,74.1,232,313,,,20,,,,10,,,,28.6,2,7,,11,,,13,4,9,,17,2,,0,2,,,,,,,,3.0,,13,,,,,9,4,4,1,2,,,,,,,,,,4.0,5,0.0,10,82,,,71,90.0,703,781,,,49,,,,13,,,,23.5,4,17,,13,,,16,4,12,,10,0,,1,0,,,,,,,,2.0,,12,,,6.35,7.45,Clasificatorias WC UEFA,UEFA,UEFA
SEL-WC_QUALS_UEFA-2022-9223710,Semifinals,2021-03-28,Armenia,1,Islandia,2,0,,,12,6,3,3,0,,,,,,,,,,0.0,1,2.0,8,53,,,41,73.2,219,299,,,18,,,,6,,,,22.2,2,9,,5,,,15,11,4,,27,0,,1,2,,,,,,,,2.0,,15,,,,,14,2,6,6,0,,,,,,,,,,1.0,10,2.0,10,56,,,59,82.0,342,417,,,46,,,,14,,,,41.7,15,36,,8,,,15,7,8,,14,2,,0,4,,,,,,,,3.0,,8,,,6.94,6.88,Clasificatorias WC UEFA,UEFA,UEFA
SEL-WC_QUALS_UEFA-2022-9223763,Semifinals,2021-03-28,Kosovo,1,Suecia,0,3,,,7,0,6,1,0,,,,,,,,,,1.0,2,5.0,9,51,,,50,79.5,334,420,,,28,,,,12,,,,26.3,5,19,,12,,,12,5,7,,14,3,,0,5,,,,,,,,6.0,1.0,9,,,,,20,8,5,7,0,,,,,,,,,,6.0,4,2.0,7,65,,,50,79.2,339,428,,,29,,,,8,,,,26.3,5,19,,5,,,6,4,2,,22,0,,1,0,,,,,,,,1.0,0.0,12,,,6.5,7.09,Clasificatorias WC UEFA,UEFA,UEFA
SEL-WC_QUALS_UEFA-2022-9223747,Semifinals,2021-03-28,Bulgaria,1,Italia,0,2,,,3,1,0,2,0,,,,,,,,,,0.0,0,2.0,6,45,,,33,73.7,210,285,,,34,,,,18,,,,8.3,1,12,,9,,,15,12,3,,15,2,,0,4,,,,,,,,3.0,,14,,,,,22,6,4,12,1,,,,,,,,,,4.0,12,1.0,5,47,,,67,87.5,520,594,,,34,,,,13,,,,27.3,6,22,,10,,,9,4,5,,11,0,,1,1,,,,,,,,2.0,,18,,,6.81,7.09,Clasificatorias WC UEFA,UEFA,UEFA
SEL-WC_QUALS_UEFA-2022-9223749,Semifinals,2021-03-28,Suiza,1,Lituania,1,0,,,21,9,8,4,2,,,,,,,,,,4.0,14,5.0,11,74,,,69,89.2,545,611,,,26,,,,8,,,,25.7,9,35,,13,,,11,9,2,,7,0,,1,1,,,,,,,,0.0,,8,,,,,4,1,0,3,0,,,,,,,,,,0.0,3,4.0,7,42,,,31,69.5,198,285,,,22,,,,8,,,,20.0,1,5,,9,,,9,6,3,,26,1,,0,8,,,,,,,,1.0,,8,,,7.33,6.68,Clasificatorias WC UEFA,UEFA,UEFA
SEL-WC_QUALS_UEFA-2022-9223721,Semifinals,2021-03-28,Ucrania,1,Finlandia,1,1,,,17,4,7,6,0,,,,,,,,,,1.0,3,1.0,7,73,,,61,90.5,571,631,,,20,,,,9,,,,25.0,4,16,,8,,,10,7,3,,8,1,,0,0,,,,,,,,3.0,1.0,10,,,,,7,1,4,2,1,,,,,,,,,,1.0,3,2.0,2,34,,,39,83.7,339,405,,,12,,,,9,,,,16.7,1,6,,14,,,10,8,2,,11,1,,0,3,,,,,,,,2.0,0.0,10,,,6.95,6.84,Clasificatorias WC UEFA,UEFA,UEFA
SEL-WC_QUALS_UEFA-2022-9223732,Semifinals,2021-03-28,Austria,1,Islas Feroe,3,1,,,27,8,12,7,1,,,,,,,,,,7.0,9,2.0,14,60,,,71,86.6,541,625,,,29,,,,7,,,,27.6,8,29,,7,,,11,10,1,,11,1,,0,3,,,,,,,,1.0,,10,,,,,9,4,3,2,0,,,,,,,,,,1.0,4,0.0,4,32,,,29,66.0,169,256,,,19,,,,8,,,,50.0,7,14,,11,,,10,3,7,,48,3,,0,5,,,,,,,,1.0,,7,,,7.4,6.55,Clasificatorias WC UEFA,UEFA,UEFA
SEL-WC_QUALS_UEFA-2022-9223728,Semifinals,2021-03-28,Israel,1,Escocia,1,1,,,14,3,6,5,0,,,,,,,,,,,0,1.0,6,62,,,55,86.1,510,592,,,25,,,,14,,,,20.0,2,10,,10,,,9,7,2,,14,1,,0,2,,,,,,,,1.0,,17,,,,,13,3,5,5,0,,,,,,,,,,,4,4.0,7,51,,,45,83.2,395,475,,,29,,,,16,,,,15.0,3,20,,12,,,20,10,10,,8,1,,0,2,,,,,,,,1.0,,15,,,6.85,7.01,Clasificatorias WC UEFA,UEFA,UEFA
SEL-WC_QUALS_UEFA-2022-9223719,Semifinals,2021-03-28,Polonia,1,Andorra,3,0,,,26,6,9,11,0,,,,,,,,,,6.0,13,0.0,15,62,,,85,88.8,608,685,,,33,,,,22,,,,29.1,16,55,,5,,,7,4,3,,3,0,,1,0,,,,,,,,0.0,,8,,,,,1,0,1,0,0,,,,,,,,,,0.0,0,1.0,5,29,,,15,39.1,50,128,,,11,,,,8,,,,,0,1,,24,,,7,3,4,,40,3,,0,2,,,,,,,,2.0,,22,,,7.42,6.43,Clasificatorias WC UEFA,UEFA,UEFA
SEL-WC_QUALS_UEFA-2022-9223712,Semifinals,2021-03-28,San Marino,1,Hungría,0,3,,,1,0,1,0,0,,,,,,,,,,0.0,1,1.0,1,25,,,20,56.4,101,179,,,21,,,,13,,,,50.0,1,2,,21,,,5,5,0,,43,3,,0,7,,,,,,,,4.0,,17,,,,,23,10,10,3,0,,,,,,,,,,5.0,16,3.0,5,85,,,80,89.8,633,705,,,20,,,,16,,,,23.3,10,43,,8,,,9,7,2,,3,0,,1,0,,,,,,,,2.0,,14,,,6.5,7.22,Clasificatorias WC UEFA,UEFA,UEFA
SEL-WC_QUALS_UEFA-2022-9223750,Semifinals,2021-03-28,Macedonia del Norte,1,Liechtenstein,5,0,,,21,11,8,2,1,,,,,,,,,,3.0,3,7.0,13,103,,,75,90.6,690,762,,,28,,,,19,,,,25.0,5,20,,7,,,15,5,10,,3,0,,1,1,,,,,,,,1.0,,6,,,,,2,1,0,1,0,,,,,,,,,,0.0,2,2.0,5,19,,,25,72.2,179,248,,,18,,,,6,,,,20.0,1,5,,14,,,9,3,6,,31,5,,0,6,,,,,,,,5.0,,21,,,7.48,6.05,Clasificatorias WC UEFA,UEFA,UEFA
SEL-WC_QUALS_UEFA-2022-9223755,Semifinals,2021-03-28,Rumania,1,Alemania,0,1,,,9,2,5,2,0,,,,,,,,,,2.0,3,2.0,10,31,,,34,75.6,269,356,,,17,,,,11,,,,16.7,1,6,,12,,,11,3,8,,25,1,,0,8,,,,,,,,1.0,,10,,,,,18,9,6,3,1,,,,,,,,,,5.0,6,5.0,13,67,,,66,89.8,625,696,,,29,,,,10,,,,19.0,4,21,,18,,,14,9,5,,9,0,,1,2,,,,,,,,1.0,,11,,,6.71,7.34,Clasificatorias WC UEFA,UEFA,UEFA
SEL-WC_QUALS_UEFA-2022-9223774,Ronda 3,2021-03-30,Azerbaiyán,1,Serbia,1,2,,,8,2,3,3,0,,,,,,,,,,3.0,2,1.0,3,37,,,33,72.0,229,318,,,17,,,,14,,,,20.0,1,5,,13,,,13,9,4,,12,2,,0,5,,,,,,,,1.0,,19,,,,,18,7,9,2,0,,,,,,,,,,1.0,9,2.0,13,71,,,67,87.8,568,647,,,57,,,,16,,,,36.4,8,22,,14,,,14,7,7,,9,1,,0,1,,,,,,,,2.0,,14,,,6.5,7.47,Clasificatorias WC UEFA,UEFA,UEFA
SEL-WC_QUALS_UEFA-2022-9223758,Ronda 3,2021-03-30,Chipre,1,Eslovenia,1,0,,,7,3,3,1,0,,,,,,,,,,0.0,2,2.0,13,50,,,38,68.6,238,347,,,23,,,,15,,,,16.7,2,12,,6,,,15,7,8,,24,0,,1,3,,,,,,,,0.0,,10,,,,,9,3,4,2,0,,,,,,,,,,1.0,6,6.0,4,73,,,62,78.1,447,572,,,31,,,,9,,,,13.3,2,15,,4,,,14,8,6,,12,1,,0,2,,,,,,,,2.0,,15,,,7.14,6.67,Clasificatorias WC UEFA,UEFA,UEFA
SEL-WC_QUALS_UEFA-2022-9223772,Ronda 3,2021-03-30,Luxemburgo,1,Portugal,1,3,,,6,1,2,3,0,,,,,,,,,,1.0,4,2.0,8,55,,,43,80.3,330,411,,,33,,,,15,,,,7.7,1,13,,12,,,20,12,8,,19,3,,0,8,,,,,,,,2.0,1.0,9,,,,,20,11,4,5,1,,,,,,,,,,5.0,9,5.0,19,54,,,57,87.0,457,525,,,32,,,,9,,,,25.9,7,27,,13,,,18,13,5,,12,1,,0,0,,,,,,,,3.0,0.0,15,,,6.65,6.98,Clasificatorias WC UEFA,UEFA,UEFA
SEL-WC_QUALS_UEFA-2022-9223722,Ronda 3,2021-03-30,Bélgica,1,Bielorrusia,8,0,,,21,15,5,1,0,,,,,,,,,,8.0,7,1.0,14,69,,,68,90.6,657,725,,,45,,,,7,,,,20.0,4,20,,12,,,20,9,11,,5,0,,1,0,,,,,,,,,,8,,,,,4,0,2,2,0,,,,,,,,,,0.0,1,2.0,5,38,,,32,78.5,270,344,,,31,,,,8,,,,,0,3,,22,,,18,12,6,,21,8,,0,7,,,,,,,,,,8,,,8.02,5.9,Clasificatorias WC UEFA,UEFA,UEFA
SEL-WC_QUALS_UEFA-2022-9223729,Ronda 3,2021-03-30,Gales,1,República Checa,1,0,,,8,3,3,2,0,,,,,,,,,,2.0,3,5.0,4,45,,,44,75.0,243,324,,,25,,,,14,,,,21.4,3,14,,7,,,10,5,5,,19,0,,1,3,,,,,,,,3.0,1.0,18,,,,,11,3,5,3,0,,,,,,,,,,1.0,5,1.0,3,66,,,56,76.7,329,429,,,35,,,,15,,,,13.3,2,15,,9,,,10,4,6,,15,1,,0,2,,,,,,,,1.0,1.0,16,,,6.88,6.76,Clasificatorias WC UEFA,UEFA,UEFA
SEL-WC_QUALS_UEFA-2022-9223723,Ronda 3,2021-03-30,Gibraltar,1,Países Bajos,0,7,,,0,0,0,0,0,,,,,,,,,,0.0,3,0.0,1,34,,,20,54.6,100,183,,,22,,,,10,,,,40.0,2,5,,12,,,11,8,3,,43,7,,0,9,,,,,,,,2.0,,13,,,,,35,16,12,7,0,,,,,,,,,,13.0,9,3.0,13,82,,,80,89.3,632,708,,,12,,,,12,,,,38.5,15,39,,7,,,10,7,3,,5,0,,1,0,,,,,,,,2.0,,11,,,6.02,7.93,Clasificatorias WC UEFA,UEFA,UEFA
SEL-WC_QUALS_UEFA-2022-9223770,Ronda 3,2021-03-30,Montenegro,1,Noruega,0,1,,,13,4,4,5,0,,,,,,,,,,1.0,2,2.0,4,53,,,42,70.5,284,403,,,42,,,,14,,,,28.6,4,14,,14,,,21,12,9,,13,1,,0,0,,,,,,,,0.0,,13,,,,,10,1,7,2,1,,,,,,,,,,1.0,4,1.0,5,82,,,58,82.3,464,564,,,35,,,,13,,,,33.3,5,15,,17,,,10,8,2,,24,0,,1,4,,,,,,,,2.0,,14,,,6.9,7.19,Clasificatorias WC UEFA,UEFA,UEFA
SEL-WC_QUALS_UEFA-2022-9223731,Ronda 3,2021-03-30,Turquía,1,Letonia,3,3,,,17,8,6,3,1,,,,,,,,,,3.0,7,0.0,7,66,,,64,87.0,557,640,,,27,,,,16,,,,10.0,2,20,,8,,,8,2,6,,16,3,,0,1,,,,,,,,3.0,,16,,,,,10,4,5,1,0,,,,,,,,,,2.0,3,1.0,2,47,,,36,74.8,267,357,,,25,,,,16,,,,25.0,3,12,,20,,,8,5,3,,21,3,,0,5,,,,,,,,3.0,,16,,,6.9,6.75,Clasificatorias WC UEFA,UEFA,UEFA
SEL-WC_QUALS_UEFA-2022-9223762,Ronda 3,2021-03-30,Croacia,1,Malta,3,0,,,17,6,6,5,1,,,,,,,,,,4.0,6,3.0,20,79,,,67,83.0,477,575,,,55,,,,10,,,,29.6,8,27,,4,,,16,12,4,,2,0,,1,1,,,,,,,,2.0,,11,,,,,2,1,0,1,0,,,,,,,,,,0.0,0,0.0,13,27,,,33,68.5,202,295,,,14,,,,10,,,,,0,2,,17,,,24,14,10,,29,3,,0,3,,,,,,,,0.0,,12,,,7.07,6.57,Clasificatorias WC UEFA,UEFA,UEFA
SEL-WC_QUALS_UEFA-2022-9223754,Ronda 3,2021-03-30,Eslovaquia,1,Rusia,2,1,,,7,3,3,1,0,,,,,,,,,,1.0,2,3.0,5,49,,,39,74.3,277,373,,,36,,,,13,,,,20.0,2,10,,16,,,21,10,11,,25,1,,0,2,,,,,,,,1.0,,8,,,,,10,3,6,1,0,,,,,,,,,,1.0,2,1.0,8,65,,,61,81.4,485,596,,,41,,,,8,,,,47.1,8,17,,16,,,13,7,6,,5,2,,0,1,,,,,,,,2.0,,14,,,6.96,6.87,Clasificatorias WC UEFA,UEFA,UEFA
SEL-WC_QUALS_UEFA-2022-9223833,Ronda 3,2021-03-31,Armenia,1,Rumania,3,2,,,16,8,5,3,0,,,,,,,,,,4.0,6,3.0,13,51,,,34,75.0,192,256,,,25,,,,15,,,,34.8,8,23,,15,,,18,9,9,,12,2,,0,5,,,,,,,,3.0,0.0,10,,,,,14,7,5,2,0,,,,,,,,,,1.0,5,0.0,7,68,,,66,85.1,450,529,,,21,,,,10,,,,27.3,3,11,,7,,,15,10,5,,16,3,,0,5,,,,,,,,4.0,1.0,15,,,7.06,6.75,Clasificatorias WC UEFA,UEFA,UEFA
SEL-WC_QUALS_UEFA-2022-9223757,Ronda 3,2021-03-31,Grecia,1,Georgia,1,1,,,6,2,3,1,0,,,,,,,,,,1.0,4,2.0,9,56,,,56,83.1,457,550,,,29,,,,12,,,,15.8,3,19,,17,,,12,7,5,,16,1,,0,3,,,,,,,,4.0,,18,,,,,9,4,2,3,0,,,,,,,,,,0.0,9,2.0,16,40,,,44,81.7,357,437,,,19,,,,18,,,,23.8,5,21,,17,,,18,12,6,,17,1,,0,2,,,,,,,,3.0,,13,,,6.75,6.91,Clasificatorias WC UEFA,UEFA,UEFA
SEL-WC_QUALS_UEFA-2022-9223775,Ronda 3,2021-03-31,España,1,Kosovo,3,1,,,24,11,8,5,0,,,,,,,,,,3.0,9,3.0,9,66,,,81,92.0,845,918,,,37,,,,9,,,,27.8,5,18,,10,,,16,10,6,,7,1,,0,0,,,,,,,,0.0,,9,,,,,3,1,2,0,0,,,,,,,,,,1.0,2,4.0,3,34,,,19,65.3,141,216,,,27,,,,8,,,,,0,6,,13,,,16,9,7,,14,3,,0,8,,,,,,,,1.0,,10,,,7.25,6.6,Clasificatorias WC UEFA,UEFA,UEFA
SEL-WC_QUALS_UEFA-2022-9223740,Ronda 3,2021-03-31,Lituania,1,Italia,0,2,,,7,2,2,3,0,,,,,,,,,,1.0,4,3.0,4,33,,,34,73.7,244,331,,,25,,,,13,,,,36.4,4,11,,15,,,11,8,3,,22,2,,0,9,,,,,,,,3.0,,14,,,,,29,11,11,7,0,,,,,,,,,,8.0,5,2.0,10,82,,,66,85.8,554,646,,,33,,,,14,,,,35.0,7,20,,15,,,10,8,2,,3,0,,1,2,,,,,,,,3.0,,13,,,6.76,7.15,Clasificatorias WC UEFA,UEFA,UEFA
SEL-WC_QUALS_UEFA-2022-9223735,Ronda 3,2021-03-31,Irlanda del Norte,1,Bulgaria,0,0,,,14,3,6,5,1,,,,,,,,,,,12,3.0,8,79,,,70,83.2,457,549,,,26,,,,15,,,,23.5,8,34,,4,,,15,7,8,,9,0,,1,1,,,,,,,,3.0,,17,,,,,3,1,2,0,0,,,,,,,,,,,2,5.0,5,36,,,30,59.8,143,239,,,16,,,,17,,,,33.3,2,6,,11,,,10,6,4,,37,0,,1,3,,,,,,,,3.0,,17,,,7.16,6.83,Clasificatorias WC UEFA,UEFA,UEFA
SEL-WC_QUALS_UEFA-2022-9223760,Ronda 3,2021-03-31,Bosnia,1,Francia,0,1,,,4,2,1,1,0,,,,,,,,,,1.0,4,1.0,6,43,,,44,83.4,357,428,,,26,,,,10,,,,20.0,2,10,,9,,,9,6,3,,19,1,,0,1,,,,,,,,3.0,,12,,,,,13,2,7,4,0,,,,,,,,,,2.0,8,3.0,11,63,,,56,87.9,470,535,,,37,,,,12,,,,26.7,8,30,,8,,,18,10,8,,11,0,,1,2,,,,,,,,3.0,,10,,,6.62,7.33,Clasificatorias WC UEFA,UEFA,UEFA
SEL-WC_QUALS_UEFA-2022-9223724,Ronda 3,2021-03-31,Ucrania,1,Kazajistán,1,1,,,28,10,12,6,0,,,,,,,,,,4.0,7,,11,89,,,71,89.1,681,764,,,25,,,,14,,,,26.3,5,19,,12,,,10,7,3,,7,1,,0,1,,,,,,,,2.0,,7,,,,,5,2,1,2,0,,,,,,,,,,0.0,1,,10,42,,,29,68.6,216,315,,,19,,,,7,,,,,0,3,,18,,,18,11,7,,25,1,,0,9,,,,,,,,6.0,,14,,,7.16,6.94,Clasificatorias WC UEFA,UEFA,UEFA
SEL-WC_QUALS_UEFA-2022-9223711,Ronda 3,2021-03-31,Austria,1,Dinamarca,0,4,,,5,0,4,1,0,,,,,,,,,,0.0,2,1.0,6,58,,,52,82.7,449,543,,,27,,,,10,,,,6.7,1,15,,5,,,18,11,7,,17,4,,0,1,,,,,,,,0.0,,12,,,,,11,6,2,3,0,,,,,,,,,,4.0,6,3.0,2,59,,,48,84.3,431,511,,,53,,,,12,,,,,0,9,,12,,,15,7,8,,19,0,,1,0,,,,,,,,1.0,,11,,,6.44,7.28,Clasificatorias WC UEFA,UEFA,UEFA
SEL-WC_QUALS_UEFA-2022-9223720,Ronda 3,2021-03-31,Moldavia,1,Israel,1,4,,,12,4,3,5,0,,,,,,,,,,2.0,4,0.0,7,44,,,26,59.1,137,232,,,16,,,,5,,,,50.0,8,16,,17,,,15,6,9,,17,4,,0,4,,,,,,,,4.0,1.0,14,,,,,20,8,7,5,0,,,,,,,,,,6.0,5,3.0,12,87,,,74,86.9,597,687,,,27,,,,13,,,,13.3,2,15,,10,,,15,10,5,,8,1,,0,3,,,,,,,,2.0,0.0,5,,,6.32,7.25,Clasificatorias WC UEFA,UEFA,UEFA
SEL-WC_QUALS_UEFA-2022-9223714,Ronda 3,2021-03-31,Escocia,1,Islas Feroe,4,0,,,12,6,6,0,0,,,,,,,,,,1.0,1,3.0,10,74,,,65,87.8,583,664,,,32,,,,13,,,,21.7,5,23,,10,,,6,5,1,,10,0,,1,2,,,,,,,,1.0,,9,,,,,7,2,3,2,0,,,,,,,,,,1.0,5,1.0,0,36,,,35,76.6,272,355,,,30,,,,8,,,,16.7,2,12,,15,,,17,11,6,,24,4,,0,3,,,,,,,,1.0,,13,,,7.5,6.32,Clasificatorias WC UEFA,UEFA,UEFA
SEL-WC_QUALS_UEFA-2022-9223793,Ronda 3,2021-03-31,Andorra,1,Hungría,1,4,,,4,3,0,1,0,,,,,,,,,,1.0,1,,4,48,,,24,54.6,112,205,,,12,,,,8,,,,12.5,1,8,,16,,,9,9,0,,17,4,,0,1,,,,,,,,4.0,,20,,,,,16,5,8,3,1,,,,,,,,,,3.0,4,,5,52,,,76,83.1,537,646,,,26,,,,19,,,,23.5,4,17,,8,,,11,8,3,,7,1,,0,2,,,,,,,,2.0,,9,,,6.19,7.05,Clasificatorias WC UEFA,UEFA,UEFA
SEL-WC_QUALS_UEFA-2022-9223812,Ronda 3,2021-03-31,Inglaterra,1,Polonia,2,1,,,10,4,2,4,0,,,,,,,,,,1.0,7,3.0,7,40,,,64,87.8,540,615,,,26,,,,16,,,,35.0,7,20,,12,,,15,10,5,,9,1,,0,0,,,,,,,,0.0,,11,,,,,4,1,2,1,0,,,,,,,,,,1.0,0,1.0,4,48,,,36,74.7,269,360,,,22,,,,10,,,,28.6,2,7,,2,,,15,6,9,,18,2,,0,2,,,,,,,,1.0,,17,,,7.05,6.55,Clasificatorias WC UEFA,UEFA,UEFA
SEL-WC_QUALS_UEFA-2022-9223811,Ronda 3,2021-03-31,San Marino,1,Albania,0,2,,,4,1,1,2,0,,,,,,,,,,0.0,0,2.0,3,33,,,21,57.2,107,187,,,15,,,,14,,,,,0,2,,13,,,20,10,10,,57,2,,0,3,,,,,,,,2.0,,10,,,,,26,5,13,8,2,,,,,,,,,,3.0,15,3.0,12,106,,,79,84.8,563,664,,,19,,,,10,,,,25.5,12,47,,7,,,16,11,5,,3,0,,1,1,,,,,,,,0.0,,15,,,6.65,7.27,Clasificatorias WC UEFA,UEFA,UEFA
SEL-WC_QUALS_UEFA-2022-9223819,Ronda 3,2021-03-31,Alemania,1,Macedonia del Norte,1,2,,,11,2,6,3,1,,,,,,,,,,2.0,2,1.0,9,76,,,70,88.8,645,726,,,40,,,,14,,,,35.0,7,20,,5,,,16,11,5,,12,2,,0,1,,,,,,,,5.0,,14,,,,,6,3,0,3,0,,,,,,,,,,1.0,5,1.0,4,31,,,30,72.0,221,307,,,16,,,,13,,,,11.1,2,18,,7,,,14,7,7,,24,1,,0,1,,,,,,,,3.0,,14,,,7.0,6.8,Clasificatorias WC UEFA,UEFA,UEFA
SEL-WC_QUALS_UEFA-2022-9223831,Ronda 3,2021-03-31,Liechtenstein,1,Islandia,1,4,,,3,3,0,0,0,,,,,,,,,,0.0,1,0.0,2,27,,,31,68.0,202,297,,,17,,,,9,,,,,0,0,,11,,,20,11,9,,31,4,,0,7,,,,,,,,,,10,,,,,26,11,8,7,0,,,,,,,,,,7.0,13,2.0,11,81,,,69,86.9,551,634,,,61,,,,10,,,,37.5,15,40,,10,,,10,7,3,,0,1,,0,2,,,,,,,,,,10,,,6.56,7.42,Clasificatorias WC UEFA,UEFA,UEFA
SEL-WC_QUALS_UEFA-2022-9223816,Ronda 4,2021-09-01,Kazajistán,1,Ucrania,2,2,,,11,6,3,2,0,,,,,,,,,,0.0,3,1.0,6,44,,,41,77.6,316,407,,,28,,,,8,,,,6.2,1,16,,15,,,9,4,5,,13,2,,0,7,,,,,,,,2.0,,11,,,,,25,9,7,9,3,,,,,,,,,,7.0,4,1.0,16,62,,,59,85.8,494,576,,,22,,,,10,,,,42.1,8,19,,10,,,6,4,2,,8,2,,0,4,,,,,,,,2.0,,8,,,6.98,6.98,Clasificatorias WC UEFA,UEFA,UEFA
SEL-WC_QUALS_UEFA-2022-9223846,Ronda 4,2021-09-01,Luxemburgo,1,Azerbaiyán,2,1,,,16,5,8,3,0,,,,,,,,,,2.0,5,3.0,10,51,,,47,79.8,317,397,,,39,,,,10,,,,45.0,9,20,,17,,,8,6,2,,13,1,,0,2,,,,,,,,2.0,,15,,,,,8,3,4,1,0,,,,,,,,,,0.0,3,5.0,4,46,,,53,83.1,383,461,,,27,,,,15,,,,33.3,5,15,,11,,,25,14,11,,14,2,,0,2,,,,,,,,3.0,,11,,,6.96,6.71,Clasificatorias WC UEFA,UEFA,UEFA
SEL-WC_QUALS_UEFA-2022-9223845,Ronda 4,2021-09-01,Portugal,1,Irlanda,2,1,,,29,7,10,12,1,,,,,,,,,,3.0,14,2.0,10,69,,,72,87.6,528,603,,,31,,,,10,,,,24.4,11,45,,10,,,18,12,6,,4,1,,0,1,,,,,,,,1.0,,9,,,,,6,2,4,0,0,,,,,,,,,,1.0,3,0.0,5,50,,,28,71.6,174,243,,,26,,,,9,,,,33.3,3,9,,13,,,12,6,6,,40,2,,0,5,,,,,,,,4.0,,11,,,7.12,6.82,Clasificatorias WC UEFA,UEFA,UEFA
SEL-WC_QUALS_UEFA-2022-9223803,Ronda 4,2021-09-01,Francia,1,Bosnia,1,1,,,9,2,5,2,1,,,,,,,,,,,4,2.0,10,66,,,54,91.0,533,586,,,37,,,,5,,,,22.7,5,22,,6,,,14,8,6,,17,1,,0,1,,,,,,,,1.0,1.0,10,,,,,6,2,4,0,0,,,,,,,,,,,6,2.0,4,44,,,46,90.0,440,489,,,21,,,,10,,,,5.3,1,19,,12,,,17,8,9,,33,1,,0,1,,,,,,,,1.0,0.0,6,,,6.71,6.85,Clasificatorias WC UEFA,UEFA,UEFA
SEL-WC_QUALS_UEFA-2022-9223790,Ronda 4,2021-09-01,Dinamarca,1,Escocia,2,0,,,11,5,5,1,0,,,,,,,,,,3.0,2,1.0,8,53,,,61,89.4,599,670,,,28,,,,11,,,,50.0,4,8,,6,,,8,3,5,,8,0,,1,2,,,,,,,,,,11,,,,,5,2,3,0,0,,,,,,,,,,1.0,5,1.0,6,45,,,39,81.0,337,416,,,26,,,,8,,,,30.8,4,13,,8,,,21,10,11,,11,2,,0,3,,,,,,,,,,12,,,7.11,6.69,Clasificatorias WC UEFA,UEFA,UEFA
SEL-WC_QUALS_UEFA-2022-9223800,Ronda 4,2021-09-01,Islas Feroe,1,Israel,0,4,,,9,1,6,2,0,,,,,,,,,,0.0,7,2.0,6,46,,,41,76.6,324,423,,,36,,,,11,,,,17.4,4,23,,16,,,18,10,8,,13,4,,0,5,,,,,,,,1.0,,14,,,,,13,9,4,0,0,,,,,,,,,,8.0,2,1.0,7,73,,,59,85.1,552,649,,,27,,,,14,,,,27.3,3,11,,19,,,13,8,5,,21,0,,1,1,,,,,,,,0.0,,11,,,6.48,7.43,Clasificatorias WC UEFA,UEFA,UEFA
SEL-WC_QUALS_UEFA-2022-9223799,Ronda 4,2021-09-01,Moldavia,1,Austria,0,2,,,4,1,3,0,0,,,,,,,,,,0.0,2,0.0,7,35,,,30,65.3,194,297,,,17,,,,5,,,,25.0,2,8,,10,,,21,12,9,,29,2,,0,2,,,,,,,,2.0,,13,,,,,13,4,8,1,0,,,,,,,,,,2.0,3,2.0,7,84,,,70,85.3,598,701,,,36,,,,13,,,,14.3,3,21,,3,,,18,10,8,,4,0,,1,1,,,,,,,,0.0,,5,,,6.55,7.27,Clasificatorias WC UEFA,UEFA,UEFA
SEL-WC_QUALS_UEFA-2022-9223817,Ronda 4,2021-09-01,Letonia,1,Gibraltar,3,1,,,23,4,14,5,0,,,,,,,,,,2.0,6,2.0,8,71,,,63,78.6,337,429,,,27,,,,12,,,,39.1,9,23,,9,,,21,11,10,,8,1,,0,0,,,,,,,,1.0,,14,,,,,4,1,1,2,0,,,,,,,,,,1.0,0,1.0,7,38,,,37,64.0,171,267,,,18,,,,14,,,,,0,4,,8,,,11,5,6,,23,3,,0,1,,,,,,,,3.0,,13,,,7.25,6.28,Clasificatorias WC UEFA,UEFA,UEFA
SEL-WC_QUALS_UEFA-2022-9223823,Ronda 4,2021-09-01,Noruega,1,Países Bajos,1,1,,,7,2,3,2,1,,,,,,,,,,1.0,3,2.0,6,34,,,35,70.2,236,336,,,30,,,,11,,,,11.1,1,9,,11,,,22,14,8,,28,1,,0,5,,,,,,,,3.0,,12,,,,,17,6,8,3,0,,,,,,,,,,3.0,4,1.0,13,86,,,65,86.6,543,627,,,44,,,,12,,,,30.4,7,23,,5,,,7,4,3,,11,1,,0,1,,,,,,,,2.0,,11,,,6.91,7.04,Clasificatorias WC UEFA,UEFA,UEFA
SEL-WC_QUALS_UEFA-2022-9223806,Ronda 4,2021-09-01,Turquía,1,Montenegro,2,2,,,15,5,7,3,1,,,,,,,,,,1.0,2,3.0,6,47,,,60,86.4,425,492,,,29,,,,14,,,,31.2,5,16,,18,,,14,7,7,,14,2,,0,2,,,,,,,,4.0,,17,,,,,9,4,4,1,0,,,,,,,,,,1.0,3,2.0,10,38,,,40,78.1,246,315,,,16,,,,17,,,,33.3,5,15,,20,,,12,5,7,,12,2,,0,3,,,,,,,,4.0,,15,,,6.95,6.77,Clasificatorias WC UEFA,UEFA,UEFA
SEL-WC_QUALS_UEFA-2022-9223829,Ronda 4,2021-09-01,Malta,1,Chipre,3,0,,,9,5,4,0,0,,,,,,,,,,5.0,1,1.0,8,51,,,74,90.2,653,724,,,30,,,,5,,,,38.5,5,13,,16,,,14,10,4,,11,0,,1,3,,,,,,,,3.0,0.0,9,,,,,5,3,1,1,1,,,,,,,,,,0.0,4,3.0,3,33,,,26,68.9,173,251,,,17,,,,8,,,,37.5,3,8,,13,,,11,4,7,,12,3,,0,2,,,,,,,,3.0,1.0,6,,,7.49,6.3,Clasificatorias WC UEFA,UEFA,UEFA
SEL-WC_QUALS_UEFA-2022-9223858,Ronda 4,2021-09-01,Rusia,1,Croacia,0,0,,,8,3,3,2,0,,,,,,,,,,,3,2.0,7,52,,,40,74.8,299,400,,,31,,,,6,,,,40.0,4,10,,16,,,9,6,3,,27,0,,1,2,,,,,,,,2.0,,8,,,,,15,2,9,4,0,,,,,,,,,,,6,1.0,14,74,,,60,83.2,480,577,,,48,,,,8,,,,20.0,6,30,,11,,,11,9,2,,10,0,,1,3,,,,,,,,0.0,,6,,,6.95,7.22,Clasificatorias WC UEFA,UEFA,UEFA
SEL-WC_QUALS_UEFA-2022-9223849,Ronda 4,2021-09-01,Eslovenia,1,Eslovaquia,1,1,,,9,5,3,1,0,,,,,,,,,,1.0,2,1.0,8,57,,,48,84.5,408,483,,,30,,,,17,,,,9.1,1,11,,11,,,8,3,5,,15,1,,0,1,,,,,,,,2.0,,16,,,,,11,2,8,1,2,,,,,,,,,,2.0,4,0.0,13,43,,,52,84.3,445,528,,,30,,,,16,,,,28.6,4,14,,15,,,17,7,10,,15,1,,0,4,,,,,,,,2.0,,20,,,6.73,7.15,Clasificatorias WC UEFA,UEFA,UEFA
SEL-WC_QUALS_UEFA-2022-9223853,Ronda 4,2021-09-02,Georgia,1,Kosovo,0,1,,,14,2,4,8,0,,,,,,,,,,0.0,4,0.0,6,68,,,59,86.5,521,602,,,37,,,,17,,,,21.7,5,23,,12,,,6,3,3,,8,1,,0,2,,,,,,,,3.0,,15,,,,,7,4,2,1,0,,,,,,,,,,1.0,1,4.0,7,41,,,41,79.0,342,433,,,22,,,,13,,,,30.0,3,10,,11,,,19,9,10,,25,0,,1,2,,,,,,,,3.0,,18,,,6.85,7.17,Clasificatorias WC UEFA,UEFA,UEFA
SEL-WC_QUALS_UEFA-2022-9223852,Ronda 4,2021-09-02,Suecia,1,España,2,1,,,6,4,2,0,0,,,,,,,,,,1.0,7,3.0,9,34,,,25,70.5,182,258,,,17,,,,5,,,,36.4,4,11,,6,,,8,2,6,,51,1,,0,3,,,,,,,,2.0,,14,,,,,12,4,4,4,0,,,,,,,,,,2.0,9,1.0,8,88,,,75,90.8,692,762,,,37,,,,14,,,,25.0,10,40,,9,,,8,4,4,,10,2,,0,2,,,,,,,,2.0,,6,,,6.88,6.87,Clasificatorias WC UEFA,UEFA,UEFA
SEL-WC_QUALS_UEFA-2022-9223826,Ronda 4,2021-09-02,Italia,1,Bulgaria,1,1,,,27,8,8,11,0,,,,,,,,,,3.0,10,5.0,9,74,,,79,90.0,730,811,,,27,,,,11,,,,17.2,5,29,,6,,,15,10,5,,5,1,,0,1,,,,,,,,2.0,,9,,,,,4,2,1,1,0,,,,,,,,,,1.0,0,0.0,5,35,,,21,61.9,135,218,,,14,,,,8,,,,,0,2,,9,,,16,9,7,,37,1,,0,7,,,,,,,,2.0,,12,,,7.21,6.88,Clasificatorias WC UEFA,UEFA,UEFA
SEL-WC_QUALS_UEFA-2022-9223818,Ronda 4,2021-09-02,Lituania,1,Irlanda del Norte,1,4,,,12,3,3,6,0,,,,,,,,,,2.0,6,2.0,7,51,,,50,79.6,339,426,,,30,,,,5,,,,26.3,5,19,,18,,,8,3,5,,28,4,,0,2,,,,,,,,4.0,,14,,,,,9,6,2,1,0,,,,,,,,,,7.0,5,2.0,8,50,,,50,78.3,332,424,,,27,,,,13,,,,12.5,3,24,,11,,,15,7,8,,15,1,,0,2,,,,,,,,2.0,,5,,,6.4,7.25,Clasificatorias WC UEFA,UEFA,UEFA
SEL-WC_QUALS_UEFA-2022-9223810,Ronda 4,2021-09-02,República Checa,1,Bielorrusia,1,0,,,24,6,7,11,0,,,,,,,,,,2.0,12,1.0,17,71,,,66,80.3,448,558,,,29,,,,8,,,,18.9,7,37,,6,,,15,6,9,,10,0,,1,2,,,,,,,,1.0,,9,,,,,7,2,2,3,0,,,,,,,,,,0.0,2,0.0,9,31,,,34,62.7,185,295,,,23,,,,8,,,,22.2,2,9,,15,,,19,9,10,,48,1,,0,5,,,,,,,,1.0,,9,,,7.28,6.84,Clasificatorias WC UEFA,UEFA,UEFA
SEL-WC_QUALS_UEFA-2022-9223798,Ronda 4,2021-09-02,Estonia,1,Bélgica,2,5,,,10,3,2,5,0,,,,,,,,,,1.0,4,3.0,6,41,,,27,74.2,193,260,,,28,,,,7,,,,44.4,4,9,,18,,,17,9,8,,29,5,,0,4,,,,,,,,1.0,,9,,,,,25,9,11,5,1,,,,,,,,,,4.0,9,1.0,9,69,,,73,91.3,644,705,,,38,,,,8,,,,26.9,7,26,,5,,,6,5,1,,7,2,,0,1,,,,,,,,2.0,,7,,,6.31,7.42,Clasificatorias WC UEFA,UEFA,UEFA
SEL-WC_QUALS_UEFA-2022-9223802,Ronda 4,2021-09-02,Andorra,1,San Marino,2,0,,,16,5,7,4,0,,,,,,,,,,1.0,9,1.0,11,59,,,54,74.3,272,366,,,26,,,,13,,,,37.5,9,24,,12,,,16,11,5,,25,0,,1,2,,,,,,,,2.0,,23,,,,,15,2,9,4,0,,,,,,,,,,2.0,7,0.0,8,56,,,46,65.8,202,307,,,33,,,,23,,,,22.2,4,18,,9,,,22,11,11,,20,2,,0,3,,,,,,,,2.0,,14,,,7.25,6.73,Clasificatorias WC UEFA,UEFA,UEFA
SEL-WC_QUALS_UEFA-2022-9223780,Ronda 4,2021-09-02,Hungría,1,Inglaterra,0,4,,,4,1,3,0,0,,,,,,,,,,0.0,0,0.0,6,39,,,36,81.1,296,365,,,26,,,,10,,,,25.0,1,4,,9,,,15,7,8,,16,4,,0,4,,,,,,,,3.0,,13,,,,,12,8,3,1,0,,,,,,,,,,6.0,6,2.0,9,58,,,64,88.7,589,664,,,15,,,,13,,,,30.8,4,13,,8,,,13,8,5,,7,0,,1,1,,,,,,,,2.0,,10,,,6.25,7.43,Clasificatorias WC UEFA,UEFA,UEFA
SEL-WC_QUALS_UEFA-2022-9223783,Ronda 4,2021-09-02,Polonia,1,Albania,4,1,,,6,4,1,1,0,,,,,,,,,,3.0,2,2.0,7,46,,,49,78.3,324,414,,,17,,,,10,,,,22.2,2,9,,21,,,21,9,12,,27,1,,0,3,,,,,,,,2.0,,25,,,,,12,4,6,2,0,,,,,,,,,,0.0,3,4.0,13,61,,,51,77.1,324,420,,,24,,,,25,,,,8.7,2,23,,12,,,12,6,6,,13,4,,0,0,,,,,,,,5.0,,10,,,7.01,6.52,Clasificatorias WC UEFA,UEFA,UEFA
SEL-WC_QUALS_UEFA-2022-9223814,Ronda 4,2021-09-02,Islandia,1,Rumania,0,2,,,13,3,8,2,0,,,,,,,,,,1.0,8,3.0,5,64,,,55,82.9,393,474,,,34,,,,9,,,,41.9,13,31,,9,,,9,4,5,,11,2,,0,4,,,,,,,,2.0,,11,,,,,19,6,10,3,0,,,,,,,,,,2.0,2,3.0,8,60,,,45,82.4,341,414,,,20,,,,11,,,,28.6,2,7,,13,,,16,11,5,,21,0,,1,3,,,,,,,,4.0,,9,,,6.76,7.35,Clasificatorias WC UEFA,UEFA,UEFA
SEL-WC_QUALS_UEFA-2022-9223820,Ronda 4,2021-09-02,Liechtenstein,1,Alemania,0,2,,,2,0,2,0,0,,,,,,,,,,0.0,0,0.0,3,30,,,15,44.2,57,129,,,15,,,,10,,,,100.0,1,1,,17,,,13,10,3,,47,2,,0,4,,,,,,,,,,3,,,,,30,7,14,9,1,,,,,,,,,,4.0,15,6.0,10,103,,,85,89.6,673,751,,,29,,,,3,,,,22.0,9,41,,2,,,14,9,5,,1,0,,1,0,,,,,,,,,,11,,,6.75,7.36,Clasificatorias WC UEFA,UEFA,UEFA
SEL-WC_QUALS_UEFA-2022-9223825,Ronda 4,2021-09-02,Macedonia del Norte,1,Armenia,0,0,,,13,1,8,4,0,,,,,,,,,,,3,3.0,18,79,,,67,87.1,593,681,,,38,,,,15,,,,23.1,3,13,,12,,,13,8,5,,0,0,,1,3,,,,,,,,2.0,,13,,,,,6,3,1,2,0,,,,,,,,,,,0,3.0,11,36,,,33,73.5,244,332,,,24,,,,13,,,,20.0,1,5,,18,,,22,12,10,,13,0,,1,1,,,,,,,,3.0,,14,,,7.05,6.95,Clasificatorias WC UEFA,UEFA,UEFA
SEL-WC_QUALS_UEFA-2022-9223801,Ronda 5,2021-09-04,Finlandia,1,Kazajistán,1,0,,,13,4,3,6,0,,,,,,,,,,,4,,6,56,,,57,81.3,452,556,,,29,,,,13,,,,12.5,3,24,,2,,,16,10,6,,17,0,,1,2,,,,,,,,1.0,,8,,,,,8,2,4,2,0,,,,,,,,,,,3,,10,58,,,43,75.9,321,423,,,18,,,,7,,,,16.7,3,18,,17,,,16,7,9,,27,1,,0,3,,,,,,,,3.0,,13,,,7.1,6.85,Clasificatorias WC UEFA,UEFA,UEFA
SEL-WC_QUALS_UEFA-2022-9223844,Ronda 5,2021-09-04,Irlanda,1,Azerbaiyán,1,1,,,21,5,9,7,0,,,,,,,,,,4.0,5,1.0,19,73,,,59,84.2,417,495,,,35,,,,13,,,,22.5,9,40,,7,,,9,7,2,,12,1,,0,3,,,,,,,,2.0,,10,,,,,10,4,3,3,0,,,,,,,,,,0.0,3,1.0,3,38,,,41,74.6,273,366,,,18,,,,10,,,,25.0,2,8,,14,,,25,12,13,,32,1,,0,4,,,,,,,,2.0,,13,,,7.01,6.99,Clasificatorias WC UEFA,UEFA,UEFA
SEL-WC_QUALS_UEFA-2022-9223838,Ronda 5,2021-09-04,Serbia,1,Luxemburgo,4,1,,,17,8,7,2,0,,,,,,,,,,7.0,4,6.0,7,51,,,54,84.9,389,458,,,23,,,,10,,,,38.5,10,26,,14,,,13,7,6,,14,1,,0,0,,,,,,,,1.0,0.0,17,,,,,11,1,5,5,0,,,,,,,,,,0.0,8,1.0,2,36,,,46,78.4,312,398,,,33,,,,17,,,,,0,15,,15,,,14,10,4,,13,4,,0,5,,,,,,,,3.0,1.0,10,,,7.42,6.49,Clasificatorias WC UEFA,UEFA,UEFA
SEL-WC_QUALS_UEFA-2022-9223797,Ronda 5,2021-09-04,Letonia,1,Noruega,0,2,,,2,2,0,0,0,,,,,,,,,,0.0,3,0.0,3,36,,,30,71.1,177,249,,,26,,,,10,,,,,0,10,,8,,,12,7,5,,24,2,,0,9,,,,,,,,2.0,,8,,,,,23,12,6,5,2,,,,,,,,,,5.0,9,1.0,22,71,,,70,86.8,513,591,,,27,,,,8,,,,34.6,9,26,,7,,,9,9,0,,16,0,,1,2,,,,,,,,0.0,,10,,,6.47,7.46,Clasificatorias WC UEFA,UEFA,UEFA
SEL-WC_QUALS_UEFA-2022-9223848,Ronda 5,2021-09-04,Chipre,1,Rusia,0,2,,,16,3,6,7,0,,,,,,,,,,0.0,6,4.0,7,43,,,42,77.5,286,369,,,28,,,,18,,,,31.2,5,16,,11,,,13,8,5,,18,2,,0,2,,,,,,,,2.0,,8,,,,,9,4,3,2,0,,,,,,,,,,3.0,4,2.0,2,54,,,58,83.3,438,526,,,22,,,,6,,,,16.7,2,12,,5,,,17,10,7,,13,0,,1,3,,,,,,,,3.0,,19,,,6.74,7.08,Clasificatorias WC UEFA,UEFA,UEFA
SEL-WC_QUALS_UEFA-2022-9223839,Ronda 5,2021-09-04,Eslovenia,1,Malta,1,0,,,12,3,6,3,0,,,,,,,,,,3.0,4,1.0,5,65,,,52,82.5,367,445,,,35,,,,15,,,,23.8,5,21,,7,,,20,13,7,,15,0,,1,1,,,,,,,,1.0,,10,,,,,4,1,1,2,0,,,,,,,,,,0.0,5,3.0,3,29,,,48,81.0,336,415,,,35,,,,10,,,,25.0,3,12,,9,,,19,11,8,,16,1,,0,2,,,,,,,,4.0,,17,,,7.14,6.71,Clasificatorias WC UEFA,UEFA,UEFA
SEL-WC_QUALS_UEFA-2022-9223795,Ronda 5,2021-09-04,Ucrania,1,Francia,1,1,,,8,3,5,0,0,,,,,,,,,,3.0,3,1.0,4,38,,,39,83.9,339,404,,,19,,,,6,,,,25.0,3,12,,6,,,9,6,3,,16,1,,0,4,,,,,,,,2.0,,9,,,,,16,5,8,3,1,,,,,,,,,,3.0,3,1.0,6,79,,,61,89.8,583,649,,,18,,,,8,,,,35.3,6,17,,9,,,14,4,10,,10,1,,0,2,,,,,,,,1.0,,6,,,6.75,7.04,Clasificatorias WC UEFA,UEFA,UEFA
SEL-WC_QUALS_UEFA-2022-9223843,Ronda 5,2021-09-04,Islas Feroe,1,Dinamarca,0,1,,,5,3,2,0,1,,,,,,,,,,2.0,1,0.0,2,47,,,20,56.6,107,189,,,16,,,,10,,,,16.7,1,6,,12,,,14,10,4,,47,1,,0,7,,,,,,,,3.0,1.0,18,,,,,19,8,4,7,1,,,,,,,,,,3.0,10,4.0,6,88,,,80,87.3,645,739,,,37,,,,16,,,,30.4,7,23,,8,,,10,4,6,,13,0,,1,3,,,,,,,,2.0,0.0,7,,,6.82,7.43,Clasificatorias WC UEFA,UEFA,UEFA
SEL-WC_QUALS_UEFA-2022-9223835,Ronda 5,2021-09-04,Israel,1,Austria,5,2,,,9,7,0,2,0,,,,,,,,,,3.0,4,3.0,15,35,,,41,75.7,283,374,,,17,,,,11,,,,11.1,1,9,,12,,,21,8,13,,20,2,,0,5,,,,,,,,3.0,,8,,,,,19,7,8,4,1,,,,,,,,,,4.0,3,3.0,9,55,,,59,82.4,446,541,,,24,,,,8,,,,21.4,3,14,,6,,,18,13,5,,9,5,,0,2,,,,,,,,2.0,,12,,,7.04,6.57,Clasificatorias WC UEFA,UEFA,UEFA
SEL-WC_QUALS_UEFA-2022-9223842,Ronda 5,2021-09-04,Escocia,1,Moldavia,1,0,,,16,7,7,2,0,,,,,,,,,,4.0,7,2.0,10,56,,,54,82.5,425,515,,,23,,,,11,,,,30.4,7,23,,9,,,15,10,5,,5,0,,1,1,,,,,,,,0.0,,13,,,,,6,1,4,1,0,,,,,,,,,,0.0,3,2.0,8,47,,,46,79.6,358,450,,,28,,,,13,,,,10.0,1,10,,16,,,14,9,5,,15,1,,0,6,,,,,,,,1.0,,12,,,7.14,6.83,Clasificatorias WC UEFA,UEFA,UEFA
SEL-WC_QUALS_UEFA-2022-9223807,Ronda 5,2021-09-04,Gibraltar,1,Turquía,0,3,,,3,3,0,0,1,,,,,,,,,,0.0,2,2.0,7,37,,,25,66.4,152,229,,,25,,,,5,,,,20.0,1,5,,15,,,8,7,1,,29,3,,0,6,,,,,,,,2.0,,9,,,,,21,9,8,4,1,,,,,,,,,,3.0,8,8.0,8,102,,,75,87.3,598,685,,,25,,,,8,,,,17.9,5,28,,5,,,26,12,14,,4,0,,1,3,,,,,,,,1.0,,6,,,6.41,7.28,Clasificatorias WC UEFA,UEFA,UEFA
SEL-WC_QUALS_UEFA-2022-9223809,Ronda 5,2021-09-04,Países Bajos,1,Montenegro,4,0,,,28,12,7,9,1,,,,,,,,,,2.0,9,1.0,17,71,,,72,89.7,619,690,,,24,,,,10,,,,27.8,5,18,,10,,,9,7,2,,9,0,,1,1,,,,,,,,1.0,,13,,,,,4,1,2,1,0,,,,,,,,,,1.0,0,0.0,2,49,,,28,67.5,181,268,,,27,,,,13,,,,10.0,1,10,,15,,,20,12,8,,21,4,,0,8,,,,,,,,4.0,,11,,,7.65,6.4,Clasificatorias WC UEFA,UEFA,UEFA
SEL-WC_QUALS_UEFA-2022-9223847,Ronda 5,2021-09-04,Eslovaquia,1,Croacia,0,1,,,16,4,6,6,0,,,,,,,,,,2.0,6,2.0,7,39,,,45,81.2,372,458,,,23,,,,12,,,,25.0,4,16,,11,,,16,10,6,,19,1,,0,2,,,,,,,,2.0,,13,,,,,13,3,5,5,1,,,,,,,,,,0.0,3,0.0,9,56,,,55,85.9,475,553,,,33,,,,13,,,,15.0,3,20,,12,,,13,7,6,,18,0,,1,4,,,,,,,,1.0,,13,,,6.89,7.29,Clasificatorias WC UEFA,UEFA,UEFA
SEL-WC_QUALS_UEFA-2022-9223808,Ronda 5,2021-09-05,Bielorrusia,1,Gales,2,3,,,7,3,4,0,0,,,,,,,,,,3.0,2,2.0,7,42,,,34,60.4,177,293,,,16,,,,10,,,,14.3,1,7,,12,,,17,3,14,,30,3,,0,4,,,,,,,,2.0,,17,,,,,17,7,8,2,0,,,,,,,,,,4.0,6,3.0,5,77,,,66,80.4,454,565,,,29,,,,17,,,,24.0,6,25,,9,,,22,14,8,,11,2,,0,1,,,,,,,,1.0,,10,,,6.62,7.02,Clasificatorias WC UEFA,UEFA,UEFA
SEL-WC_QUALS_UEFA-2022-9223827,Ronda 5,2021-09-05,Bulgaria,1,Lituania,1,0,,,14,5,7,2,0,,,,,,,,,,5.0,8,4.0,7,55,,,64,83.8,439,524,,,20,,,,19,,,,16.7,4,24,,7,,,9,4,5,,7,0,,1,1,,,,,,,,1.0,1.0,5,,,,,3,1,2,0,0,,,,,,,,,,0.0,2,2.0,4,46,,,36,71.5,218,305,,,24,,,,5,,,,,0,9,,16,,,14,9,5,,21,1,,0,4,,,,,,,,3.0,0.0,19,,,7.02,6.7,Clasificatorias WC UEFA,UEFA,UEFA
SEL-WC_QUALS_UEFA-2022-9223787,Ronda 5,2021-09-05,Albania,1,Hungría,1,0,,,15,3,9,3,0,,,,,,,,,,3.0,7,0.0,15,60,,,46,76.5,326,426,,,19,,,,9,,,,23.5,4,17,,13,,,8,7,1,,11,0,,1,2,,,,,,,,3.0,,15,,,,,7,2,4,1,0,,,,,,,,,,1.0,2,1.0,7,53,,,54,78.9,404,512,,,25,,,,15,,,,12.5,1,8,,14,,,17,8,9,,12,1,,0,2,,,,,,,,1.0,,10,,,6.97,6.77,Clasificatorias WC UEFA,UEFA,UEFA
SEL-WC_QUALS_UEFA-2022-9223788,Ronda 5,2021-09-05,Inglaterra,1,Andorra,4,0,,,20,6,10,4,1,,,,,,,,,,4.0,5,6.0,12,84,,,88,91.2,702,770,,,39,,,,16,,,,25.0,5,20,,4,,,12,7,5,,3,0,,1,1,,,,,,,,1.0,,13,,,,,1,1,0,0,0,,,,,,,,,,0.0,0,0.0,1,30,,,12,31.8,34,107,,,8,,,,12,,,,,0,0,,5,,,9,5,4,,26,4,,0,2,,,,,,,,6.0,,16,,,7.57,5.91,Clasificatorias WC UEFA,UEFA,UEFA
SEL-WC_QUALS_UEFA-2022-9223789,Ronda 5,2021-09-05,Islandia,1,Macedonia del Norte,2,2,,,9,3,4,2,0,,,,,,,,,,1.0,4,1.0,7,63,,,44,73.9,300,406,,,20,,,,13,,,,17.6,3,17,,11,,,13,6,7,,16,2,,0,5,,,,,,,,2.0,,14,,,,,20,8,6,6,1,,,,,,,,,,2.0,8,1.0,17,56,,,56,82.7,431,521,,,26,,,,14,,,,36.8,7,19,,10,,,9,3,6,,17,2,,0,1,,,,,,,,3.0,,15,,,6.63,6.99,Clasificatorias WC UEFA,UEFA,UEFA
SEL-WC_QUALS_UEFA-2022-9223830,Ronda 5,2021-09-05,Kosovo,1,Grecia,1,1,,,10,1,6,3,0,,,,,,,,,,1.0,6,2.0,9,58,,,59,80.8,416,515,,,23,,,,8,,,,16.1,5,31,,8,,,12,8,4,,9,1,,0,1,,,,,,,,3.0,,15,,,,,4,2,1,1,0,,,,,,,,,,1.0,3,0.0,10,51,,,41,74.8,276,369,,,24,,,,15,,,,8.3,1,12,,8,,,13,6,7,,30,1,,0,0,,,,,,,,2.0,,9,,,6.73,6.88,Clasificatorias WC UEFA,UEFA,UEFA
SEL-WC_QUALS_UEFA-2022-9223821,Ronda 5,2021-09-05,España,1,Georgia,4,0,,,14,8,4,2,0,,,,,,,,,,3.0,2,3.0,9,107,,,75,92.1,754,819,,,38,,,,4,,,,31.8,7,22,,10,,,9,5,4,,10,0,,1,3,,,,,,,,0.0,,10,,,,,5,3,2,0,1,,,,,,,,,,1.0,2,1.0,7,29,,,25,71.4,190,266,,,22,,,,10,,,,14.3,1,7,,10,,,19,11,8,,23,4,,0,4,,,,,,,,2.0,,4,,,7.37,6.26,Clasificatorias WC UEFA,UEFA,UEFA
SEL-WC_QUALS_UEFA-2022-9223828,Ronda 5,2021-09-05,Suiza,1,Italia,0,0,,,8,2,3,3,0,,,,,,,,,,0.0,8,0.0,7,43,,,48,84.4,410,486,,,21,,,,7,,,,20.0,4,20,,10,,,10,7,3,,6,0,,1,7,,,,,,,,4.0,,16,,,,,10,7,2,1,0,,,,,,,,,,3.0,2,5.0,3,60,,,52,86.8,479,552,,,29,,,,16,,,,,0,4,,8,,,12,6,6,,17,0,,1,2,,,,,,,,1.0,,7,,,6.97,7.06,Clasificatorias WC UEFA,UEFA,UEFA
SEL-WC_QUALS_UEFA-2022-9223794,Ronda 5,2021-09-05,Bélgica,1,República Checa,3,0,,,16,6,7,3,0,,,,,,,,,,4.0,4,2.0,9,51,,,53,85.5,479,560,,,32,,,,12,,,,25.0,3,12,,7,,,14,10,4,,20,0,,1,4,,,,,,,,3.0,,8,,,,,12,4,4,4,0,,,,,,,,,,2.0,3,2.0,6,57,,,47,81.2,390,480,,,25,,,,8,,,,17.4,4,23,,15,,,7,3,4,,12,3,,0,3,,,,,,,,1.0,,15,,,7.53,6.41,Clasificatorias WC UEFA,UEFA,UEFA
SEL-WC_QUALS_UEFA-2022-9223859,Ronda 5,2021-09-05,San Marino,1,Polonia,1,7,,,7,3,2,2,0,,,,,,,,,,1.0,3,1.0,3,24,,,24,60.1,110,183,,,18,,,,12,,,,,0,9,,7,,,15,12,3,,30,7,,0,4,,,,,,,,4.0,,14,,,,,24,11,7,6,0,,,,,,,,,,9.0,13,2.0,10,74,,,76,87.9,518,589,,,46,,,,13,,,,25.6,10,39,,10,,,12,9,3,,6,1,,0,2,,,,,,,,0.0,,12,,,6.01,7.51,Clasificatorias WC UEFA,UEFA,UEFA
SEL-WC_QUALS_UEFA-2022-9223804,Ronda 5,2021-09-05,Alemania,1,Armenia,6,0,,,23,12,9,2,1,,,,,,,,,,6.0,6,4.0,12,92,,,76,91.8,737,803,,,24,,,,6,,,,27.8,5,18,,7,,,16,11,5,,4,0,,1,1,,,,,,,,0.0,,7,,,,,3,1,1,1,0,,,,,,,,,,0.0,0,1.0,6,26,,,24,70.2,172,245,,,12,,,,7,,,,,0,4,,12,,,16,7,9,,28,6,,0,5,,,,,,,,1.0,,6,,,7.81,6.03,Clasificatorias WC UEFA,UEFA,UEFA
SEL-WC_QUALS_UEFA-2022-9223815,Ronda 5,2021-09-05,Rumania,1,Liechtenstein,2,0,,,27,7,13,7,1,,,,,,,,,,1.0,16,3.0,8,93,,,72,86.8,478,551,,,41,,,,6,,,,10.8,4,37,,9,,,10,6,4,,3,0,,1,1,,,,,,,,0.0,,8,,,,,3,1,2,0,0,,,,,,,,,,0.0,1,3.0,5,16,,,28,58.2,131,225,,,14,,,,8,,,,,0,2,,10,,,17,4,13,,31,2,,0,5,,,,,,,,1.0,,6,,,7.31,6.61,Clasificatorias WC UEFA,UEFA,UEFA
SEL-WC_QUALS_UEFA-2022-9223781,Ronda 6,2021-09-07,Azerbaiyán,1,Portugal,0,3,,,4,0,3,1,0,,,,,,,,,,0.0,2,2.0,4,37,,,33,73.7,238,323,,,18,,,,15,,,,,0,5,,15,,,20,12,8,,26,3,,0,4,,,,,,,,3.0,,13,,,,,21,7,9,5,0,,,,,,,,,,4.0,4,2.0,26,86,,,67,85.7,573,669,,,40,,,,13,,,,47.6,10,21,,7,,,14,12,2,,10,0,,1,0,,,,,,,,2.0,,16,,,6.42,7.59,Clasificatorias WC UEFA,UEFA,UEFA
SEL-WC_QUALS_UEFA-2022-9223857,Ronda 6,2021-09-07,Irlanda,1,Serbia,1,1,,,7,2,3,2,0,,,,,,,,,,0.0,4,3.0,12,34,,,42,83.2,336,404,,,38,,,,10,,,,25.0,6,24,,19,,,8,6,2,,19,1,,0,9,,,,,,,,3.0,,11,,,,,18,10,6,2,1,,,,,,,,,,2.0,8,2.0,6,66,,,58,88.9,506,569,,,24,,,,10,,,,20.0,5,25,,8,,,16,9,7,,20,1,,0,2,,,,,,,,2.0,,11,,,6.91,7.15,Clasificatorias WC UEFA,UEFA,UEFA
SEL-WC_QUALS_UEFA-2022-9223796,Ronda 6,2021-09-07,Bosnia,1,Kazajistán,2,2,,,24,5,13,6,0,,,,,,,,,,4.0,6,2.0,9,72,,,60,85.3,475,557,,,34,,,,7,,,,34.6,9,26,,8,,,7,3,4,,14,2,,0,1,,,,,,,,2.0,,13,,,,,6,3,2,1,0,,,,,,,,,,1.0,4,3.0,11,38,,,40,71.1,273,384,,,28,,,,13,,,,22.2,2,9,,19,,,9,7,2,,18,2,,0,3,,,,,,,,3.0,,9,,,6.95,6.69,Clasificatorias WC UEFA,UEFA,UEFA
SEL-WC_QUALS_UEFA-2022-9223791,Ronda 6,2021-09-07,Francia,1,Finlandia,2,0,,,20,6,9,5,0,,,,,,,,,,1.0,9,0.0,8,87,,,64,92.4,695,752,,,33,,,,9,,,,12.5,3,24,,14,,,13,10,3,,16,0,,1,1,,,,,,,,0.0,,7,,,,,3,1,1,1,1,,,,,,,,,,1.0,4,1.0,4,47,,,36,84.7,361,426,,,14,,,,7,,,,9.1,1,11,,8,,,15,9,6,,28,2,,0,4,,,,,,,,3.0,,10,,,7.54,6.58,Clasificatorias WC UEFA,UEFA,UEFA
SEL-WC_QUALS_UEFA-2022-9223836,Ronda 6,2021-09-07,Austria,1,Escocia,0,1,,,17,3,8,6,0,,,,,,,,,,1.0,5,4.0,7,57,,,65,84.2,465,552,,,34,,,,6,,,,13.2,5,38,,7,,,16,11,5,,4,1,,0,2,,,,,,,,2.0,,16,,,,,8,3,5,0,0,,,,,,,,,,1.0,3,2.0,9,56,,,35,70.6,216,306,,,26,,,,16,,,,12.5,1,8,,7,,,16,12,4,,30,0,,1,3,,,,,,,,2.0,,7,,,6.75,7.16,Clasificatorias WC UEFA,UEFA,UEFA
SEL-WC_QUALS_UEFA-2022-9223832,Ronda 6,2021-09-07,Dinamarca,1,Israel,5,0,,,15,10,2,3,0,,,,,,,,,,7.0,4,2.0,13,71,,,62,86.4,513,594,,,23,,,,13,,,,47.1,8,17,,8,,,10,6,4,,4,0,,1,1,,,,,,,,2.0,,7,,,,,3,0,3,0,0,,,,,,,,,,0.0,1,2.0,4,29,,,38,72.7,271,373,,,22,,,,6,,,,,0,4,,11,,,16,10,6,,10,5,,0,4,,,,,,,,4.0,,13,,,7.44,6.08,Clasificatorias WC UEFA,UEFA,UEFA
SEL-WC_QUALS_UEFA-2022-9223834,Ronda 6,2021-09-07,Islas Feroe,1,Moldavia,2,1,,,10,4,4,2,1,,,,,,,,,,3.0,3,3.0,6,63,,,57,81.0,439,542,,,35,,,,7,,,,13.0,3,23,,13,,,17,5,12,,28,1,,0,4,,,,,,,,0.0,,8,,,,,13,5,5,3,0,,,,,,,,,,2.0,3,3.0,11,69,,,43,70.5,287,407,,,36,,,,7,,,,19.2,5,26,,13,,,24,9,15,,19,2,,0,2,,,,,,,,2.0,,7,,,6.96,6.87,Clasificatorias WC UEFA,UEFA,UEFA
SEL-WC_QUALS_UEFA-2022-9223779,Ronda 6,2021-09-07,Montenegro,1,Letonia,0,0,,,21,6,9,6,0,,,,,,,,,,0.0,12,1.0,12,64,,,61,74.1,295,398,,,28,,,,15,,,,27.0,10,37,,6,,,15,10,5,,4,0,,1,3,,,,,,,,2.0,,16,,,,,8,3,4,1,0,,,,,,,,,,2.0,2,1.0,6,45,,,39,64.9,176,271,,,28,,,,16,,,,22.2,2,9,,17,,,23,15,8,,39,0,,1,6,,,,,,,,2.0,,17,,,7.05,7.15,Clasificatorias WC UEFA,UEFA,UEFA
SEL-WC_QUALS_UEFA-2022-9223785,Ronda 6,2021-09-07,Países Bajos,1,Turquía,6,1,,,29,12,11,6,0,,,,,,,,,,8.0,3,1.0,9,73,,,67,90.6,579,639,,,40,,,,7,,,,28.6,4,14,,5,,,10,5,5,,7,1,,0,1,,,,,,,,2.0,0.0,12,,,,,10,2,4,4,0,,,,,,,,,,1.0,0,2.0,7,29,,,33,77.2,241,312,,,18,,,,11,,,,25.0,1,4,,8,,,15,11,4,,17,6,,0,6,,,,,,,,5.0,1.0,7,,,7.3,6.22,Clasificatorias WC UEFA,UEFA,UEFA
SEL-WC_QUALS_UEFA-2022-9223786,Ronda 6,2021-09-07,Noruega,1,Gibraltar,5,1,,,43,14,14,15,1,,,,,,,,,,6.0,12,2.0,18,81,,,74,86.9,493,567,,,28,,,,6,,,,33.3,13,39,,6,,,13,8,5,,3,1,,0,1,,,,,,,,1.0,,5,,,,,5,2,2,1,0,,,,,,,,,,1.0,1,0.0,2,25,,,26,62.7,131,209,,,19,,,,4,,,,,0,4,,12,,,17,8,9,,42,5,,0,8,,,,,,,,1.0,,6,,,7.83,6.35,Clasificatorias WC UEFA,UEFA,UEFA
SEL-WC_QUALS_UEFA-2022-9223855,Ronda 6,2021-09-07,Croacia,1,Eslovenia,3,0,,,22,10,10,2,1,,,,,,,,,,5.0,8,4.0,12,48,,,64,89.6,566,632,,,37,,,,10,,,,22.6,7,31,,6,,,18,11,7,,6,0,,1,2,,,,,,,,0.0,,13,,,,,6,2,3,1,0,,,,,,,,,,0.0,3,1.0,8,30,,,36,78.0,290,372,,,24,,,,13,,,,25.0,1,4,,11,,,11,6,5,,29,3,,0,7,,,,,,,,1.0,,10,,,7.42,6.65,Clasificatorias WC UEFA,UEFA,UEFA
SEL-WC_QUALS_UEFA-2022-9223841,Ronda 6,2021-09-07,Rusia,1,Malta,2,0,,,20,7,8,5,0,,,,,,,,,,3.0,12,3.0,14,55,,,53,81.4,349,429,,,29,,,,5,,,,31.8,7,22,,10,,,14,7,7,,15,0,,1,3,,,,,,,,1.0,,13,,,,,9,3,4,2,0,,,,,,,,,,1.0,1,0.0,14,41,,,47,81.2,311,383,,,23,,,,12,,,,10.0,1,10,,9,,,12,6,6,,29,2,,0,5,,,,,,,,2.0,,6,,,7.15,6.69,Clasificatorias WC UEFA,UEFA,UEFA
SEL-WC_QUALS_UEFA-2022-9223837,Ronda 6,2021-09-07,Eslovaquia,1,Chipre,2,0,,,24,7,10,7,0,,,,,,,,,,2.0,7,1.0,11,82,,,64,85.3,501,587,,,25,,,,9,,,,37.9,11,29,,11,,,17,14,3,,15,0,,1,0,,,,,,,,1.0,,12,,,,,9,0,7,2,0,,,,,,,,,,0.0,3,0.0,14,43,,,36,75.6,251,332,,,24,,,,11,,,,,0,7,,13,,,19,9,10,,25,2,,0,5,,,,,,,,2.0,,9,,,7.28,6.77,Clasificatorias WC UEFA,UEFA,UEFA
SEL-WC_QUALS_UEFA-2022-9223782,Ronda 6,2021-09-08,Armenia,1,Liechtenstein,1,1,,,28,10,10,8,1,,,,,,,,,,2.0,9,3.0,11,91,,,78,88.9,601,676,,,23,,,,9,,,,14.6,7,48,,4,,,8,7,1,,5,1,,0,2,,,,,,,,0.0,,6,,,,,3,3,0,0,0,,,,,,,,,,1.0,2,0.0,4,37,,,22,52.4,100,191,,,13,,,,6,,,,20.0,1,5,,10,,,8,5,3,,52,1,,0,9,,,,,,,,3.0,,9,,,7.11,6.76,Clasificatorias WC UEFA,UEFA,UEFA
SEL-WC_QUALS_UEFA-2022-9223824,Ronda 6,2021-09-08,Grecia,1,Suecia,2,1,,,15,5,8,2,0,,,,,,,,,,4.0,8,1.0,22,44,,,49,77.4,305,394,,,31,,,,11,,,,34.8,8,23,,22,,,19,9,10,,32,1,,0,4,,,,,,,,2.0,,12,,,,,17,5,8,4,2,,,,,,,,,,4.0,9,0.0,10,53,,,51,76.7,316,412,,,16,,,,11,,,,20.0,5,25,,15,,,12,5,7,,18,2,,0,3,,,,,,,,4.0,,11,,,7.39,6.58,Clasificatorias WC UEFA,UEFA,UEFA
SEL-WC_QUALS_UEFA-2022-9223822,Ronda 6,2021-09-08,Kosovo,1,España,0,2,,,7,3,4,0,0,,,,,,,,,,1.0,2,5.0,4,32,,,27,72.8,206,283,,,27,,,,11,,,,37.5,3,8,,4,,,8,4,4,,19,2,,0,3,,,,,,,,,,15,,,,,19,4,13,2,0,,,,,,,,,,1.0,6,0.0,4,74,,,73,92.1,723,785,,,36,,,,15,,,,32.0,8,25,,6,,,18,9,9,,9,0,,1,3,,,,,,,,,,12,,,6.42,7.4,Clasificatorias WC UEFA,UEFA,UEFA
SEL-WC_QUALS_UEFA-2022-9223813,Ronda 6,2021-09-08,Italia,1,Lituania,5,0,,,21,5,11,5,1,,,,,,,,,,3.0,2,2.0,14,82,,,72,88.8,645,726,,,53,,,,9,,,,41.7,5,12,,10,,,17,8,9,,6,0,,1,1,,,,,,,,0.0,,9,,,,,6,1,1,4,0,,,,,,,,,,0.0,2,0.0,2,34,,,28,71.4,200,280,,,26,,,,9,,,,27.3,3,11,,12,,,9,8,1,,26,5,,0,1,,,,,,,,1.0,,12,,,7.65,5.82,Clasificatorias WC UEFA,UEFA,UEFA
SEL-WC_QUALS_UEFA-2022-9223840,Ronda 6,2021-09-08,Irlanda del Norte,1,Suiza,0,0,,,4,0,1,3,0,,,,,,,,,,1.0,1,1.0,5,56,,,25,60.9,137,225,,,24,,,,11,,,,25.0,3,12,,11,,,10,6,4,,19,0,,1,3,,,,,,,,3.0,,11,,,,,8,3,4,1,0,,,,,,,,,,3.0,4,1.0,9,74,,,75,86.7,606,699,,,32,,,,11,,,,17.9,5,28,,5,,,5,5,0,,17,0,,1,0,,,,,,,,2.0,,11,,,6.87,6.89,Clasificatorias WC UEFA,UEFA,UEFA
SEL-WC_QUALS_UEFA-2022-9223805,Ronda 6,2021-09-08,Bielorrusia,1,Bélgica,0,1,,,4,2,2,0,0,,,,,,,,,,,1,1.0,8,44,,,25,65.6,168,256,,,21,,,,6,,,,20.0,1,5,,10,,,13,6,7,,23,1,,0,4,,,,,,,,4.0,,13,,,,,12,5,6,1,1,,,,,,,,,,,4,5.0,11,89,,,75,89.1,672,754,,,24,,,,13,,,,18.5,5,27,,5,,,22,11,11,,12,0,,1,2,,,,,,,,1.0,,7,,,6.58,7.31,Clasificatorias WC UEFA,UEFA,UEFA
SEL-WC_QUALS_UEFA-2022-9223784,Ronda 6,2021-09-08,Gales,1,Estonia,0,0,,,20,6,10,4,2,,,,,,,,,,3.0,6,1.0,13,49,,,66,86.3,505,585,,,27,,,,18,,,,27.3,6,22,,17,,,7,5,2,,6,0,,1,2,,,,,,,,1.0,,8,,,,,3,2,1,0,1,,,,,,,,,,0.0,3,0.0,9,30,,,34,65.9,203,308,,,18,,,,7,,,,16.7,1,6,,9,,,13,9,4,,26,0,,1,6,,,,,,,,2.0,,19,,,7.29,6.89,Clasificatorias WC UEFA,UEFA,UEFA
SEL-WC_QUALS_UEFA-2022-9223851,Ronda 6,2021-09-08,Albania,1,San Marino,5,0,,,25,10,10,5,1,,,,,,,,,,6.0,12,6.0,14,70,,,72,86.4,560,648,,,38,,,,3,,,,32.1,9,28,,11,,,16,6,10,,1,0,,1,0,,,,,,,,1.0,,10,,,,,0,0,0,0,0,,,,,,,,,,0.0,0,1.0,4,26,,,28,61.6,162,263,,,26,,,,10,,,,100.0,1,1,,12,,,18,8,10,,41,5,,0,5,,,,,,,,1.0,,4,,,7.35,6.19,Clasificatorias WC UEFA,UEFA,UEFA
SEL-WC_QUALS_UEFA-2022-9223850,Ronda 6,2021-09-08,Hungría,1,Andorra,2,1,,,14,5,8,1,0,,,,,,,,,,2.0,8,3.0,9,54,,,83,88.3,640,725,,,35,,,,19,,,,40.0,8,20,,3,,,14,9,5,,11,1,,0,1,,,,,,,,3.0,,8,,,,,6,2,3,1,0,,,,,,,,,,1.0,0,1.0,1,35,,,17,47.6,68,143,,,12,,,,7,,,,50.0,3,6,,9,,,12,5,7,,16,2,,0,3,,,,,,,,4.0,,20,,,7.11,6.33,Clasificatorias WC UEFA,UEFA,UEFA
SEL-WC_QUALS_UEFA-2022-9223854,Ronda 6,2021-09-08,Polonia,1,Inglaterra,1,1,,,11,4,3,4,0,,,,,,,,,,1.0,1,2.0,8,48,,,37,78.5,245,312,,,26,,,,8,,,,36.4,4,11,,13,,,13,7,6,,22,1,,0,1,,,,,,,,5.0,,16,,,,,13,2,5,6,0,,,,,,,,,,0.0,3,3.0,15,61,,,63,86.5,463,535,,,40,,,,16,,,,22.2,4,18,,4,,,17,8,9,,4,1,,0,3,,,,,,,,2.0,,8,,,6.81,7.06,Clasificatorias WC UEFA,UEFA,UEFA
SEL-WC_QUALS_UEFA-2022-9223792,Ronda 6,2021-09-08,Islandia,1,Alemania,0,4,,,4,2,2,0,1,,,,,,,,,,0.0,0,2.0,0,38,,,29,74.7,230,308,,,24,,,,8,,,,14.3,1,7,,16,,,12,7,5,,18,4,,0,4,,,,,,,,2.0,,13,,,,,19,8,6,5,0,,,,,,,,,,5.0,8,5.0,10,74,,,71,90.0,692,769,,,29,,,,13,,,,33.3,5,15,,12,,,9,5,4,,3,0,,1,2,,,,,,,,0.0,,8,,,6.44,7.58,Clasificatorias WC UEFA,UEFA,UEFA
SEL-WC_QUALS_UEFA-2022-9223856,Ronda 6,2021-09-08,Macedonia del Norte,1,Rumania,0,0,,,14,6,4,4,0,,,,,,,,,,,2,3.0,11,70,,,58,79.5,383,482,,,31,,,,10,,,,6.2,1,16,,12,,,15,8,7,,10,0,,1,2,,,,,,,,3.0,,14,,,,,7,2,5,0,0,,,,,,,,,,,2,3.0,10,43,,,42,74.6,261,350,,,16,,,,12,,,,8.3,1,12,,12,,,12,8,4,,17,0,,1,6,,,,,,,,1.0,,11,,,7.02,7.05,Clasificatorias WC UEFA,UEFA,UEFA
SEL-WC_QUALS_UEFA-2022-9223864,Ronda 7,2021-10-08,República Checa,1,Gales,2,2,,,12,3,3,6,0,,,,,,,,,,1.0,4,0.0,7,66,,,51,75.4,315,418,,,25,,,,14,,,,20.0,2,10,,7,,,8,6,2,,26,2,,0,3,,,,,,,,2.0,,11,,,,,16,5,7,4,0,,,,,,,,,,4.0,5,2.0,6,59,,,49,75.4,297,394,,,27,,,,11,,,,26.9,7,26,,14,,,15,11,4,,23,2,,0,2,,,,,,,,3.0,,14,,,6.67,6.77,Clasificatorias WC UEFA,UEFA,UEFA
SEL-WC_QUALS_UEFA-2022-9223865,Ronda 7,2021-10-08,Estonia,1,Bielorrusia,2,0,,,13,3,4,6,0,,,,,,,,,,4.0,14,0.0,11,57,,,58,77.0,375,487,,,40,,,,8,,,,11.1,3,27,,9,,,23,13,10,,28,0,,1,2,,,,,,,,3.0,,13,,,,,7,2,3,2,0,,,,,,,,,,1.0,3,1.0,8,42,,,42,74.1,269,363,,,24,,,,11,,,,7.1,1,14,,18,,,17,8,9,,27,2,,0,1,,,,,,,,1.0,,8,,,7.12,6.66,Clasificatorias WC UEFA,UEFA,UEFA
SEL-WC_QUALS_UEFA-2022-9223939,Ronda 7,2021-10-08,Gibraltar,1,Montenegro,0,3,,,1,0,1,0,0,,,,,,,,,,0.0,1,2.0,10,35,,,34,80.8,295,365,,,20,,,,10,,,,,0,6,,4,,,9,3,6,,25,3,,0,2,,,,,,,,1.0,,9,,,,,16,5,7,4,0,,,,,,,,,,4.0,6,1.0,6,102,,,66,89.4,625,699,,,33,,,,8,,,,18.2,4,22,,3,,,7,7,0,,5,0,,1,0,,,,,,,,2.0,,12,,,6.34,7.32,Clasificatorias WC UEFA,UEFA,UEFA
SEL-WC_QUALS_UEFA-2022-9223938,Ronda 7,2021-10-08,Letonia,1,Países Bajos,0,1,,,10,1,5,4,0,,,,,,,,,,0.0,4,1.0,6,30,,,22,60.3,126,209,,,17,,,,8,,,,30.8,4,13,,7,,,11,6,5,,31,1,,0,3,,,,,,,,,,13,,,,,19,4,11,4,0,,,,,,,,,,3.0,7,0.0,7,114,,,78,88.9,674,758,,,35,,,,13,,,,33.3,10,30,,1,,,9,6,3,,10,0,,1,1,,,,,,,,,,9,,,6.75,7.35,Clasificatorias WC UEFA,UEFA,UEFA
SEL-WC_QUALS_UEFA-2022-9223918,Ronda 7,2021-10-08,Turquía,1,Noruega,1,1,,,10,2,7,1,0,,,,,,,,,,1.0,3,3.0,4,73,,,53,78.0,400,513,,,50,,,,8,,,,,0,19,,9,,,10,5,5,,20,1,,0,1,,,,,,,,3.0,,7,,,,,13,2,6,5,1,,,,,,,,,,2.0,5,3.0,8,54,,,47,74.9,343,458,,,27,,,,6,,,,36.4,8,22,,7,,,10,5,5,,14,1,,0,1,,,,,,,,2.0,,8,,,6.93,6.9,Clasificatorias WC UEFA,UEFA,UEFA
SEL-WC_QUALS_UEFA-2022-9223935,Ronda 7,2021-10-08,Chipre,1,Croacia,0,3,,,7,1,3,3,0,,,,,,,,,,0.0,2,6.0,4,28,,,26,66.7,158,237,,,17,,,,7,,,,8.3,1,12,,10,,,19,12,7,,26,3,,0,8,,,,,,,,2.0,,11,,,,,27,11,10,6,0,,,,,,,,,,6.0,7,4.0,6,85,,,74,88.2,623,706,,,19,,,,11,,,,33.3,7,21,,7,,,12,6,6,,14,0,,1,1,,,,,,,,2.0,,7,,,6.65,7.39,Clasificatorias WC UEFA,UEFA,UEFA
SEL-WC_QUALS_UEFA-2022-9223932,Ronda 7,2021-10-08,Malta,1,Eslovenia,0,4,,,5,1,3,1,0,,,,,,,,,,3.0,3,2.0,8,38,,,45,82.1,385,469,,,23,,,,9,,,,25.0,4,16,,7,,,16,12,4,,4,4,,0,1,,,,,,,,2.0,,7,,,,,20,5,8,7,1,,,,,,,,,,2.0,4,3.0,8,65,,,55,89.8,527,587,,,43,,,,7,,,,50.0,5,10,,12,,,16,5,11,,12,0,,1,1,,,,,,,,0.0,,9,,,6.35,7.46,Clasificatorias WC UEFA,UEFA,UEFA
SEL-WC_QUALS_UEFA-2022-9223900,Ronda 7,2021-10-08,Rusia,1,Eslovaquia,1,0,,,10,1,5,4,0,,,,,,,,,,,6,1.0,6,31,,,26,62.5,155,248,,,16,,,,8,,,,37.5,3,8,,16,,,9,7,2,,26,0,,1,5,,,,,,,,1.0,,12,,,,,27,5,12,10,0,,,,,,,,,,,14,0.0,5,66,,,74,88.5,617,697,,,54,,,,12,,,,26.5,9,34,,9,,,6,3,3,,10,1,,0,1,,,,,,,,2.0,,9,,,7.06,7.06,Clasificatorias WC UEFA,UEFA,UEFA
SEL-WC_QUALS_UEFA-2022-9223920,Ronda 7,2021-10-08,Alemania,1,Rumania,2,1,,,22,6,10,6,0,,,,,,,,,,3.0,4,1.0,8,105,,,77,89.0,720,809,,,30,,,,10,,,,26.1,6,23,,15,,,21,11,10,,6,1,,0,0,,,,,,,,1.0,,6,,,,,9,1,6,2,0,,,,,,,,,,1.0,3,1.0,7,25,,,23,62.6,149,238,,,23,,,,6,,,,20.0,1,5,,20,,,18,9,9,,30,2,,0,4,,,,,,,,3.0,,10,,,7.23,6.7,Clasificatorias WC UEFA,UEFA,UEFA
SEL-WC_QUALS_UEFA-2022-9223913,Ronda 7,2021-10-08,Islandia,1,Armenia,1,1,,,12,2,6,4,0,,,,,,,,,,3.0,4,2.0,7,55,,,53,81.6,409,501,,,28,,,,13,,,,26.7,4,15,,9,,,15,9,6,,19,1,,0,0,,,,,,,,3.0,,17,,,,,11,1,5,5,0,,,,,,,,,,0.0,10,3.0,11,53,,,47,77.1,336,436,,,24,,,,16,,,,20.0,4,20,,8,,,16,13,3,,10,1,,0,1,,,,,,,,1.0,,13,,,6.78,6.85,Clasificatorias WC UEFA,UEFA,UEFA
SEL-WC_QUALS_UEFA-2022-9223914,Ronda 7,2021-10-08,Liechtenstein,1,Macedonia del Norte,0,4,,,2,0,1,1,0,,,,,,,,,,0.0,0,0.0,2,23,,,21,58.5,121,207,,,12,,,,5,,,,,0,3,,8,,,15,7,8,,32,4,,0,7,,,,,,,,2.0,,6,,,,,26,12,12,2,2,,,,,,,,,,6.0,5,1.0,17,126,,,79,92.1,726,788,,,50,,,,5,,,,27.3,9,33,,13,,,10,7,3,,5,0,,1,0,,,,,,,,1.0,,5,,,6.23,7.65,Clasificatorias WC UEFA,UEFA,UEFA
SEL-WC_QUALS_UEFA-2022-9223861,Ronda 7,2021-10-09,Lituania,1,Bulgaria,3,1,,,15,5,7,3,1,,,,,,,,,,2.0,2,3.0,1,78,,,45,70.8,264,373,,,38,,,,12,,,,25.0,4,16,,4,,,18,8,10,,11,1,,0,3,,,,,,,,4.0,,19,,,,,15,4,5,6,0,,,,,,,,,,1.0,2,1.0,8,71,,,55,74.7,351,470,,,36,,,,16,,,,25.0,3,12,,3,,,11,4,7,,18,3,,0,2,,,,,,,,3.0,,12,,,7.15,6.59,Clasificatorias WC UEFA,UEFA,UEFA
SEL-WC_QUALS_UEFA-2022-9223863,Ronda 7,2021-10-09,Kazajistán,1,Bosnia,0,2,,,6,1,2,3,0,,,,,,,,,,0.0,1,5.0,6,54,,,45,81.8,346,423,,,33,,,,4,,,,20.0,3,15,,13,,,11,10,1,,17,2,,0,4,,,,,,,,2.0,,7,,,,,19,6,11,2,2,,,,,,,,,,4.0,7,0.0,11,65,,,55,84.1,428,509,,,28,,,,6,,,,40.0,8,20,,5,,,19,14,5,,19,0,,1,1,,,,,,,,1.0,,4,,,6.53,7.49,Clasificatorias WC UEFA,UEFA,UEFA
SEL-WC_QUALS_UEFA-2022-9223915,Ronda 7,2021-10-09,Azerbaiyán,1,Irlanda,0,3,,,15,5,7,3,1,,,,,,,,,,0.0,8,1.0,8,51,,,64,85.1,481,565,,,23,,,,7,,,,8.0,2,25,,8,,,20,11,9,,6,3,,0,5,,,,,,,,0.0,,11,,,,,18,8,7,3,0,,,,,,,,,,5.0,4,0.0,12,48,,,36,74.9,239,319,,,15,,,,11,,,,35.7,5,14,,4,,,17,9,8,,28,0,,1,5,,,,,,,,1.0,,7,,,6.62,7.23,Clasificatorias WC UEFA,UEFA,UEFA
SEL-WC_QUALS_UEFA-2022-9223921,Ronda 7,2021-10-09,Georgia,1,Grecia,0,2,,,3,2,0,1,0,,,,,,,,,,0.0,3,1.0,10,39,,,45,78.2,320,409,,,28,,,,8,,,,,0,12,,7,,,10,6,4,,24,2,,0,6,,,,,,,,3.0,,17,,,,,16,8,5,3,0,,,,,,,,,,2.0,6,1.0,8,60,,,55,83.9,411,490,,,27,,,,15,,,,23.1,6,26,,12,,,15,10,5,,10,0,,1,2,,,,,,,,4.0,,8,,,6.47,7.18,Clasificatorias WC UEFA,UEFA,UEFA
SEL-WC_QUALS_UEFA-2022-9223929,Ronda 7,2021-10-09,Suecia,1,Kosovo,3,0,,,20,10,6,4,1,,,,,,,,,,3.0,8,1.0,12,67,,,55,80.1,370,462,,,20,,,,13,,,,23.8,5,21,,5,,,13,7,6,,17,0,,1,3,,,,,,,,3.0,,17,,,,,12,3,5,4,0,,,,,,,,,,0.0,3,3.0,5,52,,,45,73.7,275,373,,,24,,,,16,,,,42.9,6,14,,10,,,12,9,3,,25,3,,0,7,,,,,,,,4.0,,14,,,7.37,6.6,Clasificatorias WC UEFA,UEFA,UEFA
SEL-WC_QUALS_UEFA-2022-9223860,Ronda 7,2021-10-09,Finlandia,1,Ucrania,1,2,,,11,5,4,2,1,,,,,,,,,,1.0,3,1.0,8,50,,,55,83.5,472,565,,,17,,,,12,,,,15.4,2,13,,16,,,8,6,2,,18,2,,0,3,,,,,,,,0.0,,13,,,,,16,5,9,2,0,,,,,,,,,,2.0,2,0.0,4,44,,,45,79.6,374,470,,,26,,,,13,,,,25.0,3,12,,11,,,11,7,4,,18,1,,0,4,,,,,,,,1.0,,12,,,6.75,7.05,Clasificatorias WC UEFA,UEFA,UEFA
SEL-WC_QUALS_UEFA-2022-9223874,Ronda 7,2021-10-09,Escocia,1,Israel,3,2,,,17,9,4,4,0,,,,,,,,,,5.0,10,0.0,13,77,,,55,80.5,396,492,,,31,,,,15,,,,43.5,10,23,,7,,,8,3,5,,5,2,,0,1,,,,,,,,4.0,,13,,,,,6,3,1,2,0,,,,,,,,,,2.0,1,3.0,13,40,,,45,77.3,320,414,,,21,,,,13,,,,33.3,2,6,,10,,,19,10,9,,35,3,,0,6,,,,,,,,3.0,,15,,,6.92,6.91,Clasificatorias WC UEFA,UEFA,UEFA
SEL-WC_QUALS_UEFA-2022-9223942,Ronda 7,2021-10-09,Luxemburgo,1,Serbia,0,1,,,11,1,4,6,0,,,,,,,,,,1.0,7,1.0,8,37,,,52,80.4,361,449,,,23,,,,13,,,,23.1,3,13,,15,,,10,1,9,,16,1,,0,3,,,,,,,,2.0,,18,,,,,11,4,5,2,0,,,,,,,,,,4.0,7,4.0,7,58,,,48,84.4,346,410,,,39,,,,18,,,,17.4,4,23,,17,,,16,8,8,,18,0,,1,1,,,,,,,,2.0,,14,,,6.74,7.22,Clasificatorias WC UEFA,UEFA,UEFA
SEL-WC_QUALS_UEFA-2022-9223892,Ronda 7,2021-10-09,Suiza,1,Irlanda del Norte,2,0,,,27,8,12,7,0,,,,,,,,,,7.0,10,3.0,7,66,,,72,84.3,498,591,,,28,,,,10,,,,16.7,4,24,,7,,,11,6,5,,9,0,,1,1,,,,,,,,1.0,0.0,11,,,,,2,1,0,1,0,,,,,,,,,,0.0,1,0.0,1,52,,,28,55.7,127,228,,,20,,,,11,,,,20.0,1,5,,4,,,6,3,3,,26,2,,0,6,,,,,,,,4.0,1.0,11,,,7.33,6.38,Clasificatorias WC UEFA,UEFA,UEFA
SEL-WC_QUALS_UEFA-2022-9223926,Ronda 7,2021-10-09,Islas Feroe,1,Austria,0,2,,,6,3,1,2,0,,,,,,,,,,0.0,5,2.0,6,70,,,33,61.3,179,292,,,21,,,,5,,,,7.1,1,14,,15,,,17,11,6,,14,2,,0,6,,,,,,,,3.0,,15,,,,,24,8,9,7,1,,,,,,,,,,3.0,8,2.0,13,73,,,67,83.5,490,587,,,27,,,,15,,,,28.0,7,25,,12,,,11,6,5,,16,0,,1,3,,,,,,,,1.0,,5,,,6.59,7.35,Clasificatorias WC UEFA,UEFA,UEFA
SEL-WC_QUALS_UEFA-2022-9223867,Ronda 7,2021-10-09,Moldavia,1,Dinamarca,0,4,,,0,0,0,0,0,,,,,,,,,,0.0,1,1.0,5,31,,,31,68.3,218,319,,,30,,,,11,,,,,0,6,,26,,,9,3,6,,18,4,,0,6,,,,,,,,3.0,,21,,,,,21,10,5,6,1,,,,,,,,,,5.0,8,3.0,11,83,,,69,87.2,631,724,,,32,,,,19,,,,30.8,4,13,,5,,,9,7,2,,2,0,,1,0,,,,,,,,0.0,,11,,,6.29,7.36,Clasificatorias WC UEFA,UEFA,UEFA
SEL-WC_QUALS_UEFA-2022-9223901,Ronda 7,2021-10-09,Andorra,1,Inglaterra,0,5,,,1,0,1,0,0,,,,,,,,,,0.0,2,3.0,0,30,,,14,40.7,46,113,,,12,,,,8,,,,14.3,1,7,,8,,,15,8,7,,28,5,,0,3,,,,,,,,2.0,,20,,,,,17,8,4,5,0,,,,,,,,,,8.0,7,7.0,16,89,,,86,90.8,638,703,,,37,,,,18,,,,31.2,5,16,,2,,,6,4,2,,7,0,,1,0,,,,,,,,3.0,,9,,,6.01,7.44,Clasificatorias WC UEFA,UEFA,UEFA
SEL-WC_QUALS_UEFA-2022-9223897,Ronda 7,2021-10-09,Hungría,1,Albania,0,1,,,7,2,5,0,1,,,,,,,,,,2.0,1,1.0,5,54,,,64,83.7,564,674,,,24,,,,14,,,,25.0,3,12,,7,,,17,9,8,,17,1,,0,2,,,,,,,,2.0,,12,,,,,9,3,2,4,0,,,,,,,,,,2.0,2,2.0,6,65,,,36,72.8,276,379,,,16,,,,12,,,,22.2,2,9,,12,,,17,8,9,,15,0,,1,2,,,,,,,,4.0,,15,,,6.85,6.85,Clasificatorias WC UEFA,UEFA,UEFA
SEL-WC_QUALS_UEFA-2022-9223909,Ronda 7,2021-10-09,Polonia,1,San Marino,5,0,,,31,12,10,9,1,,,,,,,,,,5.0,15,,15,104,,,83,88.3,648,734,,,14,,,,10,,,,35.0,14,40,,8,,,14,7,7,,2,0,,1,1,,,,,,,,1.0,,8,,,,,2,1,0,1,0,,,,,,,,,,0.0,0,,1,24,,,17,54.9,84,153,,,8,,,,8,,,,,0,4,,9,,,16,11,5,,53,5,,0,8,,,,,,,,1.0,,10,,,7.7,6.3,Clasificatorias WC UEFA,UEFA,UEFA
SEL-WC_QUALS_UEFA-2022-9223889,Ronda 8,2021-10-11,Chipre,1,Malta,2,2,,,13,5,5,3,0,,,,,,,,,,1.0,1,2.0,16,48,,,47,81.3,360,443,,,38,,,,12,,,,22.2,2,9,,22,,,16,5,11,,18,2,,0,1,,,,,,,,3.0,,14,,,,,10,3,1,6,0,,,,,,,,,,2.0,4,3.0,12,54,,,53,78.9,388,492,,,29,,,,13,,,,11.8,2,17,,13,,,25,16,9,,6,2,,0,3,,,,,,,,2.0,,12,,,6.98,6.81,Clasificatorias WC UEFA,UEFA,UEFA
SEL-WC_QUALS_UEFA-2022-9223876,Ronda 8,2021-10-11,Bielorrusia,1,República Checa,0,2,,,6,0,3,3,0,,,,,,,,,,0.0,1,1.0,7,58,,,42,77.6,323,416,,,30,,,,16,,,,28.6,2,7,,10,,,10,6,4,,26,2,,0,4,,,,,,,,3.0,,12,,,,,16,6,5,5,0,,,,,,,,,,3.0,7,1.0,10,64,,,58,83.7,482,576,,,33,,,,11,,,,28.0,7,25,,10,,,15,10,5,,5,0,,1,0,,,,,,,,2.0,,16,,,6.63,7.42,Clasificatorias WC UEFA,UEFA,UEFA
SEL-WC_QUALS_UEFA-2022-9223866,Ronda 8,2021-10-11,Estonia,1,Gales,0,1,,,9,4,3,2,0,,,,,,,,,,2.0,2,2.0,4,65,,,43,63.3,197,311,,,33,,,,13,,,,15.0,3,20,,8,,,11,6,5,,18,1,,0,4,,,,,,,,3.0,,14,,,,,14,5,4,5,0,,,,,,,,,,1.0,4,0.0,11,51,,,57,75.7,317,419,,,29,,,,14,,,,21.7,5,23,,5,,,6,3,3,,19,0,,1,3,,,,,,,,4.0,,13,,,6.64,7.15,Clasificatorias WC UEFA,UEFA,UEFA
SEL-WC_QUALS_UEFA-2022-9223919,Ronda 8,2021-10-11,Letonia,1,Turquía,1,2,,,6,2,1,3,0,,,,,,,,,,0.0,7,,6,54,,,32,55.5,132,238,,,20,,,,13,,,,23.5,4,17,,12,,,12,9,3,,39,2,,0,7,,,,,,,,4.0,,18,,,,,23,9,7,7,0,,,,,,,,,,1.0,9,,15,79,,,68,82.5,421,510,,,30,,,,18,,,,14.3,4,28,,12,,,14,5,9,,23,1,,0,1,,,,,,,,2.0,,13,,,6.63,7.25,Clasificatorias WC UEFA,UEFA,UEFA
SEL-WC_QUALS_UEFA-2022-9223912,Ronda 8,2021-10-11,Países Bajos,1,Gibraltar,6,0,,,32,12,9,11,0,,,,,,,,,,8.0,16,7.0,21,103,,,83,89.0,647,727,,,25,,,,0,,,,32.6,14,43,,7,,,6,2,4,,4,0,,1,0,,,,,,,,0.0,,8,,,,,1,0,0,1,0,,,,,,,,,,0.0,0,3.0,4,18,,,17,54.0,88,163,,,16,,,,8,,,,,0,0,,16,,,16,9,7,,50,6,,0,5,,,,,,,,1.0,,2,,,7.74,6.13,Clasificatorias WC UEFA,UEFA,UEFA
SEL-WC_QUALS_UEFA-2022-9223916,Ronda 8,2021-10-11,Noruega,1,Montenegro,2,0,,,11,5,1,5,0,,,,,,,,,,1.0,3,2.0,14,84,,,51,74.7,340,455,,,33,,,,9,,,,44.4,4,9,,20,,,18,11,7,,24,0,,1,0,,,,,,,,2.0,0.0,11,,,,,9,0,6,3,0,,,,,,,,,,1.0,4,3.0,9,79,,,49,73.7,308,418,,,38,,,,11,,,,4.5,1,22,,10,,,21,11,10,,10,2,,0,3,,,,,,,,6.0,1.0,9,,,7.31,6.71,Clasificatorias WC UEFA,UEFA,UEFA
SEL-WC_QUALS_UEFA-2022-9223899,Ronda 8,2021-10-11,Croacia,1,Eslovaquia,2,2,,,21,10,7,4,2,,,,,,,,,,3.0,10,4.0,16,74,,,68,86.5,507,586,,,23,,,,14,,,,15.0,6,40,,5,,,15,7,8,,11,2,,0,0,,,,,,,,1.0,,12,,,,,6,2,3,1,0,,,,,,,,,,2.0,3,2.0,5,35,,,32,70.3,196,279,,,31,,,,11,,,,36.4,4,11,,13,,,16,7,9,,38,2,,0,8,,,,,,,,4.0,,16,,,7.01,6.86,Clasificatorias WC UEFA,UEFA,UEFA
SEL-WC_QUALS_UEFA-2022-9223890,Ronda 8,2021-10-11,Eslovenia,1,Rusia,1,2,,,15,5,6,4,0,,,,,,,,,,0.0,1,2.0,5,73,,,54,76.4,356,466,,,48,,,,24,,,,35.7,10,28,,8,,,10,7,3,,12,2,,0,4,,,,,,,,6.0,,16,,,,,11,6,2,3,0,,,,,,,,,,1.0,8,2.0,11,61,,,46,72.2,289,400,,,23,,,,16,,,,23.1,3,13,,12,,,5,2,3,,32,1,,0,4,,,,,,,,1.0,,24,,,6.84,7.07,Clasificatorias WC UEFA,UEFA,UEFA
SEL-WC_QUALS_UEFA-2022-9223911,Ronda 8,2021-10-11,Islandia,1,Liechtenstein,4,0,,,21,10,6,5,0,,,,,,,,,,8.0,5,1.0,8,95,,,72,89.5,611,683,,,59,,,,9,,,,26.7,8,30,,5,,,14,8,6,,2,0,,1,0,,,,,,,,0.0,0.0,19,,,,,1,0,1,0,0,,,,,,,,,,0.0,0,2.0,8,15,,,28,72.8,201,276,,,19,,,,18,,,,50.0,1,2,,11,,,10,6,4,,28,4,,0,6,,,,,,,,3.0,1.0,11,,,7.35,6.36,Clasificatorias WC UEFA,UEFA,UEFA
SEL-WC_QUALS_UEFA-2022-9223906,Ronda 8,2021-10-11,Macedonia del Norte,1,Alemania,0,4,,,7,1,5,1,0,,,,,,,,,,1.0,2,2.0,13,30,,,26,71.5,183,256,,,19,,,,8,,,,30.0,3,10,,16,,,24,16,8,,26,4,,0,7,,,,,,,,1.0,,13,,,,,24,10,9,5,1,,,,,,,,,,6.0,7,1.0,15,84,,,74,88.5,665,751,,,21,,,,13,,,,32.3,10,31,,13,,,15,11,4,,7,0,,1,1,,,,,,,,1.0,,8,,,6.55,7.54,Clasificatorias WC UEFA,UEFA,UEFA
SEL-WC_QUALS_UEFA-2022-9223917,Ronda 8,2021-10-11,Rumania,1,Armenia,1,0,,,15,5,6,4,1,,,,,,,,,,1.0,8,1.0,18,67,,,59,85.7,466,544,,,38,,,,21,,,,28.6,4,14,,13,,,20,11,9,,7,0,,1,1,,,,,,,,2.0,,9,,,,,6,1,3,2,0,,,,,,,,,,0.0,2,3.0,8,29,,,41,76.8,281,366,,,18,,,,8,,,,28.6,4,14,,7,,,18,13,5,,14,1,,0,4,,,,,,,,5.0,,21,,,7.35,6.55,Clasificatorias WC UEFA,UEFA,UEFA
SEL-WC_QUALS_UEFA-2022-9223910,Ronda 8,2021-10-12,Kazajistán,1,Finlandia,0,2,,,7,1,4,2,0,,,,,,,,,,0.0,0,0.0,7,56,,,38,71.8,282,393,,,33,,,,3,,,,7.1,1,14,,20,,,25,18,7,,19,2,,0,6,,,,,,,,3.0,,12,,,,,20,8,8,4,1,,,,,,,,,,4.0,5,1.0,9,80,,,62,80.6,532,660,,,23,,,,10,,,,14.3,2,14,,6,,,14,9,5,,13,0,,1,1,,,,,,,,1.0,,4,,,6.82,7.19,Clasificatorias WC UEFA,UEFA,UEFA
SEL-WC_QUALS_UEFA-2022-9223936,Ronda 8,2021-10-12,Portugal,1,Luxemburgo,5,0,,,21,11,6,4,0,,,,,,,,,,12.0,8,1.0,14,41,,,55,86.2,413,479,,,28,,,,13,,,,50.0,10,20,,8,,,12,7,5,,5,0,,1,2,,,,,,,,2.0,,12,,,,,3,2,1,0,0,,,,,,,,,,1.0,2,0.0,8,38,,,45,84.0,331,394,,,30,,,,12,,,,,0,5,,9,,,8,1,7,,13,5,,0,6,,,,,,,,1.0,,13,,,7.63,6.17,Clasificatorias WC UEFA,UEFA,UEFA
SEL-WC_QUALS_UEFA-2022-9223891,Ronda 8,2021-10-12,Serbia,1,Azerbaiyán,3,1,,,22,11,7,4,4,,,,,,,,,,6.0,7,1.0,13,71,,,57,86.1,484,562,,,33,,,,9,,,,33.3,8,24,,12,,,16,10,6,,12,1,,0,0,,,,,,,,0.0,,13,,,,,6,1,5,0,1,,,,,,,,,,2.0,0,2.0,13,44,,,43,80.5,343,426,,,21,,,,13,,,,20.0,2,10,,16,,,14,7,7,,26,3,,0,8,,,,,,,,2.0,,10,,,7.19,6.71,Clasificatorias WC UEFA,UEFA,UEFA
SEL-WC_QUALS_UEFA-2022-9223922,Ronda 8,2021-10-12,Kosovo,1,Georgia,1,2,,,12,4,4,4,0,,,,,,,,,,4.0,5,0.0,7,60,,,54,85.0,442,520,,,26,,,,7,,,,15.6,5,32,,7,,,18,9,9,,10,2,,0,0,,,,,,,,4.0,,9,,,,,6,3,3,0,0,,,,,,,,,,3.0,2,1.0,9,38,,,46,82.4,379,460,,,20,,,,8,,,,30.0,3,10,,9,,,8,6,2,,33,1,,0,2,,,,,,,,5.0,,8,,,6.89,6.79,Clasificatorias WC UEFA,UEFA,UEFA
SEL-WC_QUALS_UEFA-2022-9223862,Ronda 8,2021-10-12,Suecia,1,Grecia,2,0,,,7,4,1,2,0,,,,,,,,,,2.0,5,0.0,7,55,,,42,80.6,320,397,,,20,,,,15,,,,7.7,1,13,,5,,,17,13,4,,21,0,,1,3,,,,,,,,2.0,0.0,13,,,,,10,3,6,1,2,,,,,,,,,,0.0,4,5.0,6,48,,,58,84.1,466,554,,,19,,,,13,,,,27.3,3,11,,7,,,18,9,9,,13,2,,0,2,,,,,,,,4.0,1.0,15,,,7.09,6.59,Clasificatorias WC UEFA,UEFA,UEFA
SEL-WC_QUALS_UEFA-2022-9223885,Ronda 8,2021-10-12,Bulgaria,1,Irlanda del Norte,2,1,,,10,4,3,3,0,,,,,,,,,,0.0,10,2.0,4,55,,,46,74.0,271,366,,,32,,,,13,,,,16.7,4,24,,4,,,13,8,5,,27,1,,0,5,,,,,,,,1.0,,16,,,,,15,6,5,4,0,,,,,,,,,,5.0,5,3.0,5,50,,,54,76.7,329,429,,,30,,,,15,,,,13.0,3,23,,7,,,10,6,4,,20,2,,0,2,,,,,,,,2.0,,13,,,7.04,6.64,Clasificatorias WC UEFA,UEFA,UEFA
SEL-WC_QUALS_UEFA-2022-9223925,Ronda 8,2021-10-12,Lituania,1,Suiza,0,4,,,6,0,6,0,0,,,,,,,,,,1.0,3,,7,40,,,30,73.2,221,302,,,27,,,,11,,,,23.1,3,13,,11,,,21,12,9,,27,4,,0,6,,,,,,,,,,4,,,,,22,11,8,3,1,,,,,,,,,,4.0,8,,10,78,,,70,87.7,643,733,,,36,,,,4,,,,26.1,6,23,,3,,,8,3,5,,9,0,,1,0,,,,,,,,,,11,,,6.62,7.39,Clasificatorias WC UEFA,UEFA,UEFA
SEL-WC_QUALS_UEFA-2022-9223934,Ronda 8,2021-10-12,Ucrania,1,Bosnia,1,1,,,10,2,3,5,0,,,,,,,,,,3.0,3,2.0,8,42,,,55,87.1,459,527,,,32,,,,6,,,,7.1,1,14,,3,,,16,9,7,,24,1,,0,5,,,,,,,,0.0,,8,,,,,14,5,3,6,0,,,,,,,,,,1.0,3,2.0,2,66,,,45,84.6,358,423,,,30,,,,8,,,,16.7,3,18,,8,,,19,12,7,,10,1,,0,1,,,,,,,,3.0,,6,,,7.0,6.93,Clasificatorias WC UEFA,UEFA,UEFA
SEL-WC_QUALS_UEFA-2022-9223923,Ronda 8,2021-10-12,Dinamarca,1,Austria,1,0,,,9,4,3,2,0,,,,,,,,,,1.0,1,3.0,8,83,,,49,77.3,374,484,,,31,,,,20,,,,35.7,5,14,,13,,,13,7,6,,9,0,,1,0,,,,,,,,1.0,,10,,,,,7,0,4,3,0,,,,,,,,,,0.0,1,2.0,10,57,,,51,75.6,384,508,,,27,,,,10,,,,18.2,2,11,,13,,,21,12,9,,10,1,,0,3,,,,,,,,2.0,,20,,,7.1,6.81,Clasificatorias WC UEFA,UEFA,UEFA
SEL-WC_QUALS_UEFA-2022-9223873,Ronda 8,2021-10-12,Islas Feroe,1,Escocia,0,1,,,9,3,5,1,0,,,,,,,,,,2.0,1,3.0,5,58,,,32,66.3,177,267,,,24,,,,10,,,,33.3,3,9,,15,,,15,11,4,,32,1,,0,4,,,,,,,,1.0,,15,,,,,19,5,8,6,0,,,,,,,,,,1.0,7,3.0,9,68,,,68,84.4,469,556,,,26,,,,15,,,,17.2,5,29,,2,,,9,4,5,,9,0,,1,3,,,,,,,,3.0,,10,,,6.83,7.11,Clasificatorias WC UEFA,UEFA,UEFA
SEL-WC_QUALS_UEFA-2022-9223869,Ronda 8,2021-10-12,Israel,1,Moldavia,2,1,,,9,4,2,3,0,,,,,,,,,,4.0,3,1.0,12,53,,,55,82.8,423,511,,,28,,,,17,,,,,0,8,,11,,,14,9,5,,13,1,,0,5,,,,,,,,0.0,0.0,11,,,,,11,6,4,1,0,,,,,,,,,,2.0,4,2.0,10,60,,,45,78.1,329,421,,,24,,,,11,,,,26.7,4,15,,31,,,13,9,4,,6,2,,0,2,,,,,,,,4.0,1.0,17,,,7.0,6.73,Clasificatorias WC UEFA,UEFA,UEFA
SEL-WC_QUALS_UEFA-2022-9223940,Ronda 8,2021-10-12,Albania,1,Polonia,0,1,,,6,1,2,3,0,,,,,,,,,,0.0,2,0.0,11,52,,,41,70.4,233,331,,,27,,,,24,,,,,0,9,,7,,,14,10,4,,21,1,,0,1,,,,,,,,3.0,,17,,,,,5,2,2,1,0,,,,,,,,,,1.0,4,2.0,5,57,,,59,79.0,383,485,,,26,,,,17,,,,11.8,2,17,,7,,,14,8,6,,21,0,,1,1,,,,,,,,3.0,,24,,,6.67,6.86,Clasificatorias WC UEFA,UEFA,UEFA
SEL-WC_QUALS_UEFA-2022-9223931,Ronda 8,2021-10-12,Inglaterra,1,Hungría,1,1,,,11,5,5,1,0,,,,,,,,,,4.0,8,2.0,13,77,,,64,91.2,578,634,,,34,,,,7,,,,10.7,3,28,,9,,,11,7,4,,8,1,,0,0,,,,,,,,1.0,,8,,,,,6,1,2,3,0,,,,,,,,,,1.0,2,2.0,4,17,,,36,81.8,296,362,,,9,,,,8,,,,16.7,2,12,,10,,,16,13,3,,30,1,,0,4,,,,,,,,1.0,,9,,,7.0,6.81,Clasificatorias WC UEFA,UEFA,UEFA
SEL-WC_QUALS_UEFA-2022-9223898,Ronda 8,2021-10-12,San Marino,1,Andorra,0,3,,,5,1,1,3,0,,,,,,,,,,0.0,4,0.0,4,61,,,42,65.1,218,335,,,20,,,,13,,,,6.2,1,16,,9,,,12,6,6,,26,3,,0,6,,,,,,,,4.0,,22,,,,,13,9,3,1,0,,,,,,,,,,2.0,3,2.0,10,69,,,58,75.9,366,482,,,33,,,,22,,,,,0,11,,6,,,12,6,6,,22,0,,1,1,,,,,,,,1.0,,13,,,6.35,7.22,Clasificatorias WC UEFA,UEFA,UEFA
SEL-WC_QUALS_UEFA-2022-9223930,Ronda 9,2021-11-11,Azerbaiyán,1,Luxemburgo,1,3,,,8,2,5,1,1,,,,,,,,,,1.0,2,0.0,9,30,,,34,68.5,191,279,,,25,,,,8,,,,37.5,3,8,,7,,,20,11,9,,20,3,,0,3,,,,,,,,4.0,1.0,15,,,,,23,6,11,6,1,,,,,,,,,,2.0,3,1.0,13,83,,,66,86.6,473,546,,,28,,,,15,,,,25.0,4,16,,14,,,13,7,6,,4,1,,0,1,,,,,,,,1.0,0.0,10,,,6.36,7.15,Clasificatorias WC UEFA,UEFA,UEFA
SEL-WC_QUALS_UEFA-2022-9223894,Ronda 9,2021-11-11,Georgia,1,Suecia,2,0,,,10,6,3,1,0,,,,,,,,,,2.0,5,2.0,11,30,,,41,81.1,287,354,,,24,,,,9,,,,36.4,4,11,,8,,,8,6,2,,33,0,,1,7,,,,,,,,3.0,,14,,,,,20,8,6,6,0,,,,,,,,,,5.0,8,9.0,12,71,,,59,86.0,437,508,,,22,,,,14,,,,17.9,5,28,,7,,,13,7,6,,6,2,,0,3,,,,,,,,1.0,,10,,,7.28,6.83,Clasificatorias WC UEFA,UEFA,UEFA
SEL-WC_QUALS_UEFA-2022-9223893,Ronda 9,2021-11-11,Rusia,1,Chipre,6,0,,,22,13,6,3,1,,,,,,,,,,8.0,3,4.0,14,66,,,61,83.6,460,550,,,27,,,,9,,,,30.0,3,10,,10,,,14,9,5,,7,0,,1,1,,,,,,,,,,10,,,,,7,1,4,2,0,,,,,,,,,,0.0,4,0.0,6,22,,,39,74.0,256,346,,,23,,,,8,,,,27.3,3,11,,11,,,10,4,6,,17,6,,0,6,,,,,,,,,,10,,,7.65,6.19,Clasificatorias WC UEFA,UEFA,UEFA
SEL-WC_QUALS_UEFA-2022-9223945,Ronda 9,2021-11-11,Armenia,1,Macedonia del Norte,0,5,,,7,1,4,2,0,,,,,,,,,,1.0,5,3.0,11,68,,,55,83.3,453,544,,,21,,,,11,,,,12.5,2,16,,9,,,21,13,8,,14,5,,0,1,,,,,,,,0.0,,12,,,,,8,6,2,0,0,,,,,,,,,,5.0,3,1.0,11,61,,,45,80.1,363,453,,,40,,,,12,,,,50.0,2,4,,12,,,16,6,10,,23,0,,1,1,,,,,,,,1.0,,11,,,6.23,7.32,Clasificatorias WC UEFA,UEFA,UEFA
SEL-WC_QUALS_UEFA-2022-9223924,Ronda 9,2021-11-11,Irlanda,1,Portugal,0,0,,,12,2,6,4,0,,,,,,,,,,,4,2.0,11,56,,,49,79.1,351,444,,,20,,,,11,,,,37.5,9,24,,14,,,15,9,6,,5,0,,1,3,,,,,,,,3.0,0.0,13,,,,,12,3,3,6,0,,,,,,,,,,,4,1.0,7,56,,,51,81.4,389,478,,,33,,,,12,,,,21.4,3,14,,9,,,10,3,7,,20,0,,1,2,,,,,,,,3.0,1.0,12,,,7.15,6.87,Clasificatorias WC UEFA,UEFA,UEFA
SEL-WC_QUALS_UEFA-2022-9223888,Ronda 9,2021-11-11,Grecia,1,España,0,1,,,3,1,1,1,0,,,,,,,,,,0.0,2,3.0,6,36,,,27,75.5,228,302,,,23,,,,14,,,,22.2,2,9,,14,,,19,14,5,,15,1,,0,2,,,,,,,,4.0,,9,,,,,12,3,3,6,0,,,,,,,,,,2.0,5,2.0,16,87,,,73,92.5,754,815,,,40,,,,9,,,,27.8,5,18,,9,,,14,8,6,,15,0,,1,1,,,,,,,,2.0,,15,,,6.55,7.13,Clasificatorias WC UEFA,UEFA,UEFA
SEL-WC_QUALS_UEFA-2022-9223884,Ronda 9,2021-11-11,Malta,1,Croacia,1,7,,,2,0,2,0,0,,,,,,,,,,0.0,2,3.0,7,35,,,33,75.8,254,335,,,22,,,,6,,,,20.0,1,5,,5,,,11,7,4,,27,7,,0,5,,,,,,,,1.0,,7,,,,,20,12,5,3,0,,,,,,,,,,8.0,4,7.0,9,88,,,67,90.4,613,678,,,50,,,,7,,,,28.6,8,28,,7,,,8,5,3,,5,1,,0,0,,,,,,,,0.0,,7,,,5.96,7.6,Clasificatorias WC UEFA,UEFA,UEFA
SEL-WC_QUALS_UEFA-2022-9223927,Ronda 9,2021-11-11,Eslovaquia,1,Eslovenia,2,2,,,21,6,7,8,0,,,,,,,,,,2.0,8,1.0,12,61,,,64,90.8,553,609,,,22,,,,14,,,,31.6,12,38,,2,,,12,7,5,,6,2,,0,1,,,,,,,,2.0,0.0,17,,,,,5,3,0,2,0,,,,,,,,,,1.0,3,0.0,12,35,,,36,80.6,282,350,,,23,,,,16,,,,16.7,1,6,,12,,,16,6,10,,29,2,,0,4,,,,,,,,3.0,1.0,17,,,6.76,6.77,Clasificatorias WC UEFA,UEFA,UEFA
SEL-WC_QUALS_UEFA-2022-9223951,Ronda 9,2021-11-11,Alemania,1,Liechtenstein,9,0,,,42,23,11,8,2,,,,,,,,,,11.0,13,3.0,9,95,,,82,88.3,674,763,,,21,,,,1,,,,23.7,9,38,,7,,,17,12,5,,0,0,,1,0,,,,,,,,1.0,0.0,5,,,,,4,0,3,1,0,,,,,,,,,,0.0,0,2.0,9,13,,,18,58.5,100,171,,,24,,,,5,,,,,0,1,,15,,,10,1,9,,48,9,,0,14,,,,,,,,0.0,1.0,1,,,7.95,5.74,Clasificatorias WC UEFA,UEFA,UEFA
SEL-WC_QUALS_UEFA-2022-9223949,Ronda 9,2021-11-11,Rumania,1,Islandia,0,0,,,23,7,5,11,1,,,,,,,,,,0.0,11,1.0,11,64,,,63,84.6,466,551,,,34,,,,7,,,,26.7,8,30,,12,,,10,4,6,,20,0,,1,0,,,,,,,,1.0,,6,,,,,8,1,4,3,0,,,,,,,,,,1.0,6,3.0,10,42,,,37,71.6,222,310,,,19,,,,6,,,,19.0,4,21,,10,,,18,5,13,,39,0,,1,7,,,,,,,,1.0,,7,,,7.21,7.26,Clasificatorias WC UEFA,UEFA,UEFA
SEL-WC_QUALS_UEFA-2022-9223896,Ronda 9,2021-11-12,Moldavia,1,Escocia,0,2,,,6,3,2,1,0,,,,,,,,,,2.0,2,1.0,3,55,,,45,72.6,289,398,,,29,,,,5,,,,14.3,1,7,,19,,,18,14,4,,21,2,,0,5,,,,,,,,5.0,,14,,,,,16,8,4,4,0,,,,,,,,,,2.0,8,3.0,18,63,,,55,78.5,372,474,,,34,,,,14,,,,23.5,4,17,,9,,,17,11,6,,9,0,,1,3,,,,,,,,1.0,,6,,,6.62,7.47,Clasificatorias WC UEFA,UEFA,UEFA
SEL-WC_QUALS_UEFA-2022-9223877,Ronda 9,2021-11-12,Italia,1,Suiza,1,1,,,11,4,3,4,0,,,,,,,,,,3.0,6,2.0,9,82,,,64,86.6,564,651,,,38,,,,11,,,,41.7,5,12,,11,,,14,7,7,,8,1,,0,1,,,,,,,,2.0,,8,,,,,10,2,6,2,0,,,,,,,,,,1.0,1,1.0,6,42,,,36,76.6,281,367,,,24,,,,8,,,,28.6,2,7,,14,,,10,6,4,,15,1,,0,3,,,,,,,,3.0,,13,,,6.87,6.78,Clasificatorias WC UEFA,UEFA,UEFA
SEL-WC_QUALS_UEFA-2022-9223875,Ronda 9,2021-11-12,Irlanda del Norte,1,Lituania,1,0,,,15,5,5,5,0,,,,,,,,,,1.0,7,3.0,7,65,,,65,80.1,442,552,,,29,,,,16,,,,24.0,6,25,,15,,,12,8,4,,14,0,,1,3,,,,,,,,0.0,,9,,,,,7,3,3,1,0,,,,,,,,,,0.0,4,1.0,4,44,,,35,62.1,187,301,,,16,,,,8,,,,22.2,2,9,,12,,,10,9,1,,20,1,,0,5,,,,,,,,1.0,,16,,,7.19,6.65,Clasificatorias WC UEFA,UEFA,UEFA
SEL-WC_QUALS_UEFA-2022-9223871,Ronda 9,2021-11-12,Austria,1,Israel,4,2,,,25,13,7,5,0,,,,,,,,,,5.0,4,5.0,14,67,,,63,84.2,452,537,,,21,,,,13,,,,33.3,4,12,,15,,,6,3,3,,6,2,,0,1,,,,,,,,1.0,,15,,,,,6,3,3,0,0,,,,,,,,,,0.0,2,1.0,8,28,,,37,70.6,221,313,,,14,,,,15,,,,,0,6,,17,,,10,8,2,,23,4,,0,9,,,,,,,,1.0,,13,,,6.99,6.68,Clasificatorias WC UEFA,UEFA,UEFA
SEL-WC_QUALS_UEFA-2022-9223868,Ronda 9,2021-11-12,Dinamarca,1,Islas Feroe,3,1,,,19,4,7,8,0,,,,,,,,,,3.0,2,0.0,4,69,,,68,83.1,502,604,,,22,,,,16,,,,45.5,5,11,,10,,,14,10,4,,21,1,,0,1,,,,,,,,1.0,,6,,,,,3,2,0,1,0,,,,,,,,,,1.0,0,1.0,6,49,,,32,62.9,175,278,,,25,,,,6,,,,27.3,3,11,,19,,,21,12,9,,24,3,,0,1,,,,,,,,3.0,,18,,,6.96,6.5,Clasificatorias WC UEFA,UEFA,UEFA
SEL-WC_QUALS_UEFA-2022-9223887,Ronda 9,2021-11-12,Andorra,1,Polonia,1,4,,,2,1,1,0,0,,,,,,,,,,0.0,0,0.0,5,46,,,21,46.8,73,156,,,19,,,,17,,,,33.3,1,3,,12,,,11,4,7,,17,4,,0,4,,,,,,,,3.0,1.0,17,,,,,18,8,7,3,0,,,,,,,,,,7.0,7,1.0,4,81,,,79,86.8,498,574,,,32,,,,17,,,,41.4,12,29,,7,,,9,7,2,,11,1,,0,0,,,,,,,,2.0,0.0,17,,,6.0,7.28,Clasificatorias WC UEFA,UEFA,UEFA
SEL-WC_QUALS_UEFA-2022-9223883,Ronda 9,2021-11-12,Inglaterra,1,Albania,5,0,,,15,6,6,3,0,,,,,,,,,,4.0,4,1.0,18,55,,,64,87.0,580,667,,,31,,,,11,,,,38.5,5,13,,5,,,14,8,6,,4,0,,1,4,,,,,,,,0.0,,3,,,,,5,4,0,1,0,,,,,,,,,,1.0,0,3.0,5,18,,,36,81.2,316,389,,,20,,,,3,,,,,0,1,,16,,,20,11,9,,16,5,,0,1,,,,,,,,4.0,,14,,,7.7,6.11,Clasificatorias WC UEFA,UEFA,UEFA
SEL-WC_QUALS_UEFA-2022-9223928,Ronda 9,2021-11-12,Hungría,1,San Marino,4,0,,,23,11,8,4,0,,,,,,,,,,2.0,12,5.0,7,103,,,79,88.8,684,770,,,32,,,,5,,,,16.3,8,49,,6,,,14,8,6,,3,0,,1,0,,,,,,,,0.0,,7,,,,,1,0,0,1,0,,,,,,,,,,0.0,0,0.0,2,28,,,21,53.8,114,212,,,15,,,,7,,,,,0,4,,19,,,10,5,5,,44,4,,0,7,,,,,,,,1.0,,5,,,7.55,6.45,Clasificatorias WC UEFA,UEFA,UEFA
SEL-WC_QUALS_UEFA-2022-9223895,Ronda 9,2021-11-13,Bosnia,1,Finlandia,1,3,,,28,7,15,6,0,,,,,,,,,,1.0,13,0.0,4,65,,,68,87.7,497,567,,,31,,,,11,,,,30.4,17,56,,8,,,11,6,5,,7,3,,0,2,,,,,,,,2.0,0.0,14,,,,,8,5,1,2,0,,,,,,,,,,3.0,1,1.0,7,57,,,32,74.1,215,290,,,25,,,,12,,,,30.0,3,10,,9,,,10,5,5,,43,1,,0,6,,,,,,,,0.0,1.0,11,,,6.81,7.08,Clasificatorias WC UEFA,UEFA,UEFA
SEL-WC_QUALS_UEFA-2022-9223908,Ronda 9,2021-11-13,Noruega,1,Letonia,0,0,,,25,5,13,7,1,,,,,,,,,,3.0,9,1.0,16,92,,,72,83.1,516,621,,,39,,,,7,,,,33.3,14,42,,8,,,13,6,7,,5,0,,1,2,,,,,,,,2.0,,8,,,,,6,2,2,2,0,,,,,,,,,,0.0,3,2.0,3,36,,,28,56.6,138,244,,,29,,,,7,,,,40.0,4,10,,17,,,17,10,7,,38,0,,1,5,,,,,,,,2.0,,7,,,7.38,6.99,Clasificatorias WC UEFA,UEFA,UEFA
SEL-WC_QUALS_UEFA-2022-9223941,Ronda 9,2021-11-13,Turquía,1,Gibraltar,6,0,,,36,15,11,10,1,,,,,,,,,,4.0,14,6.0,6,88,,,78,88.8,505,569,,,35,,,,6,,,,28.8,15,52,,4,,,16,10,6,,7,0,,1,0,,,,,,,,1.0,0.0,14,,,,,2,0,1,1,0,,,,,,,,,,0.0,0,0.0,6,37,,,22,52.0,90,173,,,23,,,,13,,,,20.0,1,5,,5,,,13,4,9,,44,6,,0,8,,,,,,,,2.0,1.0,6,,,7.65,6.05,Clasificatorias WC UEFA,UEFA,UEFA
SEL-WC_QUALS_UEFA-2022-9223937,Ronda 9,2021-11-13,Francia,1,Kazajistán,8,0,,,20,14,3,3,1,,,,,,,,,,8.0,6,2.0,14,74,,,66,91.4,660,722,,,34,,,,9,,,,35.0,7,20,,5,,,6,5,1,,4,0,,1,3,,,,,,,,1.0,,13,,,,,5,3,1,1,0,,,,,,,,,,0.0,1,0.0,1,42,,,34,80.3,305,380,,,22,,,,13,,,,33.3,2,6,,3,,,18,12,6,,17,8,,0,6,,,,,,,,2.0,,9,,,8.01,5.75,Clasificatorias WC UEFA,UEFA,UEFA
SEL-WC_QUALS_UEFA-2022-9223878,Ronda 9,2021-11-13,Bélgica,1,Estonia,3,1,,,20,10,6,4,2,,,,,,,,,,3.0,9,4.0,19,80,,,81,91.2,808,886,,,31,,,,13,,,,23.1,3,13,,7,,,12,8,4,,13,1,,0,4,,,,,,,,0.0,,6,,,,,11,5,4,2,0,,,,,,,,,,1.0,3,0.0,4,40,,,19,60.1,122,203,,,15,,,,6,,,,28.6,2,7,,6,,,17,8,9,,28,3,,0,7,,,,,,,,1.0,,15,,,7.43,6.5,Clasificatorias WC UEFA,UEFA,UEFA
SEL-WC_QUALS_UEFA-2022-9223880,Ronda 9,2021-11-13,Gales,1,Bielorrusia,5,1,,,18,7,6,5,0,,,,,,,,,,3.0,5,2.0,12,57,,,67,80.5,471,585,,,30,,,,17,,,,29.4,5,17,,17,,,9,4,5,,5,1,,0,1,,,,,,,,1.0,,9,,,,,6,2,4,0,0,,,,,,,,,,0.0,3,2.0,2,36,,,33,65.5,188,287,,,12,,,,8,,,,50.0,4,8,,28,,,15,7,8,,21,5,,0,2,,,,,,,,3.0,,19,,,7.28,6.3,Clasificatorias WC UEFA,UEFA,UEFA
SEL-WC_QUALS_UEFA-2022-9223907,Ronda 9,2021-11-13,Montenegro,1,Países Bajos,2,2,,,11,3,3,5,0,,,,,,,,,,1.0,5,0.0,6,29,,,26,68.9,155,225,,,19,,,,11,,,,35.7,5,14,,13,,,10,4,6,,12,2,,0,1,,,,,,,,2.0,,16,,,,,9,3,4,2,0,,,,,,,,,,2.0,1,2.0,9,98,,,74,89.0,607,682,,,28,,,,15,,,,20.0,3,15,,7,,,9,3,6,,9,2,,0,1,,,,,,,,1.0,,11,,,6.52,6.97,Clasificatorias WC UEFA,UEFA,UEFA
SEL-WC_QUALS_UEFA-2022-9223881,Ronda 10,2021-11-14,Croacia,1,Rusia,1,0,,,19,5,9,5,0,,,,,,,,,,3.0,7,1.0,13,96,,,68,80.0,497,621,,,40,,,,9,,,,23.4,11,47,,7,,,6,1,5,,9,0,,1,0,,,,,,,,2.0,,13,,,,,2,0,2,0,0,,,,,,,,,,0.0,2,1.0,2,49,,,32,55.6,169,304,,,25,,,,13,,,,,0,6,,11,,,9,8,1,,36,1,,0,5,,,,,,,,2.0,,9,,,7.25,6.64,Clasificatorias WC UEFA,UEFA,UEFA
SEL-WC_QUALS_UEFA-2022-9223933,Ronda 10,2021-11-14,Malta,1,Eslovaquia,0,6,,,1,0,1,0,0,,,,,,,,,,0.0,0,0.0,8,33,,,30,74.0,196,265,,,12,,,,5,,,,33.3,1,3,,13,,,13,5,8,,23,6,,0,10,,,,,,,,6.0,2.0,11,,,,,26,16,5,5,0,,,,,,,,,,5.0,10,3.0,8,72,,,70,90.1,557,618,,,27,,,,11,,,,31.8,7,22,,10,,,17,11,6,,2,0,,1,0,,,,,,,,0.0,0.0,6,,,6.13,7.8,Clasificatorias WC UEFA,UEFA,UEFA
SEL-WC_QUALS_UEFA-2022-9223879,Ronda 10,2021-11-14,Eslovenia,1,Chipre,2,1,,,16,4,7,5,1,,,,,,,,,,4.0,8,1.0,13,77,,,68,88.3,589,667,,,29,,,,10,,,,29.2,7,24,,10,,,16,11,5,,11,1,,0,1,,,,,,,,2.0,,12,,,,,4,2,1,1,0,,,,,,,,,,0.0,2,4.0,7,38,,,32,75.4,233,309,,,22,,,,11,,,,7.7,1,13,,12,,,23,13,10,,28,2,,0,2,,,,,,,,3.0,,10,,,7.0,6.65,Clasificatorias WC UEFA,UEFA,UEFA
SEL-WC_QUALS_UEFA-2022-9223963,Ronda 10,2021-11-14,Armenia,1,Alemania,1,4,,,4,1,2,1,0,,,,,,,,,,1.0,1,0.0,6,33,,,26,67.7,193,285,,,17,,,,7,,,,,0,6,,10,,,14,7,7,,19,4,,0,5,,,,,,,,1.0,,9,,,,,20,9,7,4,1,,,,,,,,,,5.0,8,1.0,12,99,,,74,89.3,739,828,,,20,,,,9,,,,28.6,6,21,,8,,,12,8,4,,7,1,,0,0,,,,,,,,2.0,,7,,,6.15,7.49,Clasificatorias WC UEFA,UEFA,UEFA
SEL-WC_QUALS_UEFA-2022-9223961,Ronda 10,2021-11-14,Liechtenstein,1,Rumania,0,2,,,3,1,2,0,0,,,,,,,,,,0.0,2,1.0,4,41,,,28,61.9,159,257,,,22,,,,10,,,,,0,7,,13,,,21,16,5,,39,2,,0,15,,,,,,,,3.0,,12,,,,,38,17,16,5,1,,,,,,,,,,6.0,15,0.0,10,111,,,72,88.9,583,656,,,52,,,,10,,,,28.6,14,49,,7,,,17,6,11,,7,0,,1,1,,,,,,,,0.0,,10,,,6.86,7.63,Clasificatorias WC UEFA,UEFA,UEFA
SEL-WC_QUALS_UEFA-2022-9223944,Ronda 10,2021-11-14,Macedonia del Norte,1,Islandia,3,1,,,19,7,7,5,0,,,,,,,,,,2.0,7,2.0,8,64,,,57,84.0,393,468,,,43,,,,18,,,,17.6,3,17,,4,,,7,4,3,,11,1,,0,0,,,,,,,,5.0,0.0,9,,,,,5,1,1,3,0,,,,,,,,,,1.0,3,1.0,8,41,,,43,75.6,272,360,,,24,,,,9,,,,11.1,1,9,,7,,,10,7,3,,24,3,,0,4,,,,,,,,5.0,1.0,18,,,7.15,6.62,Clasificatorias WC UEFA,UEFA,UEFA
SEL-WC_QUALS_UEFA-2022-9223872,Ronda 10,2021-11-14,Luxemburgo,1,Irlanda,0,3,,,8,2,2,4,0,,,,,,,,,,0.0,2,0.0,12,28,,,44,78.0,290,372,,,20,,,,13,,,,8.3,1,12,,10,,,8,3,5,,23,3,,0,4,,,,,,,,4.0,,14,,,,,17,7,6,4,0,,,,,,,,,,3.0,8,2.0,8,51,,,56,83.2,381,458,,,28,,,,14,,,,29.2,7,24,,8,,,7,2,5,,10,0,,1,2,,,,,,,,4.0,,14,,,6.53,7.34,Clasificatorias WC UEFA,UEFA,UEFA
SEL-WC_QUALS_UEFA-2022-9223870,Ronda 10,2021-11-14,Portugal,1,Serbia,1,2,,,9,3,4,2,0,,,,,,,,,,,3,1.0,13,29,,,43,78.2,269,344,,,17,,,,13,,,,15.4,2,13,,21,,,14,8,6,,25,2,,0,1,,,,,,,,3.0,,8,,,,,11,3,7,1,1,,,,,,,,,,,10,3.0,8,52,,,57,81.6,359,440,,,17,,,,8,,,,19.4,7,36,,11,,,15,10,5,,15,1,,0,2,,,,,,,,4.0,,13,,,6.65,6.95,Clasificatorias WC UEFA,UEFA,UEFA
SEL-WC_QUALS_UEFA-2022-9223886,Ronda 10,2021-11-14,Grecia,1,Kosovo,1,1,,,20,6,11,3,1,,,,,,,,,,1.0,5,0.0,7,79,,,70,90.3,639,708,,,40,,,,16,,,,28.1,9,32,,7,,,9,5,4,,11,1,,0,2,,,,,,,,0.0,,15,,,,,8,3,5,0,0,,,,,,,,,,2.0,2,1.0,9,32,,,30,77.2,233,302,,,18,,,,13,,,,20.0,2,10,,11,,,12,9,3,,28,1,,0,5,,,,,,,,2.0,,16,,,7.11,6.89,Clasificatorias WC UEFA,UEFA,UEFA
SEL-WC_QUALS_UEFA-2022-9223882,Ronda 10,2021-11-14,España,1,Suecia,1,0,,,12,4,5,3,1,,,,,,,,,,1.0,5,3.0,8,62,,,72,89.4,669,748,,,23,,,,15,,,,5.0,1,20,,7,,,2,2,0,,20,0,,1,0,,,,,,,,1.0,,13,,,,,8,0,6,2,0,,,,,,,,,,1.0,4,1.0,8,44,,,28,69.8,196,281,,,21,,,,11,,,,22.2,2,9,,13,,,10,4,6,,28,1,,0,3,,,,,,,,2.0,,15,,,7.02,6.78,Clasificatorias WC UEFA,UEFA,UEFA
SEL-WC_QUALS_UEFA-2022-9223955,Ronda 10,2021-11-15,Irlanda del Norte,1,Italia,0,0,,,4,2,2,0,0,,,,,,,,,,2.0,3,1.0,1,38,,,29,67.4,182,270,,,27,,,,10,,,,10.0,1,10,,6,,,10,6,4,,32,0,,1,6,,,,,,,,2.0,,11,,,,,12,6,4,2,0,,,,,,,,,,1.0,12,3.0,11,85,,,71,87.7,607,692,,,58,,,,9,,,,27.3,6,22,,8,,,12,6,6,,13,0,,1,1,,,,,,,,2.0,,11,,,6.86,7.3,Clasificatorias WC UEFA,UEFA,UEFA
SEL-WC_QUALS_UEFA-2022-9223962,Ronda 10,2021-11-15,Suiza,1,Bulgaria,4,0,,,18,9,7,2,2,,,,,,,,,,3.0,18,3.0,9,71,,,69,83.7,466,557,,,34,,,,5,,,,13.2,5,38,,12,,,8,3,5,,4,0,,1,0,,,,,,,,2.0,,15,,,,,1,0,1,0,0,,,,,,,,,,0.0,1,0.0,4,39,,,31,59.7,157,263,,,28,,,,15,,,,,0,5,,15,,,15,7,8,,35,4,,0,5,,,,,,,,2.0,,5,,,7.44,6.47,Clasificatorias WC UEFA,UEFA,UEFA
SEL-WC_QUALS_UEFA-2022-9223958,Ronda 10,2021-11-15,Austria,1,Moldavia,4,1,,,17,7,3,7,0,,,,,,,,,,1.0,8,4.0,21,58,,,64,88.2,532,603,,,27,,,,18,,,,19.0,4,21,,7,,,12,10,2,,7,1,,0,0,,,,,,,,0.0,,12,,,,,6,1,2,3,0,,,,,,,,,,1.0,1,1.0,10,43,,,36,79.8,264,331,,,15,,,,12,,,,,0,11,,15,,,12,8,4,,20,4,,0,3,,,,,,,,1.0,,19,,,7.32,6.31,Clasificatorias WC UEFA,UEFA,UEFA
SEL-WC_QUALS_UEFA-2022-9223948,Ronda 10,2021-11-15,Israel,1,Islas Feroe,3,2,,,14,6,6,2,0,,,,,,,,,,6.0,10,4.0,5,64,,,62,83.6,448,536,,,26,,,,8,,,,28.6,4,14,,15,,,20,11,9,,11,2,,0,1,,,,,,,,1.0,,9,,,,,7,3,3,1,0,,,,,,,,,,2.0,2,2.0,7,42,,,38,75.7,243,321,,,20,,,,9,,,,22.2,2,9,,12,,,15,10,5,,19,3,,0,3,,,,,,,,0.0,,9,,,7.02,6.54,Clasificatorias WC UEFA,UEFA,UEFA
SEL-WC_QUALS_UEFA-2022-9223956,Ronda 10,2021-11-15,Escocia,1,Dinamarca,2,0,,,9,5,2,2,1,,,,,,,,,,3.0,10,1.0,6,58,,,41,76.1,296,389,,,33,,,,8,,,,20.0,5,25,,13,,,9,3,6,,28,0,,1,2,,,,,,,,0.0,,6,,,,,10,2,2,6,0,,,,,,,,,,0.0,6,1.0,5,39,,,59,83.7,481,575,,,22,,,,4,,,,11.1,3,27,,11,,,10,4,6,,29,2,,0,2,,,,,,,,1.0,,8,,,7.17,6.77,Clasificatorias WC UEFA,UEFA,UEFA
SEL-WC_QUALS_UEFA-2022-9223950,Ronda 10,2021-11-15,Albania,1,Andorra,1,0,,,19,6,7,6,1,,,,,,,,,,5.0,4,3.0,16,68,,,75,82.8,466,563,,,30,,,,17,,,,40.6,13,32,,3,,,13,10,3,,9,0,,1,3,,,,,,,,1.0,,8,,,,,9,3,5,1,0,,,,,,,,,,0.0,4,4.0,6,38,,,25,52.4,98,187,,,17,,,,7,,,,9.1,1,11,,9,,,10,6,4,,40,1,,0,4,,,,,,,,3.0,,18,,,7.37,6.57,Clasificatorias WC UEFA,UEFA,UEFA
SEL-WC_QUALS_UEFA-2022-9223965,Ronda 10,2021-11-15,Polonia,1,Hungría,1,2,,,15,6,2,7,0,,,,,,,,,,1.0,9,,15,69,,,63,85.3,471,552,,,26,,,,16,,,,14.3,4,28,,12,,,22,16,6,,12,2,,0,2,,,,,,,,4.0,,17,,,,,8,4,2,2,0,,,,,,,,,,2.0,2,,5,23,,,37,74.1,240,324,,,15,,,,17,,,,,0,11,,7,,,23,13,10,,32,1,,0,5,,,,,,,,4.0,,16,,,6.83,6.82,Clasificatorias WC UEFA,UEFA,UEFA
SEL-WC_QUALS_UEFA-2022-9223947,Ronda 10,2021-11-15,San Marino,1,Inglaterra,0,10,,,2,1,1,0,0,,,,,,,,,,0.0,1,,1,20,,,15,59.2,93,157,,,10,,,,7,,,,,0,3,,12,,,18,10,8,,20,10,,0,4,,,,,,,,5.0,1.0,11,,,,,22,13,5,4,1,,,,,,,,,,11.0,4,,20,111,,,85,93.6,824,880,,,41,,,,9,,,,38.1,8,21,,6,,,8,6,2,,9,0,,1,1,,,,,,,,1.0,0.0,8,,,5.41,8.04,Clasificatorias WC UEFA,UEFA,UEFA
SEL-WC_QUALS_UEFA-2022-9223957,Ronda 10,2021-11-16,Bosnia,1,Ucrania,0,2,,,7,3,2,2,1,,,,,,,,,,1.0,4,2.0,8,50,,,43,78.0,323,414,,,26,,,,6,,,,38.5,5,13,,20,,,21,10,11,,15,2,,0,2,,,,,,,,2.0,,12,,,,,15,5,8,2,0,,,,,,,,,,5.0,3,1.0,8,60,,,57,82.6,461,558,,,27,,,,12,,,,9.1,1,11,,15,,,16,8,8,,14,0,,1,3,,,,,,,,1.0,,6,,,6.72,7.13,Clasificatorias WC UEFA,UEFA,UEFA
SEL-WC_QUALS_UEFA-2022-9223952,Ronda 10,2021-11-16,Finlandia,1,Francia,0,2,,,8,1,5,2,0,,,,,,,,,,,6,1.0,7,70,,,47,83.0,401,483,,,15,,,,4,,,,15.4,2,13,,12,,,10,5,5,,10,2,,0,3,,,,,,,,1.0,,3,,,,,8,5,3,0,0,,,,,,,,,,,1,2.0,7,53,,,53,84.7,466,550,,,33,,,,3,,,,,0,8,,12,,,11,7,4,,24,0,,1,1,,,,,,,,0.0,,4,,,6.6,7.15,Clasificatorias WC UEFA,UEFA,UEFA
SEL-WC_QUALS_UEFA-2022-9223964,Ronda 10,2021-11-16,República Checa,1,Estonia,2,0,,,22,7,10,5,0,,,,,,,,,,2.0,6,,6,74,,,62,77.8,390,501,,,29,,,,11,,,,24.0,6,25,,11,,,8,5,3,,10,0,,1,2,,,,,,,,2.0,,11,,,,,12,2,4,6,0,,,,,,,,,,0.0,3,,1,41,,,38,66.6,207,311,,,32,,,,11,,,,9.1,1,11,,8,,,14,4,10,,38,2,,0,5,,,,,,,,3.0,,11,,,7.25,6.75,Clasificatorias WC UEFA,UEFA,UEFA
SEL-WC_QUALS_UEFA-2022-9223959,Ronda 10,2021-11-16,Gales,1,Bélgica,1,1,,,8,3,2,3,0,,,,,,,,,,0.0,3,1.0,7,47,,,24,69.1,183,265,,,21,,,,9,,,,7.1,1,14,,12,,,14,7,7,,13,1,,0,3,,,,,,,,2.0,,7,,,,,16,4,7,5,1,,,,,,,,,,1.0,6,1.0,10,55,,,76,90.6,778,859,,,22,,,,7,,,,23.1,3,13,,6,,,6,2,4,,14,1,,0,2,,,,,,,,3.0,,9,,,6.86,6.95,Clasificatorias WC UEFA,UEFA,UEFA
SEL-WC_QUALS_UEFA-2022-9223946,Ronda 10,2021-11-16,Gibraltar,1,Letonia,1,3,,,8,3,3,2,0,,,,,,,,,,1.0,1,0.0,12,49,,,43,76.1,261,343,,,31,,,,15,,,,16.7,2,12,,5,,,9,6,3,,22,3,,0,2,,,,,,,,4.0,,10,,,,,9,5,3,1,0,,,,,,,,,,3.0,5,2.0,7,70,,,57,80.7,352,436,,,28,,,,10,,,,37.1,13,35,,6,,,14,6,8,,14,1,,0,2,,,,,,,,3.0,,15,,,6.55,7.02,Clasificatorias WC UEFA,UEFA,UEFA
SEL-WC_QUALS_UEFA-2022-9223954,Ronda 10,2021-11-16,Montenegro,1,Turquía,1,2,,,12,3,7,2,0,,,,,,,,,,1.0,3,1.0,12,43,,,28,69.7,182,261,,,20,,,,7,,,,14.3,2,14,,10,,,10,3,7,,26,2,,0,6,,,,,,,,2.0,,5,,,,,16,8,4,4,0,,,,,,,,,,3.0,7,1.0,3,103,,,72,86.3,609,706,,,36,,,,5,,,,33.3,8,24,,4,,,13,7,6,,13,1,,0,1,,,,,,,,0.0,,8,,,6.87,7.12,Clasificatorias WC UEFA,UEFA,UEFA
SEL-WC_QUALS_UEFA-2022-9223960,Ronda 10,2021-11-16,Países Bajos,1,Noruega,2,0,,,10,5,4,1,0,,,,,,,,,,3.0,1,1.0,11,63,,,65,83.7,482,576,,,46,,,,15,,,,35.7,5,14,,9,,,13,7,6,,14,0,,1,0,,,,,,,,2.0,,5,,,,,2,0,2,0,0,,,,,,,,,,0.0,2,2.0,3,41,,,35,72.6,223,307,,,25,,,,5,,,,14.3,1,7,,12,,,13,8,5,,16,2,,0,3,,,,,,,,2.0,,17,,,7.37,6.43,Clasificatorias WC UEFA,UEFA,UEFA
SEL-WC_QUALS_UEFA-2022-9223741,Semifinals,2021-03-27,Montenegro,1,Gibraltar,4,1,,,31,13,9,9,2,,,,,,,,,,4.0,12,2.0,17,84,,,77,88.3,624,707,,,34,,,,14,,,,35.1,13,37,,6,,,13,6,7,,4,1,,0,0,,,,,,,,1.0,,12,,,,,2,1,0,1,0,,,,,,,,,,1.0,0,1.0,3,32,,,23,56.6,124,219,,,17,,,,10,,,,,0,2,,12,,,17,9,8,,40,4,,0,9,,,,,,,,3.0,,14,,,7.42,6.35,Clasificatorias WC UEFA,UEFA,UEFA
SEL-WC_QUALS_UEFA-2022-9223759,Semifinals,2021-03-27,Rusia,1,Eslovenia,2,1,,,9,4,4,1,1,,,,,,,,,,3.0,6,2.0,7,55,,,44,79.3,333,420,,,41,,,,10,,,,22.7,5,22,,13,,,12,6,6,,17,1,,0,2,,,,,,,,3.0,,16,,,,,11,3,4,4,0,,,,,,,,,,0.0,6,0.0,9,65,,,56,83.2,452,543,,,33,,,,13,,,,20.0,4,20,,11,,,9,6,3,,21,2,,0,2,,,,,,,,2.0,,11,,,7.06,6.8,Clasificatorias WC UEFA,UEFA,UEFA
SEL-WC_QUALS_UEFA-2022-9223739,Semifinals,2021-03-27,Bielorrusia,1,Estonia,4,2,,,11,5,2,4,0,,,,,,,,,,3.0,5,4.0,13,66,,,64,68.7,287,418,,,41,,,,25,,,,25.0,6,24,,0,,,11,6,5,,12,2,,0,2,,,,,,,,3.0,0.0,16,,,,,10,4,4,2,0,,,,,,,,,,1.0,2,2.0,1,53,,,36,53.9,131,243,,,26,,,,16,,,,12.5,1,8,,12,,,20,7,13,,33,4,,0,1,,,,,,,,6.0,1.0,27,,,6.87,6.53,Clasificatorias WC UEFA,UEFA,UEFA
SEL-WC_QUALS_UEFA-2022-9223751,Semifinals,2021-03-27,Países Bajos,1,Letonia,2,0,,,36,11,13,12,2,,,,,,,,,,8.0,16,2.0,16,90,,,77,89.1,668,750,,,30,,,,10,,,,43.8,14,32,,10,,,12,4,8,,3,0,,1,0,,,,,,,,2.0,,5,,,,,4,0,3,1,1,,,,,,,,,,0.0,0,1.0,3,27,,,23,63.8,148,232,,,27,,,,4,,,,50.0,2,4,,15,,,16,9,7,,39,2,,0,8,,,,,,,,2.0,,11,,,7.73,6.79,Clasificatorias WC UEFA,UEFA,UEFA
SEL-WC_QUALS_UEFA-2022-9223738,Semifinals,2021-03-27,Noruega,1,Turquía,0,3,,,13,1,8,4,1,,,,,,,,,,1.0,7,2.0,6,78,,,58,87.2,537,616,,,18,,,,9,,,,16.0,4,25,,19,,,11,6,5,,3,3,,0,0,,,,,,,,2.0,1.0,14,,,,,10,3,3,4,0,,,,,,,,,,2.0,3,2.0,4,44,,,42,82.6,384,465,,,31,,,,10,,,,50.0,4,8,,12,,,9,5,4,,20,0,,1,1,,,,,,,,1.0,0.0,13,,,6.75,7.24,Clasificatorias WC UEFA,UEFA,UEFA
SEL-WC_QUALS_UEFA-2022-9223764,Semifinals,2021-03-27,Croacia,1,Chipre,1,0,,,17,3,11,3,0,,,,,,,,,,2.0,7,3.0,9,91,,,69,85.1,576,677,,,40,,,,5,,,,22.5,9,40,,11,,,17,10,7,,5,0,,1,2,,,,,,,,3.0,,12,,,,,3,2,1,0,0,,,,,,,,,,0.0,0,3.0,10,29,,,31,68.9,222,322,,,19,,,,12,,,,100.0,3,3,,23,,,16,8,8,,21,1,,0,2,,,,,,,,0.0,,7,,,7.12,6.8,Clasificatorias WC UEFA,UEFA,UEFA
SEL-WC_QUALS_UEFA-2022-9223771,Semifinals,2021-03-27,Irlanda,1,Luxemburgo,0,1,,,11,3,6,2,0,,,,,,,,,,2.0,3,2.0,7,60,,,63,83.7,468,559,,,18,,,,16,,,,38.1,8,21,,7,,,7,3,4,,10,1,,0,3,,,,,,,,2.0,,16,,,,,9,4,3,2,0,,,,,,,,,,0.0,4,2.0,5,35,,,37,74.8,249,333,,,27,,,,15,,,,20.0,2,10,,6,,,14,9,5,,20,0,,1,3,,,,,,,,3.0,,16,,,6.75,7.03,Clasificatorias WC UEFA,UEFA,UEFA
SEL-WC_QUALS_UEFA-2022-9223765,Semifinals,2021-03-27,Serbia,1,Portugal,2,2,,,16,5,7,4,0,,,,,,,,,,2.0,5,2.0,5,43,,,44,75.4,294,390,,,38,,,,11,,,,57.1,12,21,,9,,,11,8,3,,16,2,,0,1,,,,,,,,2.0,1.0,16,,,,,12,5,4,3,0,,,,,,,,,,4.0,4,5.0,6,51,,,56,81.9,416,508,,,35,,,,16,,,,8.3,1,12,,15,,,6,4,2,,16,2,,0,3,,,,,,,,3.0,0.0,12,,,7.05,6.86,Clasificatorias WC UEFA,UEFA,UEFA
SEL-WC_QUALS_UEFA-2022-9223742,Semifinals,2021-03-27,República Checa,1,Bélgica,1,1,,,14,6,6,2,2,,,,,,,,,,1.0,7,8.0,5,49,,,38,72.7,242,333,,,28,,,,12,,,,16.0,4,25,,20,,,13,8,5,,15,1,,0,3,,,,,,,,1.0,,11,,,,,9,4,4,1,1,,,,,,,,,,2.0,3,4.0,10,56,,,62,79.7,455,571,,,29,,,,11,,,,11.1,2,18,,8,,,12,8,4,,23,1,,0,4,,,,,,,,2.0,,12,,,6.95,7.0,Clasificatorias WC UEFA,UEFA,UEFA
SEL-WC_QUALS_UEFA-2022-9223767,Semifinals,2021-03-27,Eslovaquia,1,Malta,2,2,,,14,5,6,3,0,,,,,,,,,,5.0,8,7.0,16,63,,,66,86.8,480,553,,,22,,,,17,,,,30.0,6,20,,12,,,19,12,7,,5,2,,0,2,,,,,,,,2.0,,13,,,,,9,4,4,1,0,,,,,,,,,,2.0,1,0.0,10,25,,,34,73.9,204,276,,,21,,,,13,,,,23.1,3,13,,15,,,18,11,7,,22,2,,0,1,,,,,,,,2.0,,17,,,6.95,6.71,Clasificatorias WC UEFA,UEFA,UEFA
SEL-WC_QUALS_UEFA-2022-9223715,Semifinals,2021-03-28,Kazajistán,1,Francia,0,2,,,4,1,2,1,0,,,,,,,,,,0.0,0,4.0,4,26,,,37,80.4,340,423,,,16,,,,16,,,,,0,5,,19,,,20,13,7,,11,2,,0,7,,,,,,,,0.0,,13,,,,,15,9,3,3,0,,,,,,,,,,3.0,9,4.0,12,63,,,63,88.6,636,718,,,29,,,,13,,,,27.3,3,11,,6,,,6,1,5,,4,0,,1,1,,,,,,,,1.0,,17,,,6.74,7.1,Clasificatorias WC UEFA,UEFA,UEFA
SEL-WC_QUALS_UEFA-2022-9223769,Semifinals,2021-03-28,Georgia,1,España,1,2,,,5,2,1,2,0,,,,,,,,,,0.0,3,2.0,12,20,,,21,67.5,154,228,,,22,,,,7,,,,20.0,2,10,,14,,,26,14,12,,29,2,,0,1,,,,,,,,1.0,1.0,12,,,,,9,3,5,1,0,,,,,,,,,,1.0,6,2.0,14,79,,,79,89.8,780,869,,,35,,,,10,,,,23.8,5,21,,11,,,14,9,5,,8,1,,0,1,,,,,,,,2.0,0.0,8,,,6.68,7.02,Clasificatorias WC UEFA,UEFA,UEFA
SEL-WC_QUALS_UEFA-2022-9223718,Semifinals,2021-03-28,Dinamarca,1,Moldavia,8,0,,,18,11,3,4,0,,,,,,,,,,6.0,3,2.0,9,68,,,75,89.3,683,765,,,25,,,,6,,,,27.8,5,18,,15,,,12,4,8,,7,0,,1,2,,,,,,,,0.0,,14,,,,,4,2,1,1,0,,,,,,,,,,0.0,2,3.0,2,24,,,25,61.5,158,257,,,20,,,,13,,,,28.6,2,7,,11,,,18,8,10,,10,8,,0,3,,,,,,,,1.0,,7,,,7.86,5.7,Clasificatorias WC UEFA,UEFA,UEFA
SEL-WC_QUALS_UEFA-2022-9223730,Semifinals,2021-03-28,Albania,1,Inglaterra,0,2,,,2,0,1,1,0,,,,,,,,,,1.0,1,3.0,3,30,,,29,74.1,232,313,,,20,,,,10,,,,28.6,2,7,,11,,,13,4,9,,17,2,,0,2,,,,,,,,3.0,,13,,,,,9,4,4,1,2,,,,,,,,,,4.0,5,0.0,10,82,,,71,90.0,703,781,,,49,,,,13,,,,23.5,4,17,,13,,,16,4,12,,10,0,,1,0,,,,,,,,2.0,,12,,,6.35,7.45,Clasificatorias WC UEFA,UEFA,UEFA
SEL-WC_QUALS_UEFA-2022-9223710,Semifinals,2021-03-28,Armenia,1,Islandia,2,0,,,12,6,3,3,0,,,,,,,,,,0.0,1,2.0,8,53,,,41,73.2,219,299,,,18,,,,6,,,,22.2,2,9,,5,,,15,11,4,,27,0,,1,2,,,,,,,,2.0,,15,,,,,14,2,6,6,0,,,,,,,,,,1.0,10,2.0,10,56,,,59,82.0,342,417,,,46,,,,14,,,,41.7,15,36,,8,,,15,7,8,,14,2,,0,4,,,,,,,,3.0,,8,,,6.94,6.88,Clasificatorias WC UEFA,UEFA,UEFA
SEL-WC_QUALS_UEFA-2022-9223763,Semifinals,2021-03-28,Kosovo,1,Suecia,0,3,,,7,0,6,1,0,,,,,,,,,,1.0,2,5.0,9,51,,,50,79.5,334,420,,,28,,,,12,,,,26.3,5,19,,12,,,12,5,7,,14,3,,0,5,,,,,,,,6.0,1.0,9,,,,,20,8,5,7,0,,,,,,,,,,6.0,4,2.0,7,65,,,50,79.2,339,428,,,29,,,,8,,,,26.3,5,19,,5,,,6,4,2,,22,0,,1,0,,,,,,,,1.0,0.0,12,,,6.5,7.09,Clasificatorias WC UEFA,UEFA,UEFA
SEL-WC_QUALS_UEFA-2022-9223747,Semifinals,2021-03-28,Bulgaria,1,Italia,0,2,,,3,1,0,2,0,,,,,,,,,,0.0,0,2.0,6,45,,,33,73.7,210,285,,,34,,,,18,,,,8.3,1,12,,9,,,15,12,3,,15,2,,0,4,,,,,,,,3.0,,14,,,,,22,6,4,12,1,,,,,,,,,,4.0,12,1.0,5,47,,,67,87.5,520,594,,,34,,,,13,,,,27.3,6,22,,10,,,9,4,5,,11,0,,1,1,,,,,,,,2.0,,18,,,6.81,7.09,Clasificatorias WC UEFA,UEFA,UEFA
SEL-WC_QUALS_UEFA-2022-9223749,Semifinals,2021-03-28,Suiza,1,Lituania,1,0,,,21,9,8,4,2,,,,,,,,,,4.0,14,5.0,11,74,,,69,89.2,545,611,,,26,,,,8,,,,25.7,9,35,,13,,,11,9,2,,7,0,,1,1,,,,,,,,0.0,,8,,,,,4,1,0,3,0,,,,,,,,,,0.0,3,4.0,7,42,,,31,69.5,198,285,,,22,,,,8,,,,20.0,1,5,,9,,,9,6,3,,26,1,,0,8,,,,,,,,1.0,,8,,,7.33,6.68,Clasificatorias WC UEFA,UEFA,UEFA
SEL-WC_QUALS_UEFA-2022-9223721,Semifinals,2021-03-28,Ucrania,1,Finlandia,1,1,,,17,4,7,6,0,,,,,,,,,,1.0,3,1.0,7,73,,,61,90.5,571,631,,,20,,,,9,,,,25.0,4,16,,8,,,10,7,3,,8,1,,0,0,,,,,,,,3.0,1.0,10,,,,,7,1,4,2,1,,,,,,,,,,1.0,3,2.0,2,34,,,39,83.7,339,405,,,12,,,,9,,,,16.7,1,6,,14,,,10,8,2,,11,1,,0,3,,,,,,,,2.0,0.0,10,,,6.95,6.84,Clasificatorias WC UEFA,UEFA,UEFA
SEL-WC_QUALS_UEFA-2022-9223732,Semifinals,2021-03-28,Austria,1,Islas Feroe,3,1,,,27,8,12,7,1,,,,,,,,,,7.0,9,2.0,14,60,,,71,86.6,541,625,,,29,,,,7,,,,27.6,8,29,,7,,,11,10,1,,11,1,,0,3,,,,,,,,1.0,,10,,,,,9,4,3,2,0,,,,,,,,,,1.0,4,0.0,4,32,,,29,66.0,169,256,,,19,,,,8,,,,50.0,7,14,,11,,,10,3,7,,48,3,,0,5,,,,,,,,1.0,,7,,,7.4,6.55,Clasificatorias WC UEFA,UEFA,UEFA
SEL-WC_QUALS_UEFA-2022-9223728,Semifinals,2021-03-28,Israel,1,Escocia,1,1,,,14,3,6,5,0,,,,,,,,,,,0,1.0,6,62,,,55,86.1,510,592,,,25,,,,14,,,,20.0,2,10,,10,,,9,7,2,,14,1,,0,2,,,,,,,,1.0,,17,,,,,13,3,5,5,0,,,,,,,,,,,4,4.0,7,51,,,45,83.2,395,475,,,29,,,,16,,,,15.0,3,20,,12,,,20,10,10,,8,1,,0,2,,,,,,,,1.0,,15,,,6.85,7.01,Clasificatorias WC UEFA,UEFA,UEFA
SEL-WC_QUALS_UEFA-2022-9223719,Semifinals,2021-03-28,Polonia,1,Andorra,3,0,,,26,6,9,11,0,,,,,,,,,,6.0,13,0.0,15,62,,,85,88.8,608,685,,,33,,,,22,,,,29.1,16,55,,5,,,7,4,3,,3,0,,1,0,,,,,,,,0.0,,8,,,,,1,0,1,0,0,,,,,,,,,,0.0,0,1.0,5,29,,,15,39.1,50,128,,,11,,,,8,,,,,0,1,,24,,,7,3,4,,40,3,,0,2,,,,,,,,2.0,,22,,,7.42,6.43,Clasificatorias WC UEFA,UEFA,UEFA
SEL-WC_QUALS_UEFA-2022-9223712,Semifinals,2021-03-28,San Marino,1,Hungría,0,3,,,1,0,1,0,0,,,,,,,,,,0.0,1,1.0,1,25,,,20,56.4,101,179,,,21,,,,13,,,,50.0,1,2,,21,,,5,5,0,,43,3,,0,7,,,,,,,,4.0,,17,,,,,23,10,10,3,0,,,,,,,,,,5.0,16,3.0,5,85,,,80,89.8,633,705,,,20,,,,16,,,,23.3,10,43,,8,,,9,7,2,,3,0,,1,0,,,,,,,,2.0,,14,,,6.5,7.22,Clasificatorias WC UEFA,UEFA,UEFA
SEL-WC_QUALS_UEFA-2022-9223750,Semifinals,2021-03-28,Macedonia del Norte,1,Liechtenstein,5,0,,,21,11,8,2,1,,,,,,,,,,3.0,3,7.0,13,103,,,75,90.6,690,762,,,28,,,,19,,,,25.0,5,20,,7,,,15,5,10,,3,0,,1,1,,,,,,,,1.0,,6,,,,,2,1,0,1,0,,,,,,,,,,0.0,2,2.0,5,19,,,25,72.2,179,248,,,18,,,,6,,,,20.0,1,5,,14,,,9,3,6,,31,5,,0,6,,,,,,,,5.0,,21,,,7.48,6.05,Clasificatorias WC UEFA,UEFA,UEFA
SEL-WC_QUALS_UEFA-2022-9223755,Semifinals,2021-03-28,Rumania,1,Alemania,0,1,,,9,2,5,2,0,,,,,,,,,,2.0,3,2.0,10,31,,,34,75.6,269,356,,,17,,,,11,,,,16.7,1,6,,12,,,11,3,8,,25,1,,0,8,,,,,,,,1.0,,10,,,,,18,9,6,3,1,,,,,,,,,,5.0,6,5.0,13,67,,,66,89.8,625,696,,,29,,,,10,,,,19.0,4,21,,18,,,14,9,5,,9,0,,1,2,,,,,,,,1.0,,11,,,6.71,7.34,Clasificatorias WC UEFA,UEFA,UEFA
SEL-WC_QUALS_UEFA-2022-9223752,Final,2021-03-24,Turquía,1,Países Bajos,4,2,,,8,5,2,1,0,,,,,,,,,,1.0,3,1.0,7,52,,,34,74.0,247,334,,,31,,,,12,,,,28.6,2,7,,15,,,11,8,3,,35,2,,0,7,,,,,,,,5.0,,18,,,,,20,9,6,5,1,,,,,,,,,,3.0,11,1.0,8,65,,,66,86.9,550,633,,,14,,,,18,,,,26.5,9,34,,7,,,7,3,4,,7,4,,0,1,,,,,,,,1.0,,12,,,7.07,6.51,Clasificatorias WC UEFA,UEFA,UEFA
SEL-WC_QUALS_UEFA-2022-9223737,Final,2021-03-24,Portugal,1,Azerbaiyán,1,0,,,29,14,8,7,0,,,,,,,,,,1.0,10,1.0,12,99,,,67,86.2,631,732,,,26,,,,10,,,,35.3,12,34,,15,,,11,6,5,,5,0,,1,0,,,,,,,,1.0,,9,,,,,4,0,2,2,0,,,,,,,,,,0.0,0,2.0,5,41,,,33,72.1,269,373,,,25,,,,8,,,,50.0,1,2,,21,,,22,12,10,,40,1,,0,14,,,,,,,,1.0,,11,,,7.31,7.09,Clasificatorias WC UEFA,UEFA,UEFA
SEL-WC_QUALS_UEFA-2022-9223726,Final,2021-03-24,Serbia,1,Irlanda,3,2,,,14,4,4,6,0,,,,,,,,,,2.0,9,4.0,9,40,,,56,84.8,407,480,,,29,,,,17,,,,26.1,6,23,,9,,,11,8,3,,15,2,,0,0,,,,,,,,1.0,,11,,,,,6,2,3,1,0,,,,,,,,,,1.0,6,0.0,5,52,,,44,78.6,297,378,,,20,,,,11,,,,14.8,4,27,,11,,,15,9,6,,26,3,,0,1,,,,,,,,0.0,,18,,,6.93,6.58,Clasificatorias WC UEFA,UEFA,UEFA
SEL-WC_QUALS_UEFA-2022-9223725,Final,2021-03-24,Finlandia,1,Bosnia,2,2,,,12,7,3,2,1,,,,,,,,,,4.0,5,0.0,10,43,,,44,83.8,366,437,,,25,,,,9,,,,22.2,2,9,,19,,,11,6,5,,23,2,,0,5,,,,,,,,3.0,,11,,,,,19,7,4,8,0,,,,,,,,,,5.0,7,3.0,4,58,,,56,87.2,475,545,,,32,,,,10,,,,14.3,4,28,,16,,,12,8,4,,10,2,,0,5,,,,,,,,0.0,,10,,,7.08,6.85,Clasificatorias WC UEFA,UEFA,UEFA
SEL-WC_QUALS_UEFA-2022-9223734,Final,2021-03-24,Francia,1,Ucrania,1,1,,,18,3,9,6,0,,,,,,,,,,2.0,12,6.0,16,85,,,63,91.6,722,788,,,16,,,,3,,,,21.2,7,33,,9,,,8,6,2,,2,1,,0,0,,,,,,,,1.0,,17,,,,,3,1,2,0,0,,,,,,,,,,0.0,0,0.0,7,36,,,37,82.6,388,470,,,16,,,,16,,,,,0,4,,11,,,18,11,7,,36,1,,0,2,,,,,,,,0.0,,3,,,6.86,6.89,Clasificatorias WC UEFA,UEFA,UEFA
SEL-WC_QUALS_UEFA-2022-9223746,Final,2021-03-24,Bélgica,1,Gales,3,1,,,12,4,5,3,0,,,,,,,,,,3.0,4,3.0,8,71,,,75,90.0,807,897,,,25,,,,3,,,,30.8,4,13,,4,,,9,7,2,,7,1,,0,0,,,,,,,,1.0,,12,,,,,4,1,3,0,0,,,,,,,,,,1.0,1,0.0,4,59,,,25,74.2,221,298,,,22,,,,11,,,,33.3,3,9,,25,,,13,11,2,,19,3,,0,1,,,,,,,,0.0,,3,,,7.05,6.67,Clasificatorias WC UEFA,UEFA,UEFA
SEL-WC_QUALS_UEFA-2022-9223748,Final,2021-03-24,Estonia,1,República Checa,2,6,,,6,3,2,1,1,,,,,,,,,,1.0,0,1.0,0,34,,,24,61.7,145,235,,,31,,,,13,,,,14.3,1,7,,16,,,13,7,6,,24,6,,0,2,,,,,,,,,,10,,,,,20,8,8,4,0,,,,,,,,,,3.0,6,3.0,12,83,,,76,89.2,646,724,,,33,,,,9,,,,27.6,8,29,,22,,,7,5,2,,2,2,,0,1,,,,,,,,,,14,,,6.09,7.66,Clasificatorias WC UEFA,UEFA,UEFA
SEL-WC_QUALS_UEFA-2022-9223756,Final,2021-03-24,Gibraltar,1,Noruega,0,3,,,1,0,0,1,0,,,,,,,,,,0.0,1,1.0,6,34,,,16,52.7,77,146,,,16,,,,15,,,,,0,5,,14,,,14,9,5,,40,3,,0,12,,,,,,,,3.0,,15,,,,,29,14,11,4,1,,,,,,,,,,7.0,14,0.0,16,105,,,84,87.8,663,755,,,14,,,,15,,,,23.3,7,30,,8,,,15,8,7,,4,0,,1,0,,,,,,,,1.0,,16,,,6.43,7.43,Clasificatorias WC UEFA,UEFA,UEFA
SEL-WC_QUALS_UEFA-2022-9223744,Final,2021-03-24,Letonia,1,Montenegro,1,2,,,12,6,4,2,0,,,,,,,,,,2.0,3,1.0,6,55,,,38,54.3,176,324,,,24,,,,13,,,,36.4,4,11,,15,,,16,9,7,,33,2,,0,4,,,,,,,,4.0,,18,,,,,27,7,16,4,0,,,,,,,,,,3.0,11,2.0,8,86,,,62,71.2,359,504,,,39,,,,16,,,,25.9,7,27,,7,,,16,9,7,,6,1,,0,3,,,,,,,,1.0,,13,,,6.83,7.23,Clasificatorias WC UEFA,UEFA,UEFA
SEL-WC_QUALS_UEFA-2022-9223773,Final,2021-03-24,Chipre,1,Eslovaquia,0,0,,,11,4,3,4,0,,,,,,,,,,2.0,3,0.0,10,61,,,40,70.7,273,386,,,27,,,,19,,,,50.0,5,10,,11,,,11,6,5,,10,0,,1,3,,,,,,,,2.0,,16,,,,,7,3,3,1,0,,,,,,,,,,2.0,1,3.0,6,73,,,60,79.1,458,579,,,28,,,,16,,,,22.2,2,9,,9,,,20,11,9,,5,0,,1,4,,,,,,,,0.0,,20,,,6.85,7.1,Clasificatorias WC UEFA,UEFA,UEFA
SEL-WC_QUALS_UEFA-2022-9223766,Final,2021-03-24,Malta,1,Rusia,1,3,,,9,5,1,3,0,,,,,,,,,,0.0,1,1.0,11,51,,,45,77.2,315,408,,,37,,,,8,,,,12.5,1,8,,11,,,10,7,3,,20,3,,0,1,,,,,,,,1.0,,13,,,,,11,4,6,1,0,,,,,,,,,,1.0,5,4.0,15,61,,,55,83.0,400,482,,,36,,,,12,,,,32.0,8,25,,16,,,19,10,9,,13,1,,0,4,,,,,,,,1.0,,10,,,6.49,7.26,Clasificatorias WC UEFA,UEFA,UEFA
SEL-WC_QUALS_UEFA-2022-9223768,Final,2021-03-24,Eslovenia,1,Croacia,1,0,,,8,4,3,1,0,,,,,,,,,,,2,0.0,4,40,,,31,75.5,249,330,,,29,,,,15,,,,11.1,1,9,,14,,,19,10,9,,29,0,,1,3,,,,,,,,2.0,,11,,,,,11,3,6,2,1,,,,,,,,,,,3,2.0,13,75,,,69,89.3,657,736,,,36,,,,11,,,,22.9,8,35,,11,,,11,7,4,,6,1,,0,3,,,,,,,,5.0,,15,,,7.09,7.05,Clasificatorias WC UEFA,UEFA,UEFA
SEL-WC_QUALS_UEFA-2022-9223753,Final,2021-03-25,Bulgaria,1,Suiza,1,3,,,7,2,1,4,0,,,,,,,,,,0.0,1,0.0,7,41,,,30,73.4,213,290,,,14,,,,18,,,,28.6,2,7,,16,,,18,11,7,,30,3,,0,2,,,,,,,,1.0,,13,,,,,13,5,5,3,1,,,,,,,,,,5.0,7,4.0,8,77,,,70,88.1,571,648,,,18,,,,12,,,,32.3,10,31,,12,,,14,7,7,,9,1,,0,1,,,,,,,,1.0,,18,,,6.54,7.03,Clasificatorias WC UEFA,UEFA,UEFA
SEL-WC_QUALS_UEFA-2022-9223745,Final,2021-03-25,Israel,1,Dinamarca,0,2,,,14,2,2,10,0,,,,,,,,,,0.0,5,2.0,13,30,,,50,84.9,423,498,,,21,,,,10,,,,16.7,3,18,,10,,,18,11,7,,14,2,,0,5,,,,,,,,2.0,,9,,,,,14,7,5,2,1,,,,,,,,,,1.0,8,1.0,10,60,,,50,83.5,430,515,,,39,,,,9,,,,30.0,3,10,,13,,,16,10,6,,19,0,,1,2,,,,,,,,2.0,,10,,,6.65,7.41,Clasificatorias WC UEFA,UEFA,UEFA
SEL-WC_QUALS_UEFA-2022-9223717,Final,2021-03-25,España,1,Grecia,1,1,,,9,2,4,3,1,,,,,,,,,,1.0,3,1.0,4,99,,,80,92.3,850,921,,,47,,,,9,,,,17.9,5,28,,7,,,11,5,6,,2,1,,0,0,,,,,,,,1.0,,15,,,,,1,1,0,0,0,,,,,,,,,,1.0,0,2.0,3,25,,,20,62.0,147,237,,,18,,,,14,,,,,0,2,,13,,,16,5,11,,14,1,,0,1,,,,,,,,2.0,,10,,,6.85,6.64,Clasificatorias WC UEFA,UEFA,UEFA
SEL-WC_QUALS_UEFA-2022-9223713,Final,2021-03-25,Suecia,1,Georgia,1,0,,,10,4,5,1,0,,,,,,,,,,1.0,4,0.0,6,73,,,55,82.8,457,552,,,31,,,,8,,,,16.7,3,18,,13,,,15,7,8,,10,0,,1,3,,,,,,,,3.0,,19,,,,,8,3,2,3,0,,,,,,,,,,2.0,2,1.0,10,34,,,45,79.4,358,451,,,34,,,,16,,,,42.9,6,14,,8,,,12,5,7,,20,1,,0,3,,,,,,,,1.0,,9,,,7.25,6.7,Clasificatorias WC UEFA,UEFA,UEFA
SEL-WC_QUALS_UEFA-2022-9223761,Final,2021-03-25,Italia,1,Irlanda del Norte,2,0,,,12,5,7,0,0,,,,,,,,,,4.0,0,5.0,7,58,,,66,88.0,648,736,,,36,,,,11,,,,50.0,2,4,,8,,,8,4,4,,21,0,,1,3,,,,,,,,0.0,,8,,,,,8,3,3,2,0,,,,,,,,,,2.0,5,0.0,7,54,,,34,73.9,266,360,,,32,,,,8,,,,17.6,3,17,,5,,,8,8,0,,6,2,,0,3,,,,,,,,2.0,,12,,,7.27,6.53,Clasificatorias WC UEFA,UEFA,UEFA
SEL-WC_QUALS_UEFA-2022-9223743,Final,2021-03-25,Moldavia,1,Islas Feroe,1,1,,,8,3,2,3,1,,,,,,,,,,1.0,1,4.0,3,53,,,42,70.8,254,359,,,27,,,,21,,,,7.7,1,13,,19,,,13,7,6,,27,1,,0,2,,,,,,,,3.0,,15,,,,,12,4,2,6,0,,,,,,,,,,1.0,3,0.0,10,76,,,58,75.6,375,496,,,18,,,,14,,,,14.3,3,21,,12,,,13,7,6,,15,1,,0,2,,,,,,,,3.0,,21,,,6.86,6.66,Clasificatorias WC UEFA,UEFA,UEFA
SEL-WC_QUALS_UEFA-2022-9223733,Final,2021-03-25,Escocia,1,Austria,2,2,,,13,4,6,3,0,,,,,,,,,,1.0,6,1.0,10,53,,,40,75.3,292,388,,,30,,,,16,,,,18.2,4,22,,18,,,15,9,6,,19,2,,0,3,,,,,,,,4.0,,14,,,,,10,5,3,2,0,,,,,,,,,,1.0,2,0.0,9,48,,,60,82.5,498,604,,,22,,,,13,,,,15.4,2,13,,10,,,15,10,5,,16,2,,0,2,,,,,,,,3.0,,16,,,6.96,6.86,Clasificatorias WC UEFA,UEFA,UEFA
SEL-WC_QUALS_UEFA-2022-9223736,Final,2021-03-25,Andorra,1,Albania,0,1,,,2,1,1,0,0,,,,,,,,,,0.0,1,1.0,5,35,,,26,46.9,84,179,,,12,,,,12,,,,11.1,1,9,,18,,,20,14,6,,20,1,,0,3,,,,,,,,3.0,,25,,,,,14,4,6,4,0,,,,,,,,,,3.0,6,2.0,6,67,,,74,81.6,420,515,,,32,,,,23,,,,29.0,9,31,,11,,,10,7,3,,14,0,,1,1,,,,,,,,5.0,,13,,,6.59,7.09,Clasificatorias WC UEFA,UEFA,UEFA
SEL-WC_QUALS_UEFA-2022-9223727,Final,2021-03-25,Inglaterra,1,San Marino,5,0,,,32,15,13,4,1,,,,,,,,,,9.0,7,4.0,21,103,,,85,93.0,846,910,,,17,,,,5,,,,47.8,11,23,,3,,,9,3,6,,2,0,,1,0,,,,,,,,1.0,,8,,,,,2,0,1,1,0,,,,,,,,,,0.0,1,0.0,6,33,,,15,55.7,93,167,,,12,,,,8,,,,,0,2,,7,,,13,6,7,,28,5,,0,10,,,,,,,,0.0,,6,,,7.65,6.16,Clasificatorias WC UEFA,UEFA,UEFA
SEL-WC_QUALS_UEFA-2022-9223716,Final,2021-03-25,Hungría,1,Polonia,3,3,,,10,4,3,3,0,,,,,,,,,,5.0,3,3.0,4,34,,,36,72.0,236,328,,,16,,,,11,,,,25.0,3,12,,17,,,11,7,4,,19,3,,0,0,,,,,,,,5.0,1.0,20,,,,,10,3,6,1,0,,,,,,,,,,1.0,3,5.0,5,68,,,64,84.4,510,604,,,26,,,,19,,,,25.0,4,16,,11,,,12,9,3,,13,3,,0,1,,,,,,,,2.0,0.0,14,,,6.65,6.75,Clasificatorias WC UEFA,UEFA,UEFA
SEL-WC_QUALS_UEFA-2022-9223709,Final,2021-03-25,Alemania,1,Islandia,3,0,,,15,5,7,3,1,,,,,,,,,,1.0,3,2.0,10,80,,,81,92.6,972,1050,,,37,,,,11,,,,30.0,3,10,,12,,,11,5,6,,7,0,,1,2,,,,,,,,1.0,,8,,,,,8,2,4,2,0,,,,,,,,,,1.0,3,1.0,6,42,,,19,68.5,159,232,,,18,,,,8,,,,20.0,2,10,,6,,,11,5,6,,20,3,,0,2,,,,,,,,2.0,,11,,,7.57,6.39,Clasificatorias WC UEFA,UEFA,UEFA
SEL-WC_QUALS_UEFA-2022-9223708,Final,2021-03-25,Liechtenstein,1,Armenia,0,1,,,0,0,0,0,0,,,,,,,,,,0.0,1,1.0,1,36,,,31,54.4,123,226,,,29,,,,12,,,,,0,7,,10,,,19,12,7,,47,1,,0,5,,,,,,,,2.0,,13,,,,,26,5,17,4,0,,,,,,,,,,1.0,9,5.0,18,79,,,69,83.0,410,494,,,40,,,,13,,,,27.0,10,37,,5,,,8,6,2,,9,0,,1,0,,,,,,,,3.0,,12,,,6.67,7.33,Clasificatorias WC UEFA,UEFA,UEFA
SEL-WC_QUALS_UEFA-2022-9223707,Final,2021-03-25,Rumania,1,Macedonia del Norte,3,2,,,18,11,3,4,0,,,,,,,,,,2.0,3,1.0,9,38,,,46,79.8,352,441,,,19,,,,8,,,,20.0,2,10,,14,,,21,12,9,,9,2,,0,2,,,,,,,,3.0,,21,,,,,14,4,5,5,0,,,,,,,,,,6.0,2,4.0,10,54,,,54,82.6,413,500,,,32,,,,18,,,,29.4,5,17,,13,,,11,8,3,,10,3,,0,8,,,,,,,,4.0,,10,,,7.02,6.78,Clasificatorias WC UEFA,UEFA,UEFA
