Partido_id,Fase,Fecha,Equipo1,Es_Local_E1,Equipo2,EQUIPO1_GOLES,EQUIPO2_GOLES,Goles_dentro_area_E1,Goles_Fuera_Area_E1,Disparos_totales_E1,Disparos_a_puerta_E1,Disparos_fuera_E1,Disparo_Bloqueados_E1,Disparos_Al palo_E1,Disparos_Larguero_E1,Disparos_Poste_E1,Disparos_a_puerta_fuera_del_area_E1,Disparos_fuera_desde_fuera_del_area_E1,Asistencias_E1,Penaltis_marcados_E1,Penaltis_fallados_E1,Penaltis_forzados_E1,Ataques_E1,Oportunidades_claras_E1,Saques_de_esquina_sacados_E1,Fueras_de_juego_E1,Regates_E1,Ataques_tercio_ofensivo_E1,Ataques_zonas_clave_E1,Carreras_hacia_el_area_E1,Posesion_E1,Precision_pase_E1,Pases_completados_E1,Pases_realizados_E1,Pases_cortos_completados_E1,Pases_media_distancia_completados_E1,Pases_en_largo_completados_E1,Pases_completados_atras_E1,Pases_completadosa_izquierda_E1,Pases_completados_derecha_E1,Libres_directos_sacados_E1,Centros__tercio_ofensivo_E1,Pases_zonas_clave_E1,Pases_al_area_E1,Precision_en_el_centro_E1,Centros_completados_E1,Centros_realizados_E1,Tiempo_de_posesion_E1,Balones_recuperados_E1,Bloqueos_E1,Penaltis_cometidos_E1,Entradas_E1,Entradas_con_exito_E1,Entradas_perdidas_E1,Despejes_completados_E1,Despejes_realizados_E1,goles_encajados_E1,Goles_encajados_propia_puerta_E1,Porterias_a_cero_E1,Paradas_E1,Paradas_en_libres_directo_E1,Paradas-tras_libre_indirecto_E1,Penaltis_parados_E1,Balones_blocados_E1,Balones_blocados_por arriba_E1,Balones_blocados_por_abajo_E1,Despejes_de_puños_E1,Tarjetas_amarillas_E1,Tarjetas_rojas_E1,Faltas_cometidas_E1,Faltas_cometidas_tercio_def_E1,Faltas_cometidas_en_campo_propio_E1,Goles_dentro_area_E2,Goles_Fuera_Area_E2,Disparos_totales_E2,Disparos_a_puerta_E2,Disparos_fuera_E2,Disparo_Bloqueados_E2,Disparos_Al palo_E2,Disparos_Larguero_E2,Disparos_Poste_E2,Disparos_a_puerta_fuera_del_area_E2,Disparos_fuera_desde_fuera_del_area_E2,Asistencias_E2,Penaltis_marcados_E2,Penaltis_fallados_E2,Penaltis_forzados_E2,Ataques_E2,Oportunidades_claras_E2,Saques_de_esquina_sacados_E2,Fueras_de_juego_E2,Regates_E2,Ataques_tercio_ofensivo_E2,Ataques_zonas_clave_E2,Carreras_hacia_el_area_E2,Posesion_E2,Precision_pase_E2,Pases_completados_E2,Pases_realizados_E2,Pases_cortos_completados_E2,Pases_media_distancia_completados_E2,Pases_en_largo_completados_E2,Pases_completados_atras_E2,Pases_completadosa_izquierda_E2,Pases_completados_derecha_E2,Libres_directos_sacados_E2,Centros__tercio_ofensivo_E2,Pases_zonas_clave_E2,Pases_al_area_E2,Precision_en_el_centro_E2,Centros_completados_E2,Centros_realizados_E2,Tiempo_de_posesion_E2,Balones_recuperados_E2,Bloqueos_E2,Penaltis_cometidos_E2,Entradas_E2,Entradas_con_exito_E2,Entradas_perdidas_E2,Despejes_completados_E2,Despejes_realizados_E2,goles_encajados_E2,Goles_encajados_propia_puerta_E2,Porterias_a_cero_E2,Paradas_E2,Paradas_en_libres_directo_E2,Paradas-tras_libre_indirecto_E2,Penaltis_parados_E2,Balones_blocados_E2,Balones_blocados_por arriba_E2,Balones_blocados_por_abajo_E2,Despejes_de_puños_E2,Tarjetas_amarillas_E2,Tarjetas_rojas_E2,Faltas_cometidas_E2,Faltas_cometidas_tercio_def_E2,Faltas_cometidas_en_campo_propio_E2,media11_titular_E1,media11_titular_E2,Torneo,Confederacion_E1,Confederacion_E2
SEL-AFCON-2021-9786529,Final,2022-01-09,Camerún,1,Burkina Faso,2,1,,,14.0,4.0,7.0,3.0,0.0,,,,,,,,,,2.0,6.0,1.0,18.0,57.0,,,60.0,84.3,339.0,402.0,,,31.0,,,,19.0,,,,9.5,2.0,21.0,,5.0,,,19.0,11.0,8.0,,13.0,1,,0,4.0,,,,,,,,1.0,,15.0,,,,,11.0,6.0,2.0,3.0,1.0,,,,,,,,,,2.0,5.0,1.0,10.0,47.0,,,40.0,79.4,216.0,272.0,,,17.0,,,,15.0,,,,23.1,3.0,13.0,,14.0,,,21.0,13.0,8.0,,12.0,2,,0,2.0,,,,,,,,2.0,,21.0,,,6.96,6.57,AFCON,CAF,CAF
SEL-AFCON-2021-9786528,Final,2022-01-09,Etiopía,1,Cabo Verde,0,1,,,7.0,1.0,4.0,2.0,0.0,,,,,,,,,,0.0,1.0,1.0,6.0,48.0,,,43.0,78.3,303.0,387.0,,,18.0,,,,6.0,,,,25.0,1.0,4.0,,9.0,,,13.0,9.0,4.0,,17.0,1,,0,4.0,,,,,,,,1.0,1.0,11.0,,,,,11.0,3.0,5.0,3.0,0.0,,,,,,,,,,2.0,6.0,4.0,4.0,66.0,,,57.0,84.8,424.0,500.0,,,48.0,,,,8.0,,,,40.9,9.0,22.0,,13.0,,,12.0,8.0,4.0,,7.0,0,,1,1.0,,,,,,,,1.0,0.0,8.0,,,6.46,7.22,AFCON,CAF,CAF
SEL-AFCON-2021-9737515,Final,2022-01-10,Senegal,1,Zimbabue,1,0,,,16.0,3.0,9.0,4.0,0.0,,,,,,,,,,3.0,4.0,1.0,16.0,56.0,,,61.0,83.7,400.0,478.0,,,40.0,,,,10.0,,,,33.3,7.0,21.0,,9.0,,,14.0,12.0,2.0,,7.0,0,,1,2.0,,,,,,,,1.0,,9.0,,,,,11.0,2.0,5.0,4.0,0.0,,,,,,,,,,0.0,4.0,3.0,4.0,37.0,,,39.0,75.9,236.0,311.0,,,19.0,,,,8.0,,,,11.1,1.0,9.0,,5.0,,,17.0,9.0,8.0,,17.0,1,,0,2.0,,,,,,,,2.0,,12.0,,,7.26,6.59,AFCON,CAF,CAF
SEL-AFCON-2021-9737652,Final,2022-01-10,Guinea,1,Malawi,1,0,,,13.0,4.0,3.0,6.0,1.0,,,,,,,,,,4.0,6.0,1.0,3.0,58.0,,,65.0,77.1,324.0,420.0,,,33.0,,,,12.0,,,,29.4,5.0,17.0,,5.0,,,8.0,7.0,1.0,,17.0,0,,1,6.0,,,,,,,,1.0,,11.0,,,,,10.0,6.0,2.0,2.0,0.0,,,,,,,,,,2.0,6.0,2.0,2.0,69.0,,,35.0,59.4,133.0,224.0,,,16.0,,,,10.0,,,,7.1,1.0,14.0,,5.0,,,5.0,5.0,0.0,,9.0,1,,0,3.0,,,,,,,,2.0,,14.0,,,7.12,6.59,AFCON,CAF,Desconocido
SEL-AFCON-2021-9737188,Final,2022-01-10,Marruecos,1,Ghana,1,0,,,12.0,3.0,6.0,3.0,0.0,,,,,,,,,,2.0,4.0,1.0,6.0,38.0,,,62.0,77.3,265.0,343.0,,,24.0,,,,21.0,,,,28.6,4.0,14.0,,5.0,,,17.0,9.0,8.0,,11.0,0,,1,2.0,,,,,,,,1.0,,21.0,,,,,5.0,2.0,3.0,0.0,0.0,,,,,,,,,,0.0,5.0,0.0,7.0,56.0,,,38.0,63.5,134.0,211.0,,,11.0,,,,20.0,,,,23.1,3.0,13.0,,5.0,,,13.0,8.0,5.0,,12.0,1,,0,2.0,,,,,,,,2.0,,21.0,,,7.02,6.56,AFCON,CAF,CAF
SEL-AFCON-2021-9737291,Final,2022-01-10,Comoros,1,Gabón,0,1,,,9.0,1.0,5.0,3.0,0.0,,,,,,,,,,,3.0,3.0,6.0,65.0,,,63.0,81.0,366.0,452.0,,,18.0,,,,22.0,,,,14.8,4.0,27.0,,15.0,,,14.0,5.0,9.0,,7.0,1,,0,1.0,,,,,,,,1.0,,12.0,,,,,4.0,2.0,1.0,1.0,0.0,,,,,,,,,,,1.0,4.0,8.0,61.0,,,37.0,70.2,193.0,275.0,,,17.0,,,,10.0,,,,14.3,1.0,7.0,,14.0,,,15.0,7.0,8.0,,17.0,0,,1,1.0,,,,,,,,1.0,,24.0,,,6.68,6.93,AFCON,Desconocido,CAF
SEL-AFCON-2021-9737616,Final,2022-01-11,Argelia,1,Sierra Leone,0,0,,,19.0,8.0,5.0,6.0,0.0,,,,,,,,,,2.0,10.0,2.0,9.0,60.0,,,67.0,87.8,433.0,493.0,,,35.0,,,,11.0,,,,30.0,6.0,20.0,,4.0,,,9.0,5.0,4.0,,10.0,0,,1,1.0,,,,,,,,1.0,,14.0,,,,,10.0,1.0,8.0,1.0,0.0,,,,,,,,,,0.0,2.0,3.0,6.0,31.0,,,33.0,81.2,195.0,240.0,,,27.0,,,,14.0,,,,21.4,3.0,14.0,,9.0,,,12.0,8.0,4.0,,24.0,0,,1,7.0,,,,,,,,1.0,,11.0,,,7.04,7.21,AFCON,CAF,Desconocido
SEL-AFCON-2021-9737439,Final,2022-01-11,Nigeria,1,Egipto,1,0,,,15.0,5.0,5.0,5.0,1.0,,,,,,,,,,3.0,6.0,0.0,12.0,69.0,,,43.0,75.0,249.0,332.0,,,20.0,,,,6.0,,,,35.0,7.0,20.0,,8.0,,,16.0,7.0,9.0,,18.0,0,,1,2.0,,,,,,,,,,15.0,,,,,4.0,2.0,2.0,0.0,0.0,,,,,,,,,,1.0,3.0,1.0,5.0,62.0,,,57.0,77.1,351.0,455.0,,,20.0,,,,15.0,,,,,0.0,9.0,,12.0,,,16.0,10.0,6.0,,22.0,1,,0,4.0,,,,,,,,,,6.0,,,7.14,6.77,AFCON,CAF,CAF
SEL-AFCON-2021-9737061,Final,2022-01-11,Sudan,1,Guinea,0,0,,,10.0,4.0,4.0,2.0,0.0,,,,,,,,,,0.0,3.0,4.0,7.0,74.0,,,41.0,77.9,261.0,335.0,,,23.0,,,,12.0,,,,23.1,3.0,13.0,,10.0,,,22.0,11.0,11.0,,11.0,0,,1,3.0,,,,,,,,2.0,,18.0,,,,,9.0,4.0,4.0,1.0,2.0,,,,,,,,,,5.0,3.0,1.0,20.0,73.0,,,59.0,84.9,404.0,476.0,,,39.0,,,,17.0,,,,29.4,5.0,17.0,,10.0,,,20.0,9.0,11.0,,12.0,0,,1,4.0,,,,,,,,1.0,,12.0,,,6.95,7.15,AFCON,Desconocido,CAF
SEL-AFCON-2021-9736682,Final,2022-01-12,Túnez,1,Mali,0,1,,,8.0,3.0,2.0,3.0,0.0,,,,,,,,,,2.0,5.0,1.0,3.0,33.0,,,56.0,81.1,283.0,349.0,,,17.0,,,,13.0,,,,21.4,3.0,14.0,,8.0,,,16.0,10.0,6.0,,14.0,1,,0,0.0,,,,,,,,2.0,0.0,14.0,,,,,10.0,1.0,4.0,5.0,0.0,,,,,,,,,,1.0,6.0,2.0,9.0,38.0,,,44.0,79.7,220.0,276.0,,,13.0,,,,12.0,,,,25.0,4.0,16.0,,15.0,,,14.0,8.0,6.0,,19.0,0,,1,3.0,,,,,,,,2.0,1.0,14.0,,,6.6,7.09,AFCON,CAF,CAF
SEL-AFCON-2021-9737791,Final,2022-01-12,Mauritania,1,Gambia,0,1,,,20.0,2.0,13.0,5.0,0.0,,,,,,,,,,0.0,5.0,2.0,10.0,58.0,,,61.0,87.7,385.0,439.0,,,25.0,,,,16.0,,,,29.2,7.0,24.0,,7.0,,,13.0,7.0,6.0,,6.0,1,,0,2.0,,,,,,,,2.0,,15.0,,,,,8.0,3.0,4.0,1.0,0.0,,,,,,,,,,1.0,4.0,0.0,8.0,43.0,,,39.0,72.3,214.0,296.0,,,25.0,,,,15.0,,,,30.0,3.0,10.0,,6.0,,,14.0,10.0,4.0,,27.0,0,,1,2.0,,,,,,,,3.0,,16.0,,,6.83,7.09,AFCON,Desconocido,Desconocido
SEL-AFCON-2021-9736705,Final,2022-01-12,Guinea Ecuatorial,1,Costa de Marfil,0,1,,,12.0,2.0,7.0,3.0,0.0,,,,,,,,,,2.0,2.0,2.0,10.0,53.0,,,44.0,76.7,287.0,374.0,,,23.0,,,,16.0,,,,18.2,2.0,11.0,,10.0,,,14.0,8.0,6.0,,24.0,1,,0,1.0,,,,,,,,1.0,,11.0,,,,,12.0,2.0,6.0,4.0,0.0,,,,,,,,,,1.0,4.0,1.0,14.0,70.0,,,56.0,84.1,401.0,477.0,,,45.0,,,,10.0,,,,11.1,2.0,18.0,,17.0,,,16.0,12.0,4.0,,14.0,0,,1,2.0,,,,,,,,1.0,,16.0,,,6.73,7.18,AFCON,CAF,CAF
SEL-AFCON-2021-9736672,Semifinals,2022-01-13,Camerún,1,Etiopía,4,1,,,17.0,7.0,7.0,3.0,2.0,,,,,,,,,,2.0,7.0,3.0,15.0,56.0,,,50.0,85.6,387.0,452.0,,,36.0,,,,9.0,,,,47.4,9.0,19.0,,6.0,,,9.0,4.0,5.0,,4.0,1,,0,4.0,,,,,,,,2.0,,15.0,,,,,12.0,5.0,5.0,2.0,0.0,,,,,,,,,,3.0,1.0,0.0,3.0,54.0,,,50.0,86.5,396.0,458.0,,,19.0,,,,15.0,,,,20.0,1.0,5.0,,6.0,,,13.0,7.0,6.0,,8.0,4,,0,3.0,,,,,,,,1.0,,9.0,,,7.44,6.45,AFCON,CAF,CAF
SEL-AFCON-2021-9737692,Semifinals,2022-01-13,Cabo Verde,1,Burkina Faso,0,1,,,7.0,2.0,4.0,1.0,0.0,,,,,,,,,,2.0,4.0,2.0,8.0,47.0,,,56.0,81.4,368.0,452.0,,,51.0,,,,16.0,,,,20.0,2.0,10.0,,13.0,,,10.0,4.0,6.0,,14.0,1,,0,3.0,,,,,,,,2.0,,16.0,,,,,11.0,4.0,3.0,4.0,0.0,,,,,,,,,,2.0,6.0,5.0,14.0,47.0,,,44.0,77.1,276.0,358.0,,,26.0,,,,16.0,,,,50.0,6.0,12.0,,13.0,,,11.0,5.0,6.0,,7.0,0,,1,2.0,,,,,,,,1.0,,19.0,,,6.79,7.14,AFCON,CAF,CAF
SEL-AFCON-2021-9736635,Semifinals,2022-01-14,Senegal,1,Guinea,0,0,,,10.0,2.0,4.0,4.0,0.0,,,,,,,,,,0.0,7.0,0.0,9.0,47.0,,,50.0,65.7,159.0,242.0,,,14.0,,,,25.0,,,,36.8,7.0,19.0,,7.0,,,11.0,6.0,5.0,,15.0,0,,1,1.0,,,,,,,,1.0,,14.0,,,,,5.0,1.0,3.0,1.0,0.0,,,,,,,,,,1.0,7.0,1.0,3.0,37.0,,,50.0,64.0,160.0,250.0,,,20.0,,,,13.0,,,,6.2,1.0,16.0,,9.0,,,12.0,8.0,4.0,,11.0,0,,1,2.0,,,,,,,,4.0,,26.0,,,7.0,6.8,AFCON,CAF,CAF
SEL-AFCON-2021-9737054,Semifinals,2022-01-14,Malawi,1,Zimbabue,2,1,,,9.0,2.0,7.0,0.0,1.0,,,,,,,,,,3.0,2.0,1.0,7.0,57.0,,,36.0,60.8,161.0,265.0,,,13.0,,,,13.0,,,,50.0,4.0,8.0,,9.0,,,24.0,13.0,11.0,,26.0,1,,0,4.0,,,,,,,,2.0,,12.0,,,,,12.0,5.0,5.0,2.0,0.0,,,,,,,,,,3.0,5.0,0.0,6.0,68.0,,,64.0,77.5,355.0,458.0,,,24.0,,,,10.0,,,,42.9,9.0,21.0,,8.0,,,12.0,7.0,5.0,,5.0,2,,0,0.0,,,,,,,,3.0,,14.0,,,7.02,6.45,AFCON,Desconocido,CAF
SEL-AFCON-2021-9737905,Semifinals,2022-01-14,Marruecos,1,Comoros,2,0,,,19.0,9.0,6.0,4.0,1.0,,,,,,,,,,6.0,9.0,4.0,6.0,60.0,,,59.0,84.3,397.0,471.0,,,35.0,,,,8.0,,,,28.6,6.0,21.0,,5.0,,,16.0,9.0,7.0,,9.0,0,,1,0.0,,,,,,,,2.0,,17.0,,,,,7.0,0.0,3.0,4.0,0.0,,,,,,,,,,0.0,1.0,0.0,9.0,32.0,,,41.0,77.0,254.0,330.0,,,20.0,,,,16.0,,,,23.1,3.0,13.0,,11.0,,,14.0,7.0,7.0,,22.0,2,,0,7.0,,,,,,,,2.0,,8.0,,,7.09,6.76,AFCON,CAF,Desconocido
SEL-AFCON-2021-9737338,Semifinals,2022-01-14,Gabón,1,Ghana,1,1,,,14.0,3.0,5.0,6.0,0.0,,,,,,,,,,,5.0,1.0,8.0,58.0,,,48.0,78.4,251.0,320.0,,,28.0,,,,18.0,,,,7.1,1.0,14.0,,10.0,,,15.0,10.0,5.0,,4.0,1,,0,0.0,,,,,,,,3.0,0.0,30.0,,,,,6.0,1.0,4.0,1.0,0.0,,,,,,,,,,,3.0,1.0,12.0,56.0,,,52.0,76.2,275.0,361.0,,,23.0,,,,26.0,,,,50.0,4.0,8.0,,12.0,,,7.0,5.0,2.0,,12.0,1,,0,2.0,,,,,,,,4.0,1.0,21.0,,,6.77,6.78,AFCON,CAF,CAF
SEL-AFCON-2021-9736888,Semifinals,2022-01-15,Nigeria,1,Sudan,3,1,,,17.0,8.0,6.0,3.0,1.0,,,,,,,,,,4.0,3.0,0.0,15.0,77.0,,,58.0,84.5,447.0,529.0,,,29.0,,,,16.0,,,,31.2,5.0,16.0,,12.0,,,17.0,12.0,5.0,,4.0,1,,0,1.0,,,,,,,,2.0,,7.0,,,,,5.0,2.0,1.0,2.0,0.0,,,,,,,,,,1.0,2.0,1.0,6.0,39.0,,,42.0,78.4,302.0,385.0,,,24.0,,,,7.0,,,,12.5,1.0,8.0,,10.0,,,17.0,13.0,4.0,,16.0,3,,0,4.0,,,,,,,,0.0,,16.0,,,7.05,6.37,AFCON,CAF,Desconocido
SEL-AFCON-2021-9737392,Semifinals,2022-01-15,Guinea,1,Egipto,0,1,,,7.0,3.0,4.0,0.0,0.0,,,,,,,,,,,1.0,0.0,7.0,33.0,,,39.0,76.8,219.0,285.0,,,22.0,,,,18.0,,,,,0.0,10.0,,4.0,,,14.0,7.0,7.0,,19.0,1,,0,3.0,,,,,,,,3.0,,18.0,,,,,18.0,4.0,11.0,3.0,3.0,,,,,,,,,,,8.0,1.0,4.0,71.0,,,61.0,85.4,368.0,431.0,,,34.0,,,,17.0,,,,23.3,7.0,30.0,,8.0,,,16.0,9.0,7.0,,7.0,0,,1,3.0,,,,,,,,1.0,,19.0,,,6.64,7.22,AFCON,CAF,CAF
SEL-AFCON-2021-9737333,Semifinals,2022-01-16,Gambia,1,Mali,1,1,,,6.0,1.0,3.0,2.0,2.0,,,,,,,,,,1.0,0.0,2.0,0.0,36.0,,,32.0,81.0,175.0,216.0,,,17.0,,,,19.0,,,,33.3,1.0,3.0,,11.0,,,11.0,4.0,7.0,,15.0,1,,0,4.0,,,,,,,,2.0,,11.0,,,,,19.0,5.0,10.0,4.0,0.0,,,,,,,,,,3.0,7.0,0.0,4.0,60.0,,,68.0,88.3,391.0,443.0,,,15.0,,,,9.0,,,,42.1,8.0,19.0,,5.0,,,9.0,7.0,2.0,,2.0,1,,0,0.0,,,,,,,,3.0,,20.0,,,6.73,6.75,AFCON,Desconocido,CAF
SEL-AFCON-2021-9737013,Semifinals,2022-01-16,Costa de Marfil,1,Sierra Leone,2,2,,,18.0,8.0,5.0,5.0,0.0,,,,,,,,,,3.0,10.0,2.0,8.0,57.0,,,61.0,85.6,411.0,480.0,,,32.0,,,,14.0,,,,30.0,6.0,20.0,,8.0,,,20.0,13.0,7.0,,14.0,2,,0,2.0,,,,,,,,0.0,,16.0,,,,,7.0,4.0,3.0,0.0,0.0,,,,,,,,,,2.0,2.0,0.0,5.0,44.0,,,39.0,74.0,231.0,312.0,,,21.0,,,,16.0,,,,20.0,2.0,10.0,,11.0,,,10.0,5.0,5.0,,18.0,2,,0,5.0,,,,,,,,2.0,,14.0,,,7.11,6.75,AFCON,CAF,Desconocido
SEL-AFCON-2021-9736518,Semifinals,2022-01-16,Túnez,1,Mauritania,4,0,,,13.0,8.0,3.0,2.0,1.0,,,,,,,,,,5.0,6.0,2.0,10.0,45.0,,,54.0,77.5,276.0,356.0,,,18.0,,,,8.0,,,,41.7,5.0,12.0,,8.0,,,18.0,10.0,8.0,,13.0,0,,1,0.0,,,,,,,,3.0,,19.0,,,,,11.0,1.0,5.0,5.0,0.0,,,,,,,,,,0.0,3.0,0.0,10.0,36.0,,,46.0,78.7,233.0,296.0,,,25.0,,,,18.0,,,,15.4,2.0,13.0,,6.0,,,11.0,7.0,4.0,,13.0,4,,0,3.0,,,,,,,,1.0,,10.0,,,7.36,6.25,AFCON,CAF,Desconocido
SEL-AFCON-2021-9737416,Semifinals,2022-01-16,Argelia,1,Guinea Ecuatorial,0,1,,,13.0,3.0,4.0,6.0,0.0,,,,,,,,,,1.0,11.0,7.0,10.0,56.0,,,69.0,83.4,351.0,421.0,,,35.0,,,,23.0,,,,33.3,6.0,18.0,,16.0,,,7.0,6.0,1.0,,5.0,1,,0,3.0,,,,,,,,4.0,,14.0,,,,,8.0,4.0,3.0,1.0,0.0,,,,,,,,,,2.0,3.0,2.0,3.0,36.0,,,31.0,60.4,116.0,192.0,,,11.0,,,,13.0,,,,20.0,1.0,5.0,,6.0,,,17.0,12.0,5.0,,22.0,0,,1,3.0,,,,,,,,4.0,,24.0,,,6.76,6.94,AFCON,CAF,CAF
SEL-AFCON-2021-9737943,Quarterfinals,2022-01-17,Burkina Faso,1,Etiopía,1,1,,,6.0,2.0,4.0,0.0,0.0,,,,,,,,,,2.0,5.0,2.0,17.0,68.0,,,44.0,75.7,293.0,387.0,,,23.0,,,,14.0,,,,6.7,1.0,15.0,,9.0,,,19.0,10.0,9.0,,6.0,1,,0,5.0,,,,,,,,0.0,,14.0,,,,,11.0,6.0,2.0,3.0,0.0,,,,,,,,,,3.0,6.0,0.0,3.0,63.0,,,56.0,81.1,407.0,502.0,,,27.0,,,,12.0,,,,11.1,1.0,9.0,,17.0,,,15.0,7.0,8.0,,15.0,1,,0,1.0,,,,,,,,2.0,,14.0,,,6.93,6.5,AFCON,CAF,CAF
SEL-AFCON-2021-9736788,Quarterfinals,2022-01-17,Cabo Verde,1,Camerún,1,1,,,4.0,2.0,1.0,1.0,0.0,,,,,,,,,,1.0,4.0,3.0,6.0,42.0,,,36.0,73.1,196.0,268.0,,,22.0,,,,11.0,,,,9.1,1.0,11.0,,7.0,,,26.0,13.0,13.0,,21.0,1,,0,2.0,,,,,,,,1.0,,11.0,,,,,14.0,3.0,7.0,4.0,0.0,,,,,,,,,,0.0,10.0,1.0,9.0,58.0,,,64.0,87.0,402.0,462.0,,,34.0,,,,10.0,,,,26.1,6.0,23.0,,12.0,,,11.0,6.0,5.0,,12.0,1,,0,0.0,,,,,,,,2.0,,11.0,,,6.8,6.8,AFCON,CAF,CAF
SEL-AFCON-2021-9737432,Quarterfinals,2022-01-18,Malawi,1,Senegal,0,0,,,10.0,0.0,6.0,4.0,0.0,,,,,,,,,,0.0,4.0,2.0,3.0,39.0,,,22.0,45.7,59.0,129.0,,,10.0,,,,10.0,,,,20.0,2.0,10.0,,17.0,,,6.0,2.0,4.0,,17.0,0,,1,3.0,,,,,,,,2.0,,18.0,,,,,10.0,3.0,6.0,1.0,0.0,,,,,,,,,,3.0,5.0,3.0,7.0,55.0,,,78.0,83.4,393.0,471.0,,,32.0,,,,18.0,,,,33.3,9.0,27.0,,5.0,,,9.0,7.0,2.0,,18.0,0,,1,0.0,,,,,,,,2.0,,11.0,,,6.77,7.02,AFCON,Desconocido,CAF
SEL-AFCON-2021-9736678,Quarterfinals,2022-01-18,Zimbabue,1,Guinea,2,1,,,11.0,4.0,5.0,2.0,0.0,,,,,,,,,,1.0,1.0,1.0,3.0,41.0,,,37.0,64.3,155.0,241.0,,,21.0,,,,17.0,,,,16.7,1.0,6.0,,7.0,,,13.0,8.0,5.0,,34.0,1,,0,2.0,,,,,,,,3.0,,16.0,,,,,16.0,4.0,9.0,3.0,0.0,,,,,,,,,,1.0,8.0,4.0,8.0,59.0,,,63.0,75.9,303.0,399.0,,,23.0,,,,15.0,,,,19.2,5.0,26.0,,10.0,,,14.0,7.0,7.0,,5.0,2,,0,2.0,,,,,,,,3.0,,18.0,,,6.88,6.64,AFCON,CAF,CAF
SEL-AFCON-2021-9736604,Quarterfinals,2022-01-18,Gabón,1,Marruecos,2,2,,,11.0,3.0,6.0,2.0,1.0,,,,,,,,,,3.0,2.0,4.0,9.0,49.0,,,38.0,70.7,193.0,273.0,,,21.0,,,,13.0,,,,42.9,3.0,7.0,,6.0,,,13.0,6.0,7.0,,15.0,2,,0,1.0,,,,,,,,2.0,,22.0,,,,,9.0,3.0,3.0,3.0,0.0,,,,,,,,,,2.0,5.0,2.0,13.0,67.0,,,62.0,82.3,368.0,447.0,,,34.0,,,,21.0,,,,7.1,1.0,14.0,,10.0,,,15.0,8.0,7.0,,3.0,2,,0,2.0,,,,,,,,1.0,,14.0,,,6.65,6.67,AFCON,CAF,CAF
SEL-AFCON-2021-9737954,Quarterfinals,2022-01-18,Ghana,1,Comoros,2,3,,,21.0,8.0,5.0,8.0,0.0,,,,,,,,,,1.0,11.0,3.0,14.0,81.0,,,62.0,77.0,301.0,391.0,,,21.0,,,,23.0,,,,28.0,7.0,25.0,,12.0,,,17.0,13.0,4.0,,6.0,3,,0,0.0,,,,,,,,1.0,1.0,8.0,,,,,12.0,3.0,6.0,3.0,0.0,,,,,,,,,,1.0,2.0,4.0,5.0,35.0,,,38.0,66.9,160.0,239.0,,,26.0,,,,8.0,,,,33.3,3.0,9.0,,14.0,,,10.0,8.0,2.0,,24.0,2,,0,6.0,,,,,,,,1.0,0.0,24.0,,,6.71,6.88,AFCON,CAF,Desconocido
SEL-AFCON-2021-9737137,Quarterfinals,2022-01-19,Egipto,1,Sudan,1,0,,,12.0,4.0,5.0,3.0,0.0,,,,,,,,,,2.0,13.0,,10.0,84.0,,,62.0,77.8,358.0,460.0,,,36.0,,,,7.0,,,,26.7,8.0,30.0,,8.0,,,13.0,7.0,6.0,,12.0,0,,1,1.0,,,,,,,,1.0,,14.0,,,,,8.0,1.0,5.0,2.0,0.0,,,,,,,,,,1.0,3.0,,7.0,63.0,,,38.0,62.9,185.0,294.0,,,23.0,,,,12.0,,,,,0.0,11.0,,10.0,,,14.0,11.0,3.0,,26.0,1,,0,3.0,,,,,,,,2.0,,7.0,,,7.24,6.64,AFCON,CAF,Desconocido
SEL-AFCON-2021-9736996,Quarterfinals,2022-01-19,Guinea,1,Nigeria,0,2,,,10.0,2.0,6.0,2.0,0.0,,,,,,,,,,0.0,5.0,1.0,10.0,47.0,,,47.0,84.9,304.0,358.0,,,41.0,,,,19.0,,,,17.6,3.0,17.0,,5.0,,,15.0,9.0,6.0,,19.0,2,,0,2.0,,,,,,,,,,11.0,,,,,16.0,4.0,6.0,6.0,1.0,,,,,,,,,,3.0,6.0,2.0,13.0,53.0,,,53.0,86.0,343.0,399.0,,,29.0,,,,11.0,,,,35.3,6.0,17.0,,13.0,,,19.0,12.0,7.0,,10.0,0,,1,2.0,,,,,,,,,,22.0,,,6.59,7.17,AFCON,CAF,CAF
SEL-AFCON-2021-9737649,Quarterfinals,2022-01-20,Costa de Marfil,1,Argelia,3,1,,,12.0,7.0,4.0,1.0,0.0,,,,,,,,,,2.0,1.0,3.0,11.0,33.0,,,44.0,80.8,252.0,312.0,,,20.0,,,,20.0,,,,27.3,3.0,11.0,,11.0,,,27.0,21.0,6.0,,25.0,1,,0,3.0,,,,,,,,4.0,,18.0,,,,,14.0,4.0,5.0,5.0,2.0,,,,,,,,,,3.0,12.0,1.0,9.0,69.0,,,56.0,82.7,321.0,388.0,,,31.0,,,,17.0,,,,15.8,3.0,19.0,,8.0,,,16.0,7.0,9.0,,7.0,3,,0,4.0,,,,,,,,2.0,,20.0,,,7.25,6.37,AFCON,CAF,CAF
SEL-AFCON-2021-9736981,Quarterfinals,2022-01-20,Sierra Leone,1,Guinea Ecuatorial,0,1,,,7.0,3.0,3.0,1.0,0.0,,,,,,,,,,1.0,5.0,1.0,6.0,48.0,,,47.0,67.8,181.0,267.0,,,46.0,,,,12.0,,,,12.5,2.0,16.0,,8.0,,,9.0,5.0,4.0,,5.0,1,,0,5.0,,,,,,,,6.0,1.0,24.0,,,,,17.0,6.0,10.0,1.0,0.0,,,,,,,,,,2.0,5.0,3.0,11.0,50.0,,,53.0,74.4,235.0,316.0,,,22.0,,,,21.0,,,,42.9,6.0,14.0,,8.0,,,10.0,6.0,4.0,,13.0,0,,1,3.0,,,,,,,,3.0,0.0,12.0,,,6.53,7.2,AFCON,Desconocido,CAF
SEL-AFCON-2021-9736778,Quarterfinals,2022-01-20,Gambia,1,Túnez,1,0,,,10.0,3.0,5.0,2.0,1.0,,,,,,,,,,0.0,1.0,1.0,2.0,41.0,,,31.0,59.6,124.0,208.0,,,25.0,,,,12.0,,,,20.0,1.0,5.0,,3.0,,,19.0,10.0,9.0,,17.0,0,,1,3.0,,,,,,,,2.0,0.0,11.0,,,,,19.0,3.0,8.0,8.0,0.0,,,,,,,,,,2.0,11.0,1.0,8.0,65.0,,,69.0,82.6,380.0,460.0,,,24.0,,,,11.0,,,,39.1,9.0,23.0,,6.0,,,15.0,9.0,6.0,,10.0,1,,0,2.0,,,,,,,,2.0,1.0,12.0,,,6.9,6.87,AFCON,Desconocido,CAF
SEL-AFCON-2021-9737781,Quarterfinals,2022-01-20,Mali,1,Mauritania,2,0,,,18.0,5.0,8.0,5.0,0.0,,,,,,,,,,4.0,4.0,2.0,9.0,43.0,,,66.0,88.3,424.0,480.0,,,23.0,,,,18.0,,,,55.6,5.0,9.0,,3.0,,,12.0,9.0,3.0,,10.0,0,,1,3.0,,,,,,,,2.0,,22.0,,,,,7.0,3.0,3.0,1.0,0.0,,,,,,,,,,0.0,3.0,0.0,7.0,30.0,,,34.0,77.7,181.0,233.0,,,14.0,,,,21.0,,,,16.7,2.0,12.0,,10.0,,,20.0,11.0,9.0,,9.0,2,,0,3.0,,,,,,,,2.0,,18.0,,,7.08,6.61,AFCON,CAF,Desconocido
SEL-AFCON-2023-11761871,Ronda 1,2024-01-13,Costa de Marfil,1,Guinea,2,0,,,10.0,4.0,3.0,3.0,1.0,,,,,,,,,,0.0,6.0,2.0,10.0,57.0,,,61.0,87.8,498.0,567.0,,,23.0,,,,11.0,,,,25.0,3.0,12.0,,7.0,,,12.0,9.0,3.0,,5.0,0,,1,3.0,,,,,,,,2.0,,10.0,,,,,10.0,3.0,7.0,0.0,0.0,,,,,,,,,,1.0,2.0,1.0,5.0,31.0,,,39.0,82.4,294.0,357.0,,,9.0,,,,9.0,,,,33.3,3.0,9.0,,9.0,,,17.0,11.0,6.0,,14.0,2,,0,2.0,,,,,,,,1.0,,11.0,,,7.21,6.59,AFCON,CAF,CAF
SEL-AFCON-2023-11761872,Ronda 1,2024-01-14,Nigeria,1,Guinea Ecuatorial,1,1,,,19.0,7.0,8.0,4.0,1.0,,,,,,,,,,7.0,2.0,3.0,5.0,45.0,,,51.0,77.5,262.0,338.0,,,17.0,,,,11.0,,,,33.3,8.0,24.0,,7.0,,,10.0,7.0,3.0,,9.0,1,,0,0.0,,,,,,,,1.0,,13.0,,,,,7.0,1.0,5.0,1.0,0.0,,,,,,,,,,0.0,3.0,2.0,1.0,48.0,,,49.0,76.3,254.0,333.0,,,21.0,,,,12.0,,,,14.3,2.0,14.0,,7.0,,,10.0,6.0,4.0,,23.0,1,,0,6.0,,,,,,,,2.0,,11.0,,,6.9,6.99,AFCON,CAF,CAF
SEL-AFCON-2023-11761873,Ronda 1,2024-01-14,Egipto,1,Mozambique,2,2,,,21.0,5.0,10.0,6.0,2.0,,,,,,,,,,2.0,7.0,0.0,11.0,58.0,,,61.0,91.3,473.0,518.0,,,21.0,,,,9.0,,,,20.5,9.0,44.0,,10.0,,,14.0,7.0,7.0,,10.0,2,,0,0.0,,,,,,,,1.0,,9.0,,,,,6.0,2.0,4.0,0.0,0.0,,,,,,,,,,2.0,2.0,1.0,8.0,35.0,,,39.0,84.0,283.0,337.0,,,20.0,,,,8.0,,,,33.3,5.0,15.0,,11.0,,,10.0,8.0,2.0,,39.0,2,,0,3.0,,,,,,,,3.0,,9.0,,,7.07,6.77,AFCON,CAF,CAF
SEL-AFCON-2023-11761874,Ronda 1,2024-01-14,Ghana,1,Cabo Verde,1,2,,,10.0,1.0,6.0,3.0,1.0,,,,,,,,,,3.0,2.0,3.0,9.0,44.0,,,47.0,81.5,277.0,340.0,,,11.0,,,,15.0,,,,41.7,5.0,12.0,,8.0,,,21.0,13.0,8.0,,14.0,2,,0,3.0,,,,,,,,3.0,,17.0,,,,,15.0,5.0,3.0,7.0,0.0,,,,,,,,,,3.0,5.0,3.0,12.0,46.0,,,53.0,81.4,319.0,392.0,,,34.0,,,,17.0,,,,22.2,2.0,9.0,,6.0,,,20.0,10.0,10.0,,8.0,1,,0,0.0,,,,,,,,3.0,,15.0,,,6.74,6.8,AFCON,CAF,CAF
SEL-AFCON-2023-11761875,Ronda 1,2024-01-15,Senegal,1,Gambia,3,0,,,14.0,6.0,4.0,4.0,0.0,,,,,,,,,,5.0,6.0,1.0,10.0,65.0,,,69.0,87.8,482.0,549.0,,,28.0,,,,14.0,,,,25.0,4.0,16.0,,4.0,,,19.0,14.0,5.0,,12.0,0,,1,2.0,,,,,,,,2.0,0.0,17.0,,,,,12.0,2.0,8.0,2.0,0.0,,,,,,,,,,3.0,4.0,1.0,6.0,47.0,,,31.0,74.3,185.0,249.0,,,22.0,,,,15.0,,,,75.0,6.0,8.0,,6.0,,,12.0,10.0,2.0,,28.0,3,,0,3.0,,,,,,,,0.0,1.0,14.0,,,7.17,6.41,AFCON,CAF,Desconocido
SEL-AFCON-2023-11761876,Ronda 1,2024-01-15,Camerún,1,Guinea,1,1,,,13.0,2.0,6.0,5.0,0.0,,,,,,,,,,2.0,5.0,1.0,6.0,58.0,,,70.0,84.3,377.0,447.0,,,15.0,,,,14.0,,,,30.6,11.0,36.0,,4.0,,,8.0,6.0,2.0,,6.0,1,,0,1.0,,,,,,,,2.0,0.0,14.0,,,,,6.0,2.0,3.0,1.0,0.0,,,,,,,,,,1.0,0.0,0.0,3.0,42.0,,,30.0,59.3,121.0,204.0,,,18.0,,,,14.0,,,,16.7,1.0,6.0,,8.0,,,11.0,9.0,2.0,,22.0,1,,0,1.0,,,,,,,,1.0,1.0,14.0,,,6.96,6.74,AFCON,CAF,CAF
SEL-AFCON-2023-11761877,Ronda 1,2024-01-15,Argelia,1,Angola,1,1,,,16.0,3.0,7.0,6.0,0.0,,,,,,,,,,1.0,14.0,4.0,5.0,61.0,,,66.0,86.0,442.0,514.0,,,32.0,,,,15.0,,,,16.1,5.0,31.0,,3.0,,,16.0,9.0,7.0,,9.0,1,,0,0.0,,,,,,,,4.0,,11.0,,,,,7.0,1.0,5.0,1.0,0.0,,,,,,,,,,2.0,2.0,0.0,2.0,34.0,,,34.0,72.5,190.0,262.0,,,19.0,,,,11.0,,,,25.0,3.0,12.0,,8.0,,,9.0,4.0,5.0,,29.0,1,,0,2.0,,,,,,,,1.0,,16.0,,,7.05,6.72,AFCON,CAF,CAF
SEL-AFCON-2023-11761878,Ronda 1,2024-01-16,Burkina Faso,1,Mauritania,1,0,,,11.0,5.0,4.0,2.0,0.0,,,,,,,,,,1.0,3.0,2.0,4.0,62.0,,,62.0,82.4,332.0,403.0,,,22.0,,,,12.0,,,,5.9,1.0,17.0,,7.0,,,15.0,5.0,10.0,,11.0,0,,1,4.0,,,,,,,,3.0,,21.0,,,,,9.0,4.0,5.0,0.0,0.0,,,,,,,,,,0.0,4.0,1.0,12.0,42.0,,,38.0,68.5,165.0,241.0,,,17.0,,,,19.0,,,,20.0,3.0,15.0,,10.0,,,23.0,14.0,9.0,,22.0,1,,0,4.0,,,,,,,,2.0,,13.0,,,6.92,6.97,AFCON,CAF,Desconocido
SEL-AFCON-2023-11761879,Ronda 1,2024-01-16,Túnez,1,Namibia,0,1,,,10.0,4.0,4.0,2.0,0.0,,,,,,,,,,2.0,8.0,4.0,10.0,55.0,,,61.0,76.5,339.0,443.0,,,25.0,,,,10.0,,,,38.9,7.0,18.0,,8.0,,,17.0,10.0,7.0,,30.0,1,,0,3.0,,,,,,,,,,12.0,,,,,13.0,6.0,4.0,3.0,0.0,,,,,,,,,,3.0,7.0,2.0,5.0,65.0,,,39.0,70.7,191.0,270.0,,,17.0,,,,12.0,,,,19.0,4.0,21.0,,15.0,,,10.0,5.0,5.0,,17.0,0,,1,4.0,,,,,,,,,,13.0,,,7.11,6.98,AFCON,CAF,CAF
SEL-AFCON-2023-11761880,Ronda 1,2024-01-16,Mali,1,Sudáfrica,2,0,,,16.0,7.0,6.0,3.0,1.0,,,,,,,,,,4.0,2.0,0.0,5.0,51.0,,,46.0,78.6,316.0,402.0,,,24.0,,,,11.0,,,,40.0,4.0,10.0,,14.0,,,32.0,20.0,12.0,,12.0,0,,1,6.0,,,,,,,,3.0,,14.0,,,,,12.0,6.0,5.0,1.0,1.0,,,,,,,,,,2.0,3.0,1.0,9.0,49.0,,,54.0,83.4,397.0,476.0,,,16.0,,,,14.0,,,,30.0,3.0,10.0,,12.0,,,12.0,5.0,7.0,,6.0,2,,0,5.0,,,,,,,,2.0,,11.0,,,7.35,6.75,AFCON,CAF,CAF
SEL-AFCON-2023-11761881,Ronda 1,2024-01-17,Marruecos,1,Tanzania,3,0,,,14.0,7.0,5.0,2.0,0.0,,,,,,,,,,4.0,5.0,,13.0,48.0,,,52.0,86.9,404.0,465.0,,,23.0,,,,13.0,,,,30.0,6.0,20.0,,5.0,,,10.0,7.0,3.0,,6.0,0,,1,0.0,,,,,,,,2.0,0.0,12.0,,,,,2.0,0.0,2.0,0.0,0.0,,,,,,,,,,0.0,2.0,,6.0,25.0,,,48.0,83.3,374.0,449.0,,,14.0,,,,12.0,,,,,0.0,7.0,,8.0,,,13.0,6.0,7.0,,17.0,3,,0,4.0,,,,,,,,5.0,1.0,13.0,,,7.26,6.33,AFCON,CAF,CAF
SEL-AFCON-2023-11761882,Ronda 1,2024-01-17,RD Congo,1,Zambia,1,1,,,25.0,6.0,13.0,6.0,0.0,,,,,,,,,,3.0,7.0,1.0,8.0,73.0,,,56.0,88.1,393.0,446.0,,,24.0,,,,12.0,,,,24.2,8.0,33.0,,5.0,,,12.0,7.0,5.0,,11.0,1,,0,0.0,,,,,,,,1.0,,10.0,,,,,3.0,1.0,1.0,1.0,0.0,,,,,,,,,,0.0,0.0,1.0,3.0,49.0,,,44.0,83.6,305.0,365.0,,,27.0,,,,10.0,,,,33.3,2.0,6.0,,4.0,,,14.0,10.0,4.0,,26.0,1,,0,4.0,,,,,,,,1.0,,12.0,,,7.21,6.87,AFCON,CAF,CAF
SEL-AFCON-2023-11761883,Ronda 2,2024-01-18,Guinea Ecuatorial,1,Guinea,4,2,,,8.0,6.0,0.0,2.0,1.0,,,,,,,,,,4.0,2.0,1.0,7.0,37.0,,,51.0,84.2,324.0,385.0,,,20.0,,,,11.0,,,,50.0,4.0,8.0,,4.0,,,16.0,11.0,5.0,,28.0,2,,0,2.0,,,,,,,,2.0,,15.0,,,,,13.0,2.0,6.0,5.0,0.0,,,,,,,,,,3.0,7.0,2.0,12.0,50.0,,,49.0,80.2,280.0,349.0,,,18.0,,,,15.0,,,,14.3,4.0,28.0,,4.0,,,14.0,9.0,5.0,,7.0,4,,0,2.0,,,,,,,,0.0,,11.0,,,7.12,6.39,AFCON,CAF,CAF
SEL-AFCON-2023-11761884,Ronda 2,2024-01-18,Costa de Marfil,1,Nigeria,0,1,,,14.0,3.0,10.0,1.0,0.0,,,,,,,,,,1.0,5.0,3.0,5.0,53.0,,,64.0,86.4,367.0,425.0,,,25.0,,,,17.0,,,,29.6,8.0,27.0,,3.0,,,13.0,9.0,4.0,,13.0,1,,0,0.0,,,,,,,,0.0,,16.0,,,,,11.0,1.0,7.0,3.0,0.0,,,,,,,,,,2.0,6.0,1.0,6.0,38.0,,,36.0,73.7,174.0,236.0,,,22.0,,,,14.0,,,,28.6,4.0,14.0,,8.0,,,20.0,10.0,10.0,,21.0,0,,1,3.0,,,,,,,,1.0,,20.0,,,6.83,7.1,AFCON,CAF,CAF
SEL-AFCON-2023-11761886,Ronda 2,2024-01-18,Egipto,1,Ghana,2,2,,,11.0,5.0,3.0,3.0,0.0,,,,,,,,,,2.0,3.0,2.0,7.0,62.0,,,58.0,83.5,369.0,442.0,,,12.0,,,,20.0,,,,22.2,4.0,18.0,,11.0,,,18.0,13.0,5.0,,10.0,2,,0,1.0,,,,,,,,0.0,,14.0,,,,,6.0,3.0,2.0,1.0,0.0,,,,,,,,,,0.0,4.0,1.0,11.0,42.0,,,42.0,81.9,262.0,320.0,,,18.0,,,,14.0,,,,11.8,2.0,17.0,,9.0,,,17.0,10.0,7.0,,25.0,2,,0,3.0,,,,,,,,1.0,,20.0,,,6.89,6.78,AFCON,CAF,CAF
SEL-AFCON-2023-11761888,Ronda 2,2024-01-19,Cabo Verde,1,Mozambique,3,0,,,11.0,5.0,4.0,2.0,1.0,,,,,,,,,,2.0,1.0,3.0,9.0,44.0,,,49.0,86.4,363.0,420.0,,,25.0,,,,15.0,,,,66.7,2.0,3.0,,6.0,,,24.0,17.0,7.0,,30.0,0,,1,2.0,,,,,,,,1.0,,17.0,,,,,8.0,2.0,6.0,0.0,1.0,,,,,,,,,,2.0,6.0,2.0,12.0,58.0,,,51.0,85.4,362.0,424.0,,,23.0,,,,16.0,,,,26.1,6.0,23.0,,5.0,,,13.0,9.0,4.0,,5.0,3,,0,2.0,,,,,,,,0.0,,15.0,,,7.25,6.43,AFCON,CAF,CAF
SEL-AFCON-2023-11761885,Ronda 2,2024-01-19,Senegal,1,Camerún,3,1,,,5.0,3.0,1.0,1.0,0.0,,,,,,,,,,1.0,8.0,3.0,6.0,42.0,,,47.0,76.7,257.0,335.0,,,29.0,,,,14.0,,,,23.1,3.0,13.0,,5.0,,,12.0,6.0,6.0,,20.0,1,,0,,,,,,,,,1.0,,14.0,,,,,5.0,1.0,2.0,2.0,0.0,,,,,,,,,,1.0,9.0,0.0,5.0,50.0,,,53.0,81.2,307.0,378.0,,,17.0,,,,13.0,,,,22.7,5.0,22.0,,5.0,,,11.0,9.0,2.0,,14.0,3,,0,,,,,,,,,3.0,,14.0,,,6.98,6.5,AFCON,CAF,CAF
SEL-AFCON-2023-11761887,Ronda 2,2024-01-19,Guinea,1,Gambia,1,0,,,16.0,6.0,5.0,5.0,2.0,,,,,,,,,,5.0,7.0,2.0,5.0,67.0,,,55.0,82.9,350.0,422.0,,,27.0,,,,18.0,,,,20.8,5.0,24.0,,9.0,,,18.0,13.0,5.0,,13.0,0,,1,0.0,,,,,,,,2.0,,11.0,,,,,7.0,0.0,4.0,3.0,0.0,,,,,,,,,,1.0,5.0,1.0,1.0,53.0,,,45.0,78.4,276.0,352.0,,,31.0,,,,10.0,,,,20.0,3.0,15.0,,7.0,,,9.0,4.0,5.0,,20.0,1,,0,4.0,,,,,,,,2.0,,18.0,,,7.29,6.77,AFCON,CAF,Desconocido
SEL-AFCON-2023-11761889,Ronda 2,2024-01-20,Argelia,1,Burkina Faso,2,2,,,15.0,4.0,7.0,4.0,0.0,,,,,,,,,,4.0,4.0,1.0,3.0,54.0,,,64.0,86.4,367.0,425.0,,,27.0,,,,18.0,,,,40.0,6.0,15.0,,9.0,,,17.0,9.0,8.0,,12.0,2,,0,1.0,,,,,,,,2.0,,13.0,,,,,6.0,3.0,2.0,1.0,0.0,,,,,,,,,,3.0,1.0,1.0,3.0,40.0,,,36.0,74.7,177.0,237.0,,,21.0,,,,12.0,,,,,0.0,8.0,,5.0,,,14.0,10.0,4.0,,15.0,2,,0,2.0,,,,,,,,5.0,,18.0,,,6.82,6.67,AFCON,CAF,CAF
SEL-AFCON-2023-11761890,Ronda 2,2024-01-20,Mauritania,1,Angola,2,3,,,14.0,4.0,7.0,3.0,0.0,,,,,,,,,,1.0,6.0,1.0,19.0,52.0,,,54.0,79.4,304.0,383.0,,,23.0,,,,14.0,,,,15.8,3.0,19.0,,12.0,,,21.0,15.0,6.0,,19.0,3,,0,3.0,,,,,,,,2.0,,12.0,,,,,19.0,6.0,6.0,7.0,0.0,,,,,,,,,,1.0,11.0,3.0,9.0,47.0,,,46.0,75.5,240.0,318.0,,,20.0,,,,12.0,,,,36.8,7.0,19.0,,5.0,,,10.0,9.0,1.0,,25.0,2,,0,3.0,,,,,,,,1.0,,15.0,,,6.93,6.92,AFCON,Desconocido,CAF
SEL-AFCON-2023-11761891,Ronda 2,2024-01-20,Túnez,1,Mali,1,1,,,5.0,1.0,2.0,2.0,0.0,,,,,,,,,,1.0,3.0,1.0,4.0,34.0,,,39.0,74.0,216.0,292.0,,,17.0,,,,14.0,,,,33.3,5.0,15.0,,1.0,,,10.0,6.0,4.0,,13.0,1,,0,,,,,,,,,2.0,,13.0,,,,,12.0,1.0,8.0,3.0,0.0,,,,,,,,,,1.0,4.0,0.0,4.0,56.0,,,61.0,84.3,407.0,483.0,,,28.0,,,,13.0,,,,40.0,4.0,10.0,,6.0,,,18.0,9.0,9.0,,26.0,1,,0,,,,,,,,,0.0,,14.0,,,6.7,6.91,AFCON,CAF,CAF
SEL-AFCON-2023-11761892,Ronda 2,2024-01-21,Marruecos,1,RD Congo,1,1,,,11.0,4.0,5.0,2.0,0.0,,,,,,,,,,1.0,3.0,,8.0,50.0,,,54.0,82.8,323.0,390.0,,,35.0,,,,15.0,,,,50.0,4.0,8.0,,7.0,,,17.0,10.0,7.0,,17.0,1,,0,1.0,,,,,,,,3.0,,17.0,,,,,10.0,2.0,7.0,1.0,1.0,,,,,,,,,,2.0,5.0,,8.0,55.0,,,46.0,74.7,239.0,320.0,,,23.0,,,,16.0,,,,41.7,5.0,12.0,,2.0,,,18.0,9.0,9.0,,7.0,1,,0,3.0,,,,,,,,1.0,,17.0,,,6.86,6.66,AFCON,CAF,CAF
SEL-AFCON-2023-11761893,Ronda 2,2024-01-21,Zambia,1,Tanzania,1,1,,,11.0,4.0,5.0,2.0,0.0,,,,,,,,,,3.0,5.0,3.0,5.0,51.0,,,45.0,84.2,353.0,419.0,,,20.0,,,,8.0,,,,36.8,7.0,19.0,,6.0,,,9.0,6.0,3.0,,7.0,1,,0,1.0,,,,,,,,3.0,1.0,18.0,,,,,6.0,2.0,3.0,1.0,0.0,,,,,,,,,,2.0,3.0,0.0,7.0,48.0,,,55.0,86.7,457.0,527.0,,,36.0,,,,18.0,,,,28.6,2.0,7.0,,7.0,,,10.0,7.0,3.0,,14.0,1,,0,3.0,,,,,,,,0.0,0.0,9.0,,,6.52,6.94,AFCON,CAF,CAF
SEL-AFCON-2023-11761894,Ronda 2,2024-01-21,Sudáfrica,1,Namibia,4,0,,,12.0,8.0,2.0,2.0,0.0,,,,,,,,,,4.0,6.0,2.0,9.0,54.0,,,51.0,70.8,257.0,363.0,,,29.0,,,,10.0,,,,17.6,3.0,17.0,,7.0,,,8.0,3.0,5.0,,14.0,0,,1,1.0,,,,,,,,1.0,,19.0,,,,,4.0,1.0,3.0,0.0,0.0,,,,,,,,,,0.0,2.0,6.0,5.0,54.0,,,49.0,68.5,230.0,336.0,,,28.0,,,,19.0,,,,13.0,3.0,23.0,,7.0,,,14.0,10.0,4.0,,14.0,4,,0,4.0,,,,,,,,0.0,,13.0,,,7.15,6.39,AFCON,CAF,CAF
SEL-AFCON-2023-11761895,Ronda 3,2024-01-22,Guinea Ecuatorial,1,Costa de Marfil,4,0,,,10.0,7.0,2.0,1.0,0.0,,,,,,,,,,3.0,1.0,0.0,6.0,45.0,,,32.0,63.8,127.0,199.0,,,16.0,,,,20.0,,,,50.0,1.0,2.0,,5.0,,,20.0,11.0,9.0,,32.0,0,,1,3.0,,,,,,,,3.0,,22.0,,,,,22.0,3.0,16.0,3.0,0.0,,,,,,,,,,4.0,11.0,2.0,13.0,57.0,,,68.0,82.7,325.0,393.0,,,29.0,,,,22.0,,,,22.9,8.0,35.0,,8.0,,,14.0,6.0,8.0,,2.0,4,,0,3.0,,,,,,,,2.0,,21.0,,,7.15,6.71,AFCON,CAF,CAF
SEL-AFCON-2023-11761896,Ronda 3,2024-01-22,Guinea,1,Nigeria,0,1,,,12.0,5.0,6.0,1.0,0.0,,,,,,,,,,0.0,3.0,1.0,7.0,46.0,,,51.0,85.9,372.0,433.0,,,16.0,,,,17.0,,,,22.2,2.0,9.0,,7.0,,,18.0,8.0,10.0,,15.0,1,,0,1.0,,,,,,,,0.0,,12.0,,,,,11.0,1.0,5.0,5.0,1.0,,,,,,,,,,4.0,2.0,6.0,7.0,50.0,,,49.0,87.0,356.0,409.0,,,24.0,,,,12.0,,,,30.4,7.0,23.0,,6.0,,,16.0,12.0,4.0,,7.0,0,,1,5.0,,,,,,,,3.0,,20.0,,,6.85,7.11,AFCON,CAF,CAF
SEL-AFCON-2023-11761898,Ronda 3,2024-01-22,Cabo Verde,1,Egipto,2,2,,,6.0,3.0,0.0,3.0,0.0,,,,,,,,,,2.0,4.0,3.0,10.0,45.0,,,47.0,84.2,331.0,393.0,,,14.0,,,,10.0,,,,18.2,2.0,11.0,,8.0,,,19.0,16.0,3.0,,30.0,2,,0,5.0,,,,,,,,1.0,,8.0,,,,,27.0,7.0,8.0,12.0,0.0,,,,,,,,,,4.0,8.0,1.0,6.0,55.0,,,53.0,88.7,386.0,435.0,,,29.0,,,,8.0,,,,40.7,11.0,27.0,,15.0,,,13.0,9.0,4.0,,8.0,2,,0,1.0,,,,,,,,2.0,,10.0,,,7.01,7.0,AFCON,CAF,CAF
SEL-AFCON-2023-11761897,Ronda 3,2024-01-22,Mozambique,1,Ghana,2,2,,,11.0,4.0,5.0,2.0,0.0,,,,,,,,,,1.0,6.0,2.0,8.0,37.0,,,61.0,82.5,306.0,371.0,,,23.0,,,,30.0,,,,20.8,5.0,24.0,,8.0,,,16.0,10.0,6.0,,11.0,2,,0,2.0,,,,,,,,4.0,,10.0,,,,,8.0,4.0,1.0,3.0,0.0,,,,,,,,,,2.0,3.0,0.0,7.0,37.0,,,39.0,73.2,180.0,246.0,,,21.0,,,,8.0,,,,11.1,1.0,9.0,,10.0,,,11.0,8.0,3.0,,31.0,2,,0,2.0,,,,,,,,5.0,,32.0,,,6.93,6.8,AFCON,CAF,CAF
SEL-AFCON-2023-11761900,Ronda 3,2024-01-23,Gambia,1,Camerún,2,3,,,15.0,7.0,5.0,3.0,0.0,,,,,,,,,,3.0,7.0,3.0,11.0,52.0,,,47.0,70.6,209.0,296.0,,,21.0,,,,9.0,,,,43.8,7.0,16.0,,5.0,,,14.0,9.0,5.0,,13.0,3,,0,1.0,,,,,,,,4.0,,14.0,,,,,13.0,3.0,7.0,3.0,2.0,,,,,,,,,,3.0,5.0,0.0,9.0,48.0,,,53.0,79.6,265.0,333.0,,,19.0,,,,12.0,,,,28.6,8.0,28.0,,6.0,,,12.0,8.0,4.0,,29.0,2,,0,5.0,,,,,,,,0.0,,9.0,,,6.69,7.15,AFCON,Desconocido,CAF
SEL-AFCON-2023-11761899,Ronda 3,2024-01-23,Guinea,1,Senegal,0,2,,,4.0,1.0,2.0,1.0,0.0,,,,,,,,,,1.0,0.0,1.0,7.0,42.0,,,51.0,81.3,318.0,391.0,,,17.0,,,,15.0,,,,18.2,2.0,11.0,,7.0,,,22.0,13.0,9.0,,14.0,2,,0,0.0,,,,,,,,2.0,,16.0,,,,,12.0,2.0,4.0,6.0,0.0,,,,,,,,,,3.0,6.0,1.0,11.0,54.0,,,49.0,81.6,301.0,369.0,,,16.0,,,,16.0,,,,33.3,5.0,15.0,,12.0,,,16.0,13.0,3.0,,10.0,0,,1,1.0,,,,,,,,2.0,,15.0,,,6.64,7.0,AFCON,CAF,CAF
SEL-AFCON-2023-11761902,Ronda 3,2024-01-23,Angola,1,Burkina Faso,2,0,,,6.0,5.0,1.0,0.0,0.0,,,,,,,,,,2.0,1.0,0.0,4.0,36.0,,,49.0,78.1,307.0,393.0,,,22.0,,,,10.0,,,,50.0,3.0,6.0,,10.0,,,11.0,7.0,4.0,,31.0,0,,1,3.0,,,,,,,,3.0,,15.0,,,,,20.0,3.0,6.0,11.0,0.0,,,,,,,,,,1.0,7.0,3.0,9.0,65.0,,,51.0,81.5,327.0,401.0,,,26.0,,,,14.0,,,,13.0,3.0,23.0,,5.0,,,20.0,13.0,7.0,,7.0,2,,0,3.0,,,,,,,,1.0,,10.0,,,7.01,6.99,AFCON,CAF,CAF
SEL-AFCON-2023-11761901,Ronda 3,2024-01-23,Mauritania,1,Argelia,1,0,,,17.0,7.0,5.0,5.0,1.0,,,,,,,,,,1.0,5.0,2.0,9.0,38.0,,,25.0,59.3,108.0,182.0,,,18.0,,,,15.0,,,,16.7,2.0,12.0,,6.0,,,25.0,14.0,11.0,,36.0,0,,1,5.0,,,,,,,,3.0,,18.0,,,,,16.0,6.0,8.0,2.0,0.0,,,,,,,,,,3.0,6.0,2.0,13.0,67.0,,,75.0,84.8,463.0,546.0,,,26.0,,,,18.0,,,,15.4,4.0,26.0,,6.0,,,13.0,4.0,9.0,,13.0,1,,0,6.0,,,,,,,,3.0,,15.0,,,7.17,6.93,AFCON,Desconocido,CAF
SEL-AFCON-2023-11761904,Ronda 3,2024-01-24,Namibia,1,Mali,0,0,,,5.0,1.0,4.0,0.0,1.0,,,,,,,,,,1.0,9.0,3.0,5.0,53.0,,,34.0,61.4,124.0,202.0,,,17.0,,,,14.0,,,,15.4,4.0,26.0,,3.0,,,13.0,10.0,3.0,,21.0,0,,1,2.0,,,,,,,,1.0,,15.0,,,,,10.0,2.0,4.0,4.0,0.0,,,,,,,,,,1.0,3.0,2.0,6.0,47.0,,,66.0,84.4,372.0,441.0,,,30.0,,,,13.0,,,,16.7,2.0,12.0,,5.0,,,11.0,6.0,5.0,,24.0,0,,1,1.0,,,,,,,,0.0,,15.0,,,6.95,6.87,AFCON,CAF,CAF
SEL-AFCON-2023-11761903,Ronda 3,2024-01-24,Sudáfrica,1,Túnez,0,0,,,11.0,2.0,6.0,3.0,0.0,,,,,,,,,,0.0,5.0,1.0,7.0,54.0,,,45.0,78.1,299.0,383.0,,,26.0,,,,9.0,,,,28.6,4.0,14.0,,5.0,,,15.0,7.0,8.0,,21.0,0,,1,2.0,,,,,,,,,,13.0,,,,,11.0,2.0,6.0,3.0,0.0,,,,,,,,,,2.0,6.0,1.0,2.0,64.0,,,55.0,80.0,367.0,459.0,,,20.0,,,,13.0,,,,24.1,7.0,29.0,,10.0,,,28.0,16.0,12.0,,10.0,0,,1,2.0,,,,,,,,,,9.0,,,7.0,7.1,AFCON,CAF,CAF
SEL-AFCON-2023-11761905,Ronda 3,2024-01-24,Tanzania,1,RD Congo,0,0,,,4.0,0.0,2.0,2.0,0.0,,,,,,,,,,0.0,1.0,1.0,8.0,54.0,,,51.0,79.8,376.0,471.0,,,29.0,,,,9.0,,,,8.3,1.0,12.0,,6.0,,,18.0,11.0,7.0,,26.0,0,,1,3.0,,,,,,,,0.0,,5.0,,,,,9.0,3.0,4.0,2.0,0.0,,,,,,,,,,1.0,4.0,1.0,14.0,74.0,,,49.0,82.4,366.0,444.0,,,22.0,,,,5.0,,,,13.0,3.0,23.0,,8.0,,,12.0,5.0,7.0,,12.0,0,,1,0.0,,,,,,,,1.0,,9.0,,,6.95,6.95,AFCON,CAF,CAF
SEL-AFCON-2023-11761906,Ronda 3,2024-01-24,Zambia,1,Marruecos,0,1,,,11.0,2.0,7.0,2.0,0.0,,,,,,,,,,1.0,3.0,2.0,8.0,47.0,,,42.0,82.4,300.0,364.0,,,15.0,,,,16.0,,,,,0.0,7.0,,5.0,,,10.0,6.0,4.0,,15.0,1,,0,6.0,,,,,,,,0.0,,9.0,,,,,19.0,7.0,9.0,3.0,0.0,,,,,,,,,,5.0,7.0,1.0,9.0,50.0,,,58.0,88.6,437.0,493.0,,,31.0,,,,8.0,,,,47.4,9.0,19.0,,7.0,,,14.0,8.0,6.0,,11.0,0,,1,2.0,,,,,,,,1.0,,17.0,,,6.85,7.32,AFCON,CAF,CAF
SEL-AFCON-2025-13424932,Ronda 1,2025-12-21,Marruecos,1,Comoros,2,0,,,16.0,7.0,4.0,5.0,0.0,,,,,,,,,,3.0,5.0,2.0,6.0,70.0,,40.0,70.0,89.8,582.0,648.0,,,17.0,,,,19.0,,,,17.2,5.0,29.0,,6.0,,,12.0,8.0,4.0,,7.0,0,,1,2.0,,,0.0,,,,,3.0,,10.0,,,,,4.0,2.0,2.0,0.0,0.0,,,,,,,,,,2.0,0.0,4.0,4.0,27.0,,2.0,30.0,76.1,217.0,285.0,,,9.0,,,,19.0,,,,,0.0,4.0,,12.0,,,16.0,9.0,7.0,,34.0,2,,0,5.0,,,1.0,,,,,1.0,,12.0,,,6.98,6.55,AFCON,CAF,Desconocido
SEL-AFCON-2025-13424933,Ronda 1,2025-12-22,Mali,1,Zambia,1,1,,,15.0,5.0,5.0,5.0,0.0,,,,,,,,,,4.0,6.0,0.0,15.0,61.0,,27.0,53.0,82.4,350.0,425.0,,,17.0,,,,12.0,,,,20.0,3.0,15.0,,8.0,,,20.0,12.0,8.0,,24.0,1,,0,1.0,,,0.0,,,,,1.0,,15.0,,,,,7.0,2.0,3.0,2.0,0.0,,,,,,,,,,2.0,5.0,2.0,12.0,44.0,,13.0,47.0,80.3,301.0,375.0,,,24.0,,,,15.0,,,,25.0,4.0,16.0,,7.0,,,16.0,7.0,9.0,,23.0,1,,0,4.0,,,1.0,,,,,1.0,,13.0,,,6.82,6.83,AFCON,CAF,CAF
SEL-AFCON-2025-13424936,Ronda 1,2025-12-22,Sudáfrica,1,Angola,2,1,,,10.0,4.0,4.0,2.0,1.0,,,,,,,,,,1.0,1.0,1.0,2.0,61.0,,14.0,58.0,85.2,390.0,458.0,,,27.0,,,,23.0,,,,44.4,4.0,9.0,,3.0,,,10.0,7.0,3.0,,26.0,1,,0,3.0,,,,,4.0,,,2.0,,17.0,,,,,10.0,4.0,1.0,5.0,0.0,,,,,,,,,,2.0,9.0,1.0,4.0,42.0,,23.0,42.0,80.2,255.0,318.0,,,19.0,,,,17.0,,,,33.3,9.0,27.0,,10.0,,,7.0,3.0,4.0,,16.0,2,,0,2.0,,,,,0.0,,,2.0,,23.0,,,7.14,6.53,AFCON,CAF,CAF
SEL-AFCON-2025-13424935,Ronda 1,2025-12-22,Egipto,1,Zimbabue,2,1,,,35.0,11.0,14.0,10.0,1.0,,,,,,,,,,8.0,8.0,3.0,10.0,77.0,,50.0,78.0,88.0,600.0,682.0,,,33.0,,,,15.0,,,,43.3,13.0,30.0,,7.0,,,7.0,5.0,2.0,,28.0,1,,0,2.0,,,,,,,,2.0,,13.0,,,,,8.0,3.0,4.0,1.0,0.0,,,,,,,,,,0.0,3.0,1.0,3.0,44.0,,14.0,22.0,56.3,111.0,197.0,,,18.0,,,,13.0,,,,25.0,3.0,12.0,,10.0,,,19.0,10.0,9.0,,37.0,2,,0,9.0,,,,,,,,2.0,,15.0,,,7.17,6.78,AFCON,CAF,CAF
SEL-AFCON-2025-13424940,Ronda 1,2025-12-23,RD Congo,1,Benín,1,0,,,11.0,3.0,5.0,3.0,0.0,,,,,,,,,,2.0,5.0,1.0,6.0,44.0,,16.0,40.0,74.4,224.0,301.0,,,19.0,,,,11.0,,,,22.2,4.0,18.0,,6.0,,,16.0,6.0,10.0,,28.0,0,,1,2.0,,,,,,,0.0,3.0,,16.0,,,,,12.0,2.0,10.0,0.0,0.0,,,,,,,,,,1.0,5.0,0.0,9.0,55.0,,14.0,60.0,83.9,380.0,453.0,,,35.0,,,,16.0,,,,20.0,5.0,25.0,,6.0,,,16.0,12.0,4.0,,21.0,1,,0,2.0,,,,,,,1.0,3.0,,11.0,,,6.96,6.71,AFCON,CAF,CAF
SEL-AFCON-2025-13424939,Ronda 1,2025-12-23,Senegal,1,Botswana,3,0,,,28.0,17.0,6.0,5.0,0.0,,,,,,,,,,9.0,7.0,1.0,11.0,89.0,,57.0,68.0,90.8,582.0,641.0,,,10.0,,,,7.0,,,,25.0,7.0,28.0,,6.0,,,12.0,5.0,7.0,,14.0,0,,1,0.0,,,,,0.0,,0.0,1.0,,16.0,,,,,4.0,0.0,3.0,1.0,0.0,,,,,,,,,,0.0,2.0,5.0,5.0,42.0,,5.0,32.0,76.7,237.0,309.0,,,37.0,,,,16.0,,,,25.0,2.0,8.0,,4.0,,,16.0,4.0,12.0,,29.0,3,,0,14.0,,,,,2.0,,1.0,2.0,,7.0,,,7.31,6.82,AFCON,CAF,Desconocido
SEL-AFCON-2025-13424937,Ronda 1,2025-12-23,Nigeria,1,Tanzania,2,1,,,21.0,11.0,7.0,3.0,1.0,,,,,,,,,,4.0,6.0,1.0,14.0,56.0,,32.0,59.0,89.0,451.0,507.0,,,25.0,,,,7.0,,,,21.4,6.0,28.0,,5.0,,,14.0,8.0,6.0,,13.0,1,,0,2.0,,,,,1.0,,,1.0,,23.0,,,,,11.0,3.0,5.0,3.0,0.0,,,,,,,,,,2.0,6.0,2.0,4.0,45.0,,14.0,41.0,79.3,276.0,348.0,,,18.0,,,,23.0,,,,43.8,7.0,16.0,,7.0,,,21.0,11.0,10.0,,32.0,2,,0,8.0,,,,,1.0,,,0.0,,7.0,,,7.07,6.85,AFCON,CAF,CAF
SEL-AFCON-2025-13424938,Ronda 1,2025-12-23,Túnez,1,Uganda,3,1,,,15.0,6.0,6.0,3.0,0.0,,,,,,,,,,2.0,8.0,0.0,11.0,53.0,,38.0,49.0,81.1,344.0,424.0,,,21.0,,,,15.0,,,,41.2,7.0,17.0,,10.0,,,14.0,8.0,6.0,,25.0,1,,0,0.0,,,,,,,,1.0,,15.0,,,,,9.0,1.0,5.0,3.0,0.0,,,,,,,,,,0.0,2.0,1.0,10.0,46.0,,10.0,51.0,81.2,363.0,447.0,,,21.0,,,,15.0,,,,9.1,1.0,11.0,,8.0,,,21.0,14.0,7.0,,28.0,3,,0,3.0,,,,,,,,2.0,,15.0,,,7.14,6.44,AFCON,CAF,CAF
SEL-AFCON-2025-13424942,Ronda 1,2025-12-24,Burkina Faso,1,Guinea Ecuatorial,2,1,,,16.0,5.0,6.0,5.0,0.0,,,,,,,,,,5.0,9.0,2.0,13.0,62.0,,48.0,67.0,85.7,412.0,481.0,,,22.0,,,,12.0,,,,28.0,7.0,25.0,,4.0,,,19.0,9.0,10.0,,17.0,1,,0,0.0,,,,,1.0,,,1.0,0.0,16.0,,,,,5.0,1.0,4.0,0.0,0.0,,,,,,,,,,0.0,3.0,1.0,4.0,36.0,,10.0,33.0,72.2,174.0,241.0,,,24.0,,,,16.0,,,,10.0,1.0,10.0,,8.0,,,13.0,9.0,4.0,,28.0,2,,0,3.0,,,,,4.0,,,1.0,1.0,12.0,,,7.0,6.52,AFCON,CAF,CAF
SEL-AFCON-2025-13424941,Ronda 1,2025-12-24,Argelia,1,Sudan,3,0,,,14.0,7.0,5.0,2.0,1.0,,,,,,,,,,5.0,11.0,3.0,11.0,50.0,,28.0,58.0,88.0,405.0,460.0,,,19.0,,,,9.0,,,,12.5,3.0,24.0,,13.0,,,13.0,7.0,6.0,,9.0,0,,1,2.0,,,,,1.0,,,0.0,0.0,16.0,,,,,5.0,2.0,3.0,0.0,0.0,,,,,,,,,,0.0,1.0,2.0,5.0,30.0,,13.0,42.0,79.9,271.0,339.0,,,17.0,,,,16.0,,,,40.0,4.0,10.0,,11.0,,,14.0,8.0,6.0,,20.0,3,,0,4.0,,,,,0.0,,,3.0,1.0,9.0,,,7.21,6.31,AFCON,CAF,Desconocido
SEL-AFCON-2025-13424943,Ronda 1,2025-12-24,Costa de Marfil,1,Mozambique,1,0,,,15.0,5.0,7.0,3.0,0.0,,,,,,,,,,6.0,9.0,,9.0,57.0,,28.0,54.0,91.7,486.0,530.0,,,23.0,,,,7.0,,,,24.0,6.0,25.0,,7.0,,,13.0,13.0,0.0,,10.0,0,,1,2.0,,,,,1.0,,0.0,1.0,,17.0,,,,,4.0,2.0,0.0,2.0,0.0,,,,,,,,,,0.0,3.0,,3.0,29.0,,9.0,46.0,88.8,404.0,455.0,,,20.0,,,,17.0,,,,20.0,3.0,15.0,,9.0,,,17.0,10.0,7.0,,16.0,1,,0,3.0,,,,,0.0,,3.0,2.0,,7.0,,,7.27,6.95,AFCON,CAF,CAF
SEL-AFCON-2025-13424944,Ronda 1,2025-12-24,Camerún,1,Gabón,1,0,,,13.0,3.0,6.0,4.0,1.0,,,,,,,,,,3.0,9.0,0.0,5.0,43.0,,24.0,43.0,73.8,234.0,317.0,,,25.0,,,,9.0,,,,21.7,5.0,23.0,,5.0,,,20.0,14.0,6.0,,29.0,0,,1,2.0,,,,,2.0,,1.0,2.0,,16.0,,,,,12.0,2.0,7.0,3.0,0.0,,,,,,,,,,1.0,5.0,2.0,11.0,52.0,,16.0,57.0,82.5,350.0,424.0,,,23.0,,,,16.0,,,,16.0,4.0,25.0,,10.0,,,29.0,15.0,14.0,,38.0,1,,0,2.0,,,,,1.0,,0.0,1.0,,9.0,,,6.99,6.86,AFCON,CAF,CAF
SEL-AFCON-2025-13424948,Ronda 2,2025-12-26,Angola,1,Zimbabue,1,1,,,15.0,6.0,5.0,4.0,0.0,,,,,,,,,,3.0,5.0,2.0,11.0,57.0,,20.0,63.0,80.1,290.0,362.0,,,24.0,,,,24.0,,,,19.0,4.0,21.0,,4.0,,,12.0,7.0,5.0,,24.0,1,,0,3.0,,,,,2.0,,0.0,3.0,,17.0,,,,,17.0,4.0,8.0,5.0,0.0,,,,,,,,,,1.0,6.0,1.0,2.0,50.0,,22.0,37.0,64.7,139.0,215.0,,,20.0,,,,17.0,,,,22.2,2.0,9.0,,6.0,,,10.0,4.0,6.0,,19.0,1,,0,5.0,,,,,2.0,,1.0,4.0,,24.0,,,6.96,6.59,AFCON,CAF,CAF
SEL-AFCON-2025-13424947,Ronda 2,2025-12-26,Egipto,1,Sudáfrica,1,0,,,6.0,3.0,2.0,1.0,0.0,,,,,,,,,,1.0,4.0,0.0,4.0,36.0,,8.0,36.0,79.3,245.0,309.0,,,29.0,,,,8.0,,,,18.2,2.0,11.0,,7.0,,,25.0,11.0,14.0,,45.0,0,,1,6.0,,,,,1.0,,4.0,2.0,1.0,10.0,,,,,18.0,6.0,9.0,3.0,0.0,,,,,,,,,,1.0,7.0,4.0,8.0,84.0,,24.0,64.0,88.5,475.0,537.0,,,25.0,,,,10.0,,,,10.7,3.0,28.0,,6.0,,,16.0,10.0,6.0,,10.0,1,,0,2.0,,,,,0.0,,0.0,3.0,0.0,9.0,,,7.14,6.62,AFCON,CAF,CAF
SEL-AFCON-2025-13424946,Ronda 2,2025-12-26,Zambia,1,Comoros,0,0,,,10.0,0.0,7.0,3.0,0.0,,,,,,,,,,0.0,6.0,0.0,10.0,56.0,,19.0,47.0,83.4,373.0,447.0,,,24.0,,,,13.0,,,,21.9,7.0,32.0,,8.0,,,13.0,11.0,2.0,,20.0,0,,1,,,,,,0.0,,1.0,2.0,,15.0,,,,,10.0,1.0,6.0,3.0,0.0,,,,,,,,,,1.0,2.0,1.0,7.0,69.0,,11.0,53.0,86.9,457.0,526.0,,,34.0,,,,15.0,,,,,0.0,12.0,,11.0,,,17.0,11.0,6.0,,31.0,0,,1,,,,,,3.0,,0.0,0.0,,13.0,,,6.9,6.95,AFCON,CAF,Desconocido
SEL-AFCON-2025-13424945,Ronda 2,2025-12-26,Marruecos,1,Mali,1,1,,,15.0,4.0,7.0,4.0,0.0,,,,,,,,,,5.0,6.0,2.0,6.0,67.0,,34.0,62.0,85.0,398.0,468.0,,,17.0,,,,21.0,,,,28.6,6.0,21.0,,11.0,,,16.0,11.0,5.0,,9.0,1,,0,0.0,,,,,,,,1.0,,15.0,,,,,5.0,1.0,1.0,3.0,0.0,,,,,,,,,,1.0,0.0,2.0,6.0,38.0,,9.0,38.0,73.9,221.0,299.0,,,18.0,,,,14.0,,,,100.0,1.0,1.0,,13.0,,,28.0,19.0,9.0,,37.0,1,,0,4.0,,,,,,,,8.0,,22.0,,,6.62,6.73,AFCON,CAF,CAF
SEL-AFCON-2025-13424953,Ronda 2,2025-12-27,Benín,1,Botswana,1,0,,,10.0,4.0,6.0,0.0,0.0,,,,,,,,,,3.0,1.0,2.0,7.0,50.0,,24.0,52.0,85.0,432.0,508.0,,,33.0,,,,20.0,,,,36.4,4.0,11.0,,10.0,,,8.0,6.0,2.0,,22.0,0,,1,1.0,,,,,1.0,,,2.0,,19.0,,,,,5.0,1.0,3.0,1.0,1.0,,,,,,,,,,1.0,1.0,1.0,4.0,41.0,,7.0,48.0,82.4,383.0,465.0,,,8.0,,,,19.0,,,,21.1,4.0,19.0,,6.0,,,13.0,10.0,3.0,,23.0,1,,0,3.0,,,,,2.0,,,2.0,,20.0,,,7.24,6.43,AFCON,CAF,Desconocido
SEL-AFCON-2025-13424951,Ronda 2,2025-12-27,Senegal,1,RD Congo,1,1,,,11.0,3.0,6.0,2.0,0.0,,,,,,,,,,3.0,5.0,2.0,9.0,70.0,,27.0,64.0,86.8,439.0,506.0,,,29.0,,,,12.0,,,,9.5,2.0,21.0,,7.0,,,14.0,10.0,4.0,,14.0,1,,0,2.0,,,,,0.0,,0.0,1.0,,18.0,,,,,7.0,3.0,3.0,1.0,0.0,,,,,,,,,,1.0,2.0,1.0,5.0,40.0,,10.0,36.0,77.6,218.0,281.0,,,15.0,,,,18.0,,,,30.8,4.0,13.0,,8.0,,,17.0,10.0,7.0,,34.0,1,,0,2.0,,,,,1.0,,1.0,0.0,,12.0,,,6.8,6.75,AFCON,CAF,CAF
SEL-AFCON-2025-13424950,Ronda 2,2025-12-27,Uganda,1,Tanzania,1,1,,,14.0,6.0,6.0,2.0,1.0,,,,,,,,,,2.0,7.0,2.0,10.0,52.0,,25.0,55.0,82.4,347.0,421.0,,,21.0,,,,15.0,,,,20.0,4.0,20.0,,11.0,,,20.0,11.0,9.0,,13.0,1,,0,1.0,,,,,2.0,,0.0,3.0,,16.0,,,,,11.0,2.0,6.0,3.0,0.0,,,,,,,,,,2.0,3.0,4.0,9.0,44.0,,16.0,45.0,79.3,275.0,347.0,,,27.0,,,,15.0,,,,26.7,4.0,15.0,,11.0,,,22.0,10.0,12.0,,27.0,1,,0,5.0,,,,,0.0,,1.0,2.0,,16.0,,,6.63,6.72,AFCON,CAF,CAF
SEL-AFCON-2025-13424949,Ronda 2,2025-12-27,Nigeria,1,Túnez,3,2,,,15.0,5.0,7.0,3.0,0.0,,,,,,,,,,5.0,4.0,1.0,6.0,57.0,,26.0,60.0,88.4,390.0,441.0,,,21.0,,,,15.0,,,,40.7,11.0,27.0,,8.0,,,17.0,14.0,3.0,,23.0,2,,0,0.0,,,,,,,1.0,3.0,,18.0,,,,,8.0,2.0,5.0,1.0,0.0,,,,,,,,,,3.0,6.0,1.0,11.0,31.0,,23.0,40.0,78.5,234.0,298.0,,,22.0,,,,17.0,,,,31.6,6.0,19.0,,5.0,,,6.0,5.0,1.0,,20.0,3,,0,2.0,,,,,,,1.0,0.0,,15.0,,,7.16,6.55,AFCON,CAF,CAF
SEL-AFCON-2025-13424957,Ronda 2,2025-12-28,Gabón,1,Mozambique,2,3,,,16.0,10.0,4.0,2.0,0.0,,,,,,,,,,6.0,4.0,0.0,5.0,54.0,,21.0,57.0,82.0,342.0,417.0,,,22.0,,,,9.0,,,,21.2,7.0,33.0,,12.0,,,16.0,8.0,8.0,,16.0,3,,0,2.0,,,,,0.0,,,2.0,,11.0,,,,,13.0,5.0,6.0,2.0,1.0,,,,,,,,,,6.0,4.0,1.0,11.0,50.0,,18.0,43.0,76.0,253.0,333.0,,,19.0,,,,10.0,,,,33.3,4.0,12.0,,11.0,,,16.0,10.0,6.0,,27.0,2,,0,8.0,,,,,5.0,,,2.0,,9.0,,,6.48,7.05,AFCON,CAF,CAF
SEL-AFCON-2025-13424955,Ronda 2,2025-12-28,Guinea Ecuatorial,1,Sudan,0,1,,,15.0,3.0,8.0,4.0,0.0,,,,,,,,,,3.0,3.0,4.0,5.0,65.0,,23.0,66.0,83.4,382.0,458.0,,,27.0,,,,10.0,,,,7.1,1.0,14.0,,3.0,,,13.0,7.0,6.0,,23.0,1,,0,1.0,,,,,1.0,,2.0,3.0,,14.0,,,,,13.0,2.0,7.0,4.0,0.0,,,,,,,,,,0.0,3.0,2.0,6.0,53.0,,15.0,34.0,68.3,153.0,224.0,,,17.0,,,,14.0,,,,5.6,1.0,18.0,,12.0,,,16.0,11.0,5.0,,23.0,0,,1,3.0,,,,,1.0,,0.0,3.0,,10.0,,,6.69,6.8,AFCON,CAF,Desconocido
SEL-AFCON-2025-13424954,Ronda 2,2025-12-28,Argelia,1,Burkina Faso,1,0,,,10.0,5.0,3.0,2.0,0.0,,,,,,,,,,5.0,2.0,1.0,5.0,35.0,,15.0,49.0,83.4,321.0,385.0,,,22.0,,,,18.0,,,,12.5,1.0,8.0,,12.0,,,15.0,10.0,5.0,,25.0,0,,1,2.0,,,,,0.0,,,2.0,,24.0,,,,,14.0,2.0,8.0,4.0,1.0,,,,,,,,,,3.0,6.0,0.0,9.0,65.0,,20.0,51.0,83.4,321.0,385.0,,,14.0,,,,24.0,,,,23.8,5.0,21.0,,7.0,,,19.0,11.0,8.0,,7.0,1,,0,4.0,,,,,2.0,,,3.0,,19.0,,,6.97,6.87,AFCON,CAF,CAF
SEL-AFCON-2025-13424956,Ronda 2,2025-12-28,Costa de Marfil,1,Camerún,1,1,,,13.0,2.0,6.0,5.0,1.0,,,,,,,,,,2.0,7.0,,7.0,30.0,,22.0,51.0,82.9,281.0,339.0,,,18.0,,,,15.0,,,,31.8,7.0,22.0,,4.0,,,7.0,3.0,4.0,,30.0,1,,0,2.0,,,,,1.0,,0.0,2.0,,18.0,,,,,12.0,2.0,7.0,3.0,2.0,,,,,,,,,,1.0,3.0,,2.0,43.0,,18.0,49.0,82.0,277.0,338.0,,,14.0,,,,18.0,,,,20.0,3.0,15.0,,8.0,,,12.0,6.0,6.0,,22.0,1,,0,1.0,,,,,1.0,,3.0,2.0,,15.0,,,6.89,6.75,AFCON,CAF,CAF
SEL-AFCON-2025-13424960,Ronda 3,2025-12-29,Angola,1,Egipto,0,0,,,16.0,4.0,10.0,2.0,1.0,,,,,,,,,,1.0,4.0,0.0,11.0,50.0,,23.0,44.0,76.0,244.0,321.0,,,19.0,,,,11.0,,,,14.8,4.0,27.0,,10.0,,,20.0,10.0,10.0,,31.0,0,,1,2.0,,,,,1.0,,0.0,1.0,,15.0,,,,,5.0,2.0,3.0,0.0,0.0,,,,,,,,,,2.0,2.0,2.0,10.0,64.0,,13.0,56.0,75.9,324.0,427.0,,,30.0,,,,15.0,,,,6.2,1.0,16.0,,10.0,,,17.0,7.0,10.0,,26.0,0,,1,5.0,,,,,1.0,,1.0,2.0,,11.0,,,6.91,6.82,AFCON,CAF,CAF
SEL-AFCON-2025-13424961,Ronda 3,2025-12-29,Zimbabue,1,Sudáfrica,2,3,,,10.0,3.0,5.0,2.0,1.0,,,,,,,,,,3.0,3.0,5.0,8.0,58.0,,24.0,34.0,67.9,165.0,243.0,,,16.0,,,,11.0,,,,8.3,1.0,12.0,,15.0,,,16.0,9.0,7.0,,18.0,3,,0,6.0,,,,,,,,1.0,,14.0,,,,,16.0,9.0,5.0,2.0,0.0,,,,,,,,,,4.0,3.0,1.0,6.0,61.0,,25.0,66.0,82.2,403.0,490.0,,,33.0,,,,13.0,,,,20.0,2.0,10.0,,8.0,,,13.0,5.0,8.0,,31.0,2,,0,2.0,,,,,,,,1.0,,11.0,,,6.48,6.9,AFCON,CAF,CAF
SEL-AFCON-2025-13424959,Ronda 3,2025-12-29,Comoros,1,Mali,0,0,,,5.0,1.0,3.0,1.0,0.0,,,,,,,,,,0.0,5.0,3.0,2.0,44.0,,9.0,32.0,74.1,226.0,305.0,,,22.0,,,,8.0,,,,11.1,1.0,9.0,,10.0,,,10.0,7.0,3.0,,24.0,0,,1,2.0,,,,,1.0,,1.0,3.0,0.0,22.0,,,,,13.0,2.0,8.0,3.0,0.0,,,,,,,,,,1.0,2.0,2.0,8.0,77.0,,14.0,68.0,87.6,572.0,653.0,,,28.0,,,,22.0,,,,25.0,3.0,12.0,,12.0,,,18.0,15.0,3.0,,15.0,0,,1,1.0,,,,,0.0,,0.0,1.0,1.0,8.0,,,6.54,7.09,AFCON,Desconocido,CAF
SEL-AFCON-2025-13424958,Ronda 3,2025-12-29,Zambia,1,Marruecos,0,3,,,5.0,0.0,4.0,1.0,0.0,,,,,,,,,,0.0,1.0,2.0,6.0,26.0,,6.0,43.0,84.1,296.0,352.0,,,21.0,,,,12.0,,,,14.3,1.0,7.0,,10.0,,,19.0,8.0,11.0,,29.0,3,,0,6.0,,,,,1.0,,,4.0,1.0,23.0,,,,,19.0,9.0,7.0,3.0,0.0,,,,,,,,,,5.0,5.0,4.0,11.0,55.0,,33.0,57.0,89.7,417.0,465.0,,,22.0,,,,23.0,,,,25.0,3.0,12.0,,7.0,,,15.0,14.0,1.0,,14.0,0,,1,0.0,,,,,0.0,,,1.0,0.0,12.0,,,6.35,7.35,AFCON,CAF,CAF
SEL-AFCON-2025-13424964,Ronda 3,2025-12-30,Tanzania,1,Túnez,1,1,,,6.0,2.0,4.0,0.0,0.0,,,,,,,,,,0.0,2.0,1.0,3.0,42.0,,3.0,36.0,71.0,206.0,290.0,,,22.0,,,,14.0,,,,33.3,2.0,6.0,,9.0,,,20.0,12.0,8.0,,25.0,1,,0,1.0,,,,,,,0.0,3.0,,9.0,,,,,6.0,2.0,3.0,1.0,1.0,,,,,,,,,,1.0,2.0,0.0,10.0,61.0,,16.0,64.0,83.6,427.0,511.0,,,19.0,,,,8.0,,,,33.3,5.0,15.0,,5.0,,,18.0,7.0,11.0,,16.0,1,,0,1.0,,,,,,,1.0,1.0,,14.0,,,6.5,6.69,AFCON,CAF,CAF
SEL-AFCON-2025-13424963,Ronda 3,2025-12-30,Uganda,1,Nigeria,1,3,,,9.0,1.0,7.0,1.0,0.0,,,,,,,,,,1.0,2.0,2.0,5.0,50.0,,11.0,28.0,72.7,160.0,220.0,,,18.0,,,,14.0,,,,30.0,3.0,10.0,,4.0,,,10.0,7.0,3.0,,22.0,3,,0,3.0,,,,,1.0,,,1.0,1.0,6.0,,,,,13.0,6.0,5.0,2.0,0.0,,,,,,,,,,6.0,3.0,3.0,12.0,58.0,,30.0,72.0,91.7,528.0,576.0,,,45.0,,,,6.0,,,,21.1,4.0,19.0,,5.0,,,9.0,7.0,2.0,,17.0,1,,0,0.0,,,,,1.0,,,2.0,0.0,14.0,,,6.48,7.17,AFCON,CAF,CAF
SEL-AFCON-2025-13424965,Ronda 3,2025-12-30,Benín,1,Senegal,0,3,,,7.0,4.0,3.0,0.0,0.0,,,,,,,,,,1.0,4.0,,3.0,39.0,,12.0,49.0,82.4,328.0,398.0,,,20.0,,,,19.0,,,,7.7,1.0,13.0,,12.0,,,14.0,9.0,5.0,,19.0,3,,0,3.0,,,,,0.0,,0.0,4.0,0.0,20.0,,,,,10.0,6.0,4.0,0.0,0.0,,,,,,,,,,4.0,4.0,,8.0,54.0,,17.0,51.0,84.8,351.0,414.0,,,20.0,,,,19.0,,,,30.8,4.0,13.0,,10.0,,,14.0,9.0,5.0,,24.0,0,,1,4.0,,,,,1.0,,1.0,1.0,1.0,19.0,,,6.23,7.22,AFCON,CAF,CAF
SEL-AFCON-2025-13424966,Ronda 3,2025-12-30,Botswana,1,RD Congo,0,3,,,6.0,1.0,4.0,1.0,0.0,,,,,,,,,,0.0,0.0,4.0,1.0,37.0,,7.0,45.0,86.4,389.0,450.0,,,36.0,,,,16.0,,,,11.1,1.0,9.0,,11.0,,,10.0,5.0,5.0,,32.0,3,,0,3.0,,,,,1.0,,,,,6.0,,,,,28.0,6.0,19.0,3.0,0.0,,,,,,,,,,5.0,3.0,2.0,11.0,69.0,,47.0,55.0,90.3,482.0,534.0,,,19.0,,,,5.0,,,,19.4,6.0,31.0,,8.0,,,10.0,4.0,6.0,,12.0,0,,1,1.0,,,,,0.0,,,,,16.0,,,6.48,7.18,AFCON,Desconocido,CAF
SEL-AFCON-2025-13424967,Ronda 3,2025-12-31,Guinea Ecuatorial,1,Argelia,1,3,,,10.0,3.0,5.0,2.0,0.0,,,,,,,,,,1.0,4.0,1.0,5.0,40.0,,6.0,45.0,87.1,377.0,433.0,,,15.0,,,,15.0,,,,10.0,1.0,10.0,,9.0,,,12.0,9.0,3.0,,10.0,3,,0,3.0,,,,,,,,4.0,,13.0,,,,,16.0,6.0,5.0,5.0,1.0,,,,,,,,,,4.0,5.0,0.0,5.0,31.0,,25.0,55.0,91.0,484.0,532.0,,,13.0,,,,13.0,,,,66.7,6.0,9.0,,15.0,,,18.0,9.0,9.0,,18.0,1,,0,2.0,,,,,,,,1.0,,15.0,,,6.34,7.16,AFCON,CAF,CAF
SEL-AFCON-2025-13424968,Ronda 3,2025-12-31,Sudan,1,Burkina Faso,0,2,,,10.0,1.0,6.0,3.0,0.0,,,,,,,,,,3.0,4.0,1.0,3.0,40.0,,17.0,38.0,70.5,210.0,298.0,,,26.0,,,,11.0,,,,20.0,2.0,10.0,,12.0,,,15.0,10.0,5.0,,25.0,2,,0,1.0,,,,,0.0,,1.0,0.0,,3.0,,,,,10.0,3.0,6.0,1.0,0.0,,,,,,,,,,2.0,6.0,1.0,8.0,62.0,,25.0,62.0,83.8,414.0,494.0,,,32.0,,,,3.0,,,,18.2,2.0,11.0,,5.0,,,10.0,6.0,4.0,,15.0,0,,1,1.0,,,,,1.0,,1.0,2.0,,12.0,,,6.52,7.06,AFCON,Desconocido,CAF
SEL-AFCON-2025-13424969,Ronda 3,2025-12-31,Gabón,1,Costa de Marfil,2,3,,,9.0,3.0,5.0,1.0,0.0,,,,,,,,,,2.0,2.0,0.0,7.0,40.0,,9.0,33.0,75.3,220.0,292.0,,,18.0,,,,19.0,,,,10.0,1.0,10.0,,8.0,,,15.0,9.0,6.0,,25.0,3,,0,2.0,,,,,,,1.0,2.0,,15.0,,,,,21.0,5.0,10.0,6.0,1.0,,,,,,,,,,2.0,8.0,3.0,11.0,58.0,,36.0,67.0,91.8,523.0,570.0,,,17.0,,,,15.0,,,,32.3,10.0,31.0,,7.0,,,14.0,7.0,7.0,,9.0,2,,0,1.0,,,,,,,0.0,1.0,,19.0,,,6.7,6.68,AFCON,CAF,CAF
SEL-AFCON-2025-13424970,Ronda 3,2025-12-31,Mozambique,1,Camerún,1,2,,,10.0,2.0,5.0,3.0,0.0,,,,,,,,,,2.0,2.0,1.0,9.0,44.0,,8.0,52.0,79.7,302.0,379.0,,,27.0,,,,20.0,,,,33.3,2.0,6.0,,9.0,,,23.0,15.0,8.0,,23.0,2,,0,4.0,,,,,,,1.0,0.0,,7.0,,,,,19.0,6.0,7.0,6.0,2.0,,,,,,,,,,4.0,8.0,2.0,1.0,51.0,,29.0,48.0,79.5,268.0,337.0,,,22.0,,,,7.0,,,,36.8,7.0,19.0,,9.0,,,23.0,16.0,7.0,,20.0,1,,0,1.0,,,,,,,0.0,3.0,,20.0,,,6.87,6.64,AFCON,CAF,CAF
SEL-ASIAN_CUP-2019-7798893,Final,2019-01-05,EAU,1,Baréin,1,1,,,14.0,3.0,7.0,4.0,0.0,,,,,,,,,,3.0,7.0,1.0,5.0,58.0,,,64.0,77.4,369.0,477.0,,,28.0,,,,6.0,,,,25.0,4.0,16.0,,15.0,,,21.0,16.0,5.0,,19.0,1,,0,3.0,,,,,,,,2.0,,9.0,,,,,13.0,5.0,5.0,3.0,1.0,,,,,,,,,,3.0,6.0,4.0,10.0,51.0,,,36.0,63.5,165.0,260.0,,,18.0,,,,8.0,,,,23.5,4.0,17.0,,8.0,,,17.0,8.0,9.0,,20.0,1,,0,2.0,,,,,,,,0.0,,8.0,,,6.92,6.85,AFC Asian Cup,AFC,AFC
SEL-ASIAN_CUP-2019-7798892,Final,2019-01-06,Australia,1,Jordania,0,1,,,19.0,6.0,9.0,4.0,1.0,,,,,,,,,,1.0,9.0,3.0,9.0,98.0,,,77.0,88.7,556.0,627.0,,,32.0,,,,9.0,,,,22.2,8.0,36.0,,9.0,,,11.0,10.0,1.0,,3.0,1,,0,5.0,,,,,,,,1.0,,11.0,,,,,10.0,6.0,4.0,0.0,1.0,,,,,,,,,,0.0,2.0,2.0,9.0,49.0,,,23.0,58.8,114.0,194.0,,,18.0,,,,11.0,,,,20.0,1.0,5.0,,18.0,,,18.0,14.0,4.0,,44.0,0,,1,6.0,,,,,,,,1.0,,9.0,,,6.81,7.29,AFC Asian Cup,AFC,AFC
SEL-ASIAN_CUP-2019-7798885,Final,2019-01-06,Tailandia,1,India,1,4,,,14.0,3.0,5.0,6.0,0.0,,,,,,,,,,1.0,4.0,1.0,13.0,85.0,,,65.0,78.6,418.0,532.0,,,34.0,,,,14.0,,,,21.7,5.0,23.0,,15.0,,,14.0,6.0,8.0,,13.0,4,,0,2.0,,,,,,,,2.0,,13.0,,,,,15.0,6.0,7.0,2.0,0.0,,,,,,,,,,1.0,5.0,0.0,4.0,64.0,,,35.0,60.7,173.0,285.0,,,20.0,,,,12.0,,,,25.0,3.0,12.0,,16.0,,,18.0,12.0,6.0,,23.0,1,,0,2.0,,,,,,,,0.0,,14.0,,,6.53,7.07,AFC Asian Cup,AFC,AFC
SEL-ASIAN_CUP-2019-7798889,Final,2019-01-06,Syria,1,Palestina,0,0,,,13.0,4.0,5.0,4.0,0.0,,,,,,,,,,1.0,6.0,1.0,11.0,90.0,,,66.0,81.1,430.0,530.0,,,33.0,,,,17.0,,,,17.2,5.0,29.0,,12.0,,,9.0,7.0,2.0,,11.0,0,,1,0.0,,,,,,,,2.0,0.0,11.0,,,,,5.0,0.0,4.0,1.0,0.0,,,,,,,,,,0.0,1.0,4.0,8.0,36.0,,,34.0,58.3,165.0,283.0,,,16.0,,,,9.0,,,,,0.0,4.0,,11.0,,,21.0,12.0,9.0,,35.0,0,,1,3.0,,,,,,,,4.0,1.0,18.0,,,6.97,6.86,AFC Asian Cup,Desconocido,AFC
SEL-ASIAN_CUP-2019-7798887,Final,2019-01-07,China,1,Kirguistán,2,1,,,9.0,2.0,4.0,3.0,0.0,,,,,,,,,,1.0,2.0,2.0,7.0,61.0,,,54.0,75.8,307.0,405.0,,,40.0,,,,12.0,,,,20.0,4.0,20.0,,5.0,,,14.0,7.0,7.0,,27.0,1,,0,0.0,,,,,,,,0.0,,9.0,,,,,10.0,1.0,8.0,1.0,0.0,,,,,,,,,,1.0,3.0,2.0,6.0,60.0,,,46.0,68.8,243.0,353.0,,,18.0,,,,9.0,,,,18.8,3.0,16.0,,9.0,,,23.0,17.0,6.0,,23.0,2,,0,1.0,,,,,,,,1.0,,12.0,,,6.77,6.61,AFC Asian Cup,AFC,AFC
SEL-ASIAN_CUP-2019-7798894,Final,2019-01-07,Corea del Sur,1,Philippines,1,0,,,16.0,5.0,7.0,4.0,0.0,,,,,,,,,,,3.0,2.0,6.0,106.0,,,82.0,90.4,707.0,782.0,,,35.0,,,,11.0,,,,30.8,8.0,26.0,,4.0,,,13.0,6.0,7.0,,8.0,0,,1,2.0,,,,,,,,3.0,,16.0,,,,,6.0,2.0,3.0,1.0,0.0,,,,,,,,,,,2.0,1.0,13.0,39.0,,,18.0,55.2,96.0,174.0,,,22.0,,,,16.0,,,,14.3,1.0,7.0,,7.0,,,17.0,7.0,10.0,,37.0,1,,0,4.0,,,,,,,,2.0,,11.0,,,7.14,6.76,AFC Asian Cup,AFC,Desconocido
SEL-ASIAN_CUP-2019-7798897,Final,2019-01-07,Irán,1,Yemen,5,0,,,20.0,10.0,5.0,5.0,2.0,,,,,,,,,,6.0,5.0,,17.0,65.0,,,71.0,86.5,525.0,607.0,,,42.0,,,,14.0,,,,26.3,5.0,19.0,,9.0,,,21.0,16.0,5.0,,7.0,0,,1,0.0,,,,,,,,1.0,,11.0,,,,,3.0,0.0,3.0,0.0,0.0,,,,,,,,,,0.0,1.0,,5.0,35.0,,,29.0,68.3,177.0,259.0,,,14.0,,,,11.0,,,,,0.0,2.0,,10.0,,,16.0,11.0,5.0,,25.0,5,,0,5.0,,,,,,,,4.0,,15.0,,,7.61,6.02,AFC Asian Cup,AFC,Desconocido
SEL-ASIAN_CUP-2019-7798899,Final,2019-01-08,Iraq,1,Vietnam,3,2,,,15.0,7.0,3.0,5.0,0.0,,,,,,,,,,1.0,2.0,2.0,7.0,73.0,,,57.0,80.9,428.0,529.0,,,47.0,,,,12.0,,,,35.3,6.0,17.0,,10.0,,,13.0,8.0,5.0,,10.0,2,,0,3.0,,,,,,,,1.0,,14.0,,,,,7.0,4.0,2.0,1.0,0.0,,,,,,,,,,1.0,3.0,0.0,2.0,60.0,,,43.0,73.7,300.0,407.0,,,29.0,,,,13.0,,,,20.0,1.0,5.0,,12.0,,,10.0,6.0,4.0,,25.0,3,,0,4.0,,,,,,,,2.0,,13.0,,,6.96,6.48,AFC Asian Cup,AFC,AFC
SEL-ASIAN_CUP-2019-7800871,Final,2019-01-08,Arabia Saudita,1,Corea del Norte,4,0,,,16.0,6.0,10.0,0.0,0.0,,,,,,,,,,1.0,10.0,2.0,4.0,79.0,,,73.0,90.4,618.0,684.0,,,34.0,,,,11.0,,,,23.5,8.0,34.0,,11.0,,,13.0,10.0,3.0,,9.0,0,,1,2.0,,,,,,,,1.0,0.0,7.0,,,,,7.0,2.0,5.0,0.0,0.0,,,,,,,,,,1.0,3.0,2.0,1.0,34.0,,,27.0,66.5,167.0,251.0,,,21.0,,,,7.0,,,,37.5,3.0,8.0,,12.0,,,8.0,6.0,2.0,,30.0,4,,0,2.0,,,,,,,,5.0,1.0,11.0,,,7.58,6.06,AFC Asian Cup,AFC,AFC
SEL-ASIAN_CUP-2019-7800877,Final,2019-01-09,Japón,1,Turkmenistan,3,2,,,21.0,6.0,11.0,4.0,0.0,,,,,,,,,,3.0,5.0,1.0,7.0,113.0,,,70.0,88.0,592.0,673.0,,,37.0,,,,5.0,,,,39.1,9.0,23.0,,10.0,,,12.0,6.0,6.0,,13.0,2,,0,2.0,,,,,,,,2.0,,10.0,,,,,9.0,4.0,2.0,3.0,0.0,,,,,,,,,,2.0,2.0,0.0,7.0,48.0,,,30.0,66.4,190.0,286.0,,,28.0,,,,10.0,,,,9.1,1.0,11.0,,13.0,,,14.0,7.0,7.0,,34.0,3,,0,3.0,,,,,,,,1.0,,6.0,,,7.19,6.62,AFC Asian Cup,AFC,Desconocido
SEL-ASIAN_CUP-2019-7800878,Final,2019-01-09,Uzbekistán,1,Omán,2,1,,,6.0,3.0,1.0,2.0,0.0,,,,,,,,,,1.0,3.0,1.0,6.0,34.0,,,40.0,79.8,280.0,351.0,,,26.0,,,,6.0,,,,22.2,2.0,9.0,,6.0,,,17.0,11.0,6.0,,35.0,1,,0,6.0,,,,,,,,2.0,1.0,13.0,,,,,18.0,7.0,6.0,5.0,0.0,,,,,,,,,,3.0,8.0,1.0,4.0,53.0,,,60.0,88.3,445.0,504.0,,,22.0,,,,13.0,,,,27.8,10.0,36.0,,8.0,,,13.0,7.0,6.0,,17.0,2,,0,1.0,,,,,,,,0.0,0.0,6.0,,,6.92,6.71,AFC Asian Cup,AFC,AFC
SEL-ASIAN_CUP-2019-7800872,Final,2019-01-09,Catar,1,Lebanon,2,0,,,13.0,5.0,3.0,5.0,0.0,,,,,,,,,,3.0,2.0,1.0,5.0,59.0,,,70.0,84.4,459.0,544.0,,,19.0,,,,15.0,,,,23.5,4.0,17.0,,10.0,,,19.0,12.0,7.0,,20.0,0,,1,1.0,,,,,,,,0.0,,13.0,,,,,5.0,1.0,2.0,2.0,0.0,,,,,,,,,,0.0,4.0,0.0,5.0,44.0,,,30.0,58.7,135.0,230.0,,,15.0,,,,12.0,,,,25.0,2.0,8.0,,21.0,,,18.0,12.0,6.0,,14.0,2,,0,3.0,,,,,,,,2.0,,16.0,,,7.14,6.55,AFC Asian Cup,AFC,Desconocido
SEL-ASIAN_CUP-2019-7798888,Semifinals,2019-01-10,Baréin,1,Tailandia,0,1,,,15.0,3.0,6.0,6.0,0.0,,,,,,,,,,2.0,3.0,2.0,5.0,64.0,,,58.0,70.6,247.0,350.0,,,26.0,,,,19.0,,,,20.0,6.0,30.0,,9.0,,,18.0,9.0,9.0,,22.0,1,,0,1.0,,,,,,,,0.0,,10.0,,,,,8.0,2.0,5.0,1.0,1.0,,,,,,,,,,2.0,4.0,4.0,6.0,49.0,,,42.0,59.2,155.0,262.0,,,26.0,,,,10.0,,,,18.2,2.0,11.0,,8.0,,,14.0,12.0,2.0,,32.0,0,,1,4.0,,,,,,,,4.0,,19.0,,,6.81,7.02,AFC Asian Cup,AFC,AFC
SEL-ASIAN_CUP-2019-7798890,Semifinals,2019-01-10,Jordania,1,Syria,2,0,,,18.0,4.0,11.0,3.0,0.0,,,,,,,,,,2.0,5.0,3.0,15.0,47.0,,,35.0,65.9,170.0,258.0,,,20.0,,,,14.0,,,,36.4,4.0,11.0,,14.0,,,14.0,9.0,5.0,,37.0,0,,1,5.0,,,,,,,,1.0,,11.0,,,,,12.0,5.0,4.0,3.0,1.0,,,,,,,,,,1.0,3.0,1.0,5.0,88.0,,,65.0,79.9,386.0,483.0,,,40.0,,,,10.0,,,,28.6,6.0,21.0,,10.0,,,12.0,6.0,6.0,,11.0,2,,0,2.0,,,,,,,,3.0,,14.0,,,7.41,6.56,AFC Asian Cup,AFC,Desconocido
SEL-ASIAN_CUP-2019-7798886,Semifinals,2019-01-10,India,1,EAU,0,2,,,9.0,3.0,6.0,0.0,1.0,,,,,,,,,,2.0,4.0,,4.0,59.0,,,35.0,55.0,132.0,240.0,,,18.0,,,,9.0,,,,37.5,6.0,16.0,,9.0,,,8.0,4.0,4.0,,27.0,2,,0,0.0,,,,,,,,2.0,,16.0,,,,,9.0,2.0,5.0,2.0,2.0,,,,,,,,,,0.0,5.0,,5.0,68.0,,,65.0,75.3,354.0,470.0,,,28.0,,,,15.0,,,,7.7,1.0,13.0,,11.0,,,13.0,7.0,6.0,,15.0,0,,1,3.0,,,,,,,,0.0,,9.0,,,6.56,7.19,AFC Asian Cup,AFC,AFC
SEL-ASIAN_CUP-2019-7798891,Semifinals,2019-01-11,Palestina,1,Australia,0,3,,,3.0,0.0,3.0,0.0,0.0,,,,,,,,,,0.0,0.0,4.0,1.0,46.0,,,32.0,71.5,188.0,263.0,,,34.0,,,,12.0,,,,37.5,3.0,8.0,,5.0,,,15.0,10.0,5.0,,24.0,3,,0,2.0,,,,,,,,1.0,,12.0,,,,,17.0,6.0,5.0,6.0,1.0,,,,,,,,,,2.0,11.0,1.0,7.0,55.0,,,68.0,84.7,470.0,555.0,,,25.0,,,,10.0,,,,29.2,7.0,24.0,,6.0,,,8.0,4.0,4.0,,6.0,0,,1,1.0,,,,,,,,2.0,,12.0,,,6.5,7.22,AFC Asian Cup,AFC,AFC
SEL-ASIAN_CUP-2019-7798898,Semifinals,2019-01-11,Philippines,1,China,0,3,,,4.0,1.0,1.0,2.0,0.0,,,,,,,,,,1.0,3.0,0.0,9.0,58.0,,,45.0,70.2,257.0,366.0,,,24.0,,,,20.0,,,,11.1,1.0,9.0,,6.0,,,12.0,11.0,1.0,,18.0,3,,0,4.0,,,,,,,,2.0,,19.0,,,,,14.0,7.0,4.0,3.0,0.0,,,,,,,,,,3.0,7.0,5.0,3.0,55.0,,,55.0,77.0,334.0,434.0,,,30.0,,,,16.0,,,,30.0,6.0,20.0,,12.0,,,13.0,8.0,5.0,,25.0,0,,1,1.0,,,,,,,,1.0,,20.0,,,6.45,7.3,AFC Asian Cup,Desconocido,AFC
SEL-ASIAN_CUP-2019-7798900,Semifinals,2019-01-11,Kirguistán,1,Corea del Sur,0,1,,,12.0,2.0,6.0,4.0,0.0,,,,,,,,,,1.0,5.0,0.0,4.0,42.0,,,29.0,67.6,175.0,259.0,,,13.0,,,,7.0,,,,7.7,1.0,13.0,,9.0,,,17.0,9.0,8.0,,31.0,1,,0,6.0,,,,,,,,1.0,,10.0,,,,,19.0,7.0,8.0,4.0,3.0,,,,,,,,,,3.0,10.0,4.0,17.0,52.0,,,71.0,87.6,560.0,639.0,,,49.0,,,,9.0,,,,24.0,6.0,25.0,,8.0,,,18.0,11.0,7.0,,18.0,0,,1,2.0,,,,,,,,1.0,,7.0,,,6.67,7.45,AFC Asian Cup,AFC,AFC
SEL-ASIAN_CUP-2019-7798895,Semifinals,2019-01-12,Vietnam,1,Irán,0,2,,,5.0,2.0,2.0,1.0,0.0,,,,,,,,,,1.0,0.0,3.0,1.0,58.0,,,32.0,64.4,208.0,323.0,,,19.0,,,,13.0,,,,,0.0,3.0,,5.0,,,12.0,6.0,6.0,,17.0,2,,0,3.0,,,,,,,,2.0,,8.0,,,,,15.0,5.0,7.0,3.0,0.0,,,,,,,,,,2.0,4.0,0.0,7.0,98.0,,,68.0,83.8,570.0,680.0,,,39.0,,,,8.0,,,,28.6,4.0,14.0,,10.0,,,16.0,11.0,5.0,,11.0,0,,1,2.0,,,,,,,,2.0,,13.0,,,6.36,7.4,AFC Asian Cup,AFC,AFC
SEL-ASIAN_CUP-2019-7798896,Semifinals,2019-01-12,Yemen,1,Iraq,0,3,,,5.0,2.0,3.0,0.0,0.0,,,,,,,,,,,1.0,0.0,4.0,58.0,,,38.0,78.8,290.0,368.0,,,28.0,,,,13.0,,,,20.0,2.0,10.0,,15.0,,,22.0,20.0,2.0,,8.0,3,,0,2.0,,,,,,,,1.0,,11.0,,,,,13.0,5.0,5.0,3.0,2.0,,,,,,,,,,,4.0,2.0,21.0,64.0,,,62.0,88.4,532.0,602.0,,,49.0,,,,10.0,,,,9.1,1.0,11.0,,10.0,,,17.0,12.0,5.0,,6.0,0,,1,2.0,,,,,,,,0.0,,13.0,,,6.25,7.35,AFC Asian Cup,Desconocido,AFC
SEL-ASIAN_CUP-2019-7800873,Semifinals,2019-01-12,Lebanon,1,Arabia Saudita,0,2,,,3.0,0.0,3.0,0.0,0.0,,,,,,,,,,1.0,1.0,4.0,2.0,48.0,,,31.0,70.7,195.0,276.0,,,26.0,,,,11.0,,,,16.7,1.0,6.0,,12.0,,,15.0,8.0,7.0,,15.0,2,,0,5.0,,,,,,,,3.0,,17.0,,,,,15.0,7.0,2.0,6.0,0.0,,,,,,,,,,1.0,1.0,1.0,4.0,84.0,,,69.0,86.8,550.0,634.0,,,27.0,,,,16.0,,,,14.3,2.0,14.0,,8.0,,,16.0,13.0,3.0,,8.0,0,,1,0.0,,,,,,,,2.0,,11.0,,,6.61,7.23,AFC Asian Cup,Desconocido,AFC
SEL-ASIAN_CUP-2019-7800874,Semifinals,2019-01-13,Corea del Norte,1,Catar,0,6,,,5.0,0.0,4.0,1.0,0.0,,,,,,,,,,0.0,6.0,6.0,3.0,54.0,,,36.0,77.7,216.0,278.0,,,24.0,,,,12.0,,,,26.7,4.0,15.0,,15.0,,,13.0,7.0,6.0,,8.0,6,,0,,,,,,,,,6.0,1.0,19.0,,,,,13.0,6.0,3.0,4.0,1.0,,,,,,,,,,3.0,5.0,1.0,8.0,72.0,,,64.0,83.8,430.0,513.0,,,43.0,,,,18.0,,,,25.0,2.0,8.0,,7.0,,,7.0,5.0,2.0,,20.0,0,,1,,,,,,,,,1.0,0.0,13.0,,,6.05,7.67,AFC Asian Cup,AFC,AFC
SEL-ASIAN_CUP-2019-7800879,Semifinals,2019-01-13,Omán,1,Japón,0,1,,,6.0,1.0,3.0,2.0,0.0,,,,,,,,,,1.0,5.0,1.0,6.0,45.0,,,37.0,69.4,184.0,265.0,,,23.0,,,,13.0,,,,22.2,4.0,18.0,,7.0,,,10.0,8.0,2.0,,13.0,1,,0,6.0,,,,,,,,3.0,,16.0,,,,,11.0,8.0,3.0,0.0,1.0,,,,,,,,,,4.0,7.0,0.0,6.0,74.0,,,63.0,81.6,373.0,457.0,,,34.0,,,,16.0,,,,25.0,4.0,16.0,,6.0,,,11.0,7.0,4.0,,27.0,0,,1,1.0,,,,,,,,2.0,,14.0,,,6.72,7.16,AFC Asian Cup,AFC,AFC
SEL-ASIAN_CUP-2019-7800880,Semifinals,2019-01-13,Turkmenistan,1,Uzbekistán,0,4,,,12.0,3.0,9.0,0.0,0.0,,,,,,,,,,0.0,1.0,1.0,2.0,57.0,,,43.0,84.5,359.0,425.0,,,25.0,,,,16.0,,,,11.1,1.0,9.0,,8.0,,,17.0,8.0,9.0,,23.0,4,,0,5.0,,,,,,,,0.0,,14.0,,,,,17.0,9.0,8.0,0.0,2.0,,,,,,,,,,6.0,5.0,2.0,15.0,46.0,,,57.0,86.5,485.0,561.0,,,58.0,,,,14.0,,,,21.1,4.0,19.0,,8.0,,,15.0,11.0,4.0,,9.0,0,,1,3.0,,,,,,,,1.0,,16.0,,,6.25,7.57,AFC Asian Cup,Desconocido,AFC
SEL-ASIAN_CUP-2019-7798901,Quarterfinals,2019-01-14,India,1,Baréin,0,1,,,3.0,0.0,2.0,1.0,0.0,,,,,,,,,,0.0,1.0,2.0,2.0,73.0,,,40.0,52.9,153.0,289.0,,,29.0,,,,12.0,,,,,0.0,6.0,,14.0,,,15.0,8.0,7.0,,38.0,1,,0,5.0,,,,,,,,0.0,,17.0,,,,,22.0,6.0,11.0,5.0,1.0,,,,,,,,,,2.0,13.0,6.0,9.0,107.0,,,60.0,68.0,289.0,425.0,,,26.0,,,,15.0,,,,21.4,6.0,28.0,,8.0,,,14.0,7.0,7.0,,7.0,0,,1,0.0,,,,,,,,2.0,,12.0,,,6.64,7.17,AFC Asian Cup,AFC,AFC
SEL-ASIAN_CUP-2019-7798904,Quarterfinals,2019-01-14,EAU,1,Tailandia,1,1,,,10.0,5.0,4.0,1.0,1.0,,,,,,,,,,2.0,4.0,4.0,8.0,52.0,,,66.0,84.5,489.0,579.0,,,27.0,,,,9.0,,,,7.7,1.0,13.0,,10.0,,,14.0,10.0,4.0,,9.0,1,,0,2.0,,,,,,,,1.0,,11.0,,,,,6.0,3.0,1.0,2.0,0.0,,,,,,,,,,2.0,3.0,2.0,6.0,40.0,,,34.0,69.1,199.0,288.0,,,16.0,,,,11.0,,,,20.0,2.0,10.0,,9.0,,,13.0,5.0,8.0,,22.0,1,,0,4.0,,,,,,,,2.0,,11.0,,,6.87,6.67,AFC Asian Cup,AFC,AFC
SEL-ASIAN_CUP-2019-7798903,Quarterfinals,2019-01-15,Australia,1,Syria,3,2,,,14.0,8.0,6.0,0.0,1.0,,,,,,,,,,4.0,4.0,6.0,13.0,59.0,,,60.0,78.9,344.0,436.0,,,32.0,,,,7.0,,,,30.8,4.0,13.0,,8.0,,,15.0,9.0,6.0,,22.0,2,,0,3.0,,,,,,,,1.0,,18.0,,,,,13.0,5.0,5.0,3.0,0.0,,,,,,,,,,3.0,3.0,3.0,7.0,69.0,,,40.0,62.9,180.0,286.0,,,17.0,,,,17.0,,,,31.8,7.0,22.0,,11.0,,,19.0,13.0,6.0,,20.0,3,,0,5.0,,,,,,,,1.0,,8.0,,,6.99,6.62,AFC Asian Cup,AFC,Desconocido
SEL-ASIAN_CUP-2019-7798905,Quarterfinals,2019-01-15,Palestina,1,Jordania,0,0,,,8.0,4.0,2.0,2.0,0.0,,,,,,,,,,,4.0,1.0,6.0,63.0,,,35.0,70.3,223.0,317.0,,,25.0,,,,12.0,,,,37.5,6.0,16.0,,14.0,,,17.0,10.0,7.0,,14.0,0,,1,3.0,,,,,,,,2.0,,18.0,,,,,9.0,3.0,4.0,2.0,0.0,,,,,,,,,,,7.0,3.0,14.0,54.0,,,65.0,85.5,520.0,608.0,,,21.0,,,,17.0,,,,14.3,2.0,14.0,,7.0,,,10.0,6.0,4.0,,11.0,0,,1,4.0,,,,,,,,2.0,,13.0,,,7.03,7.01,AFC Asian Cup,AFC,AFC
SEL-ASIAN_CUP-2019-7798908,Quarterfinals,2019-01-16,Kirguistán,1,Philippines,3,1,,,21.0,9.0,8.0,4.0,2.0,,,,,,,,,,1.0,5.0,0.0,5.0,63.0,,,46.0,70.0,226.0,323.0,,,19.0,,,,17.0,,,,16.7,4.0,24.0,,14.0,,,16.0,13.0,3.0,,11.0,1,,0,2.0,,,,,,,,3.0,,17.0,,,,,10.0,3.0,5.0,2.0,0.0,,,,,,,,,,1.0,3.0,1.0,12.0,52.0,,,54.0,74.3,295.0,397.0,,,35.0,,,,17.0,,,,,0.0,5.0,,8.0,,,17.0,7.0,10.0,,28.0,3,,0,6.0,,,,,,,,5.0,,19.0,,,7.1,6.72,AFC Asian Cup,AFC,Desconocido
SEL-ASIAN_CUP-2019-7798907,Quarterfinals,2019-01-16,Corea del Sur,1,China,2,0,,,17.0,8.0,6.0,3.0,1.0,,,,,,,,,,4.0,7.0,1.0,9.0,53.0,,,61.0,84.7,436.0,515.0,,,30.0,,,,14.0,,,,27.3,3.0,11.0,,7.0,,,12.0,7.0,5.0,,16.0,0,,1,1.0,,,,,,,,0.0,,6.0,,,,,6.0,1.0,3.0,2.0,0.0,,,,,,,,,,0.0,4.0,1.0,2.0,47.0,,,39.0,77.7,244.0,314.0,,,14.0,,,,6.0,,,,,0.0,16.0,,15.0,,,16.0,9.0,7.0,,14.0,2,,0,6.0,,,,,,,,4.0,,14.0,,,7.36,6.6,AFC Asian Cup,AFC,AFC
SEL-ASIAN_CUP-2019-7798906,Quarterfinals,2019-01-16,Irán,1,Iraq,0,0,,,15.0,1.0,7.0,7.0,0.0,,,,,,,,,,1.0,4.0,0.0,4.0,49.0,,,46.0,64.7,174.0,269.0,,,21.0,,,,16.0,,,,13.3,2.0,15.0,,4.0,,,12.0,10.0,2.0,,13.0,0,,1,3.0,,,,,,,,2.0,,20.0,,,,,8.0,3.0,5.0,0.0,0.0,,,,,,,,,,0.0,3.0,2.0,7.0,43.0,,,54.0,76.3,245.0,321.0,,,30.0,,,,19.0,,,,30.8,4.0,13.0,,17.0,,,15.0,14.0,1.0,,34.0,0,,1,1.0,,,,,,,,3.0,,16.0,,,6.73,7.14,AFC Asian Cup,AFC,AFC
SEL-ASIAN_CUP-2019-7798902,Quarterfinals,2019-01-16,Vietnam,1,Yemen,2,0,,,9.0,4.0,2.0,3.0,0.0,,,,,,,,,,1.0,6.0,1.0,10.0,63.0,,,61.0,79.9,406.0,508.0,,,22.0,,,,14.0,,,,10.0,1.0,10.0,,7.0,,,13.0,10.0,3.0,,27.0,0,,1,1.0,,,,,,,,1.0,,14.0,,,,,10.0,1.0,5.0,4.0,0.0,,,,,,,,,,0.0,8.0,1.0,3.0,45.0,,,39.0,66.9,212.0,317.0,,,22.0,,,,14.0,,,,40.0,8.0,20.0,,10.0,,,21.0,13.0,8.0,,21.0,2,,0,2.0,,,,,,,,3.0,,15.0,,,7.11,6.64,AFC Asian Cup,AFC,Desconocido
SEL-ASIAN_CUP-2019-7800882,Quarterfinals,2019-01-17,Japón,1,Uzbekistán,2,1,,,14.0,5.0,7.0,2.0,0.0,,,,,,,,,,,4.0,1.0,4.0,49.0,,,43.0,83.3,355.0,426.0,,,18.0,,,,9.0,,,,21.4,3.0,14.0,,7.0,,,12.0,8.0,4.0,,20.0,1,,0,1.0,,,,,,,,2.0,,17.0,,,,,10.0,2.0,5.0,3.0,0.0,,,,,,,,,,,7.0,0.0,5.0,52.0,,,57.0,85.6,476.0,556.0,,,51.0,,,,15.0,,,,17.4,4.0,23.0,,7.0,,,10.0,6.0,4.0,,17.0,2,,0,3.0,,,,,,,,2.0,,10.0,,,6.94,6.81,AFC Asian Cup,AFC,AFC
SEL-ASIAN_CUP-2019-7800881,Quarterfinals,2019-01-17,Omán,1,Turkmenistan,3,1,,,26.0,10.0,13.0,3.0,1.0,,,,,,,,,,2.0,14.0,1.0,8.0,76.0,,,67.0,82.3,387.0,470.0,,,39.0,,,,20.0,,,,25.9,15.0,58.0,,4.0,,,18.0,13.0,5.0,,12.0,1,,0,2.0,,,,,,,,3.0,,11.0,,,,,7.0,3.0,4.0,0.0,0.0,,,,,,,,,,2.0,1.0,3.0,3.0,40.0,,,33.0,66.4,166.0,250.0,,,25.0,,,,10.0,,,,16.7,1.0,6.0,,9.0,,,13.0,12.0,1.0,,64.0,3,,0,6.0,,,,,,,,4.0,,25.0,,,7.41,6.68,AFC Asian Cup,AFC,Desconocido
SEL-ASIAN_CUP-2019-7800876,Quarterfinals,2019-01-17,Lebanon,1,Corea del Norte,4,1,,,23.0,11.0,8.0,4.0,0.0,,,,,,,,,,6.0,6.0,3.0,8.0,63.0,,,65.0,81.9,375.0,458.0,,,43.0,,,,20.0,,,,31.2,10.0,32.0,,11.0,,,14.0,9.0,5.0,,8.0,1,,0,2.0,,,,,,,,2.0,,16.0,,,,,11.0,3.0,8.0,0.0,0.0,,,,,,,,,,2.0,5.0,2.0,8.0,40.0,,,35.0,67.2,170.0,253.0,,,16.0,,,,13.0,,,,36.4,4.0,11.0,,11.0,,,10.0,4.0,6.0,,32.0,4,,0,4.0,,,,,,,,4.0,,21.0,,,7.31,6.48,AFC Asian Cup,Desconocido,AFC
SEL-ASIAN_CUP-2019-7800875,Quarterfinals,2019-01-17,Arabia Saudita,1,Catar,0,2,,,12.0,2.0,7.0,3.0,1.0,,,,,,,,,,0.0,7.0,3.0,13.0,52.0,,,71.0,88.5,524.0,592.0,,,47.0,,,,11.0,,,,28.6,6.0,21.0,,8.0,,,16.0,9.0,7.0,,11.0,2,,0,2.0,,,,,,,,2.0,,15.0,,,,,11.0,4.0,5.0,2.0,0.0,,,,,,,,,,2.0,8.0,4.0,6.0,34.0,,,29.0,69.5,164.0,236.0,,,22.0,,,,13.0,,,,16.7,2.0,12.0,,10.0,,,26.0,12.0,14.0,,25.0,0,,1,2.0,,,,,,,,3.0,,12.0,,,6.75,7.18,AFC Asian Cup,AFC,AFC
SEL-ASIAN_CUP-2023-11275784,Ronda 1,2024-01-12,Catar,1,Lebanon,3,0,,,16.0,5.0,4.0,7.0,1.0,,,,,,,,,,2.0,4.0,4.0,5.0,76.0,,30.0,61.0,82.1,400.0,487.0,,,32.0,,,,9.0,,,,36.8,7.0,19.0,,6.0,,,17.0,7.0,10.0,,26.0,0,,1,5.0,,,,,,,,2.0,,9.0,,,,,9.0,5.0,2.0,2.0,0.0,,,,,,,,,,1.0,3.0,0.0,7.0,63.0,,16.0,39.0,71.1,219.0,308.0,,,28.0,,,,9.0,,,,14.3,2.0,14.0,,11.0,,,17.0,15.0,2.0,,17.0,3,,0,2.0,,,,,,,,2.0,,9.0,,,7.55,6.61,AFC Asian Cup,AFC,Desconocido
SEL-ASIAN_CUP-2023-11275779,Ronda 1,2024-01-13,Australia,1,India,2,0,,,28.0,6.0,8.0,14.0,0.0,,,,,,,,,,2.0,14.0,0.0,9.0,68.0,,59.0,71.0,88.6,614.0,693.0,,,33.0,,,,16.0,,,,31.0,13.0,42.0,,4.0,,,12.0,9.0,3.0,,0.0,0,,1,1.0,,,,,0.0,,,0.0,,7.0,,,,,4.0,1.0,2.0,1.0,0.0,,,,,,,,,,0.0,0.0,1.0,3.0,23.0,,1.0,29.0,68.5,198.0,289.0,,,12.0,,,,7.0,,,,33.3,1.0,3.0,,7.0,,,15.0,9.0,6.0,,34.0,2,,0,4.0,,,,,2.0,,,1.0,,16.0,,,7.36,6.54,AFC Asian Cup,AFC,AFC
SEL-ASIAN_CUP-2023-11275780,Ronda 1,2024-01-13,China,1,Tayikistán,0,0,,,10.0,2.0,6.0,2.0,0.0,,,,,,,,,,1.0,4.0,2.0,6.0,39.0,,18.0,49.0,74.5,295.0,396.0,,,30.0,,,,10.0,,,,68.8,11.0,16.0,,13.0,,,5.0,2.0,3.0,,17.0,0,,1,2.0,,,,,0.0,,1.0,1.0,,20.0,,,,,20.0,2.0,15.0,3.0,0.0,,,,,,,,,,0.0,4.0,1.0,3.0,66.0,,18.0,51.0,74.2,317.0,427.0,,,20.0,,,,19.0,,,,18.2,2.0,11.0,,11.0,,,13.0,10.0,3.0,,9.0,0,,1,2.0,,,,,1.0,,0.0,2.0,,12.0,,,6.91,7.24,AFC Asian Cup,AFC,AFC
SEL-ASIAN_CUP-2023-11275781,Ronda 1,2024-01-13,Uzbekistán,1,Syria,0,0,,,14.0,2.0,9.0,3.0,0.0,,,,,,,,,,,5.0,4.0,4.0,76.0,,24.0,66.0,85.4,509.0,596.0,,,36.0,,,,11.0,,,,20.0,6.0,30.0,,12.0,,,13.0,9.0,4.0,,12.0,0,,1,0.0,,,,,0.0,,1.0,1.0,,12.0,,,,,7.0,0.0,5.0,2.0,0.0,,,,,,,,,,,2.0,1.0,4.0,42.0,,7.0,34.0,72.0,232.0,322.0,,,18.0,,,,9.0,,,,25.0,2.0,8.0,,8.0,,,13.0,12.0,1.0,,33.0,0,,1,2.0,,,,,1.0,,0.0,1.0,,11.0,,,7.16,6.97,AFC Asian Cup,AFC,Desconocido
SEL-ASIAN_CUP-2023-11275785,Ronda 1,2024-01-14,Japón,1,Vietnam,4,2,,,15.0,7.0,3.0,5.0,0.0,,,,,,,,,,2.0,3.0,3.0,13.0,95.0,,29.0,58.0,86.4,640.0,741.0,,,22.0,,,,7.0,,,,,0.0,12.0,,10.0,,,12.0,8.0,4.0,,3.0,2,,0,1.0,,,,,0.0,,,1.0,,13.0,,,,,6.0,3.0,2.0,1.0,0.0,,,,,,,,,,1.0,1.0,1.0,5.0,29.0,,4.0,42.0,81.4,434.0,533.0,,,23.0,,,,13.0,,,,50.0,2.0,4.0,,10.0,,,21.0,13.0,8.0,,23.0,4,,0,3.0,,,,,1.0,,,0.0,,7.0,,,7.09,6.55,AFC Asian Cup,AFC,AFC
SEL-ASIAN_CUP-2023-11275786,Ronda 1,2024-01-14,EAU,1,Hong Kong,3,1,,,21.0,7.0,6.0,8.0,1.0,,,,,,,,,,5.0,5.0,2.0,9.0,49.0,,39.0,71.0,79.4,412.0,519.0,,,43.0,,,,18.0,,,,30.8,4.0,13.0,,6.0,,,19.0,16.0,3.0,,24.0,1,,0,4.0,,,,,2.0,,1.0,1.0,,7.0,,,,,16.0,5.0,6.0,5.0,0.0,,,,,,,,,,1.0,4.0,3.0,6.0,71.0,,19.0,29.0,52.8,105.0,199.0,,,26.0,,,,7.0,,,,35.7,5.0,14.0,,12.0,,,12.0,8.0,4.0,,21.0,3,,0,4.0,,,,,0.0,,0.0,2.0,,21.0,,,7.21,6.75,AFC Asian Cup,AFC,AFC
SEL-ASIAN_CUP-2023-11275787,Ronda 1,2024-01-14,Irán,1,Palestina,4,1,,,12.0,5.0,5.0,2.0,0.0,,,,,,,,,,2.0,3.0,0.0,10.0,49.0,,33.0,62.0,85.4,490.0,574.0,,,38.0,,,,21.0,,,,44.4,4.0,9.0,,12.0,,,16.0,8.0,8.0,,12.0,1,,0,2.0,,,,,,,1.0,1.0,,11.0,,,,,4.0,3.0,1.0,0.0,0.0,,,,,,,,,,1.0,2.0,3.0,6.0,27.0,,5.0,38.0,75.1,262.0,349.0,,,18.0,,,,8.0,,,,,0.0,8.0,,9.0,,,17.0,9.0,8.0,,17.0,4,,0,1.0,,,,,,,0.0,6.0,,21.0,,,7.22,6.26,AFC Asian Cup,AFC,AFC
SEL-ASIAN_CUP-2023-11275788,Ronda 1,2024-01-15,Corea del Sur,1,Baréin,3,1,,,14.0,5.0,8.0,1.0,0.0,,,,,,,,,,6.0,4.0,2.0,17.0,71.0,,29.0,71.0,88.3,583.0,660.0,,,27.0,,,,7.0,,,,26.1,6.0,23.0,,7.0,,,14.0,9.0,5.0,,7.0,1,,0,1.0,,,,,,,1.0,5.0,,17.0,,,,,9.0,2.0,2.0,5.0,0.0,,,,,,,,,,2.0,1.0,2.0,4.0,45.0,,9.0,29.0,67.6,186.0,275.0,,,17.0,,,,15.0,,,,33.3,3.0,9.0,,12.0,,,28.0,15.0,13.0,,19.0,3,,0,2.0,,,,,,,1.0,2.0,,8.0,,,7.22,6.63,AFC Asian Cup,AFC,AFC
SEL-ASIAN_CUP-2023-11275789,Ronda 1,2024-01-15,Indonesia,1,Iraq,1,3,,,8.0,1.0,5.0,2.0,1.0,,,,,,,,,,1.0,4.0,1.0,6.0,48.0,,18.0,35.0,70.1,220.0,314.0,,,19.0,,,,4.0,,,,33.3,3.0,9.0,,10.0,,,25.0,14.0,11.0,,21.0,3,,0,2.0,,,,,1.0,,0.0,2.0,,13.0,,,,,15.0,5.0,8.0,2.0,0.0,,,,,,,,,,6.0,4.0,4.0,12.0,52.0,,27.0,65.0,85.3,505.0,592.0,,,41.0,,,,13.0,,,,29.2,7.0,24.0,,12.0,,,15.0,9.0,6.0,,10.0,1,,0,0.0,,,,,0.0,,1.0,0.0,,4.0,,,6.56,7.0,AFC Asian Cup,AFC,AFC
SEL-ASIAN_CUP-2023-11275790,Ronda 1,2024-01-15,Malaysia,1,Jordania,0,4,,,8.0,3.0,3.0,2.0,0.0,,,,,,,,,,1.0,4.0,3.0,10.0,65.0,,20.0,52.0,81.0,342.0,422.0,,,22.0,,,,14.0,,,,11.1,2.0,18.0,,4.0,,,28.0,17.0,11.0,,12.0,4,,0,4.0,,,,,1.0,,0.0,0.0,,5.0,,,,,14.0,8.0,5.0,1.0,1.0,,,,,,,,,,3.0,3.0,4.0,17.0,46.0,,19.0,48.0,74.9,298.0,398.0,,,36.0,,,,5.0,,,,8.3,1.0,12.0,,10.0,,,16.0,10.0,6.0,,19.0,0,,1,2.0,,,,,1.0,,2.0,1.0,,15.0,,,6.6,7.42,AFC Asian Cup,Desconocido,AFC
SEL-ASIAN_CUP-2023-11275791,Ronda 1,2024-01-16,Tailandia,1,Kirguistán,2,0,,,12.0,4.0,6.0,2.0,2.0,,,,,,,,,,8.0,3.0,1.0,7.0,44.0,,25.0,45.0,76.0,307.0,404.0,,,35.0,,,,10.0,,,,26.7,4.0,15.0,,6.0,,,12.0,9.0,3.0,,18.0,0,,1,3.0,,,,,2.0,,2.0,3.0,,15.0,,,,,13.0,3.0,6.0,4.0,0.0,,,,,,,,,,1.0,2.0,3.0,5.0,69.0,,16.0,55.0,79.6,403.0,506.0,,,38.0,,,,15.0,,,,23.1,3.0,13.0,,13.0,,,20.0,13.0,7.0,,14.0,2,,0,2.0,,,,,1.0,,0.0,2.0,,11.0,,,7.08,6.77,AFC Asian Cup,AFC,AFC
SEL-ASIAN_CUP-2023-11275792,Ronda 1,2024-01-16,Arabia Saudita,1,Omán,2,1,,,12.0,4.0,4.0,4.0,0.0,,,,,,,,,,1.0,6.0,3.0,17.0,101.0,,36.0,65.0,86.8,559.0,644.0,,,27.0,,,,7.0,,,,12.9,4.0,31.0,,4.0,,,28.0,16.0,12.0,,5.0,1,,0,1.0,,,,,,,0.0,1.0,,4.0,,,,,4.0,2.0,1.0,1.0,0.0,,,,,,,,,,1.0,0.0,1.0,14.0,41.0,,12.0,35.0,75.8,272.0,359.0,,,37.0,,,,4.0,,,,,0.0,6.0,,17.0,,,18.0,8.0,10.0,,22.0,2,,0,3.0,,,,,,,1.0,0.0,,8.0,,,7.15,6.72,AFC Asian Cup,AFC,AFC
SEL-ASIAN_CUP-2023-11275793,Ronda 2,2024-01-17,Lebanon,1,China,0,0,,,12.0,5.0,6.0,1.0,2.0,,,,,,,,,,0.0,3.0,1.0,10.0,65.0,,19.0,40.0,70.2,219.0,312.0,,,19.0,,,,7.0,,,,60.0,6.0,10.0,,9.0,,,22.0,15.0,7.0,,30.0,0,,1,6.0,,,,,2.0,,2.0,0.0,,14.0,,,,,15.0,7.0,5.0,3.0,0.0,,,,,,,,,,3.0,8.0,1.0,9.0,51.0,,20.0,60.0,75.8,348.0,459.0,,,30.0,,,,11.0,,,,22.2,6.0,27.0,,10.0,,,19.0,12.0,7.0,,22.0,0,,1,5.0,,,,,0.0,,0.0,1.0,,8.0,,,7.32,7.04,AFC Asian Cup,Desconocido,AFC
SEL-ASIAN_CUP-2023-11275794,Ronda 2,2024-01-17,Tayikistán,1,Catar,0,1,,,5.0,3.0,2.0,0.0,0.0,,,,,,,,,,0.0,7.0,4.0,6.0,58.0,,11.0,40.0,64.2,203.0,316.0,,,16.0,,,,17.0,,,,5.9,1.0,17.0,,7.0,,,13.0,8.0,5.0,,16.0,1,,0,4.0,,,,,,,2.0,3.0,1.0,22.0,,,,,12.0,6.0,3.0,3.0,0.0,,,,,,,,,,3.0,3.0,1.0,4.0,56.0,,23.0,60.0,79.9,386.0,483.0,,,32.0,,,,21.0,,,,15.4,2.0,13.0,,13.0,,,14.0,7.0,7.0,,21.0,0,,1,3.0,,,,,,,1.0,3.0,0.0,19.0,,,6.71,7.13,AFC Asian Cup,AFC,AFC
SEL-ASIAN_CUP-2023-11275795,Ronda 2,2024-01-18,Syria,1,Australia,0,1,,,8.0,1.0,7.0,0.0,1.0,,,,,,,,,,0.0,1.0,1.0,6.0,36.0,,8.0,37.0,71.2,267.0,375.0,,,19.0,,,,7.0,,,,33.3,2.0,6.0,,13.0,,,31.0,17.0,14.0,,14.0,1,,0,0.0,,,,,,,1.0,0.0,,12.0,,,,,10.0,1.0,7.0,2.0,0.0,,,,,,,,,,1.0,4.0,1.0,9.0,81.0,,31.0,63.0,83.9,528.0,629.0,,,31.0,,,,12.0,,,,36.8,7.0,19.0,,8.0,,,16.0,9.0,7.0,,14.0,0,,1,1.0,,,,,,,0.0,2.0,,7.0,,,6.72,7.12,AFC Asian Cup,Desconocido,AFC
SEL-ASIAN_CUP-2023-11275796,Ronda 2,2024-01-18,India,1,Uzbekistán,0,3,,,9.0,3.0,5.0,1.0,2.0,,,,,,,,,,0.0,4.0,2.0,5.0,39.0,,14.0,52.0,82.3,429.0,521.0,,,10.0,,,,17.0,,,,29.4,5.0,17.0,,9.0,,,12.0,4.0,8.0,,18.0,3,,0,4.0,,,,,0.0,,0.0,,,8.0,,,,,18.0,7.0,9.0,2.0,3.0,,,,,,,,,,4.0,1.0,1.0,11.0,66.0,,26.0,48.0,80.9,393.0,486.0,,,38.0,,,,8.0,,,,40.0,4.0,10.0,,8.0,,,14.0,12.0,2.0,,19.0,0,,1,3.0,,,,,1.0,,2.0,,,18.0,,,6.6,7.47,AFC Asian Cup,AFC,AFC
SEL-ASIAN_CUP-2023-11275797,Ronda 2,2024-01-18,Palestina,1,EAU,1,1,,,24.0,7.0,10.0,7.0,0.0,,,,,,,,,,4.0,16.0,1.0,11.0,75.0,,34.0,65.0,85.4,446.0,522.0,,,42.0,,,,7.0,,,,24.6,16.0,65.0,,3.0,,,18.0,13.0,5.0,,7.0,1,,0,1.0,,,0.0,,0.0,,0.0,1.0,0.0,11.0,,,,,5.0,2.0,3.0,0.0,0.0,,,,,,,,,,2.0,1.0,0.0,2.0,56.0,,8.0,35.0,70.3,220.0,313.0,,,33.0,,,,11.0,,,,42.9,3.0,7.0,,7.0,,,19.0,13.0,6.0,,45.0,1,,0,8.0,,,1.0,,1.0,,1.0,1.0,1.0,7.0,,,7.05,6.96,AFC Asian Cup,AFC,AFC
SEL-ASIAN_CUP-2023-11275798,Ronda 2,2024-01-19,Iraq,1,Japón,2,1,,,8.0,3.0,5.0,0.0,0.0,,,,,,,,,,2.0,1.0,3.0,8.0,60.0,,17.0,28.0,59.5,138.0,232.0,,,22.0,,,,13.0,,,,20.0,2.0,10.0,,8.0,,,21.0,7.0,14.0,,35.0,1,,0,1.0,,,,,0.0,,1.0,1.0,,11.0,,,,,15.0,2.0,9.0,4.0,0.0,,,,,,,,,,2.0,13.0,2.0,9.0,70.0,,42.0,72.0,80.8,485.0,600.0,,,32.0,,,,11.0,,,,25.7,9.0,35.0,,9.0,,,13.0,8.0,5.0,,9.0,2,,0,1.0,,,,,1.0,,1.0,1.0,,14.0,,,6.9,6.89,AFC Asian Cup,AFC,AFC
SEL-ASIAN_CUP-2023-11275799,Ronda 2,2024-01-19,Vietnam,1,Indonesia,0,1,,,11.0,3.0,7.0,1.0,0.0,,,,,,,,,,1.0,6.0,1.0,4.0,46.0,,13.0,57.0,74.9,364.0,486.0,,,23.0,,,,23.0,,,,20.0,3.0,15.0,,6.0,,,19.0,9.0,10.0,,22.0,1,,0,4.0,,,,,2.0,,2.0,2.0,1.0,8.0,,,,,16.0,5.0,9.0,2.0,0.0,,,,,,,,,,2.0,4.0,2.0,4.0,42.0,,22.0,43.0,72.7,263.0,362.0,,,16.0,,,,8.0,,,,41.7,5.0,12.0,,12.0,,,12.0,9.0,3.0,,24.0,0,,1,3.0,,,,,0.0,,2.0,2.0,0.0,24.0,,,6.88,7.07,AFC Asian Cup,AFC,AFC
SEL-ASIAN_CUP-2023-11275800,Ronda 2,2024-01-19,Hong Kong,1,Irán,0,1,,,9.0,2.0,4.0,3.0,0.0,,,,,,,,,,0.0,2.0,1.0,4.0,78.0,,14.0,30.0,44.5,93.0,209.0,,,22.0,,,,11.0,,,,13.3,2.0,15.0,,5.0,,,14.0,8.0,6.0,,19.0,1,,0,3.0,,,,,1.0,,0.0,2.0,,12.0,,,,,14.0,4.0,7.0,3.0,1.0,,,,,,,,,,2.0,5.0,2.0,5.0,57.0,,23.0,70.0,78.8,402.0,510.0,,,37.0,,,,12.0,,,,26.1,6.0,23.0,,9.0,,,12.0,4.0,8.0,,30.0,0,,1,3.0,,,,,0.0,,2.0,0.0,,12.0,,,6.65,7.2,AFC Asian Cup,AFC,AFC
SEL-ASIAN_CUP-2023-11275801,Ronda 2,2024-01-20,Jordania,1,Corea del Sur,2,2,,,12.0,4.0,5.0,3.0,0.0,,,,,,,,,,0.0,6.0,0.0,8.0,59.0,,11.0,34.0,70.8,221.0,312.0,,,29.0,,,,10.0,,,,12.5,1.0,8.0,,12.0,,,25.0,18.0,7.0,,19.0,2,,0,6.0,,,,,1.0,,,3.0,,16.0,,,,,23.0,7.0,11.0,5.0,0.0,,,,,,,,,,2.0,3.0,4.0,6.0,74.0,,31.0,66.0,86.8,524.0,604.0,,,26.0,,,,16.0,,,,33.3,5.0,15.0,,14.0,,,19.0,13.0,6.0,,5.0,2,,0,3.0,,,,,0.0,,,2.0,,10.0,,,6.95,6.92,AFC Asian Cup,AFC,AFC
SEL-ASIAN_CUP-2023-11275802,Ronda 2,2024-01-20,Baréin,1,Malaysia,1,0,,,13.0,3.0,6.0,4.0,0.0,,,,,,,,,,1.0,7.0,2.0,6.0,90.0,,29.0,66.0,81.5,442.0,542.0,,,41.0,,,,19.0,,,,25.0,8.0,32.0,,9.0,,,15.0,9.0,6.0,,15.0,0,,1,1.0,,,,,1.0,,0.0,1.0,,11.0,,,,,4.0,1.0,3.0,0.0,0.0,,,,,,,,,,0.0,1.0,2.0,7.0,54.0,,10.0,34.0,66.9,182.0,272.0,,,27.0,,,,11.0,,,,10.5,2.0,19.0,,5.0,,,16.0,7.0,9.0,,36.0,1,,0,2.0,,,,,1.0,,1.0,2.0,,19.0,,,7.15,6.65,AFC Asian Cup,AFC,Desconocido
SEL-ASIAN_CUP-2023-11275803,Ronda 2,2024-01-21,Omán,1,Tailandia,0,0,,,6.0,1.0,4.0,1.0,0.0,,,,,,,,,,0.0,7.0,0.0,11.0,61.0,,17.0,70.0,86.4,539.0,624.0,,,30.0,,,,18.0,,,,14.7,5.0,34.0,,4.0,,,17.0,9.0,8.0,,20.0,0,,1,2.0,,,,,1.0,,1.0,0.0,,9.0,,,,,6.0,2.0,1.0,3.0,0.0,,,,,,,,,,1.0,4.0,2.0,1.0,41.0,,6.0,30.0,70.0,187.0,267.0,,,16.0,,,,9.0,,,,28.6,4.0,14.0,,5.0,,,13.0,4.0,9.0,,34.0,0,,1,1.0,,,,,2.0,,3.0,1.0,,18.0,,,7.27,6.75,AFC Asian Cup,AFC,AFC
SEL-ASIAN_CUP-2023-11275804,Ronda 2,2024-01-21,Kirguistán,1,Arabia Saudita,0,2,,,1.0,0.0,1.0,0.0,0.0,,,,,,,,,,0.0,0.0,3.0,1.0,41.0,,4.0,25.0,64.9,137.0,211.0,,,26.0,,,,14.0,,,,50.0,1.0,2.0,,13.0,,,14.0,8.0,6.0,,29.0,2,,0,5.0,,,,,,,1.0,2.0,2.0,14.0,,,,,28.0,7.0,11.0,10.0,2.0,,,,,,,,,,4.0,8.0,1.0,3.0,82.0,,45.0,75.0,87.5,545.0,623.0,,,16.0,,,,14.0,,,,34.6,9.0,26.0,,4.0,,,16.0,9.0,7.0,,7.0,0,,1,0.0,,,,,,,0.0,1.0,0.0,15.0,,,6.12,7.4,AFC Asian Cup,AFC,AFC
SEL-ASIAN_CUP-2023-11275805,Ronda 3,2024-01-22,Catar,1,China,1,0,,,10.0,1.0,7.0,2.0,0.0,,,,,,,,,,0.0,6.0,3.0,9.0,57.0,,22.0,59.0,82.0,387.0,472.0,,,18.0,,,,12.0,,,,36.4,4.0,11.0,,4.0,,,13.0,7.0,6.0,,31.0,0,,1,1.0,,,,,,,2.0,3.0,,8.0,,,,,10.0,2.0,6.0,2.0,0.0,,,,,,,,,,1.0,6.0,1.0,8.0,51.0,,22.0,41.0,69.3,219.0,316.0,,,25.0,,,,8.0,,,,22.2,4.0,18.0,,9.0,,,20.0,11.0,9.0,,21.0,1,,0,0.0,,,,,,,0.0,0.0,,12.0,,,6.95,6.84,AFC Asian Cup,AFC,AFC
SEL-ASIAN_CUP-2023-11275806,Ronda 3,2024-01-22,Tayikistán,1,Lebanon,2,1,,,17.0,4.0,6.0,7.0,1.0,,,,,,,,,,0.0,6.0,3.0,9.0,70.0,,26.0,68.0,83.8,462.0,551.0,,,32.0,,,,18.0,,,,24.1,7.0,29.0,,5.0,,,18.0,11.0,7.0,,27.0,1,,0,5.0,,,,,0.0,,3.0,3.0,0.0,14.0,,,,,14.0,6.0,7.0,1.0,0.0,,,,,,,,,,2.0,5.0,1.0,9.0,58.0,,23.0,32.0,63.5,158.0,249.0,,,42.0,,,,13.0,,,,26.3,5.0,19.0,,12.0,,,17.0,13.0,4.0,,33.0,2,,0,2.0,,,,,1.0,,2.0,2.0,1.0,18.0,,,7.11,6.99,AFC Asian Cup,AFC,Desconocido
SEL-ASIAN_CUP-2023-11275782,Ronda 3,2024-01-23,Australia,1,Uzbekistán,1,1,,,8.0,1.0,4.0,3.0,0.0,,,,,,,,,,1.0,3.0,4.0,12.0,59.0,,15.0,56.0,82.1,469.0,571.0,,,23.0,,,,8.0,,,,16.7,3.0,18.0,,3.0,,,18.0,12.0,6.0,,11.0,1,,0,,,,,,,,0.0,2.0,,10.0,,,,,8.0,1.0,2.0,5.0,0.0,,,,,,,,,,1.0,0.0,4.0,6.0,50.0,,13.0,44.0,78.0,361.0,463.0,,,27.0,,,,10.0,,,,40.0,2.0,5.0,,12.0,,,14.0,12.0,2.0,,23.0,1,,0,,,,,,,,1.0,3.0,,9.0,,,6.92,6.66,AFC Asian Cup,AFC,AFC
SEL-ASIAN_CUP-2023-11275783,Ronda 3,2024-01-23,Syria,1,India,1,0,,,20.0,4.0,10.0,6.0,0.0,,,,,,,,,,2.0,9.0,0.0,8.0,66.0,,42.0,52.0,70.7,251.0,355.0,,,30.0,,,,17.0,,,,25.0,8.0,32.0,,7.0,,,15.0,9.0,6.0,,15.0,0,,1,1.0,,,,,1.0,,0.0,2.0,,10.0,,,,,8.0,1.0,3.0,4.0,0.0,,,,,,,,,,0.0,3.0,4.0,7.0,48.0,,13.0,48.0,70.5,239.0,339.0,,,25.0,,,,8.0,,,,29.4,5.0,17.0,,5.0,,,18.0,8.0,10.0,,36.0,1,,0,3.0,,,,,2.0,,1.0,2.0,,18.0,,,7.25,6.78,AFC Asian Cup,Desconocido,AFC
SEL-ASIAN_CUP-2023-11275808,Ronda 3,2024-01-23,Hong Kong,1,Palestina,0,3,,,14.0,1.0,9.0,4.0,1.0,,,,,,,,,,2.0,4.0,2.0,5.0,54.0,,18.0,33.0,52.2,131.0,251.0,,,30.0,,,,9.0,,,,13.3,2.0,15.0,,13.0,,,12.0,8.0,4.0,,21.0,3,,0,4.0,,,,,,,,2.0,,9.0,,,,,19.0,7.0,8.0,4.0,1.0,,,,,,,,,,4.0,1.0,2.0,5.0,81.0,,26.0,67.0,76.8,400.0,521.0,,,57.0,,,,9.0,,,,20.0,5.0,25.0,,7.0,,,21.0,12.0,9.0,,36.0,0,,1,1.0,,,,,,,,0.0,,11.0,,,6.45,7.59,AFC Asian Cup,AFC,AFC
SEL-ASIAN_CUP-2023-11275807,Ronda 3,2024-01-23,Irán,1,EAU,2,1,,,15.0,2.0,8.0,5.0,0.0,,,,,,,,,,4.0,7.0,6.0,6.0,41.0,,18.0,60.0,86.5,487.0,563.0,,,17.0,,,,13.0,,,,22.2,4.0,18.0,,3.0,,,13.0,7.0,6.0,,11.0,1,,0,4.0,,,1.0,,,,,2.0,,14.0,,,,,11.0,5.0,2.0,4.0,0.0,,,,,,,,,,1.0,0.0,1.0,4.0,43.0,,14.0,40.0,79.8,301.0,377.0,,,24.0,,,,13.0,,,,30.0,3.0,10.0,,5.0,,,11.0,7.0,4.0,,22.0,2,,0,0.0,,,0.0,,,,,2.0,,13.0,,,7.19,6.57,AFC Asian Cup,AFC,AFC
SEL-ASIAN_CUP-2023-11275810,Ronda 3,2024-01-24,Iraq,1,Vietnam,3,2,,,22.0,4.0,11.0,7.0,1.0,,,,,,,,,,5.0,5.0,1.0,13.0,76.0,,40.0,63.0,88.4,490.0,554.0,,,33.0,,,,18.0,,,,42.9,9.0,21.0,,3.0,,,18.0,13.0,5.0,,5.0,2,,0,2.0,,,,,0.0,,,1.0,0.0,15.0,,,,,4.0,4.0,0.0,0.0,0.0,,,,,,,,,,3.0,1.0,2.0,4.0,33.0,,8.0,37.0,76.6,252.0,329.0,,,24.0,,,,14.0,,,,37.5,3.0,8.0,,10.0,,,24.0,14.0,10.0,,18.0,3,,0,1.0,,,,,1.0,,,4.0,1.0,20.0,,,6.92,6.36,AFC Asian Cup,AFC,AFC
SEL-ASIAN_CUP-2023-11275809,Ronda 3,2024-01-24,Japón,1,Indonesia,3,1,,,14.0,2.0,8.0,4.0,1.0,,,,,,,,,,4.0,4.0,2.0,16.0,72.0,,28.0,71.0,85.1,565.0,664.0,,,18.0,,,,13.0,,,,23.1,3.0,13.0,,5.0,,,12.0,7.0,5.0,,7.0,1,,0,,,,,,1.0,,0.0,2.0,,15.0,,,,,3.0,1.0,1.0,1.0,0.0,,,,,,,,,,0.0,1.0,2.0,5.0,47.0,,6.0,29.0,63.8,171.0,268.0,,,15.0,,,,15.0,,,,,0.0,2.0,,6.0,,,21.0,9.0,12.0,,28.0,3,,0,,,,,,0.0,,1.0,3.0,,13.0,,,7.29,6.37,AFC Asian Cup,AFC,AFC
SEL-ASIAN_CUP-2023-11275812,Ronda 3,2024-01-25,Jordania,1,Baréin,0,1,,,8.0,3.0,3.0,2.0,0.0,,,,,,,,,,0.0,4.0,0.0,9.0,50.0,,16.0,60.0,88.1,593.0,673.0,,,17.0,,,,8.0,,,,15.4,2.0,13.0,,7.0,,,23.0,11.0,12.0,,11.0,1,,0,3.0,,,,,0.0,,1.0,2.0,,15.0,,,,,7.0,4.0,1.0,2.0,0.0,,,,,,,,,,2.0,2.0,4.0,10.0,45.0,,10.0,40.0,84.4,379.0,449.0,,,44.0,,,,12.0,,,,,0.0,3.0,,9.0,,,23.0,12.0,11.0,,11.0,0,,1,3.0,,,,,1.0,,0.0,0.0,,8.0,,,6.75,7.12,AFC Asian Cup,AFC,AFC
SEL-ASIAN_CUP-2023-11275811,Ronda 3,2024-01-25,Corea del Sur,1,Malaysia,3,3,,,18.0,7.0,4.0,7.0,0.0,,,,,,,,,,3.0,20.0,5.0,5.0,81.0,,45.0,81.0,89.3,754.0,844.0,,,24.0,,,,13.0,,,,24.4,10.0,41.0,,5.0,,,15.0,10.0,5.0,,2.0,3,,0,1.0,,,,,1.0,,0.0,1.0,,5.0,,,,,7.0,4.0,2.0,1.0,0.0,,,,,,,,,,1.0,0.0,0.0,10.0,36.0,,10.0,19.0,57.1,113.0,198.0,,,11.0,,,,5.0,,,,25.0,1.0,4.0,,3.0,,,17.0,12.0,5.0,,40.0,3,,0,5.0,,,,,1.0,,3.0,0.0,,13.0,,,6.98,6.72,AFC Asian Cup,AFC,Desconocido
SEL-ASIAN_CUP-2023-11275814,Ronda 3,2024-01-25,Kirguistán,1,Omán,1,1,,,6.0,2.0,2.0,2.0,0.0,,,,,,,,,,1.0,3.0,4.0,5.0,47.0,,8.0,43.0,74.9,260.0,347.0,,,33.0,,,,6.0,,,,14.3,2.0,14.0,,10.0,,,20.0,15.0,5.0,,23.0,1,,0,3.0,,,,,3.0,,3.0,2.0,,13.0,,,,,17.0,4.0,6.0,7.0,0.0,,,,,,,,,,1.0,12.0,2.0,13.0,72.0,,37.0,57.0,82.3,368.0,447.0,,,27.0,,,,13.0,,,,18.2,4.0,22.0,,3.0,,,12.0,6.0,6.0,,17.0,1,,0,1.0,,,,,4.0,,0.0,2.0,,6.0,,,6.93,6.97,AFC Asian Cup,AFC,AFC
SEL-ASIAN_CUP-2023-11275813,Ronda 3,2024-01-25,Arabia Saudita,1,Tailandia,0,0,,,17.0,7.0,4.0,6.0,0.0,,,,,,,,,,4.0,11.0,8.0,9.0,120.0,,53.0,69.0,89.7,612.0,682.0,,,12.0,,,,4.0,,,,38.5,10.0,26.0,,12.0,,,16.0,10.0,6.0,,8.0,0,,1,0.0,,,0.0,,0.0,,0.0,1.0,,6.0,,,,,4.0,0.0,3.0,1.0,1.0,,,,,,,,,,0.0,5.0,3.0,4.0,29.0,,12.0,31.0,73.2,221.0,302.0,,,20.0,,,,6.0,,,,30.0,3.0,10.0,,8.0,,,23.0,16.0,7.0,,32.0,0,,1,7.0,,,1.0,,1.0,,1.0,0.0,,4.0,,,7.22,7.12,AFC Asian Cup,AFC,AFC
SEL-CONCACAF_NL-2019-20-8394275,Final,2019-09-05,Dominica,1,Suriname,1,2,,,,,,,,,,,,,,,,,,,,,,,,,,,,,,,,,,,,,,,,,,,,,,,,,,2,,0,,,,,,,,,,,,,,,,,,,,,,,,,,,,,,,,,,,,,,,,,,,,,,,,,,,,,,,,,,,,,,,1,,0,,,,,,,,,,,,,,,,CONCACAF Nations League,Desconocido,Desconocido
SEL-CONCACAF_NL-2019-20-8391223,Final,2019-09-05,USA,1,Cayman Islands,0,2,,,,,,,,,,,,,,,,,,,,,,,,,,,,,,,,,,,,,,,,,,,,,,,,,,2,,0,,,,,,,,,,,,,,,,,,,,,,,,,,,,,,,,,,,,,,,,,,,,,,,,,,,,,,,,,,,,,,,0,,1,,,,,,,,,,,,,,,,CONCACAF Nations League,CONCACAF,Desconocido
SEL-CONCACAF_NL-2019-20-8391836,Final,2019-09-05,Bermuda,1,Panamá,1,4,,,,,,,,,,,,,,,,,,,,,,,,,,,,,,,,,,,,,,,,,,,,,,,,,,4,,0,,,,,,,,,,,,,,,,,,,,,,,,,,,,,,,,,,,,,,,,,,,,,,,,,,,,,,,,,,,,,,,1,,0,,,,,,,,,,,,,,,,CONCACAF Nations League,Desconocido,CONCACAF
SEL-CONCACAF_NL-2019-20-8394276,Final,2019-09-05,Grenada,1,Saint Kitts And Nevis,2,1,,,,,,,,,,,,,,,,,,,,,,,,,,,,,,,,,,,,,,,,,,,,,,,,,,1,,0,,,,,,,,,,,,,,,,,,,,,,,,,,,,,,,,,,,,,,,,,,,,,,,,,,,,,,,,,,,,,,,2,,0,,,,,,,,,,,,,,,,CONCACAF Nations League,Desconocido,Desconocido
SEL-CONCACAF_NL-2019-20-8391224,Final,2019-09-05,Barbados,1,Saint Martin,4,0,,,,,,,,,,,,,,,,,,,,,,,,,,,,,,,,,,,,,,,,,,,,,,,,,,0,,1,,,,,,,,,,,,,,,,,,,,,,,,,,,,,,,,,,,,,,,,,,,,,,,,,,,,,,,,,,,,,,,4,,0,,,,,,,,,,,,,,,,CONCACAF Nations League,Desconocido,Desconocido
SEL-CONCACAF_NL-2019-20-8394277,Final,2019-09-05,French Guiana,1,Belize,3,0,,,,,,,,,,,,,,,,,,,,,,,,,,,,,,,,,,,,,,,,,,,,,,,,,,0,,1,,,,,,,,,,,,,,,,,,,,,,,,,,,,,,,,,,,,,,,,,,,,,,,,,,,,,,,,,,,,,,,3,,0,,,,,,,,,,,,,,,,CONCACAF Nations League,Desconocido,Desconocido
SEL-CONCACAF_NL-2019-20-8392383,Final,2019-09-05,Nicaragua,1,Saint Vincent And The Grenadines,1,1,,,,,,,,,,,,,,,,,,,,,,,,,,,,,,,,,,,,,,,,,,,,,,,,,,1,,0,,,,,,,,,,,,,,,,,,,,,,,,,,,,,,,,,,,,,,,,,,,,,,,,,,,,,,,,,,,,,,,1,,0,,,,,,,,,,,,,,,,CONCACAF Nations League,Desconocido,Desconocido
SEL-CONCACAF_NL-2019-20-8391225,Final,2019-09-05,Guatemala,1,Anguilla,10,0,,,,,,,,,,,,,,,,,,,,,,,,,,,,,,,,,,,,,,,,,,,,,,,,,,0,,1,,,,,,,,,,,,,,,,,,,,,,,,,,,,,,,,,,,,,,,,,,,,,,,,,,,,,,,,,,,,,,,10,,0,,,,,,,,,,,,,,,,CONCACAF Nations League,CONCACAF,Desconocido
SEL-CONCACAF_NL-2019-20-8391867,Final,2019-09-06,Bonaire,1,British Virgin Islands,4,2,,,,,,,,,,,,,,,,,,,,,,,,,,,,,,,,,,,,,,,,,,,,,,,,,,2,,0,,,,,,,,,,,,,,,,,,,,,,,,,,,,,,,,,,,,,,,,,,,,,,,,,,,,,,,,,,,,,,,4,,0,,,,,,,,,,,,,,,,CONCACAF Nations League,Desconocido,Desconocido
SEL-CONCACAF_NL-2019-20-8392213,Final,2019-09-06,Martinique,1,Trinidad y Tobago,1,1,,,,,,,,,,,,,,,,,,,,,,,,,,,,,,,,,,,,,,,,,,,,,,,,,,1,,0,,,,,,,,,,,,,,,,,,,,,,,,,,,,,,,,,,,,,,,,,,,,,,,,,,,,,,,,,,,,,,,1,,0,,,,,,,,,,,,,,,,CONCACAF Nations League,Desconocido,CONCACAF
SEL-CONCACAF_NL-2019-20-8394278,Final,2019-09-06,Aruba,1,Guyana,0,1,,,,,,,,,,,,,,,,,,,,,,,,,,,,,,,,,,,,,,,,,,,,,,,,,,1,,0,,,,,,,,,,,,,,,,,,,,,,,,,,,,,,,,,,,,,,,,,,,,,,,,,,,,,,,,,,,,,,,0,,1,,,,,,,,,,,,,,,,CONCACAF Nations League,Desconocido,Desconocido
SEL-CONCACAF_NL-2019-20-8394279,Final,2019-09-06,Jamaica,1,Antigua And Barbuda,6,0,,,,,,,,,,,,,,,,,,,,,,,,,,,,,,,,,,,,,,,,,,,,,,,,,,0,,1,,,,,,,,,,,,,,,,,,,,,,,,,,,,,,,,,,,,,,,,,,,,,,,,,,,,,,,,,,,,,,,6,,0,,,,,,,,,,,,,,,,CONCACAF Nations League,CONCACAF,Desconocido
SEL-CONCACAF_NL-2019-20-8394280,Final,2019-09-07,Montserrat,1,Dominican Republic,2,1,,,,,,,,,,,,,,,,,,,,,,,,,,,,,,,,,,,,,,,,,,,,,,,,,,1,,0,,,,,,,,,,,,,,,,,,,,,,,,,,,,,,,,,,,,,,,,,,,,,,,,,,,,,,,,,,,,,,,2,,0,,,,,,,,,,,,,,,,CONCACAF Nations League,Desconocido,Desconocido
SEL-CONCACAF_NL-2019-20-8453021,Final,2019-09-07,Guadeloupe,1,Sint Maarten,5,1,,,,,,,,,,,,,,,,,,,,,,,,,,,,,,,,,,,,,,,,,,,,,,,,,,1,,0,,,,,,,,,,,,,,,,,,,,,,,,,,,,,,,,,,,,,,,,,,,,,,,,,,,,,,,,,,,,,,,5,,0,,,,,,,,,,,,,,,,CONCACAF Nations League,Desconocido,Desconocido
SEL-CONCACAF_NL-2019-20-8393459,Final,2019-09-07,Curazao,1,Haití,1,0,,,,,,,,,,,,,,,,,,,,,,,,,,,,,,,,,,,,,,,,,,,,,,,,,,0,,1,,,,,,,,,,,,,,,,,,,,,,,,,,,,,,,,,,,,,,,,,,,,,,,,,,,,,,,,,,,,,,,1,,0,,,,,,,,,,,,,,,,CONCACAF Nations League,CONCACAF,CONCACAF
SEL-CONCACAF_NL-2019-20-8393458,Final,2019-09-07,Canadá,1,Cuba,6,0,,,,,,,,,,,,,,,,,,,,,,,,,,,,,,,,,,,,,,,,,,,,,,,,,,0,,1,,,,,,,,,,,,,,,,,,,,,,,,,,,,,,,,,,,,,,,,,,,,,,,,,,,,,,,,,,,,,,,6,,0,,,,,,,,,,,,,,,,CONCACAF Nations League,CONCACAF,CONCACAF
SEL-CONCACAF_NL-2019-20-8393460,Final,2019-09-07,El Salvador,1,Saint Lucia,3,0,,,,,,,,,,,,,,,,,,,,,,,,,,,,,,,,,,,,,,,,,,,,,,,,,,0,,1,,,,,,,,,,,,,,,,,,,,,,,,,,,,,,,,,,,,,,,,,,,,,,,,,,,,,,,,,,,,,,,3,,0,,,,,,,,,,,,,,,,CONCACAF Nations League,CONCACAF,Desconocido
SEL-CONCACAF_NL-2019-20-8394874,Final,2019-09-09,Bahamas,1,Bonaire,2,1,,,,,,,,,,,,,,,,,,,,,,,,,,,,,,,,,,,,,,,,,,,,,,,,,,1,,0,,,,,,,,,,,,,,,,,,,,,,,,,,,,,,,,,,,,,,,,,,,,,,,,,,,,,,,,,,,,,,,2,,0,,,,,,,,,,,,,,,,CONCACAF Nations League,Desconocido,Desconocido
SEL-CONCACAF_NL-2019-20-8397255,Final,2019-09-10,Turks And Caicos Islands,1,Guadeloupe,0,3,,,,,,,,,,,,,,,,,,,,,,,,,,,,,,,,,,,,,,,,,,,,,,,,,,3,,0,,,,,,,,,,,,,,,,,,,,,,,,,,,,,,,,,,,,,,,,,,,,,,,,,,,,,,,,,,,,,,,0,,1,,,,,,,,,,,,,,,,CONCACAF Nations League,Desconocido,Desconocido
SEL-CONCACAF_NL-2019-20-8397209,Final,2019-09-10,Puerto Rico,1,Guatemala,0,5,,,,,,,,,,,,,,,,,,,,,,,,,,,,,,,,,,,,,,,,,,,,,,,,,,5,,0,,,,,,,,,,,,,,,,,,,,,,,,,,,,,,,,,,,,,,,,,,,,,,,,,,,,,,,,,,,,,,,0,,1,,,,,,,,,,,,,,,,CONCACAF Nations League,Desconocido,CONCACAF
SEL-CONCACAF_NL-2019-20-8446499,Final,2019-10-10,British Virgin Islands,1,Bahamas,0,4,,,,,,,,,,,,,,,,,,,,,,,,,,,,,,,,,,,,,,,,,,,,,,,,,,4,,0,,,,,,,,,,,,,,,,,,,,,,,,,,,,,,,,,,,,,,,,,,,,,,,,,,,,,,,,,,,,,,,0,,1,,,,,,,,,,,,,,,,CONCACAF Nations League,Desconocido,Desconocido
SEL-CONCACAF_NL-2019-20-8453022,Final,2019-10-10,Sint Maarten,1,Turks And Caicos Islands,2,5,,,,,,,,,,,,,,,,,,,,,,,,,,,,,,,,,,,,,,,,,,,,,,,,,,5,,0,,,,,,,,,,,,,,,,,,,,,,,,,,,,,,,,,,,,,,,,,,,,,,,,,,,,,,,,,,,,,,,2,,0,,,,,,,,,,,,,,,,CONCACAF Nations League,Desconocido,Desconocido
SEL-CONCACAF_NL-2019-20-8448399,Final,2019-10-12,Anguilla,1,Guatemala,0,5,,,,,,,,,,,,,,,,,,,,,,,,,,,,,,,,,,,,,,,,,,,,,,,,,,5,,0,,,,,,,,,,,,,,,,,,,,,,,,,,,,,,,,,,,,,,,,,,,,,,,,,,,,,,,,,,,,,,,0,,1,,,,,,,,,,,,,,,,CONCACAF Nations League,Desconocido,CONCACAF
SEL-CONCACAF_NL-2019-20-8449130,Final,2019-10-13,British Virgin Islands,1,Bonaire,3,4,,,,,,,,,,,,,,,,,,,,,,,,,,,,,,,,,,,,,,,,,,,,,,,,,,4,,0,,,,,,,,,,,,,,,,,,,,,,,,,,,,,,,,,,,,,,,,,,,,,,,,,,,,,,,,,,,,,,,3,,0,,,,,,,,,,,,,,,,CONCACAF Nations League,Desconocido,Desconocido
SEL-CONCACAF_NL-2019-20-8453023,Final,2019-10-14,Sint Maarten,1,Guadeloupe,1,2,,,,,,,,,,,,,,,,,,,,,,,,,,,,,,,,,,,,,,,,,,,,,,,,,,2,,0,,,,,,,,,,,,,,,,,,,,,,,,,,,,,,,,,,,,,,,,,,,,,,,,,,,,,,,,,,,,,,,1,,0,,,,,,,,,,,,,,,,CONCACAF Nations League,Desconocido,Desconocido
SEL-CONCACAF_NL-2019-20-8451266,Final,2019-10-15,Anguilla,1,Puerto Rico,2,3,,,,,,,,,,,,,,,,,,,,,,,,,,,,,,,,,,,,,,,,,,,,,,,,,,3,,0,,,,,,,,,,,,,,,,,,,,,,,,,,,,,,,,,,,,,,,,,,,,,,,,,,,,,,,,,,,,,,,2,,0,,,,,,,,,,,,,,,,CONCACAF Nations League,Desconocido,Desconocido
SEL-CONCACAF_NL-2019-20-8495457,Final,2019-11-14,Turks And Caicos Islands,1,Sint Maarten,3,2,,,,,,,,,,,,,,,,,,,,,,,,,,,,,,,,,,,,,,,,,,,,,,,,,,2,,0,,,,,,,,,,,,,,,,,,,,,,,,,,,,,,,,,,,,,,,,,,,,,,,,,,,,,,,,,,,,,,,3,,0,,,,,,,,,,,,,,,,CONCACAF Nations League,Desconocido,Desconocido
SEL-CONCACAF_NL-2019-20-8466454,Final,2019-11-14,Bahamas,1,British Virgin Islands,3,0,,,,,,,,,,,,,,,,,,,,,,,,,,,,,,,,,,,,,,,,,,,,,,,,,,0,,1,,,,,,,,,,,,,,,,,,,,,,,,,,,,,,,,,,,,,,,,,,,,,,,,,,,,,,,,,,,,,,,3,,0,,,,,,,,,,,,,,,,CONCACAF Nations League,Desconocido,Desconocido
SEL-CONCACAF_NL-2019-20-8466458,Final,2019-11-16,Guatemala,1,Puerto Rico,5,0,,,,,,,,,,,,,,,,,,,,,,,,,,,,,,,,,,,,,,,,,,,,,,,,,,0,,1,,,,,,,,,,,,,,,,,,,,,,,,,,,,,,,,,,,,,,,,,,,,,,,,,,,,,,,,,,,,,,,5,,0,,,,,,,,,,,,,,,,CONCACAF Nations League,CONCACAF,Desconocido
SEL-CONCACAF_NL-2019-20-8466450,Final,2019-11-17,Bonaire,1,Bahamas,1,1,,,,,,,,,,,,,,,,,,,,,,,,,,,,,,,,,,,,,,,,,,,,,,,,,,1,,0,,,,,,,,,,,,,,,,,,,,,,,,,,,,,,,,,,,,,,,,,,,,,,,,,,,,,,,,,,,,,,,1,,0,,,,,,,,,,,,,,,,CONCACAF Nations League,Desconocido,Desconocido
SEL-CONCACAF_NL-2019-20-8466463,Final,2019-11-17,Guadeloupe,1,Turks And Caicos Islands,10,0,,,,,,,,,,,,,,,,,,,,,,,,,,,,,,,,,,,,,,,,,,,,,,,,,,0,,1,,,,,,,,,,,,,,,,,,,,,,,,,,,,,,,,,,,,,,,,,,,,,,,,,,,,,,,,,,,,,,,10,,0,,,,,,,,,,,,,,,,CONCACAF Nations League,Desconocido,Desconocido
SEL-CONCACAF_NL-2019-20-8466469,Final,2019-11-19,Puerto Rico,1,Anguilla,3,0,,,,,,,,,,,,,,,,,,,,,,,,,,,,,,,,,,,,,,,,,,,,,,,,,,0,,1,,,,,,,,,,,,,,,,,,,,,,,,,,,,,,,,,,,,,,,,,,,,,,,,,,,,,,,,,,,,,,,3,,0,,,,,,,,,,,,,,,,CONCACAF Nations League,Desconocido,Desconocido
SEL-CONCACAF_NL-2019-20-8394282,Semifinals,2019-09-08,Saint Vincent And The Grenadines,1,Dominica,1,0,,,,,,,,,,,,,,,,,,,,,,,,,,,,,,,,,,,,,,,,,,,,,,,,,,0,,1,,,,,,,,,,,,,,,,,,,,,,,,,,,,,,,,,,,,,,,,,,,,,,,,,,,,,,,,,,,,,,,1,,0,,,,,,,,,,,,,,,,CONCACAF Nations League,Desconocido,Desconocido
SEL-CONCACAF_NL-2019-20-8394286,Semifinals,2019-09-08,Saint Martin,1,USA,1,2,,,,,,,,,,,,,,,,,,,,,,,,,,,,,,,,,,,,,,,,,,,,,,,,,,2,,0,,,,,,,,,,,,,,,,,,,,,,,,,,,,,,,,,,,,,,,,,,,,,,,,,,,,,,,,,,,,,,,1,,0,,,,,,,,,,,,,,,,CONCACAF Nations League,Desconocido,CONCACAF
SEL-CONCACAF_NL-2019-20-8394281,Semifinals,2019-09-08,Belize,1,Grenada,1,2,,,,,,,,,,,,,,,,,,,,,,,,,,,,,,,,,,,,,,,,,,,,,,,,,,2,,0,,,,,,,,,,,,,,,,,,,,,,,,,,,,,,,,,,,,,,,,,,,,,,,,,,,,,,,,,,,,,,,1,,0,,,,,,,,,,,,,,,,CONCACAF Nations League,Desconocido,Desconocido
SEL-CONCACAF_NL-2019-20-8394283,Semifinals,2019-09-08,Suriname,1,Nicaragua,6,0,,,,,,,,,,,,,,,,,,,,,,,,,,,,,,,,,,,,,,,,,,,,,,,,,,0,,1,,,,,,,,,,,,,,,,,,,,,,,,,,,,,,,,,,,,,,,,,,,,,,,,,,,,,,,,,,,,,,,6,,0,,,,,,,,,,,,,,,,CONCACAF Nations League,Desconocido,Desconocido
SEL-CONCACAF_NL-2019-20-8394284,Semifinals,2019-09-08,Saint Kitts And Nevis,1,French Guiana,2,2,,,,,,,,,,,,,,,,,,,,,,,,,,,,,,,,,,,,,,,,,,,,,,,,,,2,,0,,,,,,,,,,,,,,,,,,,,,,,,,,,,,,,,,,,,,,,,,,,,,,,,,,,,,,,,,,,,,,,2,,0,,,,,,,,,,,,,,,,CONCACAF Nations League,Desconocido,Desconocido
SEL-CONCACAF_NL-2019-20-8394287,Semifinals,2019-09-08,Cayman Islands,1,Barbados,3,2,,,,,,,,,,,,,,,,,,,,,,,,,,,,,,,,,,,,,,,,,,,,,,,,,,2,,0,,,,,,,,,,,,,,,,,,,,,,,,,,,,,,,,,,,,,,,,,,,,,,,,,,,,,,,,,,,,,,,3,,0,,,,,,,,,,,,,,,,CONCACAF Nations League,Desconocido,Desconocido
SEL-CONCACAF_NL-2019-20-8393993,Semifinals,2019-09-08,Panamá,1,Bermuda,0,2,,,,,,,,,,,,,,,,,,,,,,,,,,,,,,,,,,,,,,,,,,,,,,,,,,2,,0,,,,,,,,,,,,,,,,,,,,,,,,,,,,,,,,,,,,,,,,,,,,,,,,,,,,,,,,,,,,,,,0,,1,,,,,,,,,,,,,,,,CONCACAF Nations League,CONCACAF,Desconocido
SEL-CONCACAF_NL-2019-20-8394846,Semifinals,2019-09-09,Antigua And Barbuda,1,Aruba,2,1,,,,,,,,,,,,,,,,,,,,,,,,,,,,,,,,,,,,,,,,,,,,,,,,,,1,,0,,,,,,,,,,,,,,,,,,,,,,,,,,,,,,,,,,,,,,,,,,,,,,,,,,,,,,,,,,,,,,,2,,0,,,,,,,,,,,,,,,,CONCACAF Nations League,Desconocido,Desconocido
SEL-CONCACAF_NL-2019-20-8394882,Semifinals,2019-09-09,Guyana,1,Jamaica,0,4,,,,,,,,,,,,,,,,,,,,,,,,,,,,,,,,,,,,,,,,,,,,,,,,,,4,,0,,,,,,,,,,,,,,,,,,,,,,,,,,,,,,,,,,,,,,,,,,,,,,,,,,,,,,,,,,,,,,,0,,1,,,,,,,,,,,,,,,,CONCACAF Nations League,Desconocido,CONCACAF
SEL-CONCACAF_NL-2019-20-8394909,Semifinals,2019-09-09,Trinidad y Tobago,1,Martinique,2,2,,,,,,,,,,,,,,,,,,,,,,,,,,,,,,,,,,,,,,,,,,,,,,,,,,2,,0,,,,,,,,,,,,,,,,,,,,,,,,,,,,,,,,,,,,,,,,,,,,,,,,,,,,,,,,,,,,,,,2,,0,,,,,,,,,,,,,,,,CONCACAF Nations League,CONCACAF,Desconocido
SEL-CONCACAF_NL-2019-20-8397283,Semifinals,2019-09-10,Montserrat,1,Saint Lucia,1,1,,,,,,,,,,,,,,,,,,,,,,,,,,,,,,,,,,,,,,,,,,,,,,,,,,1,,0,,,,,,,,,,,,,,,,,,,,,,,,,,,,,,,,,,,,,,,,,,,,,,,,,,,,,,,,,,,,,,,1,,0,,,,,,,,,,,,,,,,CONCACAF Nations League,Desconocido,Desconocido
SEL-CONCACAF_NL-2019-20-8397333,Semifinals,2019-09-10,Haití,1,Curazao,1,1,,,,,,,,,,,,,,,,,,,,,,,,,,,,,,,,,,,,,,,,,,,,,,,,,,1,,0,,,,,,,,,,,,,,,,,,,,,,,,,,,,,,,,,,,,,,,,,,,,,,,,,,,,,,,,,,,,,,,1,,0,,,,,,,,,,,,,,,,CONCACAF Nations League,CONCACAF,CONCACAF
SEL-CONCACAF_NL-2019-20-8397334,Semifinals,2019-09-10,Dominican Republic,1,El Salvador,1,0,,,,,,,,,,,,,,,,,,,,,,,,,,,,,,,,,,,,,,,,,,,,,,,,,,0,,1,,,,,,,,,,,,,,,,,,,,,,,,,,,,,,,,,,,,,,,,,,,,,,,,,,,,,,,,,,,,,,,1,,0,,,,,,,,,,,,,,,,CONCACAF Nations League,Desconocido,CONCACAF
SEL-CONCACAF_NL-2019-20-8397354,Semifinals,2019-09-10,Cuba,1,Canadá,0,1,,,,,,,,,,,,,,,,,,,,,,,,,,,,,,,,,,,,,,,,,,,,,,,,,,1,,0,,,,,,,,,,,,,,,,,,,,,,,,,,,,,,,,,,,,,,,,,,,,,,,,,,,,,,,,,,,,,,,0,,1,,,,,,,,,,,,,,,,CONCACAF Nations League,CONCACAF,CONCACAF
SEL-CONCACAF_NL-2019-20-8407069,Ronda 3,2019-10-10,Trinidad y Tobago,1,Honduras,0,2,,,,,,,,,,,,,,,,,,,,,,,,,,,,,,,,,,,,,,,,,,,,,,,,,,2,,0,,,,,,,,,,,,,,,,,,,,,,,,,,,,,,,,,,,,,,,,,,,,,,,,,,,,,,,,,,,,,,,0,,1,,,,,,,,,,,,,,,,CONCACAF Nations League,CONCACAF,CONCACAF
SEL-CONCACAF_NL-2019-20-8446668,Ronda 3,2019-10-10,French Guiana,1,Grenada,0,0,,,,,,,,,,,,,,,,,,,,,,,,,,,,,,,,,,,,,,,,,,,,,,,,,,0,,1,,,,,,,,,,,,,,,,,,,,,,,,,,,,,,,,,,,,,,,,,,,,,,,,,,,,,,,,,,,,,,,0,,1,,,,,,,,,,,,,,,,CONCACAF Nations League,Desconocido,Desconocido
SEL-CONCACAF_NL-2019-20-8407065,Ronda 3,2019-10-10,Haití,1,Costa Rica,1,1,,,,,,,,,,,,,,,,,,,,,,,,,,,,,,,,,,,,,,,,,,,,,,,,,,1,,0,,,,,,,,,,,,,,,,,,,,,,,,,,,,,,,,,,,,,,,,,,,,,,,,,,,,,,,,,,,,,,,1,,0,,,,,,,,,,,,,,,,CONCACAF Nations League,CONCACAF,CONCACAF
SEL-CONCACAF_NL-2019-20-8446630,Ronda 3,2019-10-10,Belize,1,Saint Kitts And Nevis,0,4,,,,,,,,,,,,,,,,,,,,,,,,,,,,,,,,,,,,,,,,,,,,,,,,,,4,,0,,,,,,,,,,,,,,,,,,,,,,,,,,,,,,,,,,,,,,,,,,,,,,,,,,,,,,,,,,,,,,,0,,1,,,,,,,,,,,,,,,,CONCACAF Nations League,Desconocido,Desconocido
SEL-CONCACAF_NL-2019-20-8447249,Ronda 3,2019-10-11,Saint Vincent And The Grenadines,1,Suriname,2,2,,,,,,,,,,,,,,,,,,,,,,,,,,,,,,,,,,,,,,,,,,,,,,,,,,2,,0,,,,,,,,,,,,,,,,,,,,,,,,,,,,,,,,,,,,,,,,,,,,,,,,,,,,,,,,,,,,,,,2,,0,,,,,,,,,,,,,,,,CONCACAF Nations League,Desconocido,Desconocido
SEL-CONCACAF_NL-2019-20-8447263,Ronda 3,2019-10-11,Antigua And Barbuda,1,Guyana,2,1,,,,,,,,,,,,,,,,,,,,,,,,,,,,,,,,,,,,,,,,,,,,,,,,,,1,,0,,,,,,,,,,,,,,,,,,,,,,,,,,,,,,,,,,,,,,,,,,,,,,,,,,,,,,,,,,,,,,,2,,0,,,,,,,,,,,,,,,,CONCACAF Nations League,Desconocido,Desconocido
SEL-CONCACAF_NL-2019-20-8407061,Ronda 3,2019-10-11,USA,1,Cuba,7,0,,,,,,,,,,,,,,,,,,,,,,,,,,,,,,,,,,,,,,,,,,,,,,,,,,0,,1,,,,,,,,,,,,,,,,,,,,,,,,,,,,,,,,,,,,,,,,,,,,,,,,,,,,,,,,,,,,,,,7,,0,,,,,,,,,,,,,,,,CONCACAF Nations League,CONCACAF,CONCACAF
SEL-CONCACAF_NL-2019-20-8407057,Ronda 3,2019-10-11,Bermuda,1,México,1,5,,,,,,,,,,,,,,,,,,,,,,,,,,,,,,,,,,,,,,,,,,,,,,,,,,5,,0,,,,,,,,,,,,,,,,,,,,,,,,,,,,,,,,,,,,,,,,,,,,,,,,,,,,,,,,,,,,,,,1,,0,,,,,,,,,,,,,,,,CONCACAF Nations League,Desconocido,CONCACAF
SEL-CONCACAF_NL-2019-20-8447351,Ronda 3,2019-10-11,Nicaragua,1,Dominica,3,1,,,,,,,,,,,,,,,,,,,,,,,,,,,,,,,,,,,,,,,,,,,,,,,,,,1,,0,,,,,,,,,,,,,,,,,,,,,,,,,,,,,,,,,,,,,,,,,,,,,,,,,,,,,,,,,,,,,,,3,,0,,,,,,,,,,,,,,,,CONCACAF Nations League,Desconocido,Desconocido
SEL-CONCACAF_NL-2019-20-8448397,Ronda 3,2019-10-12,Saint Martin,1,Cayman Islands,3,0,,,,,,,,,,,,,,,,,,,,,,,,,,,,,,,,,,,,,,,,,,,,,,,,,,0,,1,,,,,,,,,,,,,,,,,,,,,,,,,,,,,,,,,,,,,,,,,,,,,,,,,,,,,,,,,,,,,,,3,,0,,,,,,,,,,,,,,,,CONCACAF Nations League,Desconocido,Desconocido
SEL-CONCACAF_NL-2019-20-8448394,Ronda 3,2019-10-12,Dominican Republic,1,Saint Lucia,3,0,,,,,,,,,,,,,,,,,,,,,,,,,,,,,,,,,,,,,,,,,,,,,,,,,,0,,1,,,,,,,,,,,,,,,,,,,,,,,,,,,,,,,,,,,,,,,,,,,,,,,,,,,,,,,,,,,,,,,3,,0,,,,,,,,,,,,,,,,CONCACAF Nations League,Desconocido,Desconocido
SEL-CONCACAF_NL-2019-20-8448396,Ronda 3,2019-10-12,Jamaica,1,Aruba,2,0,,,,,,,,,,,,,,,,,,,,,,,,,,,,,,,,,,,,,,,,,,,,,,,,,,0,,1,,,,,,,,,,,,,,,,,,,,,,,,,,,,,,,,,,,,,,,,,,,,,,,,,,,,,,,,,,,,,,,2,,0,,,,,,,,,,,,,,,,CONCACAF Nations League,CONCACAF,Desconocido
SEL-CONCACAF_NL-2019-20-8448398,Ronda 3,2019-10-12,Barbados,1,USA,1,0,,,,,,,,,,,,,,,,,,,,,,,,,,,,,,,,,,,,,,,,,,,,,,,,,,0,,1,,,,,,,,,,,,,,,,,,,,,,,,,,,,,,,,,,,,,,,,,,,,,,,,,,,,,,,,,,,,,,,1,,0,,,,,,,,,,,,,,,,CONCACAF Nations League,Desconocido,CONCACAF
SEL-CONCACAF_NL-2019-20-8448395,Ronda 3,2019-10-12,Montserrat,1,El Salvador,0,2,,,,,,,,,,,,,,,,,,,,,,,,,,,,,,,,,,,,,,,,,,,,,,,,,,2,,0,,,,,,,,,,,,,,,,,,,,,,,,,,,,,,,,,,,,,,,,,,,,,,,,,,,,,,,,,,,,,,,0,,1,,,,,,,,,,,,,,,,CONCACAF Nations League,Desconocido,CONCACAF
SEL-CONCACAF_NL-2019-20-8449271,Ronda 4,2019-10-13,Saint Kitts And Nevis,1,Belize,0,1,,,,,,,,,,,,,,,,,,,,,,,,,,,,,,,,,,,,,,,,,,,,,,,,,,1,,0,,,,,,,,,,,,,,,,,,,,,,,,,,,,,,,,,,,,,,,,,,,,,,,,,,,,,,,,,,,,,,,0,,1,,,,,,,,,,,,,,,,CONCACAF Nations League,Desconocido,Desconocido
SEL-CONCACAF_NL-2019-20-8449296,Ronda 4,2019-10-13,Grenada,1,French Guiana,1,0,,,,,,,,,,,,,,,,,,,,,,,,,,,,,,,,,,,,,,,,,,,,,,,,,,0,,1,,,,,,,,,,,,,,,,,,,,,,,,,,,,,,,,,,,,,,,,,,,,,,,,,,,,,,,,,,,,,,,1,,0,,,,,,,,,,,,,,,,CONCACAF Nations League,Desconocido,Desconocido
SEL-CONCACAF_NL-2019-20-8407066,Ronda 4,2019-10-13,Costa Rica,1,Curazao,0,0,,,,,,,,,,,,,,,,,,,,,,,,,,,,,,,,,,,,,,,,,,,,,,,,,,0,,1,,,,,,,,,,,,,,,,,,,,,,,,,,,,,,,,,,,,,,,,,,,,,,,,,,,,,,,,,,,,,,,0,,1,,,,,,,,,,,,,,,,CONCACAF Nations League,CONCACAF,CONCACAF
SEL-CONCACAF_NL-2019-20-8407070,Ronda 4,2019-10-13,Honduras,1,Martinique,1,0,,,,,,,,,,,,,,,,,,,,,,,,,,,,,,,,,,,,,,,,,,,,,,,,,,0,,1,,,,,,,,,,,,,,,,,,,,,,,,,,,,,,,,,,,,,,,,,,,,,,,,,,,,,,,,,,,,,,,1,,0,,,,,,,,,,,,,,,,CONCACAF Nations League,CONCACAF,Desconocido
SEL-CONCACAF_NL-2019-20-8449852,Ronda 4,2019-10-14,Dominica,1,Nicaragua,0,4,,,,,,,,,,,,,,,,,,,,,,,,,,,,,,,,,,,,,,,,,,,,,,,,,,4,,0,,,,,,,,,,,,,,,,,,,,,,,,,,,,,,,,,,,,,,,,,,,,,,,,,,,,,,,,,,,,,,,0,,1,,,,,,,,,,,,,,,,CONCACAF Nations League,Desconocido,Desconocido
SEL-CONCACAF_NL-2019-20-8450317,Ronda 4,2019-10-14,Suriname,1,Saint Vincent And The Grenadines,0,1,,,,,,,,,,,,,,,,,,,,,,,,,,,,,,,,,,,,,,,,,,,,,,,,,,1,,0,,,,,,,,,,,,,,,,,,,,,,,,,,,,,,,,,,,,,,,,,,,,,,,,,,,,,,,,,,,,,,,0,,1,,,,,,,,,,,,,,,,CONCACAF Nations League,Desconocido,Desconocido
SEL-CONCACAF_NL-2019-20-8450316,Ronda 4,2019-10-14,Guyana,1,Antigua And Barbuda,5,1,,,,,,,,,,,,,,,,,,,,,,,,,,,,,,,,,,,,,,,,,,,,,,,,,,1,,0,,,,,,,,,,,,,,,,,,,,,,,,,,,,,,,,,,,,,,,,,,,,,,,,,,,,,,,,,,,,,,,5,,0,,,,,,,,,,,,,,,,CONCACAF Nations League,Desconocido,Desconocido
SEL-CONCACAF_NL-2019-20-8451155,Ronda 4,2019-10-15,Saint Lucia,1,El Salvador,0,2,,,,,,,,,,,,,,,,,,,,,,,,,,,,,,,,,,,,,,,,,,,,,,,,,,2,,0,,,,,,,,,,,,,,,,,,,,,,,,,,,,,,,,,,,,,,,,,,,,,,,,,,,,,,,,,,,,,,,0,,1,,,,,,,,,,,,,,,,CONCACAF Nations League,Desconocido,CONCACAF
SEL-CONCACAF_NL-2019-20-8450490,Ronda 4,2019-10-15,USA,1,Barbados,0,4,,,,,,,,,,,,,,,,,,,,,,,,,,,,,,,,,,,,,,,,,,,,,,,,,,4,,0,,,,,,,,,,,,,,,,,,,,,,,,,,,,,,,,,,,,,,,,,,,,,,,,,,,,,,,,,,,,,,,0,,1,,,,,,,,,,,,,,,,CONCACAF Nations League,CONCACAF,Desconocido
SEL-CONCACAF_NL-2019-20-8451222,Ronda 4,2019-10-15,Aruba,1,Jamaica,0,6,,,,,,,,,,,,,,,,,,,,,,,,,,,,,,,,,,,,,,,,,,,,,,,,,,6,,0,,,,,,,,,,,,,,,,,,,,,,,,,,,,,,,,,,,,,,,,,,,,,,,,,,,,,,,,,,,,,,,0,,1,,,,,,,,,,,,,,,,CONCACAF Nations League,Desconocido,CONCACAF
SEL-CONCACAF_NL-2019-20-8451111,Ronda 4,2019-10-15,Dominican Republic,1,Montserrat,0,0,,,,,,,,,,,,,,,,,,,,,,,,,,,,,,,,,,,,,,,,,,,,,,,,,,0,,1,,,,,,,,,,,,,,,,,,,,,,,,,,,,,,,,,,,,,,,,,,,,,,,,,,,,,,,,,,,,,,,0,,1,,,,,,,,,,,,,,,,CONCACAF Nations League,Desconocido,Desconocido
SEL-CONCACAF_NL-2019-20-8407062,Ronda 4,2019-10-15,Canadá,1,USA,2,0,,,,,,,,,,,,,,,,,,,,,,,,,,,,,,,,,,,,,,,,,,,,,,,,,,0,,1,,,,,,,,,,,,,,,,,,,,,,,,,,,,,,,,,,,,,,,,,,,,,,,,,,,,,,,,,,,,,,,2,,0,,,,,,,,,,,,,,,,CONCACAF Nations League,CONCACAF,CONCACAF
SEL-CONCACAF_NL-2019-20-8451265,Ronda 4,2019-10-15,Cayman Islands,1,Saint Martin,1,0,,,,,,,,,,,,,,,,,,,,,,,,,,,,,,,,,,,,,,,,,,,,,,,,,,0,,1,,,,,,,,,,,,,,,,,,,,,,,,,,,,,,,,,,,,,,,,,,,,,,,,,,,,,,,,,,,,,,,1,,0,,,,,,,,,,,,,,,,CONCACAF Nations League,Desconocido,Desconocido
SEL-CONCACAF_NL-2019-20-8407058,Ronda 4,2019-10-15,México,1,Panamá,3,1,,,,,,,,,,,,,,,,,,,,,,,,,,,,,,,,,,,,,,,,,,,,,,,,,,1,,0,,,,,,,,,,,,,,,,,,,,,,,,,,,,,,,,,,,,,,,,,,,,,,,,,,,,,,,,,,,,,,,3,,0,,,,,,,,,,,,,,,,CONCACAF Nations League,CONCACAF,CONCACAF
SEL-CONCACAF_NL-2019-20-8466456,Ronda 5,2019-11-14,Saint Kitts And Nevis,1,Grenada,0,0,,,,,,,,,,,,,,,,,,,,,,,,,,,,,,,,,,,,,,,,,,,,,,,,,,0,,1,,,,,,,,,,,,,,,,,,,,,,,,,,,,,,,,,,,,,,,,,,,,,,,,,,,,,,,,,,,,,,,0,,1,,,,,,,,,,,,,,,,CONCACAF Nations League,Desconocido,Desconocido
SEL-CONCACAF_NL-2019-20-8466453,Ronda 5,2019-11-14,Belize,1,French Guiana,2,0,,,,,,,,,,,,,,,,,,,,,,,,,,,,,,,,,,,,,,,,,,,,,,,,,,0,,1,,,,,,,,,,,,,,,,,,,,,,,,,,,,,,,,,,,,,,,,,,,,,,,,,,,,,,,,,,,,,,,2,,0,,,,,,,,,,,,,,,,CONCACAF Nations League,Desconocido,Desconocido
SEL-CONCACAF_NL-2019-20-8407067,Ronda 5,2019-11-14,Curazao,1,Costa Rica,1,2,,,,,,,,,,,,,,,,,,,,,,,,,,,,,,,,,,,,,,,,,,,,,,,,,,2,,0,,,,,,,,,,,,,,,,,,,,,,,,,,,,,,,,,,,,,,,,,,,,,,,,,,,,,,,,,,,,,,,1,,0,,,,,,,,,,,,,,,,CONCACAF Nations League,CONCACAF,CONCACAF
SEL-CONCACAF_NL-2019-20-8407071,Ronda 5,2019-11-14,Martinique,1,Honduras,1,1,,,,,,,,,,,,,,,,,,,,,,,,,,,,,,,,,,,,,,,,,,,,,,,,,,1,,0,,,,,,,,,,,,,,,,,,,,,,,,,,,,,,,,,,,,,,,,,,,,,,,,,,,,,,,,,,,,,,,1,,0,,,,,,,,,,,,,,,,CONCACAF Nations League,Desconocido,CONCACAF
SEL-CONCACAF_NL-2019-20-8466446,Ronda 5,2019-11-15,Saint Vincent And The Grenadines,1,Nicaragua,1,0,,,,,,,,,,,,,,,,,,,,,,,,,,,,,,,,,,,,,,,,,,,,,,,,,,0,,1,,,,,,,,,,,,,,,,,,,,,,,,,,,,,,,,,,,,,,,,,,,,,,,,,,,,,,,,,,,,,,,1,,0,,,,,,,,,,,,,,,,CONCACAF Nations League,Desconocido,Desconocido
SEL-CONCACAF_NL-2019-20-8466448,Ronda 5,2019-11-15,Suriname,1,Dominica,4,0,,,,,,,,,,,,,,,,,,,,,,,,,,,,,,,,,,,,,,,,,,,,,,,,,,0,,1,,,,,,,,,,,,,,,,,,,,,,,,,,,,,,,,,,,,,,,,,,,,,,,,,,,,,,,,,,,,,,,4,,0,,,,,,,,,,,,,,,,CONCACAF Nations League,Desconocido,Desconocido
SEL-CONCACAF_NL-2019-20-8407063,Ronda 5,2019-11-15,USA,1,Canadá,4,1,,,,,,,,,,,,,,,,,,,,,,,,,,,,,,,,,,,,,,,,,,,,,,,,,,1,,0,,,,,,,,,,,,,,,,,,,,,,,,,,,,,,,,,,,,,,,,,,,,,,,,,,,,,,,,,,,,,,,4,,0,,,,,,,,,,,,,,,,CONCACAF Nations League,CONCACAF,CONCACAF
SEL-CONCACAF_NL-2019-20-8466445,Ronda 5,2019-11-15,Antigua And Barbuda,1,Jamaica,0,2,,,,,,,,,,,,,,,,,,,,,,,,,,,,,,,,,,,,,,,,,,,,,,,,,,2,,0,,,,,,,,,,,,,,,,,,,,,,,,,,,,,,,,,,,,,,,,,,,,,,,,,,,,,,,,,,,,,,,0,,1,,,,,,,,,,,,,,,,CONCACAF Nations League,Desconocido,CONCACAF
SEL-CONCACAF_NL-2019-20-8466452,Ronda 5,2019-11-15,Guyana,1,Aruba,4,2,,,,,,,,,,,,,,,,,,,,,,,,,,,,,,,,,,,,,,,,,,,,,,,,,,2,,0,,,,,,,,,,,,,,,,,,,,,,,,,,,,,,,,,,,,,,,,,,,,,,,,,,,,,,,,,,,,,,,4,,0,,,,,,,,,,,,,,,,CONCACAF Nations League,Desconocido,Desconocido
SEL-CONCACAF_NL-2019-20-8407059,Ronda 5,2019-11-15,Panamá,1,México,0,3,,,,,,,,,,,,,,,,,,,,,,,,,,,,,,,,,,,,,,,,,,,,,,,,,,3,,0,,,,,,,,,,,,,,,,,,,,,,,,,,,,,,,,,,,,,,,,,,,,,,,,,,,,,,,,,,,,,,,0,,1,,,,,,,,,,,,,,,,CONCACAF Nations League,CONCACAF,CONCACAF
SEL-CONCACAF_NL-2019-20-8466449,Ronda 5,2019-11-16,Saint Martin,1,Barbados,1,0,,,,,,,,,,,,,,,,,,,,,,,,,,,,,,,,,,,,,,,,,,,,,,,,,,0,,1,,,,,,,,,,,,,,,,,,,,,,,,,,,,,,,,,,,,,,,,,,,,,,,,,,,,,,,,,,,,,,,1,,0,,,,,,,,,,,,,,,,CONCACAF Nations League,Desconocido,Desconocido
SEL-CONCACAF_NL-2019-20-8466447,Ronda 5,2019-11-16,Saint Lucia,1,Dominican Republic,1,0,,,,,,,,,,,,,,,,,,,,,,,,,,,,,,,,,,,,,,,,,,,,,,,,,,0,,1,,,,,,,,,,,,,,,,,,,,,,,,,,,,,,,,,,,,,,,,,,,,,,,,,,,,,,,,,,,,,,,1,,0,,,,,,,,,,,,,,,,CONCACAF Nations League,Desconocido,Desconocido
SEL-CONCACAF_NL-2019-20-8466455,Ronda 5,2019-11-16,Cayman Islands,1,USA,1,0,,,,,,,,,,,,,,,,,,,,,,,,,,,,,,,,,,,,,,,,,,,,,,,,,,0,,1,,,,,,,,,,,,,,,,,,,,,,,,,,,,,,,,,,,,,,,,,,,,,,,,,,,,,,,,,,,,,,,1,,0,,,,,,,,,,,,,,,,CONCACAF Nations League,Desconocido,CONCACAF
SEL-CONCACAF_NL-2019-20-8466444,Ronda 5,2019-11-16,El Salvador,1,Montserrat,1,0,,,,,,,,,,,,,,,,,,,,,,,,,,,,,,,,,,,,,,,,,,,,,,,,,,0,,1,,,,,,,,,,,,,,,,,,,,,,,,,,,,,,,,,,,,,,,,,,,,,,,,,,,,,,,,,,,,,,,1,,0,,,,,,,,,,,,,,,,CONCACAF Nations League,CONCACAF,Desconocido
SEL-CONCACAF_NL-2019-20-8466451,Ronda 6,2019-11-17,French Guiana,1,Saint Kitts And Nevis,3,1,,,,,,,,,,,,,,,,,,,,,,,,,,,,,,,,,,,,,,,,,,,,,,,,,,1,,0,,,,,,,,,,,,,,,,,,,,,,,,,,,,,,,,,,,,,,,,,,,,,,,,,,,,,,,,,,,,,,,3,,0,,,,,,,,,,,,,,,,CONCACAF Nations League,Desconocido,Desconocido
SEL-CONCACAF_NL-2019-20-8407068,Ronda 6,2019-11-17,Costa Rica,1,Haití,1,1,,,,,,,,,,,,,,,,,,,,,,,,,,,,,,,,,,,,,,,,,,,,,,,,,,1,,0,,,,,,,,,,,,,,,,,,,,,,,,,,,,,,,,,,,,,,,,,,,,,,,,,,,,,,,,,,,,,,,1,,0,,,,,,,,,,,,,,,,CONCACAF Nations League,CONCACAF,CONCACAF
SEL-CONCACAF_NL-2019-20-8466457,Ronda 6,2019-11-17,Grenada,1,Belize,3,2,,,,,,,,,,,,,,,,,,,,,,,,,,,,,,,,,,,,,,,,,,,,,,,,,,2,,0,,,,,,,,,,,,,,,,,,,,,,,,,,,,,,,,,,,,,,,,,,,,,,,,,,,,,,,,,,,,,,,3,,0,,,,,,,,,,,,,,,,CONCACAF Nations League,Desconocido,Desconocido
SEL-CONCACAF_NL-2019-20-8407072,Ronda 6,2019-11-17,Honduras,1,Trinidad y Tobago,4,0,,,,,,,,,,,,,,,,,,,,,,,,,,,,,,,,,,,,,,,,,,,,,,,,,,0,,1,,,,,,,,,,,,,,,,,,,,,,,,,,,,,,,,,,,,,,,,,,,,,,,,,,,,,,,,,,,,,,,4,,0,,,,,,,,,,,,,,,,CONCACAF Nations League,CONCACAF,CONCACAF
SEL-CONCACAF_NL-2019-20-8466464,Ronda 6,2019-11-18,Dominica,1,Saint Vincent And The Grenadines,1,0,,,,,,,,,,,,,,,,,,,,,,,,,,,,,,,,,,,,,,,,,,,,,,,,,,0,,1,,,,,,,,,,,,,,,,,,,,,,,,,,,,,,,,,,,,,,,,,,,,,,,,,,,,,,,,,,,,,,,1,,0,,,,,,,,,,,,,,,,CONCACAF Nations League,Desconocido,Desconocido
SEL-CONCACAF_NL-2019-20-8466461,Ronda 6,2019-11-18,Aruba,1,Antigua And Barbuda,2,3,,,,,,,,,,,,,,,,,,,,,,,,,,,,,,,,,,,,,,,,,,,,,,,,,,3,,0,,,,,,,,,,,,,,,,,,,,,,,,,,,,,,,,,,,,,,,,,,,,,,,,,,,,,,,,,,,,,,,2,,0,,,,,,,,,,,,,,,,CONCACAF Nations League,Desconocido,Desconocido
SEL-CONCACAF_NL-2019-20-8466466,Ronda 6,2019-11-18,Jamaica,1,Guyana,1,1,,,,,,,,,,,,,,,,,,,,,,,,,,,,,,,,,,,,,,,,,,,,,,,,,,1,,0,,,,,,,,,,,,,,,,,,,,,,,,,,,,,,,,,,,,,,,,,,,,,,,,,,,,,,,,,,,,,,,1,,0,,,,,,,,,,,,,,,,CONCACAF Nations League,CONCACAF,Desconocido
SEL-CONCACAF_NL-2019-20-8466465,Ronda 6,2019-11-18,Nicaragua,1,Suriname,1,2,,,,,,,,,,,,,,,,,,,,,,,,,,,,,,,,,,,,,,,,,,,,,,,,,,2,,0,,,,,,,,,,,,,,,,,,,,,,,,,,,,,,,,,,,,,,,,,,,,,,,,,,,,,,,,,,,,,,,1,,0,,,,,,,,,,,,,,,,CONCACAF Nations League,Desconocido,Desconocido
SEL-CONCACAF_NL-2019-20-8466462,Ronda 6,2019-11-19,El Salvador,1,Dominican Republic,2,0,,,,,,,,,,,,,,,,,,,,,,,,,,,,,,,,,,,,,,,,,,,,,,,,,,0,,1,,,,,,,,,,,,,,,,,,,,,,,,,,,,,,,,,,,,,,,,,,,,,,,,,,,,,,,,,,,,,,,2,,0,,,,,,,,,,,,,,,,CONCACAF Nations League,CONCACAF,Desconocido
SEL-CONCACAF_NL-2019-20-8466468,Ronda 6,2019-11-19,Saint Lucia,1,Montserrat,0,1,,,,,,,,,,,,,,,,,,,,,,,,,,,,,,,,,,,,,,,,,,,,,,,,,,1,,0,,,,,,,,,,,,,,,,,,,,,,,,,,,,,,,,,,,,,,,,,,,,,,,,,,,,,,,,,,,,,,,0,,1,,,,,,,,,,,,,,,,CONCACAF Nations League,Desconocido,Desconocido
SEL-CONCACAF_NL-2019-20-8466471,Ronda 6,2019-11-19,Barbados,1,Cayman Islands,3,0,,,,,,,,,,,,,,,,,,,,,,,,,,,,,,,,,,,,,,,,,,,,,,,,,,0,,1,,,,,,,,,,,,,,,,,,,,,,,,,,,,,,,,,,,,,,,,,,,,,,,,,,,,,,,,,,,,,,,3,,0,,,,,,,,,,,,,,,,CONCACAF Nations League,Desconocido,Desconocido
SEL-CONCACAF_NL-2019-20-8466470,Ronda 6,2019-11-19,USA,1,Saint Martin,1,2,,,,,,,,,,,,,,,,,,,,,,,,,,,,,,,,,,,,,,,,,,,,,,,,,,2,,0,,,,,,,,,,,,,,,,,,,,,,,,,,,,,,,,,,,,,,,,,,,,,,,,,,,,,,,,,,,,,,,1,,0,,,,,,,,,,,,,,,,CONCACAF Nations League,CONCACAF,Desconocido
SEL-CONCACAF_NL-2019-20-8407064,Ronda 6,2019-11-19,Cuba,1,USA,0,4,,,,,,,,,,,,,,,,,,,,,,,,,,,,,,,,,,,,,,,,,,,,,,,,,,4,,0,,,,,,,,,,,,,,,,,,,,,,,,,,,,,,,,,,,,,,,,,,,,,,,,,,,,,,,,,,,,,,,0,,1,,,,,,,,,,,,,,,,CONCACAF Nations League,CONCACAF,CONCACAF
SEL-CONCACAF_NL-2019-20-8407060,Ronda 6,2019-11-19,México,1,Bermuda,2,1,,,,,,,,,,,,,,,,,,,,,,,,,,,,,,,,,,,,,,,,,,,,,,,,,,1,,0,,,,,,,,,,,,,,,,,,,,,,,,,,,,,,,,,,,,,,,,,,,,,,,,,,,,,,,,,,,,,,,2,,0,,,,,,,,,,,,,,,,CONCACAF Nations League,CONCACAF,Desconocido
SEL-CONCACAF_NL-2022-23-10329440,Ronda 1,2022-06-02,Anguilla,1,Dominica,0,0,,,,,,,,,,,,,,,,,,0.0,,,,,,,,,,,,,,,,,,,,,,,,,,,,,,,,0,,1,,,,,,,,,2.0,,,,,,,,,,,,,,,,,,,,,,6.0,,,,,,,,,,,,,,,,,,,,,,,,,,,,,,,,0,,1,,,,,,,,,0.0,,,,,,,CONCACAF Nations League,Desconocido,Desconocido
SEL-CONCACAF_NL-2022-23-10329421,Ronda 1,2022-06-02,Belize,1,Dominican Republic,0,2,,,,,,,,,,,,,,,,,,3.0,,,,,,,,,,,,,,,,,,,,,,,,,,,,,,,,2,,0,,,,,,,,,3.0,,,,,,,,,,,,,,,,,,,,,,5.0,,,,,,,,,,,,,,,,,,,,,,,,,,,,,,,,0,,1,,,,,,,,,2.0,,,,,,,CONCACAF Nations League,Desconocido,Desconocido
SEL-CONCACAF_NL-2022-23-10336889,Ronda 1,2022-06-02,French Guiana,1,Guatemala,2,0,,,,,,,,,,,,,,,,,,2.0,,,,,,,,,,,,,,,,,,,,,,,,,,,,,,,,0,,1,,,,,,,,,1.0,,,,,,,,,,,,,,,,,,,,,,5.0,,,,,,,,,,,,,,,,,,,,,,,,,,,,,,,,2,,0,,,,,,,,,1.0,,,,,,,CONCACAF Nations League,Desconocido,CONCACAF
SEL-CONCACAF_NL-2022-23-10329331,Ronda 1,2022-06-02,Panamá,1,Costa Rica,2,0,,,15.0,4.0,8.0,3.0,1.0,,,,,,,,,,3.0,10.0,4.0,15.0,46.0,,,59.0,85.2,408.0,479.0,,,30.0,,,,10.0,,,,31.8,7.0,22.0,,5.0,,,18.0,8.0,10.0,,10.0,0,,1,0.0,,,,,,,,2.0,,21.0,,,,,7.0,1.0,4.0,2.0,1.0,,,,,,,,,,1.0,2.0,0.0,5.0,41.0,,,41.0,80.8,274.0,339.0,,,22.0,,,,20.0,,,,28.6,2.0,7.0,,12.0,,,21.0,9.0,12.0,,15.0,2,,0,2.0,,,,,,,,0.0,,10.0,,,7.34,6.59,CONCACAF Nations League,CONCACAF,CONCACAF
SEL-CONCACAF_NL-2022-23-10329355,Ronda 1,2022-06-02,Barbados,1,Antigua And Barbuda,0,1,,,,,,,,,,,,,,,,,,5.0,,,,,,,,,,,,,,,,,,,,,,,,,,,,,,,,1,,0,,,,,,,,,3.0,,,,,,,,,,,,,,,,,,,,,,3.0,,,,,,,,,,,,,,,,,,,,,,,,,,,,,,,,0,,1,,,,,,,,,2.0,,,,,,,CONCACAF Nations League,Desconocido,Desconocido
SEL-CONCACAF_NL-2022-23-10329356,Ronda 1,2022-06-02,Guadeloupe,1,Cuba,2,1,,,,,,,,,,,,,,,,,,3.0,,,,,,,,,,,,,,,,,,,,,,,,,,,,,,,,1,,0,,,,,,,,,2.0,,,,,,,,,,,,,,,,,,,,,,2.0,,,,,,,,,,,,,,,,,,,,,,,,,,,,,,,,2,,0,,,,,,,,,3.0,,,,,,,CONCACAF Nations League,Desconocido,CONCACAF
SEL-CONCACAF_NL-2022-23-10329442,Ronda 1,2022-06-03,Saint Martin,1,Aruba,0,0,,,,,,,,,,,,,,,,,,10.0,,,,,,,,,,,,,,,,,,,,,,,,,,,,,,,,0,,1,,,,,,,,,1.0,,,,,,,,,,,,,,,,,,,,,,2.0,,,,,,,,,,,,,,,,,,,,,,,,,,,,,,,,0,,1,,,,,,,,,2.0,,,,,,,CONCACAF Nations League,Desconocido,Desconocido
SEL-CONCACAF_NL-2022-23-10329449,Ronda 1,2022-06-03,British Virgin Islands,1,Cayman Islands,1,1,,,,,,,,,,,,,,,,,,8.0,,,,,,,,,,,,,,,,,,,,,,,,,,,,,,,,1,,0,,,,,,,,,0.0,,,,,,,,,,,,,,,,,,,,,,6.0,,,,,,,,,,,,,,,,,,,,,,,,,,,,,,,,1,,0,,,,,,,,,1.0,,,,,,,CONCACAF Nations League,Desconocido,Desconocido
SEL-CONCACAF_NL-2022-23-10329422,Ronda 1,2022-06-03,Sint Maarten,1,USA,1,1,,,,,,,,,,,,,,,,,,8.0,,,,,,,,,,,,,,,,,,,,,,,,,,,,,,,,1,,0,,,,,,,,,1.0,,,,,,,,,,,,,,,,,,,,,,6.0,,,,,,,,,,,,,,,,,,,,,,,,,,,,,,,,1,,0,,,,,,,,,4.0,,,,,,,CONCACAF Nations League,Desconocido,CONCACAF
SEL-CONCACAF_NL-2022-23-10329423,Ronda 1,2022-06-03,Turks And Caicos Islands,1,Bonaire,1,4,,,,,,,,,,,,,,,,,,6.0,,,,,,,,,,,,,,,,,,,,,,,,,,,,,,,,4,,0,,,,,,,,,2.0,,,,,,,,,,,,,,,,,,,,,,2.0,,,,,,,,,,,,,,,,,,,,,,,,,,,,,,,,1,,0,,,,,,,,,0.0,,,,,,,CONCACAF Nations League,Desconocido,Desconocido
SEL-CONCACAF_NL-2022-23-10329412,Ronda 1,2022-06-03,Bahamas,1,Saint Vincent And The Grenadines,1,0,,,,,,,,,,,,,,,,,,2.0,,,,,,,,,,,,,,,,,,,,,,,,,,,,,,,,0,,1,,,,,,,,,1.0,,,,,,,,,,,,,,,,,,,,,,5.0,,,,,,,,,,,,,,,,,,,,,,,,,,,,,,,,1,,0,,,,,,,,,1.0,,,,,,,CONCACAF Nations League,Desconocido,Desconocido
SEL-CONCACAF_NL-2022-23-10329330,Ronda 1,2022-06-03,Curazao,1,Honduras,0,1,,,13.0,2.0,6.0,5.0,0.0,,,,,,,,,,1.0,12.0,0.0,6.0,42.0,,,58.0,82.5,320.0,388.0,,,23.0,,,,10.0,,,,20.6,7.0,34.0,,5.0,,,10.0,2.0,8.0,,12.0,1,,0,3.0,,,,,,,,3.0,0.0,19.0,,,,,8.0,4.0,3.0,1.0,1.0,,,,,,,,,,0.0,6.0,3.0,6.0,45.0,,,42.0,73.7,216.0,293.0,,,29.0,,,,18.0,,,,27.8,5.0,18.0,,11.0,,,21.0,9.0,12.0,,31.0,0,,1,3.0,,,,,,,,1.0,1.0,10.0,,,6.65,7.34,CONCACAF Nations League,CONCACAF,CONCACAF
SEL-CONCACAF_NL-2022-23-10341889,Ronda 1,2022-06-03,Nicaragua,1,Trinidad y Tobago,2,1,,,,,,,,,,,,,,,,,,2.0,,,,,,,,,,,,,,,,,,,,,,,,,,,,,,,,1,,0,,,,,,,,,2.0,,,,,,,,,,,,,,,,,,,,,,5.0,,,,,,,,,,,,,,,,,,,,,,,,,,,,,,,,2,,0,,,,,,,,,2.0,,,,,,,CONCACAF Nations League,Desconocido,CONCACAF
SEL-CONCACAF_NL-2022-23-10329406,Ronda 1,2022-06-04,Bermuda,1,Haití,0,0,,,,,,,,,,,,,,,,,,1.0,,,,,,,,,,,,,,,,,,,,,,,,,,,,,,,,0,,1,,,,,,,,,3.0,,,,,,,,,,,,,,,,,,,,,,8.0,,,,,,,,,,,,,,,,,,,,,,,,,,,,,,,,0,,1,,,,,,,,,0.0,,,,,,,CONCACAF Nations League,Desconocido,CONCACAF
SEL-CONCACAF_NL-2022-23-10329333,Ronda 1,2022-06-04,Suriname,1,Jamaica,1,1,,,12.0,4.0,4.0,4.0,0.0,,,,,,,,,,,8.0,1.0,8.0,52.0,,,52.0,78.8,286.0,363.0,,,37.0,,,,18.0,,,,26.1,6.0,23.0,,6.0,,,9.0,8.0,1.0,,13.0,1,,0,1.0,,,,,,,,0.0,,9.0,,,,,13.0,2.0,5.0,6.0,1.0,,,,,,,,,,,5.0,2.0,4.0,65.0,,,48.0,74.2,250.0,337.0,,,26.0,,,,9.0,,,,21.4,3.0,14.0,,4.0,,,13.0,12.0,1.0,,17.0,1,,0,4.0,,,,,,,,2.0,,18.0,,,6.83,6.84,CONCACAF Nations League,Desconocido,CONCACAF
SEL-CONCACAF_NL-2022-23-10329408,Ronda 1,2022-06-04,Montserrat,1,Guyana,1,2,,,,,,,,,,,,,,,,,,3.0,,,,,,,,,,,,,,,,,,,,,,,,,,,,,,,,2,,0,,,,,,,,,,,,,,,,,,,,,,,,,,,,,,,4.0,,,,,,,,,,,,,,,,,,,,,,,,,,,,,,,,1,,0,,,,,,,,,,,,,,,,CONCACAF Nations League,Desconocido,Desconocido
SEL-CONCACAF_NL-2022-23-10329332,Ronda 1,2022-06-04,El Salvador,1,Grenada,3,1,,,12.0,3.0,6.0,3.0,0.0,,,,,,,,,,2.0,8.0,0.0,6.0,101.0,,,68.0,88.9,558.0,628.0,,,37.0,,,,9.0,,,,14.3,3.0,21.0,,8.0,,,16.0,9.0,7.0,,13.0,1,,0,0.0,,,,,,,,0.0,,12.0,,,,,4.0,1.0,0.0,3.0,0.0,,,,,,,,,,0.0,4.0,2.0,10.0,41.0,,,32.0,74.4,215.0,289.0,,,27.0,,,,12.0,,,,18.2,2.0,11.0,,5.0,,,10.0,10.0,0.0,,16.0,3,,0,2.0,,,,,,,,1.0,,10.0,,,7.13,6.34,CONCACAF Nations League,CONCACAF,Desconocido
SEL-CONCACAF_NL-2022-23-10319600,Ronda 1,2022-06-05,Costa Rica,1,Martinique,2,0,,,16.0,5.0,7.0,4.0,0.0,,,,,,,,,,3.0,5.0,2.0,11.0,59.0,,,64.0,86.3,402.0,466.0,,,32.0,,,,14.0,,,,50.0,8.0,16.0,,13.0,,,23.0,13.0,10.0,,14.0,0,,1,5.0,,,,,,,,2.0,,12.0,,,,,14.0,5.0,5.0,4.0,1.0,,,,,,,,,,0.0,2.0,2.0,4.0,56.0,,,36.0,74.8,199.0,266.0,,,36.0,,,,12.0,,,,12.5,1.0,8.0,,13.0,,,17.0,9.0,8.0,,12.0,2,,0,1.0,,,,,,,,1.0,,17.0,,,7.44,6.72,CONCACAF Nations League,CONCACAF,Desconocido
SEL-CONCACAF_NL-2022-23-10343813,Ronda 1,2022-06-05,Guatemala,1,Belize,2,0,,,,,,,,,,,,,,,,,,5.0,,,,,,,,,,,,,,,,,,,,,,,,,,,,,,,,0,,1,,,,,,,,,1.0,,,,,,,,,,,,,,,,,,,,,,5.0,,,,,,,,,,,,,,,,,,,,,,,,,,,,,,,,2,,0,,,,,,,,,3.0,,,,,,,CONCACAF Nations League,CONCACAF,Desconocido
SEL-CONCACAF_NL-2022-23-10329436,Ronda 1,2022-06-05,Dominica,1,Anguilla,1,1,,,,,,,,,,,,,,,,,,7.0,,,,,,,,,,,,,,,,,,,,,,,,,,,,,,,,1,,0,,,,,,,,,0.0,,,,,,,,,,,,,,,,,,,,,,1.0,,,,,,,,,,,,,,,,,,,,,,,,,,,,,,,,1,,0,,,,,,,,,2.0,,,,,,,CONCACAF Nations League,Desconocido,Desconocido
SEL-CONCACAF_NL-2022-23-10329360,Ronda 1,2022-06-05,Cuba,1,Barbados,3,0,,,,,,,,,,,,,,,,,,6.0,,,,,,,,,,,,,,,,,,,,,,,,,,,,,,,,0,,1,,,,,,,,,0.0,,,,,,,,,,,,,,,,,,,,,,0.0,,,,,,,,,,,,,,,,,,,,,,,,,,,,,,,,3,,0,,,,,,,,,1.0,,,,,,,CONCACAF Nations League,CONCACAF,Desconocido
SEL-CONCACAF_NL-2022-23-10329363,Ronda 1,2022-06-05,Antigua And Barbuda,1,Guadeloupe,1,0,,,,,,,,,,,,,,,,,,4.0,,,,,,,,,,,,,,,,,,,,,,,,,,,,,,,,0,,1,,,,,,,,,4.0,,,,,,,,,,,,,,,,,,,,,,2.0,,,,,,,,,,,,,,,,,,,,,,,,,,,,,,,,1,,0,,,,,,,,,3.0,,,,,,,CONCACAF Nations League,Desconocido,Desconocido
SEL-CONCACAF_NL-2022-23-10329418,Ronda 1,2022-06-05,Dominican Republic,1,French Guiana,2,3,,,,,,,,,,,,,,,,,,11.0,,,,,,,,,,,,,,,,,,,,,,,,,,,,,,,,3,,0,,,,,,,,,2.0,1.0,,,,,,,,,,,,,,,,,,,,,4.0,,,,,,,,,,,,,,,,,,,,,,,,,,,,,,,,2,,0,,,,,,,,,1.0,0.0,,,,,,CONCACAF Nations League,Desconocido,Desconocido
SEL-CONCACAF_NL-2022-23-10345642,Ronda 1,2022-06-06,Saint Vincent And The Grenadines,1,Nicaragua,2,2,,,,,,,,,,,,,,,,,,5.0,,,,,,,,,,,,,,,,,,,,,,,,,,,,,,,,2,,0,,,,,,,,,1.0,,,,,,,,,,,,,,,,,,,,,,4.0,,,,,,,,,,,,,,,,,,,,,,,,,,,,,,,,2,,0,,,,,,,,,1.0,,,,,,,CONCACAF Nations League,Desconocido,Desconocido
SEL-CONCACAF_NL-2022-23-10329424,Ronda 1,2022-06-06,Bonaire,1,Sint Maarten,2,2,,,,,,,,,,,,,,,,,,9.0,,,,,,,,,,,,,,,,,,,,,,,,,,,,,,,,2,,0,,,,,,,,,2.0,,,,,,,,,,,,,,,,,,,,,,8.0,,,,,,,,,,,,,,,,,,,,,,,,,,,,,,,,2,,0,,,,,,,,,1.0,,,,,,,CONCACAF Nations League,Desconocido,Desconocido
SEL-CONCACAF_NL-2022-23-10329428,Ronda 1,2022-06-06,USA,1,Turks And Caicos Islands,3,2,,,,,,,,,,,,,,,,,,11.0,,,,,,,,,,,,,,,,,,,,,,,,,,,,,,,,2,,0,,,,,,,,,3.0,,,,,,,,,,,,,,,,,,,,,,2.0,,,,,,,,,,,,,,,,,,,,,,,,,,,,,,,,3,,0,,,,,,,,,3.0,,,,,,,CONCACAF Nations League,CONCACAF,Desconocido
SEL-CONCACAF_NL-2022-23-10329469,Ronda 1,2022-06-06,Cayman Islands,1,British Virgin Islands,1,1,,,,,,,,,,,,,,,,,,5.0,,,,,,,,,,,,,,,,,,,,,,,,,,,,,,,,1,,0,,,,,,,,,2.0,,,,,,,,,,,,,,,,,,,,,,3.0,,,,,,,,,,,,,,,,,,,,,,,,,,,,,,,,1,,0,,,,,,,,,1.0,,,,,,,CONCACAF Nations League,Desconocido,Desconocido
SEL-CONCACAF_NL-2022-23-10329448,Ronda 1,2022-06-06,Aruba,1,Saint Martin,3,0,,,,,,,,,,,,,,,,,,4.0,,,,,,,,,,,,,,,,,,,,,,,,,,,,,,,,0,,1,,,,,,,,,3.0,,,,,,,,,,,,,,,,,,,,,,5.0,,,,,,,,,,,,,,,,,,,,,,,,,,,,,,,,3,,0,,,,,,,,,4.0,,,,,,,CONCACAF Nations League,Desconocido,Desconocido
SEL-CONCACAF_NL-2022-23-10329411,Ronda 1,2022-06-06,Trinidad y Tobago,1,Bahamas,1,0,,,,,,,,,,,,,,,,,,6.0,,,,,,,,,,,,,,,,,,,,,,,,,,,,,,,,0,,1,,,,,,,,,1.0,,,,,,,,,,,,,,,,,,,,,,1.0,,,,,,,,,,,,,,,,,,,,,,,,,,,,,,,,1,,0,,,,,,,,,2.0,,,,,,,CONCACAF Nations League,CONCACAF,Desconocido
SEL-CONCACAF_NL-2022-23-10329341,Ronda 1,2022-06-06,Honduras,1,Curazao,1,2,,,12.0,4.0,5.0,3.0,0.0,,,,,,,,,,1.0,4.0,1.0,4.0,63.0,,,57.0,83.3,350.0,420.0,,,34.0,,,,17.0,,,,23.3,7.0,30.0,,5.0,,,10.0,6.0,4.0,,14.0,2,,0,5.0,,,,,,,,1.0,,9.0,,,,,16.0,7.0,7.0,2.0,1.0,,,,,,,,,,0.0,11.0,1.0,4.0,53.0,,,43.0,80.3,269.0,335.0,,,53.0,,,,8.0,,,,20.0,2.0,10.0,,12.0,,,16.0,13.0,3.0,,22.0,1,,0,4.0,,,,,,,,1.0,,18.0,,,6.75,7.1,CONCACAF Nations League,CONCACAF,CONCACAF
SEL-CONCACAF_NL-2022-23-10329405,Ronda 1,2022-06-07,Guyana,1,Bermuda,2,1,,,,,,,,,,,,,,,,,,6.0,,,,,,,,,,,,,,,,,,,,,,,,,,,,,,,,1,,0,,,,,,,,,3.0,0.0,,,,,,,,,,,,,,,,,,,,,4.0,,,,,,,,,,,,,,,,,,,,,,,,,,,,,,,,2,,0,,,,,,,,,0.0,1.0,,,,,,CONCACAF Nations League,Desconocido,Desconocido
SEL-CONCACAF_NL-2022-23-10329404,Ronda 1,2022-06-07,Haití,1,Montserrat,3,2,,,,,,,,,,,,,,,,,,4.0,,,,,,,,,,,,,,,,,,,,,,,,,,,,,,,,2,,0,,,,,,,,,1.0,,,,,,,,,,,,,,,,,,,,,,2.0,,,,,,,,,,,,,,,,,,,,,,,,,,,,,,,,3,,0,,,,,,,,,1.0,,,,,,,CONCACAF Nations League,CONCACAF,Desconocido
SEL-CONCACAF_NL-2022-23-10329347,Ronda 1,2022-06-07,Grenada,1,El Salvador,2,2,,,12.0,6.0,6.0,0.0,0.0,,,,,,,,,,2.0,3.0,2.0,11.0,70.0,,,39.0,67.7,203.0,300.0,,,35.0,,,,12.0,,,,25.0,2.0,8.0,,11.0,,,17.0,15.0,2.0,,11.0,2,,0,4.0,,,,,,,,4.0,,13.0,,,,,8.0,6.0,2.0,0.0,0.0,,,,,,,,,,2.0,2.0,3.0,3.0,58.0,,,61.0,78.9,370.0,469.0,,,29.0,,,,13.0,,,,7.1,1.0,14.0,,4.0,,,20.0,15.0,5.0,,12.0,2,,0,4.0,,,,,,,,3.0,,14.0,,,6.81,6.57,CONCACAF Nations League,Desconocido,CONCACAF
SEL-CONCACAF_NL-2022-23-10329353,Ronda 1,2022-06-07,Jamaica,1,Suriname,3,1,,,13.0,5.0,5.0,3.0,0.0,,,,,,,,,,2.0,5.0,1.0,8.0,44.0,,,55.0,81.5,278.0,341.0,,,25.0,,,,16.0,,,,33.3,6.0,18.0,,7.0,,,5.0,5.0,0.0,,12.0,1,,0,1.0,,,,,,,,,,12.0,,,,,8.0,2.0,4.0,2.0,0.0,,,,,,,,,,1.0,5.0,0.0,4.0,47.0,,,45.0,78.3,227.0,290.0,,,12.0,,,,11.0,,,,9.1,1.0,11.0,,9.0,,,12.0,9.0,3.0,,19.0,3,,0,2.0,,,,,,,,,,16.0,,,6.95,6.51,CONCACAF Nations League,CONCACAF,Desconocido
SEL-CONCACAF_NL-2022-23-10329439,Ronda 1,2022-06-09,Dominica,1,Saint Lucia,0,1,,,,,,,,,,,,,,,,,,1.0,,,,,,,,,,,,,,,,,,,,,,,,,,,,,,,,1,,0,,,,,,,,,2.0,,,,,,,,,,,,,,,,,,,,,,5.0,,,,,,,,,,,,,,,,,,,,,,,,,,,,,,,,0,,1,,,,,,,,,2.0,,,,,,,CONCACAF Nations League,Desconocido,Desconocido
SEL-CONCACAF_NL-2022-23-10329362,Ronda 1,2022-06-09,Barbados,1,Guadeloupe,0,1,,,,,,,,,,,,,,,,,,2.0,,,,,,,,,,,,,,,,,,,,,,,,,,,,,,,,1,,0,,,,,,,,,1.0,,,,,,,,,,,,,,,,,,,,,,5.0,,,,,,,,,,,,,,,,,,,,,,,,,,,,,,,,0,,1,,,,,,,,,2.0,,,,,,,CONCACAF Nations League,Desconocido,Desconocido
SEL-CONCACAF_NL-2022-23-10329419,Ronda 1,2022-06-09,Belize,1,French Guiana,1,1,,,,,,,,,,,,,,,,,,3.0,,,,,,,,,,,,,,,,,,,,,,,,,,,,,,,,1,,0,,,,,,,,,2.0,,,,,,,,,,,,,,,,,,,,,,7.0,,,,,,,,,,,,,,,,,,,,,,,,,,,,,,,,1,,0,,,,,,,,,3.0,,,,,,,CONCACAF Nations League,Desconocido,Desconocido
SEL-CONCACAF_NL-2022-23-10329434,Ronda 1,2022-06-09,Aruba,1,Saint Kitts And Nevis,2,3,,,,,,,,,,,,,,,,,,4.0,,,,,,,,,,,,,,,,,,,,,,,,,,,,,,,,3,,0,,,,,,,,,1.0,,,,,,,,,,,,,,,,,,,,,,4.0,,,,,,,,,,,,,,,,,,,,,,,,,,,,,,,,2,,0,,,,,,,,,3.0,,,,,,,CONCACAF Nations League,Desconocido,Desconocido
SEL-CONCACAF_NL-2022-23-10329447,Ronda 1,2022-06-09,Cayman Islands,1,Puerto Rico,0,3,,,,,,,,,,,,,,,,,,1.0,,,,,,,,,,,,,,,,,,,,,,,,,,,,,,,,3,,0,,,,,,,,,4.0,,,,,,,,,,,,,,,,,,,,,,14.0,,,,,,,,,,,,,,,,,,,,,,,,,,,,,,,,0,,1,,,,,,,,,1.0,,,,,,,CONCACAF Nations League,Desconocido,Desconocido
SEL-CONCACAF_NL-2022-23-10329361,Ronda 1,2022-06-09,Antigua And Barbuda,1,Cuba,0,2,,,,,,,,,,,,,,,,,,7.0,,,,,,,,,,,,,,,,,,,,,,,,,,,,,,,,2,,0,,,,,,,,,1.0,,,,,,,,,,,,,,,,,,,,,,9.0,,,,,,,,,,,,,,,,,,,,,,,,,,,,,,,,0,,1,,,,,,,,,1.0,,,,,,,CONCACAF Nations League,Desconocido,CONCACAF
SEL-CONCACAF_NL-2022-23-10329339,Ronda 1,2022-06-09,Panamá,1,Martinique,5,0,,,9.0,6.0,3.0,0.0,1.0,,,,,,,,,,5.0,4.0,3.0,11.0,75.0,,,72.0,84.5,481.0,569.0,,,33.0,,,,16.0,,,,10.0,1.0,10.0,,7.0,,,8.0,4.0,4.0,,9.0,0,,1,4.0,,,,,,,,1.0,,8.0,,,,,11.0,4.0,6.0,1.0,1.0,,,,,,,,,,2.0,3.0,1.0,4.0,29.0,,,28.0,70.4,145.0,206.0,,,18.0,,,,6.0,,,,9.1,1.0,11.0,,15.0,,,21.0,16.0,5.0,,10.0,5,,0,2.0,,,,,,,,2.0,,17.0,,,7.08,6.13,CONCACAF Nations League,CONCACAF,Desconocido
SEL-CONCACAF_NL-2022-23-10329346,Ronda 1,2022-06-09,Canadá,1,Curazao,4,0,,,22.0,9.0,7.0,6.0,0.0,,,,,,,,,,3.0,5.0,3.0,8.0,66.0,,,55.0,89.7,446.0,497.0,,,28.0,,,,11.0,,,,30.8,4.0,13.0,,8.0,,,15.0,12.0,3.0,,4.0,0,,1,0.0,,,,,,,,,,12.0,,,,,5.0,0.0,2.0,3.0,0.0,,,,,,,,,,0.0,4.0,0.0,4.0,41.0,,,45.0,84.3,348.0,413.0,,,32.0,,,,12.0,,,,33.3,2.0,6.0,,6.0,,,13.0,8.0,5.0,,11.0,4,,0,5.0,,,,,,,,,,12.0,,,7.36,6.35,CONCACAF Nations League,CONCACAF,CONCACAF
SEL-CONCACAF_NL-2022-23-10355639,Ronda 1,2022-06-10,Saint Vincent And The Grenadines,1,Trinidad y Tobago,0,2,,,,,,,,,,,,,,,,,,4.0,,,,,,,,,,,,,,,,,,,,,,,,,,,,,,,,2,,0,,,,,,,,,2.0,,,,,,,,,,,,,,,,,,,,,,5.0,,,,,,,,,,,,,,,,,,,,,,,,,,,,,,,,0,,1,,,,,,,,,1.0,,,,,,,CONCACAF Nations League,Desconocido,CONCACAF
SEL-CONCACAF_NL-2022-23-10329410,Ronda 1,2022-06-10,Bahamas,1,Nicaragua,0,2,,,,,,,,,,,,,,,,,,1.0,,,,,,,,,,,,,,,,,,,,,,,,,,,,,,,,2,,0,,,,,,,,,3.0,,,,,,,,,,,,,,,,,,,,,,7.0,,,,,,,,,,,,,,,,,,,,,,,,,,,,,,,,0,,1,,,,,,,,,2.0,,,,,,,CONCACAF Nations League,Desconocido,Desconocido
SEL-CONCACAF_NL-2022-23-10329416,Ronda 1,2022-06-10,Dominican Republic,1,Guatemala,1,1,,,,,,,,,,,,,,,,,,1.0,,,,,,,,,,,,,,,,,,,,,,,,,,,,,,,,1,,0,,,,,,,,,1.0,,,,,,,,,,,,,,,,,,,,,,5.0,,,,,,,,,,,,,,,,,,,,,,,,,,,,,,,,1,,0,,,,,,,,,2.0,,,,,,,CONCACAF Nations League,Desconocido,CONCACAF
SEL-CONCACAF_NL-2022-23-10329345,Ronda 1,2022-06-10,USA,1,Grenada,5,0,,,25.0,10.0,7.0,8.0,0.0,,,,,,,,,,5.0,7.0,3.0,8.0,74.0,,,67.0,88.5,478.0,540.0,,,13.0,,,,8.0,,,,26.3,5.0,19.0,,18.0,,,15.0,10.0,5.0,,5.0,0,,1,0.0,,,,,,,,0.0,,13.0,,,,,3.0,0.0,3.0,0.0,0.0,,,,,,,,,,0.0,0.0,2.0,3.0,25.0,,,33.0,71.3,186.0,261.0,,,18.0,,,,13.0,,,,60.0,3.0,5.0,,6.0,,,16.0,7.0,9.0,,21.0,5,,0,4.0,,,,,,,,1.0,,8.0,,,7.61,6.24,CONCACAF Nations League,CONCACAF,Desconocido
SEL-CONCACAF_NL-2022-23-10329401,Ronda 1,2022-06-11,Guyana,1,Haití,2,6,,,,,,,,,,,,,,,,,,8.0,,,,,,,,,,,,,,,,,,,,,,,,,,,,,,,,6,,0,,,,,,,,,3.0,,,,,,,,,,,,,,,,,,,,,,8.0,,,,,,,,,,,,,,,,,,,,,,,,,,,,,,,,2,,0,,,,,,,,,2.0,,,,,,,CONCACAF Nations League,Desconocido,CONCACAF
SEL-CONCACAF_NL-2022-23-10329427,Ronda 1,2022-06-11,USA,1,Bonaire,0,2,,,,,,,,,,,,,,,,,,3.0,,,,,,,,,,,,,,,,,,,,,,,,,,,,,,,,2,,0,,,,,,,,,2.0,,,,,,,,,,,,,,,,,,,,,,3.0,,,,,,,,,,,,,,,,,,,,,,,,,,,,,,,,0,,1,,,,,,,,,2.0,,,,,,,CONCACAF Nations League,CONCACAF,Desconocido
SEL-CONCACAF_NL-2022-23-10329426,Ronda 1,2022-06-11,Sint Maarten,1,Turks And Caicos Islands,8,2,,,,,,,,,,,,,,,,,,7.0,,,,,,,,,,,,,,,,,,,,,,,,,,,,,,,,2,,0,,,,,,,,,2.0,,,,,,,,,,,,,,,,,,,,,,5.0,,,,,,,,,,,,,,,,,,,,,,,,,,,,,,,,8,,0,,,,,,,,,0.0,,,,,,,CONCACAF Nations League,Desconocido,Desconocido
SEL-CONCACAF_NL-2022-23-10329402,Ronda 1,2022-06-11,Montserrat,1,Bermuda,3,2,,,,,,,,,,,,,,,,,,1.0,,,,,,,,,,,,,,,,,,,,,,,,,,,,,,,,2,,0,,,,,,,,,2.0,,,,,,,,,,,,,,,,,,,,,,2.0,,,,,,,,,,,,,,,,,,,,,,,,,,,,,,,,3,,0,,,,,,,,,0.0,,,,,,,CONCACAF Nations League,Desconocido,Desconocido
SEL-CONCACAF_NL-2022-23-10329338,Ronda 1,2022-06-11,México,1,Suriname,3,0,,,22.0,9.0,4.0,9.0,0.0,,,,,,,,,,3.0,13.0,3.0,6.0,61.0,,,59.0,84.1,332.0,395.0,,,24.0,,,,12.0,,,,33.3,8.0,24.0,,7.0,,,8.0,3.0,5.0,,11.0,0,,1,2.0,,,,,,,,2.0,,12.0,,,,,6.0,2.0,3.0,1.0,0.0,,,,,,,,,,0.0,7.0,0.0,6.0,33.0,,,41.0,73.7,207.0,281.0,,,26.0,,,,11.0,,,,45.5,5.0,11.0,,8.0,,,12.0,7.0,5.0,,20.0,3,,0,6.0,,,,,,,,2.0,,13.0,,,7.19,6.67,CONCACAF Nations League,CONCACAF,Desconocido
SEL-CONCACAF_NL-2022-23-10329400,Ronda 1,2022-06-12,Cuba,1,Antigua And Barbuda,3,1,,,,,,,,,,,,,,,,,,8.0,,,,,,,,,,,,,,,,,,,,,,,,,,,,,,,,1,,0,,,,,,,,,1.0,,,,,,,,,,,,,,,,,,,,,,2.0,,,,,,,,,,,,,,,,,,,,,,,,,,,,,,,,3,,0,,,,,,,,,2.0,,,,,,,CONCACAF Nations League,CONCACAF,Desconocido
SEL-CONCACAF_NL-2022-23-10329354,Ronda 1,2022-06-12,Martinique,1,Panamá,0,0,,,10.0,3.0,3.0,4.0,0.0,,,,,,,,,,0.0,4.0,1.0,4.0,58.0,,,37.0,67.6,196.0,290.0,,,25.0,,,,10.0,,,,5.9,1.0,17.0,,22.0,,,11.0,6.0,5.0,,20.0,0,,1,1.0,,,,,,,,,1.0,15.0,,,,,7.0,2.0,4.0,1.0,1.0,,,,,,,,,,2.0,3.0,2.0,3.0,73.0,,,63.0,82.0,425.0,518.0,,,36.0,,,,15.0,,,,13.3,2.0,15.0,,14.0,,,20.0,14.0,6.0,,14.0,0,,1,3.0,,,,,,,,,0.0,10.0,,,6.92,7.08,CONCACAF Nations League,Desconocido,CONCACAF
SEL-CONCACAF_NL-2022-23-10329403,Ronda 1,2022-06-12,Guadeloupe,1,Barbados,2,1,,,,,,,,,,,,,,,,,,4.0,,,,,,,,,,,,,,,,,,,,,,,,,,,,,,,,1,,0,,,,,,,,,1.0,0.0,,,,,,,,,,,,,,,,,,,,,1.0,,,,,,,,,,,,,,,,,,,,,,,,,,,,,,,,2,,0,,,,,,,,,2.0,1.0,,,,,,CONCACAF Nations League,Desconocido,Desconocido
SEL-CONCACAF_NL-2022-23-10329441,Ronda 1,2022-06-12,Saint Lucia,1,Anguilla,2,0,,,,,,,,,,,,,,,,,,4.0,,,,,,,,,,,,,,,,,,,,,,,,,,,,,,,,0,,1,,,,,,,,,2.0,,,,,,,,,,,,,,,,,,,,,,0.0,,,,,,,,,,,,,,,,,,,,,,,,,,,,,,,,2,,0,,,,,,,,,0.0,,,,,,,CONCACAF Nations League,Desconocido,Desconocido
SEL-CONCACAF_NL-2022-23-10329456,Ronda 1,2022-06-12,Puerto Rico,1,British Virgin Islands,6,0,,,,,,,,,,,,,,,,,,4.0,,,,,,,,,,,,,,,,,,,,,,,,,,,,,,,,0,,1,,,,,,,,,0.0,,,,,,,,,,,,,,,,,,,,,,1.0,,,,,,,,,,,,,,,,,,,,,,,,,,,,,,,,6,,0,,,,,,,,,3.0,,,,,,,CONCACAF Nations League,Desconocido,Desconocido
SEL-CONCACAF_NL-2022-23-10329433,Ronda 1,2022-06-12,Saint Kitts And Nevis,1,Saint Martin,1,1,,,,,,,,,,,,,,,,,,4.0,,,,,,,,,,,,,,,,,,,,,,,,,,,,,,,,1,,0,,,,,,,,,0.0,,,,,,,,,,,,,,,,,,,,,,11.0,,,,,,,,,,,,,,,,,,,,,,,,,,,,,,,,1,,0,,,,,,,,,1.0,,,,,,,CONCACAF Nations League,Desconocido,Desconocido
SEL-CONCACAF_NL-2022-23-10329413,Ronda 1,2022-06-13,Trinidad y Tobago,1,Saint Vincent And The Grenadines,4,1,,,,,,,,,,,,,,,,,,5.0,,,,,,,,,,,,,,,,,,,,,,,,,,,,,,,,1,,0,,,,,,,,,0.0,,,,,,,,,,,,,,,,,,,,,,5.0,,,,,,,,,,,,,,,,,,,,,,,,,,,,,,,,4,,0,,,,,,,,,3.0,,,,,,,CONCACAF Nations League,CONCACAF,Desconocido
SEL-CONCACAF_NL-2022-23-10362082,Ronda 1,2022-06-13,Nicaragua,1,Bahamas,4,0,,,,,,,,,,,,,,,,,,6.0,,,,,,,,,,,,,,,,,,,,,,,,,,,,,,,,0,,1,,,,,,,,,0.0,,,,,,,,,,,,,,,,,,,,,,2.0,,,,,,,,,,,,,,,,,,,,,,,,,,,,,,,,4,,0,,,,,,,,,1.0,,,,,,,CONCACAF Nations League,Desconocido,Desconocido
SEL-CONCACAF_NL-2022-23-10329415,Ronda 1,2022-06-13,Guatemala,1,Dominican Republic,2,0,,,,,,,,,,,,,,,,,,3.0,,,,,,,,,,,,,,,,,,,,,,,,,,,,,,,,0,,1,,,,,,,,,3.0,1.0,,,,,,,,,,,,,,,,,,,,,4.0,,,,,,,,,,,,,,,,,,,,,,,,,,,,,,,,2,,0,,,,,,,,,0.0,1.0,,,,,,CONCACAF Nations League,CONCACAF,Desconocido
SEL-CONCACAF_NL-2022-23-10329350,Ronda 1,2022-06-13,Honduras,1,Canadá,2,1,,,6.0,3.0,2.0,1.0,0.0,,,,,,,,,,1.0,2.0,,9.0,67.0,,,39.0,68.9,166.0,241.0,,,23.0,,,,18.0,,,,36.4,4.0,11.0,,7.0,,,16.0,10.0,6.0,,16.0,1,,0,1.0,,,,,,,,1.0,0.0,17.0,,,,,9.0,2.0,4.0,3.0,0.0,,,,,,,,,,2.0,4.0,,14.0,51.0,,,61.0,82.2,319.0,388.0,,,15.0,,,,17.0,,,,23.1,3.0,13.0,,9.0,,,17.0,12.0,5.0,,8.0,2,,0,1.0,,,,,,,,9.0,2.0,18.0,,,6.73,6.51,CONCACAF Nations League,CONCACAF,CONCACAF
SEL-CONCACAF_NL-2022-23-10329432,Ronda 1,2022-06-14,Bonaire,1,USA,2,0,,,,,,,,,,,,,,,,,,4.0,,,,,,,,,,,,,,,,,,,,,,,,,,,,,,,,0,,1,,,,,,,,,2.0,,,,,,,,,,,,,,,,,,,,,,8.0,,,,,,,,,,,,,,,,,,,,,,,,,,,,,,,,2,,0,,,,,,,,,2.0,,,,,,,CONCACAF Nations League,Desconocido,CONCACAF
SEL-CONCACAF_NL-2022-23-10329435,Ronda 1,2022-06-14,Turks And Caicos Islands,1,Sint Maarten,2,0,,,,,,,,,,,,,,,,,,2.0,,,,,,,,,,,,,,,,,,,,,,,,,,,,,,,,0,,1,,,,,,,,,3.0,,,,,,,,,,,,,,,,,,,,,,7.0,,,,,,,,,,,,,,,,,,,,,,,,,,,,,,,,2,,0,,,,,,,,,1.0,,,,,,,CONCACAF Nations League,Desconocido,Desconocido
SEL-CONCACAF_NL-2022-23-10329409,Ronda 1,2022-06-14,Haití,1,Guyana,6,0,,,,,,,,,,,,,,,,,,7.0,,,,,,,,,,,,,,,,,,,,,,,,,,,,,,,,0,,1,,,,,,,,,0.0,,,,,,,,,,,,,,,,,,,,,,2.0,,,,,,,,,,,,,,,,,,,,,,,,,,,,,,,,6,,0,,,,,,,,,1.0,,,,,,,CONCACAF Nations League,CONCACAF,Desconocido
SEL-CONCACAF_NL-2022-23-10329414,Ronda 1,2022-06-14,French Guiana,1,Belize,1,0,,,,,,,,,,,,,,,,,,6.0,,,,,,,,,,,,,,,,,,,,,,,,,,,,,,,,0,,1,,,,,,,,,1.0,,,,,,,,,,,,,,,,,,,,,,3.0,,,,,,,,,,,,,,,,,,,,,,,,,,,,,,,,1,,0,,,,,,,,,2.0,,,,,,,CONCACAF Nations League,Desconocido,Desconocido
SEL-CONCACAF_NL-2022-23-10329351,Ronda 1,2022-06-14,Jamaica,1,México,1,1,,,8.0,3.0,5.0,0.0,1.0,,,,,,,,,,2.0,4.0,2.0,11.0,34.0,,,38.0,74.1,232.0,313.0,,,26.0,,,,14.0,,,,30.0,3.0,10.0,,12.0,,,14.0,7.0,7.0,,16.0,1,,0,6.0,,,,,,,,3.0,,14.0,,,,,18.0,7.0,10.0,1.0,0.0,,,,,,,,,,3.0,6.0,1.0,7.0,72.0,,,62.0,85.5,449.0,525.0,,,39.0,,,,13.0,,,,23.5,4.0,17.0,,8.0,,,14.0,10.0,4.0,,7.0,1,,0,1.0,,,,,,,,1.0,,18.0,,,6.96,6.89,CONCACAF Nations League,CONCACAF,CONCACAF
SEL-CONCACAF_NL-2022-23-10329352,Ronda 1,2022-06-14,El Salvador,1,USA,1,1,,,5.0,1.0,2.0,2.0,0.0,,,,,,,,,,0.0,3.0,1.0,10.0,60.0,,,36.0,67.2,197.0,293.0,,,22.0,,,,12.0,,,,21.4,3.0,14.0,,11.0,,,20.0,13.0,7.0,,20.0,1,,0,4.0,,,,,,,,1.0,1.0,16.0,,,,,10.0,6.0,4.0,0.0,0.0,,,,,,,,,,2.0,7.0,2.0,12.0,70.0,,,64.0,82.7,424.0,513.0,,,24.0,,,,15.0,,,,20.8,5.0,24.0,,9.0,,,13.0,10.0,3.0,,14.0,1,,0,0.0,,,,,,,,3.0,1.0,12.0,,,6.85,6.75,CONCACAF Nations League,CONCACAF,CONCACAF
SEL-CONCACAF_NL-2022-23-10752361,Ronda 1,2023-03-23,Saint Martin,1,Saint Kitts And Nevis,1,3,,,,,,,,,,,,,,,,,,3.0,,,,,,,,,,,,,,,,,,,,,,,,,,,,,,,,3,,0,,,,,,,,,2.0,,,,,,,,,,,,,,,,,,,,,,5.0,,,,,,,,,,,,,,,,,,,,,,,,,,,,,,,,1,,0,,,,,,,,,0.0,,,,,,,CONCACAF Nations League,Desconocido,Desconocido
SEL-CONCACAF_NL-2022-23-10752362,Ronda 1,2023-03-23,British Virgin Islands,1,Puerto Rico,1,3,,,,,,,,,,,,,,,,,,1.0,,,,,,,,,,,,,,,,,,,,,,,,,,,,,,,,3,,0,,,,,,,,,5.0,,,,,,,,,,,,,,,,,,,,,,4.0,,,,,,,,,,,,,,,,,,,,,,,,,,,,,,,,1,,0,,,,,,,,,1.0,,,,,,,CONCACAF Nations League,Desconocido,Desconocido
SEL-CONCACAF_NL-2022-23-10948290,Ronda 1,2023-03-23,French Guiana,1,Dominican Republic,1,1,,,,,,,,,,,,,,,,,,1.0,,,,,,,,,,,,,,,,,,,,,,,,,,,,,,,,1,,0,,,,,,,,,5.0,1.0,,,,,,,,,,,,,,,,,,,,,5.0,,,,,,,,,,,,,,,,,,,,,,,,,,,,,,,,1,,0,,,,,,,,,3.0,0.0,,,,,,CONCACAF Nations League,Desconocido,Desconocido
SEL-CONCACAF_NL-2022-23-10752365,Ronda 1,2023-03-23,Barbados,1,Cuba,0,1,,,,,,,,,,,,,,,,,,5.0,,,,,,,,,,,,,,,,,,,,,,,,,,,,,,,,1,,0,,,,,,,,,2.0,0.0,,,,,,,,,,,,,,,,,,,,,4.0,,,,,,,,,,,,,,,,,,,,,,,,,,,,,,,,0,,1,,,,,,,,,4.0,1.0,,,,,,CONCACAF Nations League,Desconocido,CONCACAF
SEL-CONCACAF_NL-2022-23-10752366,Ronda 1,2023-03-23,Guadeloupe,1,Antigua And Barbuda,0,1,,,,,,,,,,,,,,,,,,9.0,,,,,,,,,,,,,,,,,,,,,,,,,,,,,,,,1,,0,,,,,,,,,0.0,,,,,,,,,,,,,,,,,,,,,,4.0,,,,,,,,,,,,,,,,,,,,,,,,,,,,,,,,0,,1,,,,,,,,,1.0,,,,,,,CONCACAF Nations League,Desconocido,Desconocido
SEL-CONCACAF_NL-2022-23-10752364,Ronda 1,2023-03-23,Suriname,1,México,0,2,,,10.0,3.0,3.0,4.0,0.0,,,,,,,,,,1.0,2.0,4.0,7.0,33.0,,,42.0,79.4,277.0,349.0,,,22.0,,,,24.0,,,,18.8,3.0,16.0,,4.0,,,17.0,12.0,5.0,,17.0,2,,0,4.0,,,,,,,,1.0,,22.0,,,,,14.0,5.0,7.0,2.0,0.0,,,,,,,,,,3.0,4.0,3.0,5.0,54.0,,,58.0,87.9,423.0,481.0,,,42.0,,,,21.0,,,,40.0,8.0,20.0,,5.0,,,7.0,6.0,1.0,,17.0,0,,1,3.0,,,,,,,,2.0,,26.0,,,6.67,7.13,CONCACAF Nations League,Desconocido,CONCACAF
SEL-CONCACAF_NL-2022-23-10948285,Ronda 1,2023-03-24,Anguilla,1,Saint Lucia,1,2,,,,,,,,,,,,,,,,,,1.0,,,,,,,,,,,,,,,,,,,,,,,,,,,,,,,,2,,0,,,,,,,,,,,,,,,,,,,,,,,,,,,,,,,8.0,,,,,,,,,,,,,,,,,,,,,,,,,,,,,,,,1,,0,,,,,,,,,,,,,,,,CONCACAF Nations League,Desconocido,Desconocido
SEL-CONCACAF_NL-2022-23-10948287,Ronda 1,2023-03-24,Bahamas,1,Trinidad y Tobago,0,3,,,,,,,,,,,,,,,,,,1.0,,,,,,,,,,,,,,,,,,,,,,,,,,,,,,,,3,,0,,,,,,,,,1.0,,,,,,,,,,,,,,,,,,,,,,3.0,,,,,,,,,,,,,,,,,,,,,,,,,,,,,,,,0,,1,,,,,,,,,0.0,,,,,,,CONCACAF Nations League,Desconocido,CONCACAF
SEL-CONCACAF_NL-2022-23-10948286,Ronda 1,2023-03-24,Grenada,1,USA,1,7,,,7.0,3.0,2.0,2.0,1.0,,,,,,,,,,0.0,4.0,0.0,5.0,22.0,,,32.0,72.2,184.0,255.0,,,15.0,,,,8.0,,,,33.3,2.0,6.0,,14.0,,,13.0,6.0,7.0,,19.0,7,,0,5.0,,,,,,,,2.0,,11.0,,,,,19.0,12.0,4.0,3.0,0.0,,,,,,,,,,6.0,8.0,4.0,14.0,73.0,,,68.0,88.7,481.0,542.0,,,35.0,,,,11.0,,,,35.0,7.0,20.0,,3.0,,,11.0,7.0,4.0,,7.0,1,,0,2.0,,,,,,,,1.0,,8.0,,,5.93,7.59,CONCACAF Nations League,Desconocido,CONCACAF
SEL-CONCACAF_NL-2022-23-10948288,Ronda 1,2023-03-24,Nicaragua,1,Saint Vincent And The Grenadines,4,1,,,,,,,,,,,,,,,,,,7.0,,,,,,,,,,,,,,,,,,,,,,,,,,,,,,,,1,,0,,,,,,,,,0.0,,,,,,,,,,,,,,,,,,,,,,5.0,,,,,,,,,,,,,,,,,,,,,,,,,,,,,,,,4,,0,,,,,,,,,2.0,,,,,,,CONCACAF Nations League,Desconocido,Desconocido
SEL-CONCACAF_NL-2022-23-10948289,Ronda 1,2023-03-24,Belize,1,Guatemala,1,2,,,,,,,,,,,,,,,,,,6.0,,,,,,,,,,,,,,,,,,,,,,,,,,,,,,,,2,,0,,,,,,,,,1.0,,,,,,,,,,,,,,,,,,,,,,6.0,,,,,,,,,,,,,,,,,,,,,,,,,,,,,,,,1,,0,,,,,,,,,2.0,,,,,,,CONCACAF Nations League,Desconocido,CONCACAF
SEL-CONCACAF_NL-2022-23-10948296,Ronda 1,2023-03-25,Bermuda,1,Guyana,0,2,,,,,,,,,,,,,,,,,,6.0,,,,,,,,,,,,,,,,,,,,,,,,,,,,,,,,2,,0,,,,,,,,,1.0,,,,,,,,,,,,,,,,,,,,,,8.0,,,,,,,,,,,,,,,,,,,,,,,,,,,,,,,,0,,1,,,,,,,,,1.0,,,,,,,CONCACAF Nations League,Desconocido,Desconocido
SEL-CONCACAF_NL-2022-23-10948292,Ronda 1,2023-03-25,Turks And Caicos Islands,1,USA,1,0,,,,,,,,,,,,,,,,,,6.0,,,,,,,,,,,,,,,,,,,,,,,,,,,,,,,,0,,1,,,,,,,,,1.0,1.0,,,,,,,,,,,,,,,,,,,,,2.0,,,,,,,,,,,,,,,,,,,,,,,,,,,,,,,,1,,0,,,,,,,,,0.0,1.0,,,,,,CONCACAF Nations League,Desconocido,CONCACAF
SEL-CONCACAF_NL-2022-23-10948291,Ronda 1,2023-03-25,Sint Maarten,1,Bonaire,6,1,,,,,,,,,,,,,,,,,,1.0,,,,,,,,,,,,,,,,,,,,,,,,,,,,,,,,1,,0,,,,,,,,,1.0,0.0,,,,,,,,,,,,,,,,,,,,,3.0,,,,,,,,,,,,,,,,,,,,,,,,,,,,,,,,6,,0,,,,,,,,,4.0,1.0,,,,,,CONCACAF Nations League,Desconocido,Desconocido
SEL-CONCACAF_NL-2022-23-10948295,Ronda 1,2023-03-25,Montserrat,1,Haití,0,4,,,,,,,,,,,,,,,,,,1.0,,,,,,,,,,,,,,,,,,,,,,,,,,,,,,,,4,,0,,,,,,,,,2.0,,,,,,,,,,,,,,,,,,,,,,1.0,,,,,,,,,,,,,,,,,,,,,,,,,,,,,,,,0,,1,,,,,,,,,0.0,,,,,,,CONCACAF Nations League,Desconocido,CONCACAF
SEL-CONCACAF_NL-2022-23-10948293,Ronda 1,2023-03-25,Martinique,1,Costa Rica,1,2,,,4.0,1.0,1.0,2.0,0.0,,,,,,,,,,1.0,3.0,1.0,13.0,55.0,,,36.0,67.6,198.0,293.0,,,20.0,,,,9.0,,,,,0.0,9.0,,9.0,,,22.0,10.0,12.0,,25.0,2,,0,8.0,,,,,,,,1.0,1.0,16.0,,,,,28.0,9.0,12.0,7.0,2.0,,,,,,,,,,3.0,8.0,0.0,8.0,99.0,,,64.0,79.6,407.0,511.0,,,35.0,,,,15.0,,,,30.0,6.0,20.0,,11.0,,,32.0,20.0,12.0,,8.0,1,,0,0.0,,,,,,,,0.0,0.0,10.0,,,6.8,7.08,CONCACAF Nations League,Desconocido,CONCACAF
SEL-CONCACAF_NL-2022-23-10948294,Ronda 1,2023-03-25,Curazao,1,Canadá,0,2,,,2.0,1.0,1.0,0.0,0.0,,,,,,,,,,0.0,3.0,1.0,6.0,32.0,,,38.0,77.3,248.0,321.0,,,27.0,,,,12.0,,,,11.1,1.0,9.0,,10.0,,,17.0,10.0,7.0,,10.0,2,,0,2.0,,,,,,,,3.0,1.0,19.0,,,,,7.0,4.0,3.0,0.0,0.0,,,,,,,,,,3.0,3.0,2.0,4.0,69.0,,,62.0,84.9,454.0,535.0,,,47.0,,,,18.0,,,,30.0,3.0,10.0,,10.0,,,14.0,8.0,6.0,,7.0,0,,1,1.0,,,,,,,,2.0,0.0,13.0,,,6.37,7.21,CONCACAF Nations League,CONCACAF,CONCACAF
SEL-CONCACAF_NL-2022-23-10948302,Ronda 1,2023-03-26,Antigua And Barbuda,1,Barbados,1,2,,,,,,,,,,,,,,,,,,17.0,,,,,,,,,,,,,,,,,,,,,,,,,,,,,,,,2,,0,,,,,,,,,,,,,,,,,,,,,,,,,,,,,,,2.0,,,,,,,,,,,,,,,,,,,,,,,,,,,,,,,,1,,0,,,,,,,,,,,,,,,,CONCACAF Nations League,Desconocido,Desconocido
SEL-CONCACAF_NL-2022-23-10948304,Ronda 1,2023-03-26,Cuba,1,Guadeloupe,1,0,,,,,,,,,,,,,,,,,,1.0,,,,,,,,,,,,,,,,,,,,,,,,,,,,,,,,0,,1,,,,,,,,,1.0,,,,,,,,,,,,,,,,,,,,,,10.0,,,,,,,,,,,,,,,,,,,,,,,,,,,,,,,,1,,0,,,,,,,,,3.0,,,,,,,CONCACAF Nations League,CONCACAF,Desconocido
SEL-CONCACAF_NL-2022-23-10948298,Ronda 1,2023-03-26,Puerto Rico,1,Cayman Islands,5,1,,,,,,,,,,,,,,,,,,,,,,,,,,,,,,,,,,,,,,,,,,,,,,,,,,1,,0,,,,,,,,,,,,,,,,,,,,,,,,,,,,,,,,,,,,,,,,,,,,,,,,,,,,,,,,,,,,,,,5,,0,,,,,,,,,,,,,,,,CONCACAF Nations League,Desconocido,Desconocido
SEL-CONCACAF_NL-2022-23-10948300,Ronda 1,2023-03-26,México,1,Jamaica,2,2,,,25.0,4.0,11.0,10.0,2.0,,,,,,,,,,3.0,9.0,1.0,11.0,76.0,,,69.0,87.0,501.0,576.0,,,23.0,,,,11.0,,,,26.9,7.0,26.0,,10.0,,,12.0,5.0,7.0,,14.0,2,,0,3.0,,,,,,,,1.0,,10.0,,,,,6.0,4.0,0.0,2.0,0.0,,,,,,,,,,1.0,6.0,2.0,4.0,48.0,,,31.0,64.6,164.0,254.0,,,21.0,,,,9.0,,,,38.5,5.0,13.0,,12.0,,,14.0,10.0,4.0,,21.0,2,,0,2.0,,,,,,,,0.0,,12.0,,,7.12,6.63,CONCACAF Nations League,CONCACAF,CONCACAF
SEL-CONCACAF_NL-2022-23-10948308,Ronda 1,2023-03-27,Saint Vincent And The Grenadines,1,Bahamas,1,1,,,,,,,,,,,,,,,,,,14.0,,,,,,,,,,,,,,,,,,,,,,,,,,,,,,,,1,,0,,,,,,,,,2.0,,,,,,,,,,,,,,,,,,,,,,5.0,,,,,,,,,,,,,,,,,,,,,,,,,,,,,,,,1,,0,,,,,,,,,0.0,,,,,,,CONCACAF Nations League,Desconocido,Desconocido
SEL-CONCACAF_NL-2022-23-10948310,Ronda 1,2023-03-27,Dominican Republic,1,Belize,2,0,,,,,,,,,,,,,,,,,,9.0,,,,,,,,,,,,,,,,,,,,,,,,,,,,,,,,0,,1,,,,,,,,,2.0,0.0,,,,,,,,,,,,,,,,,,,,,3.0,,,,,,,,,,,,,,,,,,,,,,,,,,,,,,,,2,,0,,,,,,,,,4.0,1.0,,,,,,CONCACAF Nations League,Desconocido,Desconocido
SEL-CONCACAF_NL-2022-23-10948297,Ronda 1,2023-03-27,Saint Kitts And Nevis,1,Aruba,2,0,,,,,,,,,,,,,,,,,,5.0,,,,,,,,,,,,,,,,,,,,,,,,,,,,,,,,0,,1,,,,,,,,,3.0,1.0,,,,,,,,,,,,,,,,,,,,,4.0,,,,,,,,,,,,,,,,,,,,,,,,,,,,,,,,2,,0,,,,,,,,,1.0,0.0,,,,,,CONCACAF Nations League,Desconocido,Desconocido
SEL-CONCACAF_NL-2022-23-10948306,Ronda 1,2023-03-27,Saint Lucia,1,Dominica,3,1,,,,,,,,,,,,,,,,,,0.0,,,,,,,,,,,,,,,,,,,,,,,,,,,,,,,,1,,0,,,,,,,,,0.0,,,,,,,,,,,,,,,,,,,,,,2.0,,,,,,,,,,,,,,,,,,,,,,,,,,,,,,,,3,,0,,,,,,,,,2.0,,,,,,,CONCACAF Nations League,Desconocido,Desconocido
SEL-CONCACAF_NL-2022-23-10948307,Ronda 1,2023-03-27,USA,1,El Salvador,1,0,,,16.0,4.0,6.0,6.0,1.0,,,,,,,,,,3.0,13.0,2.0,12.0,47.0,,,58.0,87.6,415.0,474.0,,,22.0,,,,11.0,,,,30.3,10.0,33.0,,9.0,,,20.0,17.0,3.0,,4.0,0,,1,0.0,,,,,,,,0.0,,16.0,,,,,4.0,0.0,2.0,2.0,0.0,,,,,,,,,,0.0,2.0,5.0,8.0,44.0,,,42.0,81.0,286.0,353.0,,,25.0,,,,14.0,,,,28.6,2.0,7.0,,12.0,,,28.0,16.0,12.0,,26.0,1,,0,3.0,,,,,,,,1.0,,11.0,,,7.04,6.77,CONCACAF Nations League,CONCACAF,CONCACAF
SEL-CONCACAF_NL-2022-23-10948309,Ronda 1,2023-03-27,Trinidad y Tobago,1,Nicaragua,1,1,,,,,,,,,,,,,,,,,,5.0,,,,,,,,,,,,,,,,,,,,,,,,,,,,,,,,1,,0,,,,,,,,,6.0,,,,,,,,,,,,,,,,,,,,,,3.0,,,,,,,,,,,,,,,,,,,,,,,,,,,,,,,,1,,0,,,,,,,,,4.0,,,,,,,CONCACAF Nations League,CONCACAF,Desconocido
SEL-CONCACAF_NL-2022-23-10948311,Ronda 1,2023-03-27,Guatemala,1,French Guiana,4,0,,,,,,,,,,,,,,,,,,8.0,,,,,,,,,,,,,,,,,,,,,,,,,,,,,,,,0,,1,,,,,,,,,2.0,,,,,,,,,,,,,,,,,,,,,,5.0,,,,,,,,,,,,,,,,,,,,,,,,,,,,,,,,4,,0,,,,,,,,,3.0,,,,,,,CONCACAF Nations League,CONCACAF,Desconocido
SEL-CONCACAF_NL-2022-23-10948317,Ronda 1,2023-03-28,Haití,1,Bermuda,3,1,,,,,,,,,,,,,,,,,,8.0,,,,,,,,,,,,,,,,,,,,,,,,,,,,,,,,1,,0,,,,,,,,,0.0,,,,,,,,,,,,,,,,,,,,,,4.0,,,,,,,,,,,,,,,,,,,,,,,,,,,,,,,,3,,0,,,,,,,,,1.0,,,,,,,CONCACAF Nations League,CONCACAF,Desconocido
SEL-CONCACAF_NL-2022-23-10948316,Ronda 1,2023-03-28,Guyana,1,Montserrat,0,0,,,,,,,,,,,,,,,,,,1.0,,,,,,,,,,,,,,,,,,,,,,,,,,,,,,,,0,,1,,,,,,,,,2.0,,,,,,,,,,,,,,,,,,,,,,2.0,,,,,,,,,,,,,,,,,,,,,,,,,,,,,,,,0,,1,,,,,,,,,0.0,,,,,,,CONCACAF Nations League,Desconocido,Desconocido
SEL-CONCACAF_NL-2022-23-10948313,Ronda 1,2023-03-28,Bonaire,1,Turks And Caicos Islands,1,2,,,,,,,,,,,,,,,,,,5.0,,,,,,,,,,,,,,,,,,,,,,,,,,,,,,,,2,,0,,,,,,,,,2.0,0.0,,,,,,,,,,,,,,,,,,,,,1.0,,,,,,,,,,,,,,,,,,,,,,,,,,,,,,,,1,,0,,,,,,,,,3.0,1.0,,,,,,CONCACAF Nations League,Desconocido,Desconocido
SEL-CONCACAF_NL-2022-23-10948312,Ronda 1,2023-03-28,USA,1,Sint Maarten,1,2,,,,,,,,,,,,,,,,,,4.0,,,,,,,,,,,,,,,,,,,,,,,,,,,,,,,,2,,0,,,,,,,,,1.0,,,,,,,,,,,,,,,,,,,,,,7.0,,,,,,,,,,,,,,,,,,,,,,,,,,,,,,,,1,,0,,,,,,,,,1.0,,,,,,,CONCACAF Nations League,CONCACAF,Desconocido
SEL-CONCACAF_NL-2022-23-10948315,Ronda 1,2023-03-28,Canadá,1,Honduras,4,1,,,16.0,7.0,5.0,4.0,0.0,,,,,,,,,,5.0,4.0,3.0,16.0,56.0,,,65.0,92.2,577.0,626.0,,,22.0,,,,15.0,,,,35.0,7.0,20.0,,6.0,,,8.0,5.0,3.0,,13.0,1,,0,0.0,,,,,,,,1.0,,15.0,,,,,6.0,1.0,4.0,1.0,1.0,,,,,,,,,,0.0,3.0,0.0,9.0,37.0,,,35.0,81.5,274.0,336.0,,,23.0,,,,14.0,,,,6.7,1.0,15.0,,14.0,,,17.0,11.0,6.0,,7.0,4,,0,3.0,,,,,,,,1.0,,16.0,,,7.17,6.47,CONCACAF Nations League,CONCACAF,CONCACAF
SEL-CONCACAF_NL-2022-23-10948314,Ronda 1,2023-03-28,Costa Rica,1,Panamá,0,1,,,6.0,2.0,2.0,2.0,0.0,,,,,,,,,,1.0,5.0,1.0,10.0,74.0,,,58.0,78.9,444.0,563.0,,,36.0,,,,10.0,,,,23.5,4.0,17.0,,5.0,,,19.0,12.0,7.0,,9.0,1,,0,4.0,,,,,,,,0.0,0.0,11.0,,,,,12.0,5.0,3.0,4.0,0.0,,,,,,,,,,1.0,1.0,1.0,14.0,73.0,,,42.0,76.6,317.0,414.0,,,26.0,,,,11.0,,,,50.0,3.0,6.0,,10.0,,,11.0,7.0,4.0,,24.0,0,,1,2.0,,,,,,,,1.0,1.0,10.0,,,6.8,6.92,CONCACAF Nations League,CONCACAF,CONCACAF
SEL-CONCACAF_NL-2023-24-11436049,Ronda 1,2023-09-07,Anguilla,1,Saint Martin,0,6,,,,,,,,,,,,,,,,,,,,,,,,,,,,,,,,,,,,,,,,,,,,,,,,,,6,,0,,,,,,,,,,,,,,,,,,,,,,,,,,,,,,,,,,,,,,,,,,,,,,,,,,,,,,,,,,,,,,,0,,1,,,,,,,,,,,,,,,,CONCACAF Nations League,Desconocido,Desconocido
SEL-CONCACAF_NL-2023-24-11436045,Ronda 1,2023-09-07,Trinidad y Tobago,1,Curazao,1,0,,,8.0,2.0,5.0,1.0,0.0,,,,,,,,,,2.0,7.0,0.0,4.0,43.0,,,33.0,76.4,220.0,288.0,,,22.0,,,,17.0,,,,45.5,5.0,11.0,,10.0,,,19.0,13.0,6.0,,18.0,0,,1,3.0,,,,,,,,3.0,,14.0,,,,,14.0,3.0,4.0,7.0,0.0,,,,,,,,,,1.0,6.0,3.0,5.0,72.0,,,67.0,87.5,519.0,593.0,,,39.0,,,,13.0,,,,16.7,2.0,12.0,,6.0,,,16.0,12.0,4.0,,10.0,1,,0,1.0,,,,,,,,3.0,,17.0,,,7.05,7.0,CONCACAF Nations League,CONCACAF,CONCACAF
SEL-CONCACAF_NL-2023-24-11436048,Ronda 1,2023-09-07,Sint Maarten,1,Saint Lucia,1,5,,,0.0,0.0,0.0,0.0,0.0,,,,,,,,,,,9.0,,,,,,,,,,,,,,,,,,,,,,,,,,,,,,,,5,,0,,,,,,,,,1.0,,,,,,,0.0,0.0,0.0,0.0,0.0,,,,,,,,,,,3.0,,,,,,,,,,,,,,,,,,,,,,,,,,,,,,,,1,,0,,,,,,,,,0.0,,,,,,,CONCACAF Nations League,Desconocido,Desconocido
SEL-CONCACAF_NL-2023-24-11436047,Ronda 1,2023-09-07,Saint Kitts And Nevis,1,Guadeloupe,1,2,,,0.0,0.0,0.0,0.0,0.0,,,,,,,,,,,3.0,,,,,,,,,,,,,,,,,,,,,,,,,,,,,,,,2,,0,,,,,,,,,7.0,1.0,,,,,,0.0,0.0,0.0,0.0,0.0,,,,,,,,,,,4.0,,,,,,,,,,,,,,,,,,,,,,,,,,,,,,,,1,,0,,,,,,,,,4.0,0.0,,,,,,CONCACAF Nations League,Desconocido,Desconocido
SEL-CONCACAF_NL-2023-24-11436050,Ronda 1,2023-09-07,USA,1,Cayman Islands,2,2,,,,,,,,,,,,,,,,,,,,,,,,,,,,,,,,,,,,,,,,,,,,,,,,,,2,,0,,,,,,,,,,,,,,,,,,,,,,,,,,,,,,,,,,,,,,,,,,,,,,,,,,,,,,,,,,,,,,,2,,0,,,,,,,,,,,,,,,,CONCACAF Nations League,CONCACAF,Desconocido
SEL-CONCACAF_NL-2023-24-11436044,Ronda 1,2023-09-07,Panamá,1,Martinique,3,0,,,11.0,5.0,5.0,1.0,0.0,,,,,,,,,,4.0,6.0,4.0,14.0,58.0,,,65.0,84.8,436.0,514.0,,,21.0,,,,7.0,,,,44.4,8.0,18.0,,15.0,,,27.0,17.0,10.0,,8.0,0,,1,2.0,,,,,,,,3.0,,13.0,,,,,8.0,3.0,5.0,0.0,0.0,,,,,,,,,,2.0,4.0,4.0,15.0,53.0,,,35.0,73.5,202.0,275.0,,,26.0,,,,12.0,,,,16.7,2.0,12.0,,6.0,,,16.0,12.0,4.0,,17.0,3,,0,2.0,,,,,,,,2.0,,7.0,,,7.28,6.51,CONCACAF Nations League,CONCACAF,Desconocido
SEL-CONCACAF_NL-2023-24-11436046,Ronda 1,2023-09-07,Guatemala,1,El Salvador,2,0,,,15.0,7.0,4.0,4.0,0.0,,,,,,,,,,2.0,5.0,3.0,6.0,40.0,,,43.0,74.3,231.0,311.0,,,18.0,,,,12.0,,,,25.0,4.0,16.0,,8.0,,,27.0,19.0,8.0,,22.0,0,,1,6.0,,,,,,,,3.0,,17.0,,,,,15.0,6.0,4.0,5.0,0.0,,,,,,,,,,1.0,8.0,2.0,7.0,58.0,,,57.0,81.0,333.0,411.0,,,30.0,,,,16.0,,,,33.3,7.0,21.0,,3.0,,,12.0,8.0,4.0,,12.0,2,,0,5.0,,,,,,,,1.0,,14.0,,,7.3,6.73,CONCACAF Nations League,CONCACAF,CONCACAF
SEL-CONCACAF_NL-2023-24-11436051,Ronda 1,2023-09-08,Haití,1,Cuba,0,0,,,10.0,4.0,5.0,1.0,0.0,,,,,,,,,,2.0,4.0,2.0,5.0,62.0,,,65.0,87.2,408.0,468.0,,,21.0,,,,9.0,,,,25.0,5.0,20.0,,11.0,,,13.0,7.0,6.0,,11.0,0,,1,3.0,,,,,,,,1.0,,15.0,,,,,10.0,3.0,3.0,4.0,0.0,,,,,,,,,,0.0,5.0,1.0,10.0,36.0,,,35.0,76.2,189.0,248.0,,,24.0,,,,15.0,,,,16.7,2.0,12.0,,5.0,,,8.0,6.0,2.0,,15.0,0,,1,4.0,,,,,,,,1.0,,9.0,,,7.16,7.05,CONCACAF Nations League,CONCACAF,CONCACAF
SEL-CONCACAF_NL-2023-24-11436057,Ronda 1,2023-09-08,Belize,1,Saint Vincent And The Grenadines,1,2,,,0.0,0.0,0.0,0.0,0.0,,,,,,,,,,,7.0,,,,,,,,,,,,,,,,,,,,,,,,,,,,,,,,2,,0,,,,,,,,,1.0,,,,,,,0.0,0.0,0.0,0.0,0.0,,,,,,,,,,,3.0,,,,,,,,,,,,,,,,,,,,,,,,,,,,,,,,1,,0,,,,,,,,,2.0,,,,,,,CONCACAF Nations League,Desconocido,Desconocido
SEL-CONCACAF_NL-2023-24-11436056,Ronda 1,2023-09-08,Bermuda,1,French Guiana,0,0,,,0.0,0.0,0.0,0.0,0.0,,,,,,,,,,,2.0,,,,,,,,,,,,,,,,,,,,,,,,,,,,,,,,0,,1,,,,,,,,,1.0,,,,,,,0.0,0.0,0.0,0.0,0.0,,,,,,,,,,,4.0,,,,,,,,,,,,,,,,,,,,,,,,,,,,,,,,0,,1,,,,,,,,,2.0,,,,,,,CONCACAF Nations League,Desconocido,Desconocido
SEL-CONCACAF_NL-2023-24-11436052,Ronda 1,2023-09-08,Grenada,1,Suriname,1,1,,,14.0,5.0,7.0,2.0,0.0,,,,,,,,,,1.0,4.0,1.0,3.0,58.0,,,42.0,73.1,225.0,308.0,,,30.0,,,,16.0,,,,38.5,5.0,13.0,,8.0,,,7.0,4.0,3.0,,19.0,1,,0,5.0,,,,,,,,2.0,,8.0,,,,,11.0,6.0,2.0,3.0,0.0,,,,,,,,,,0.0,6.0,0.0,4.0,65.0,,,58.0,81.0,357.0,441.0,,,32.0,,,,8.0,,,,20.0,4.0,20.0,,6.0,,,9.0,5.0,4.0,,22.0,1,,0,4.0,,,,,,,,3.0,,16.0,,,7.18,6.99,CONCACAF Nations League,Desconocido,Desconocido
SEL-CONCACAF_NL-2023-24-11436054,Ronda 1,2023-09-08,Barbados,1,Montserrat,2,3,,,0.0,0.0,0.0,0.0,0.0,,,,,,,,,,,2.0,,,,,,,,,,,,,,,,,,,,,,,,,,,,,,,,3,,0,,,,,,,,,6.0,,,,,,,0.0,0.0,0.0,0.0,0.0,,,,,,,,,,,6.0,,,,,,,,,,,,,,,,,,,,,,,,,,,,,,,,2,,0,,,,,,,,,3.0,,,,,,,CONCACAF Nations League,Desconocido,Desconocido
SEL-CONCACAF_NL-2023-24-11436055,Ronda 1,2023-09-08,Dominican Republic,1,Nicaragua,0,2,,,0.0,0.0,0.0,0.0,0.0,,,,,,,,,,,8.0,,,,,,,,,,,,,,,,,,,,,,,,,,,,,,,,2,,0,,,,,,,,,2.0,,,,,,,0.0,0.0,0.0,0.0,0.0,,,,,,,,,,,1.0,,,,,,,,,,,,,,,,,,,,,,,,,,,,,,,,0,,1,,,,,,,,,6.0,,,,,,,CONCACAF Nations League,Desconocido,Desconocido
SEL-CONCACAF_NL-2023-24-11436053,Ronda 1,2023-09-08,Jamaica,1,Honduras,1,0,,,6.0,1.0,3.0,2.0,1.0,,,,,,,,,,0.0,3.0,1.0,7.0,58.0,,,54.0,78.5,311.0,396.0,,,29.0,,,,16.0,,,,22.2,2.0,9.0,,7.0,,,20.0,13.0,7.0,,19.0,0,,1,2.0,,,,,,,,3.0,,17.0,,,,,11.0,2.0,6.0,3.0,0.0,,,,,,,,,,1.0,7.0,0.0,3.0,57.0,,,46.0,70.7,232.0,328.0,,,33.0,,,,15.0,,,,10.5,2.0,19.0,,10.0,,,17.0,12.0,5.0,,9.0,1,,0,0.0,,,,,,,,5.0,,16.0,,,7.09,6.75,CONCACAF Nations League,CONCACAF,CONCACAF
SEL-CONCACAF_NL-2023-24-11436058,Ronda 1,2023-09-09,Antigua And Barbuda,1,Guyana,1,5,,,0.0,0.0,0.0,0.0,0.0,,,,,,,,,,,7.0,,,,,,,,,,,,,,,,,,,,,,,,,,,,,,,,5,,0,,,,,,,,,1.0,,,,,,,0.0,0.0,0.0,0.0,0.0,,,,,,,,,,,1.0,,,,,,,,,,,,,,,,,,,,,,,,,,,,,,,,1,,0,,,,,,,,,1.0,,,,,,,CONCACAF Nations League,Desconocido,Desconocido
SEL-CONCACAF_NL-2023-24-11436060,Ronda 1,2023-09-09,British Virgin Islands,1,Turks And Caicos Islands,3,1,,,,,,,,,,,,,,,,,,,,,,,,,,,,,,,,,,,,,,,,,,,,,,,,,,1,,0,,,,,,,,,,,,,,,,,,,,,,,,,,,,,,,,,,,,,,,,,,,,,,,,,,,,,,,,,,,,,,,3,,0,,,,,,,,,,,,,,,,CONCACAF Nations League,Desconocido,Desconocido
SEL-CONCACAF_NL-2023-24-11436059,Ronda 1,2023-09-09,Bahamas,1,Puerto Rico,1,6,,,0.0,0.0,0.0,0.0,0.0,,,,,,,,,,,4.0,,,,,,,,,,,,,,,,,,,,,,,,,,,,,,,,6,,0,,,,,,,,,2.0,,,,,,,0.0,0.0,0.0,0.0,0.0,,,,,,,,,,,7.0,,,,,,,,,,,,,,,,,,,,,,,,,,,,,,,,1,,0,,,,,,,,,1.0,,,,,,,CONCACAF Nations League,Desconocido,Desconocido
SEL-CONCACAF_NL-2023-24-11436064,Ronda 2,2023-09-10,Guadeloupe,1,Sint Maarten,4,0,,,0.0,0.0,0.0,0.0,0.0,,,,,,,,,,,3.0,,,,,,,,,,,,,,,,,,,,,,,,,,,,,,,,0,,1,,,,,,,,,2.0,,,,,,,0.0,0.0,0.0,0.0,0.0,,,,,,,,,,,2.0,,,,,,,,,,,,,,,,,,,,,,,,,,,,,,,,4,,0,,,,,,,,,2.0,,,,,,,CONCACAF Nations League,Desconocido,Desconocido
SEL-CONCACAF_NL-2023-24-11436065,Ronda 2,2023-09-10,Saint Lucia,1,Saint Kitts And Nevis,2,0,,,0.0,0.0,0.0,0.0,0.0,,,,,,,,,,,9.0,,,,,,,,,,,,,,,,,,,,,,,,,,,,,,,,0,,1,,,,,,,,,0.0,,,,,,,0.0,0.0,0.0,0.0,0.0,,,,,,,,,,,2.0,,,,,,,,,,,,,,,,,,,,,,,,,,,,,,,,2,,0,,,,,,,,,3.0,,,,,,,CONCACAF Nations League,Desconocido,Desconocido
SEL-CONCACAF_NL-2023-24-11436062,Ronda 2,2023-09-10,Martinique,1,Curazao,1,0,,,13.0,7.0,4.0,2.0,0.0,,,,,,,,,,4.0,2.0,1.0,9.0,51.0,,,46.0,78.3,217.0,277.0,,,31.0,,,,12.0,,,,36.4,4.0,11.0,,11.0,,,15.0,13.0,2.0,,15.0,0,,1,5.0,,,,,,,,4.0,1.0,19.0,,,,,13.0,5.0,5.0,3.0,0.0,,,,,,,,,,1.0,7.0,3.0,15.0,63.0,,,54.0,80.4,262.0,326.0,,,26.0,,,,19.0,,,,7.1,1.0,14.0,,12.0,,,14.0,11.0,3.0,,16.0,1,,0,6.0,,,,,,,,2.0,1.0,12.0,,,7.17,6.96,CONCACAF Nations League,Desconocido,CONCACAF
SEL-CONCACAF_NL-2023-24-11436061,Ronda 2,2023-09-10,Guatemala,1,Panamá,1,1,,,13.0,4.0,4.0,5.0,0.0,,,,,,,,,,0.0,6.0,2.0,4.0,60.0,,,55.0,79.3,353.0,445.0,,,21.0,,,,14.0,,,,20.0,4.0,20.0,,9.0,,,15.0,14.0,1.0,,16.0,1,,0,3.0,,,,,,,,2.0,,16.0,,,,,17.0,4.0,8.0,5.0,0.0,,,,,,,,,,1.0,7.0,2.0,10.0,56.0,,,45.0,74.7,268.0,359.0,,,29.0,,,,16.0,,,,32.0,8.0,25.0,,14.0,,,13.0,9.0,4.0,,16.0,1,,0,3.0,,,,,,,,5.0,,16.0,,,6.79,6.96,CONCACAF Nations League,CONCACAF,CONCACAF
SEL-CONCACAF_NL-2023-24-11436063,Ronda 2,2023-09-10,El Salvador,1,Trinidad y Tobago,2,3,,,27.0,8.0,10.0,9.0,0.0,,,,,,,,,,3.0,9.0,1.0,6.0,56.0,,,69.0,83.8,366.0,437.0,,,17.0,,,,12.0,,,,28.6,8.0,28.0,,7.0,,,10.0,8.0,2.0,,6.0,3,,0,0.0,,,,,,,,2.0,,19.0,,,,,4.0,3.0,1.0,0.0,0.0,,,,,,,,,,1.0,0.0,1.0,8.0,54.0,,,31.0,64.3,133.0,207.0,,,17.0,,,,19.0,,,,40.0,2.0,5.0,,9.0,,,15.0,9.0,6.0,,27.0,2,,0,6.0,,,,,,,,0.0,,13.0,,,6.78,7.07,CONCACAF Nations League,CONCACAF,CONCACAF
SEL-CONCACAF_NL-2023-24-11436069,Ronda 2,2023-09-11,Cayman Islands,1,Aruba,1,2,,,0.0,0.0,0.0,0.0,0.0,,,,,,,,,,,1.0,,,,,,,,,,,,,,,,,,,,,,,,,,,,,,,,2,,0,,,,,,,,,1.0,0.0,,,,,,0.0,0.0,0.0,0.0,0.0,,,,,,,,,,,12.0,,,,,,,,,,,,,,,,,,,,,,,,,,,,,,,,1,,0,,,,,,,,,4.0,1.0,,,,,,CONCACAF Nations League,Desconocido,Desconocido
SEL-CONCACAF_NL-2023-24-11436068,Ronda 2,2023-09-11,Saint Martin,1,Bonaire,2,1,,,0.0,0.0,0.0,0.0,0.0,,,,,,,,,,,17.0,,,,,,,,,,,,,,,,,,,,,,,,,,,,,,,,1,,0,,,,,,,,,2.0,,,,,,,0.0,0.0,0.0,0.0,0.0,,,,,,,,,,,2.0,,,,,,,,,,,,,,,,,,,,,,,,,,,,,,,,2,,0,,,,,,,,,3.0,,,,,,,CONCACAF Nations League,Desconocido,Desconocido
SEL-CONCACAF_NL-2023-24-11436066,Ronda 2,2023-09-11,Nicaragua,1,Barbados,5,1,,,0.0,0.0,0.0,0.0,0.0,,,,,,,,,,,12.0,,,,,,,,,,,,,,,,,,,,,,,,,,,,,,,,1,,0,,,,,,,,,,1.0,,,,,,0.0,0.0,0.0,0.0,0.0,,,,,,,,,,,2.0,,,,,,,,,,,,,,,,,,,,,,,,,,,,,,,,5,,0,,,,,,,,,,0.0,,,,,,CONCACAF Nations League,Desconocido,Desconocido
SEL-CONCACAF_NL-2023-24-11436073,Ronda 2,2023-09-12,French Guiana,1,Belize,0,2,,,0.0,0.0,0.0,0.0,0.0,,,,,,,,,,,6.0,,,,,,,,,,,,,,,,,,,,,,,,,,,,,,,,2,,0,,,,,,,,,4.0,1.0,,,,,,0.0,0.0,0.0,0.0,0.0,,,,,,,,,,,2.0,,,,,,,,,,,,,,,,,,,,,,,,,,,,,,,,0,,1,,,,,,,,,2.0,0.0,,,,,,CONCACAF Nations League,Desconocido,Desconocido
SEL-CONCACAF_NL-2023-24-11436074,Ronda 2,2023-09-12,Saint Vincent And The Grenadines,1,Bermuda,4,3,,,0.0,0.0,0.0,0.0,0.0,,,,,,,,,,,5.0,,,,,,,,,,,,,,,,,,,,,,,,,,,,,,,,3,,0,,,,,,,,,3.0,,,,,,,0.0,0.0,0.0,0.0,0.0,,,,,,,,,,,10.0,,,,,,,,,,,,,,,,,,,,,,,,,,,,,,,,4,,0,,,,,,,,,2.0,,,,,,,CONCACAF Nations League,Desconocido,Desconocido
SEL-CONCACAF_NL-2023-24-11436071,Ronda 2,2023-09-12,Cuba,1,Suriname,1,0,,,9.0,3.0,6.0,0.0,0.0,,,,,,,,,,2.0,7.0,2.0,5.0,47.0,,,43.0,82.1,252.0,307.0,,,36.0,,,,16.0,,,,21.4,3.0,14.0,,11.0,,,17.0,10.0,7.0,,34.0,0,,1,3.0,,,,,,,,1.0,,18.0,,,,,14.0,3.0,6.0,5.0,0.0,,,,,,,,,,0.0,6.0,2.0,5.0,56.0,,,57.0,85.8,339.0,395.0,,,29.0,,,,18.0,,,,19.4,6.0,31.0,,5.0,,,29.0,20.0,9.0,,13.0,1,,0,2.0,,,,,,,,3.0,,16.0,,,7.1,6.89,CONCACAF Nations League,CONCACAF,Desconocido
SEL-CONCACAF_NL-2023-24-11436077,Ronda 2,2023-09-12,Turks And Caicos Islands,1,Dominica,0,3,,,0.0,0.0,0.0,0.0,0.0,,,,,,,,,,,2.0,,,,,,,,,,,,,,,,,,,,,,,,,,,,,,,,3,,0,,,,,,,,,0.0,,,,,,,0.0,0.0,0.0,0.0,0.0,,,,,,,,,,,8.0,,,,,,,,,,,,,,,,,,,,,,,,,,,,,,,,0,,1,,,,,,,,,3.0,,,,,,,CONCACAF Nations League,Desconocido,Desconocido
SEL-CONCACAF_NL-2023-24-11436075,Ronda 2,2023-09-12,Guyana,1,Bahamas,3,2,,,0.0,0.0,0.0,0.0,0.0,,,,,,,,,,,8.0,,,,,,,,,,,,,,,,,,,,,,,,,,,,,,,,2,,0,,,,,,,,,1.0,,,,,,,0.0,0.0,0.0,0.0,0.0,,,,,,,,,,,3.0,,,,,,,,,,,,,,,,,,,,,,,,,,,,,,,,3,,0,,,,,,,,,2.0,,,,,,,CONCACAF Nations League,Desconocido,Desconocido
SEL-CONCACAF_NL-2023-24-11436076,Ronda 2,2023-09-12,Puerto Rico,1,Antigua And Barbuda,5,0,,,0.0,0.0,0.0,0.0,0.0,,,,,,,,,,,7.0,,,,,,,,,,,,,,,,,,,,,,,,,,,,,,,,0,,1,,,,,,,,,1.0,0.0,,,,,,0.0,0.0,0.0,0.0,0.0,,,,,,,,,,,3.0,,,,,,,,,,,,,,,,,,,,,,,,,,,,,,,,5,,0,,,,,,,,,4.0,2.0,,,,,,CONCACAF Nations League,Desconocido,Desconocido
SEL-CONCACAF_NL-2023-24-11436070,Ronda 2,2023-09-12,Jamaica,1,Haití,2,2,,,18.0,8.0,5.0,5.0,0.0,,,,,,,,,,3.0,12.0,2.0,1.0,105.0,,,71.0,78.7,366.0,465.0,,,32.0,,,,8.0,,,,26.7,8.0,30.0,,2.0,,,6.0,4.0,2.0,,12.0,2,,0,3.0,,,,,,,,2.0,0.0,13.0,,,,,9.0,5.0,3.0,1.0,1.0,,,,,,,,,,3.0,1.0,3.0,7.0,42.0,,,29.0,54.3,108.0,199.0,,,16.0,,,,12.0,,,,20.0,1.0,5.0,,6.0,,,22.0,12.0,10.0,,42.0,2,,0,7.0,,,,,,,,5.0,1.0,9.0,,,6.78,7.08,CONCACAF Nations League,CONCACAF,CONCACAF
SEL-CONCACAF_NL-2023-24-11436072,Ronda 2,2023-09-12,Honduras,1,Grenada,4,0,,,26.0,12.0,9.0,5.0,0.0,,,,,,,,,,1.0,11.0,3.0,5.0,74.0,,,73.0,88.5,577.0,652.0,,,52.0,,,,7.0,,,,34.6,9.0,26.0,,6.0,,,21.0,19.0,2.0,,3.0,0,,1,0.0,,,,,,,,0.0,,4.0,,,,,3.0,0.0,1.0,2.0,0.0,,,,,,,,,,0.0,1.0,0.0,2.0,51.0,,,27.0,68.9,164.0,238.0,,,22.0,,,,2.0,,,,,0.0,5.0,,12.0,,,12.0,9.0,3.0,,12.0,4,,0,8.0,,,,,,,,1.0,,7.0,,,7.89,6.28,CONCACAF Nations League,CONCACAF,Desconocido
SEL-CONCACAF_NL-2023-24-11436067,Ronda 2,2023-11-17,Montserrat,1,Dominican Republic,2,1,,,5.0,2.0,3.0,0.0,0.0,,,,,,,,,,2.0,0.0,3.0,7.0,42.0,,,25.0,60.3,105.0,174.0,,,18.0,,,,13.0,,,,25.0,1.0,4.0,,7.0,,,13.0,8.0,5.0,,41.0,1,,0,2.0,,,,,,,,4.0,,20.0,,,,,20.0,3.0,9.0,8.0,0.0,,,,,,,,,,2.0,8.0,2.0,5.0,80.0,,,75.0,85.1,417.0,490.0,,,46.0,,,,20.0,,,,9.4,3.0,32.0,,5.0,,,10.0,8.0,2.0,,10.0,2,,0,0.0,,,,,,,,4.0,,13.0,,,6.95,7.0,CONCACAF Nations League,Desconocido,Desconocido
SEL-CONCACAF_NL-2023-24-11436082,Ronda 3,2023-10-12,Sint Maarten,1,Saint Kitts And Nevis,2,3,,,11.0,5.0,6.0,0.0,1.0,,,,,,,,,,0.0,4.0,0.0,2.0,55.0,,,53.0,76.1,249.0,327.0,,,21.0,,,,10.0,,,,16.7,2.0,12.0,,5.0,,,10.0,6.0,4.0,,23.0,3,,0,6.0,,,,,,,,0.0,,13.0,,,,,14.0,9.0,3.0,2.0,0.0,,,,,,,,,,4.0,4.0,3.0,4.0,58.0,,,47.0,70.8,209.0,295.0,,,21.0,,,,11.0,,,,,0.0,7.0,,8.0,,,10.0,7.0,3.0,,22.0,2,,0,3.0,,,,,,,,1.0,,11.0,,,6.71,6.9,CONCACAF Nations League,Desconocido,Desconocido
SEL-CONCACAF_NL-2023-24-11436084,Ronda 3,2023-10-12,Dominica,1,British Virgin Islands,1,1,,,25.0,8.0,14.0,3.0,0.0,,,,,,,,,,3.0,11.0,1.0,7.0,79.0,,,65.0,78.2,240.0,307.0,,,20.0,,,,19.0,,,,20.0,7.0,35.0,,1.0,,,17.0,11.0,6.0,,10.0,1,,0,3.0,,,,,,,,1.0,0.0,10.0,,,,,7.0,4.0,2.0,1.0,0.0,,,,,,,,,,3.0,2.0,1.0,4.0,36.0,,,35.0,63.0,109.0,173.0,,,18.0,,,,10.0,,,,42.9,3.0,7.0,,4.0,,,21.0,14.0,7.0,,47.0,1,,0,7.0,,,,,,,,0.0,1.0,19.0,,,7.05,6.87,CONCACAF Nations League,Desconocido,Desconocido
SEL-CONCACAF_NL-2023-24-11436078,Ronda 3,2023-10-12,Suriname,1,Haití,1,1,,,13.0,2.0,8.0,3.0,0.0,,,,,,,,,,2.0,5.0,3.0,4.0,60.0,,,43.0,79.1,265.0,335.0,,,27.0,,,,10.0,,,,33.3,4.0,12.0,,18.0,,,17.0,14.0,3.0,,22.0,1,,0,10.0,,,,,,,,1.0,,11.0,,,,,22.0,11.0,7.0,4.0,1.0,,,,,,,,,,3.0,4.0,3.0,13.0,50.0,,,57.0,86.1,383.0,445.0,,,29.0,,,,10.0,,,,21.1,4.0,19.0,,9.0,,,23.0,16.0,7.0,,14.0,1,,0,1.0,,,,,,,,1.0,,11.0,,,7.11,7.17,CONCACAF Nations League,Desconocido,CONCACAF
SEL-CONCACAF_NL-2023-24-11436080,Ronda 3,2023-10-12,Grenada,1,Jamaica,1,4,,,14.0,5.0,6.0,3.0,0.0,,,,,,,,,,1.0,9.0,1.0,8.0,41.0,,,41.0,73.6,204.0,277.0,,,20.0,,,,19.0,,,,21.7,5.0,23.0,,6.0,,,17.0,10.0,7.0,,10.0,4,,0,3.0,,,,,,,,2.0,,8.0,,,,,12.0,7.0,3.0,2.0,0.0,,,,,,,,,,3.0,2.0,2.0,5.0,62.0,,,59.0,84.9,353.0,416.0,,,41.0,,,,8.0,,,,7.7,1.0,13.0,,10.0,,,13.0,10.0,3.0,,29.0,1,,0,4.0,,,,,,,,0.0,,20.0,,,6.67,7.24,CONCACAF Nations League,Desconocido,CONCACAF
SEL-CONCACAF_NL-2023-24-11436083,Ronda 3,2023-10-12,Bonaire,1,Anguilla,2,0,,,16.0,6.0,6.0,4.0,0.0,,,,,,,,,,5.0,9.0,4.0,2.0,59.0,,,64.0,82.0,350.0,427.0,,,48.0,,,,11.0,,,,22.7,5.0,22.0,,10.0,,,9.0,6.0,3.0,,13.0,0,,1,0.0,,,,,,,,3.0,,22.0,,,,,3.0,0.0,3.0,0.0,0.0,,,,,,,,,,1.0,4.0,1.0,4.0,34.0,,,36.0,69.9,165.0,236.0,,,23.0,,,,20.0,,,,33.3,3.0,9.0,,18.0,,,12.0,6.0,6.0,,23.0,2,,0,4.0,,,,,,,,2.0,,11.0,,,7.08,6.66,CONCACAF Nations League,Desconocido,Desconocido
SEL-CONCACAF_NL-2023-24-11436081,Ronda 3,2023-10-12,Saint Lucia,1,Guadeloupe,2,1,,,11.0,6.0,3.0,2.0,0.0,,,,,,,,,,1.0,3.0,3.0,6.0,54.0,,,53.0,82.2,347.0,422.0,,,35.0,,,,7.0,,,,33.3,3.0,9.0,,1.0,,,13.0,7.0,6.0,,11.0,1,,0,5.0,,,,,,,,2.0,0.0,12.0,,,,,15.0,6.0,4.0,5.0,0.0,,,,,,,,,,1.0,2.0,3.0,7.0,52.0,,,47.0,86.7,326.0,376.0,,,32.0,,,,11.0,,,,33.3,3.0,9.0,,12.0,,,10.0,9.0,1.0,,9.0,2,,0,4.0,,,,,,,,0.0,1.0,7.0,,,7.04,6.88,CONCACAF Nations League,Desconocido,Desconocido
SEL-CONCACAF_NL-2023-24-11436079,Ronda 3,2023-10-12,Cuba,1,Honduras,0,0,,,4.0,2.0,0.0,2.0,0.0,,,,,,,,,,1.0,0.0,,12.0,26.0,,,33.0,71.9,182.0,253.0,,,23.0,,,,10.0,,,,,0.0,3.0,,7.0,,,15.0,9.0,6.0,,30.0,0,,1,5.0,,,,,,,,2.0,,8.0,,,,,25.0,5.0,14.0,6.0,0.0,,,,,,,,,,5.0,12.0,,7.0,94.0,,,67.0,87.7,436.0,497.0,,,34.0,,,,7.0,,,,30.8,12.0,39.0,,10.0,,,13.0,8.0,5.0,,11.0,0,,1,2.0,,,,,,,,1.0,,13.0,,,6.95,7.17,CONCACAF Nations League,CONCACAF,CONCACAF
SEL-CONCACAF_NL-2023-24-11436088,Ronda 3,2023-10-13,Montserrat,1,Nicaragua,0,3,,,4.0,2.0,0.0,2.0,0.0,,,,,,,,,,0.0,2.0,2.0,0.0,41.0,,,37.0,74.1,177.0,239.0,,,16.0,,,,20.0,,,,9.1,1.0,11.0,,2.0,,,2.0,0.0,2.0,,13.0,3,,0,8.0,,,,,,,,1.0,1.0,8.0,,,,,28.0,11.0,10.0,7.0,0.0,,,,,,,,,,7.0,6.0,0.0,8.0,58.0,,,63.0,87.5,364.0,416.0,,,32.0,,,,7.0,,,,40.0,6.0,15.0,,4.0,,,9.0,8.0,1.0,,16.0,0,,1,2.0,,,,,,,,4.0,0.0,21.0,,,6.52,7.14,CONCACAF Nations League,Desconocido,Desconocido
SEL-CONCACAF_NL-2023-24-11622163,Ronda 3,2023-10-13,Saint Vincent And The Grenadines,1,French Guiana,1,4,,,17.0,5.0,8.0,4.0,0.0,,,,,,,,,,1.0,6.0,2.0,7.0,57.0,,,50.0,77.2,274.0,355.0,,,23.0,,,,14.0,,,,45.0,9.0,20.0,,11.0,,,6.0,5.0,1.0,,9.0,4,,0,2.0,,,,,,,,3.0,,19.0,,,,,9.0,6.0,2.0,1.0,0.0,,,,,,,,,,3.0,2.0,0.0,6.0,68.0,,,50.0,76.2,282.0,370.0,,,39.0,,,,17.0,,,,,0.0,9.0,,11.0,,,21.0,17.0,4.0,,20.0,1,,0,5.0,,,,,,,,2.0,,15.0,,,6.42,7.19,CONCACAF Nations League,Desconocido,Desconocido
SEL-CONCACAF_NL-2023-24-11436085,Ronda 3,2023-10-13,Curazao,1,Panamá,1,2,,,8.0,6.0,1.0,1.0,0.0,,,,,,,,,,1.0,4.0,3.0,8.0,54.0,,,45.0,87.0,355.0,408.0,,,27.0,,,,16.0,,,,23.1,3.0,13.0,,18.0,,,10.0,5.0,5.0,,11.0,2,,0,3.0,,,,,,,,1.0,,12.0,,,,,14.0,5.0,8.0,1.0,0.0,,,,,,,,,,2.0,4.0,4.0,11.0,46.0,,,55.0,85.9,432.0,503.0,,,38.0,,,,12.0,,,,25.0,3.0,12.0,,2.0,,,21.0,16.0,5.0,,13.0,1,,0,5.0,,,,,,,,2.0,,17.0,,,6.8,7.35,CONCACAF Nations League,CONCACAF,CONCACAF
SEL-CONCACAF_NL-2023-24-11436086,Ronda 3,2023-10-13,Martinique,1,El Salvador,1,0,,,10.0,4.0,6.0,0.0,0.0,,,,,,,,,,4.0,2.0,2.0,13.0,55.0,,,43.0,84.4,287.0,340.0,,,34.0,,,,4.0,,,,21.4,3.0,14.0,,7.0,,,23.0,12.0,11.0,,12.0,0,,1,3.0,,,,,,,,,,11.0,,,,,13.0,3.0,8.0,2.0,1.0,,,,,,,,,,0.0,2.0,1.0,16.0,49.0,,,57.0,87.3,405.0,464.0,,,18.0,,,,11.0,,,,15.4,2.0,13.0,,6.0,,,12.0,11.0,1.0,,15.0,1,,0,2.0,,,,,,,,,,5.0,,,7.06,6.78,CONCACAF Nations League,Desconocido,CONCACAF
SEL-CONCACAF_NL-2023-24-11436089,Ronda 3,2023-10-13,Barbados,1,Dominican Republic,0,5,,,4.0,0.0,4.0,0.0,0.0,,,,,,,,,,0.0,1.0,0.0,6.0,40.0,,,33.0,75.3,192.0,255.0,,,20.0,,,,20.0,,,,33.3,2.0,6.0,,5.0,,,9.0,7.0,2.0,,11.0,5,,0,1.0,,,,,,,,4.0,1.0,17.0,,,,,20.0,5.0,11.0,4.0,2.0,,,,,,,,,,5.0,6.0,4.0,7.0,62.0,,,67.0,88.0,453.0,515.0,,,28.0,,,,15.0,,,,21.7,5.0,23.0,,5.0,,,13.0,9.0,4.0,,5.0,0,,1,0.0,,,,,,,,5.0,0.0,21.0,,,6.15,7.32,CONCACAF Nations League,Desconocido,Desconocido
SEL-CONCACAF_NL-2023-24-11436087,Ronda 3,2023-10-13,Trinidad y Tobago,1,Guatemala,3,2,,,10.0,5.0,4.0,1.0,0.0,,,,,,,,,,3.0,5.0,1.0,8.0,57.0,,,45.0,76.2,246.0,323.0,,,28.0,,,,7.0,,,,35.3,6.0,17.0,,8.0,,,12.0,8.0,4.0,,36.0,2,,0,10.0,,,,,,,,5.0,,8.0,,,,,24.0,11.0,5.0,8.0,1.0,,,,,,,,,,1.0,14.0,2.0,2.0,66.0,,,55.0,79.7,302.0,379.0,,,41.0,,,,6.0,,,,24.4,10.0,41.0,,7.0,,,18.0,17.0,1.0,,13.0,3,,0,2.0,,,,,,,,2.0,,9.0,,,6.91,6.95,CONCACAF Nations League,CONCACAF,CONCACAF
SEL-CONCACAF_NL-2023-24-11622164,Ronda 3,2023-10-13,Belize,1,Bermuda,0,1,,,16.0,7.0,7.0,2.0,0.0,,,,,,,,,,0.0,4.0,3.0,3.0,51.0,,,47.0,86.3,297.0,344.0,,,28.0,,,,10.0,,,,35.3,6.0,17.0,,4.0,,,13.0,10.0,3.0,,14.0,1,,0,5.0,,,,,,,,1.0,,11.0,,,,,14.0,6.0,3.0,5.0,0.0,,,,,,,,,,2.0,5.0,1.0,7.0,51.0,,,53.0,84.1,334.0,397.0,,,24.0,,,,11.0,,,,15.4,2.0,13.0,,4.0,,,20.0,14.0,6.0,,14.0,0,,1,7.0,,,,,,,,4.0,,10.0,,,6.86,7.29,CONCACAF Nations League,Desconocido,Desconocido
SEL-CONCACAF_NL-2023-24-11622165,Ronda 3,2023-10-14,Puerto Rico,1,Guyana,1,3,,,11.0,5.0,6.0,0.0,0.0,,,,,,,,,,1.0,3.0,1.0,4.0,61.0,,,54.0,85.8,442.0,515.0,,,30.0,,,,16.0,,,,16.7,1.0,6.0,,12.0,,,10.0,4.0,6.0,,11.0,3,,0,3.0,,,,,,,,2.0,,10.0,,,,,16.0,7.0,7.0,2.0,0.0,,,,,,,,,,3.0,1.0,0.0,6.0,53.0,,,46.0,86.0,368.0,428.0,,,33.0,,,,10.0,,,,33.3,4.0,12.0,,7.0,,,5.0,5.0,0.0,,6.0,1,,0,4.0,,,,,,,,4.0,,16.0,,,6.83,7.15,CONCACAF Nations League,Desconocido,Desconocido
SEL-CONCACAF_NL-2023-24-11622167,Ronda 3,2023-10-14,Aruba,1,USA,3,1,,,20.0,9.0,6.0,5.0,2.0,,,,,,,,,,3.0,3.0,0.0,6.0,51.0,,,63.0,86.1,352.0,409.0,,,53.0,,,,7.0,,,,29.4,5.0,17.0,,4.0,,,8.0,7.0,1.0,,16.0,1,,0,3.0,,,,,,,,0.0,,14.0,,,,,6.0,4.0,2.0,0.0,0.0,,,,,,,,,,0.0,4.0,1.0,5.0,38.0,,,37.0,73.8,175.0,237.0,,,20.0,,,,14.0,,,,20.0,1.0,5.0,,1.0,,,7.0,5.0,2.0,,20.0,3,,0,5.0,,,,,,,,2.0,,7.0,,,7.24,6.6,CONCACAF Nations League,Desconocido,CONCACAF
SEL-CONCACAF_NL-2023-24-11622166,Ronda 3,2023-10-14,Bahamas,1,Antigua And Barbuda,1,4,,,4.0,2.0,1.0,1.0,0.0,,,,,,,,,,1.0,0.0,2.0,5.0,36.0,,,43.0,73.5,230.0,313.0,,,23.0,,,,8.0,,,,75.0,3.0,4.0,,7.0,,,20.0,12.0,8.0,,13.0,4,,0,8.0,,,,,,,,0.0,,13.0,,,,,22.0,12.0,8.0,2.0,0.0,,,,,,,,,,3.0,5.0,3.0,8.0,76.0,,,57.0,85.4,346.0,405.0,,,37.0,,,,13.0,,,,35.0,7.0,20.0,,11.0,,,11.0,6.0,5.0,,11.0,1,,0,1.0,,,,,,,,2.0,,10.0,,,6.45,7.31,CONCACAF Nations League,Desconocido,Desconocido
SEL-CONCACAF_NL-2023-24-11622171,Ronda 4,2023-10-15,Guadeloupe,1,Saint Lucia,2,0,,,18.0,6.0,6.0,6.0,0.0,,,,,,,,,,1.0,5.0,3.0,9.0,55.0,,,59.0,81.9,348.0,425.0,,,30.0,,,,9.0,,,,12.5,1.0,8.0,,7.0,,,6.0,6.0,0.0,,12.0,0,,1,4.0,,,,,,,,1.0,,15.0,,,,,7.0,3.0,4.0,0.0,0.0,,,,,,,,,,1.0,2.0,0.0,2.0,63.0,,,41.0,67.9,197.0,290.0,,,29.0,,,,15.0,,,,25.0,2.0,8.0,,1.0,,,12.0,10.0,2.0,,9.0,2,,0,4.0,,,,,,,,1.0,,9.0,,,7.3,6.61,CONCACAF Nations League,Desconocido,Desconocido
SEL-CONCACAF_NL-2023-24-11622172,Ronda 4,2023-10-15,Saint Kitts And Nevis,1,Sint Maarten,0,1,,,9.0,3.0,4.0,2.0,0.0,,,,,,,,,,0.0,6.0,2.0,5.0,61.0,,,50.0,76.3,286.0,375.0,,,30.0,,,,17.0,,,,15.8,3.0,19.0,,7.0,,,12.0,8.0,4.0,,16.0,1,,0,5.0,,,,,,,,4.0,,15.0,,,,,19.0,6.0,11.0,2.0,1.0,,,,,,,,,,3.0,7.0,2.0,7.0,51.0,,,50.0,78.6,298.0,379.0,,,33.0,,,,14.0,,,,14.3,2.0,14.0,,13.0,,,14.0,13.0,1.0,,38.0,0,,1,3.0,,,,,,,,2.0,,18.0,,,6.8,7.33,CONCACAF Nations League,Desconocido,Desconocido
SEL-CONCACAF_NL-2023-24-11622168,Ronda 4,2023-10-15,Haití,1,Jamaica,2,3,,,11.0,4.0,5.0,2.0,1.0,,,,,,,,,,1.0,3.0,1.0,7.0,57.0,,,54.0,78.4,316.0,403.0,,,34.0,,,,14.0,,,,30.4,7.0,23.0,,12.0,,,15.0,8.0,7.0,,16.0,3,,0,4.0,,,,,,,,3.0,,18.0,,,,,18.0,6.0,9.0,3.0,1.0,,,,,,,,,,4.0,6.0,2.0,7.0,57.0,,,46.0,73.4,256.0,349.0,,,32.0,,,,18.0,,,,33.3,6.0,18.0,,5.0,,,11.0,9.0,2.0,,20.0,2,,0,2.0,,,,,,,,1.0,,15.0,,,6.84,7.0,CONCACAF Nations League,CONCACAF,CONCACAF
SEL-CONCACAF_NL-2023-24-11622169,Ronda 4,2023-10-15,Honduras,1,Cuba,4,0,,,27.0,12.0,9.0,6.0,0.0,,,,,,,,,,7.0,11.0,4.0,9.0,76.0,,,67.0,90.0,597.0,663.0,,,17.0,,,,8.0,,,,26.3,5.0,19.0,,6.0,,,30.0,24.0,6.0,,5.0,0,,1,2.0,,,,,,,,0.0,,9.0,,,,,2.0,2.0,0.0,0.0,0.0,,,,,,,,,,0.0,1.0,0.0,9.0,27.0,,,33.0,81.8,265.0,324.0,,,32.0,,,,9.0,,,,50.0,3.0,6.0,,7.0,,,13.0,8.0,5.0,,16.0,4,,0,8.0,,,,,,,,2.0,,9.0,,,7.64,6.46,CONCACAF Nations League,CONCACAF,CONCACAF
SEL-CONCACAF_NL-2023-24-11622170,Ronda 4,2023-10-15,Suriname,1,Grenada,4,0,,,13.0,9.0,2.0,2.0,1.0,,,,,,,,,,1.0,4.0,2.0,4.0,50.0,,,61.0,88.1,461.0,523.0,,,28.0,,,,10.0,,,,22.2,4.0,18.0,,7.0,,,18.0,14.0,4.0,,12.0,0,,1,2.0,,,,,,,,1.0,,14.0,,,,,7.0,3.0,3.0,1.0,0.0,,,,,,,,,,0.0,3.0,1.0,5.0,58.0,,,39.0,81.5,269.0,330.0,,,35.0,,,,13.0,,,,18.2,2.0,11.0,,4.0,,,7.0,5.0,2.0,,12.0,4,,0,5.0,,,,,,,,2.0,,11.0,,,7.38,6.28,CONCACAF Nations League,Desconocido,Desconocido
SEL-CONCACAF_NL-2023-24-11622175,Ronda 4,2023-10-16,Saint Martin,1,Anguilla,8,0,,,32.0,13.0,9.0,10.0,0.0,,,,,,,,,,5.0,8.0,9.0,13.0,75.0,,,67.0,88.1,424.0,481.0,,,36.0,,,,6.0,,,,48.0,12.0,25.0,,9.0,,,6.0,5.0,1.0,,3.0,0,,1,0.0,,,,,,,,0.0,0.0,15.0,,,,,0.0,0.0,0.0,0.0,0.0,,,,,,,,,,0.0,0.0,1.0,6.0,20.0,,,33.0,63.5,153.0,241.0,,,12.0,,,,14.0,,,,,0.0,1.0,,3.0,,,19.0,15.0,4.0,,21.0,8,,0,4.0,,,,,,,,1.0,1.0,7.0,,,7.65,5.88,CONCACAF Nations League,Desconocido,Desconocido
SEL-CONCACAF_NL-2023-24-11622176,Ronda 4,2023-10-16,Turks And Caicos Islands,1,British Virgin Islands,2,2,,,10.0,3.0,3.0,4.0,0.0,,,,,,,,,,1.0,3.0,1.0,2.0,63.0,,,51.0,68.8,190.0,276.0,,,26.0,,,,19.0,,,,,0.0,10.0,,7.0,,,18.0,14.0,4.0,,14.0,2,,0,3.0,,,,,,,,5.0,,10.0,,,,,8.0,5.0,3.0,0.0,0.0,,,,,,,,,,1.0,2.0,1.0,8.0,45.0,,,49.0,70.3,189.0,269.0,,,31.0,,,,10.0,,,,16.7,1.0,6.0,,7.0,,,23.0,20.0,3.0,,17.0,2,,0,1.0,,,,,,,,6.0,,19.0,,,6.75,6.79,CONCACAF Nations League,Desconocido,Desconocido
SEL-CONCACAF_NL-2023-24-11622180,Ronda 4,2023-10-16,French Guiana,1,Saint Vincent And The Grenadines,3,2,,,13.0,5.0,5.0,3.0,0.0,,,,,,,,,,3.0,9.0,1.0,14.0,65.0,,,54.0,79.3,306.0,386.0,,,27.0,,,,13.0,,,,13.6,3.0,22.0,,10.0,,,20.0,12.0,8.0,,12.0,2,,0,2.0,,,,,,,,2.0,,14.0,,,,,5.0,4.0,1.0,0.0,0.0,,,,,,,,,,3.0,5.0,4.0,9.0,37.0,,,46.0,81.9,276.0,337.0,,,23.0,,,,14.0,,,,,0.0,10.0,,11.0,,,13.0,9.0,4.0,,25.0,3,,0,2.0,,,,,,,,3.0,,14.0,,,6.89,6.63,CONCACAF Nations League,Desconocido,Desconocido
SEL-CONCACAF_NL-2023-24-11622174,Ronda 4,2023-10-16,Dominican Republic,1,Barbados,5,2,,,30.0,14.0,8.0,8.0,0.0,,,,,,,,,,5.0,12.0,2.0,5.0,68.0,,,62.0,80.8,273.0,338.0,,,37.0,,,,20.0,,,,29.0,9.0,31.0,,5.0,,,9.0,6.0,3.0,,8.0,2,,0,4.0,,,,,,,,0.0,,24.0,,,,,10.0,6.0,2.0,2.0,0.0,,,,,,,,,,3.0,2.0,1.0,8.0,43.0,,,38.0,68.3,151.0,221.0,,,17.0,,,,23.0,,,,33.3,2.0,6.0,,9.0,,,17.0,13.0,4.0,,29.0,5,,0,9.0,,,,,,,,1.0,,20.0,,,7.4,6.72,CONCACAF Nations League,Desconocido,Desconocido
SEL-CONCACAF_NL-2023-24-11622173,Ronda 4,2023-10-16,Nicaragua,1,Montserrat,3,0,,,24.0,6.0,14.0,4.0,0.0,,,,,,,,,,3.0,11.0,7.0,5.0,56.0,,,62.0,87.2,367.0,421.0,,,54.0,,,,11.0,,,,21.1,4.0,19.0,,8.0,,,10.0,5.0,5.0,,6.0,0,,1,1.0,,,,,,,,0.0,,11.0,,,,,2.0,1.0,1.0,0.0,0.0,,,,,,,,,,0.0,0.0,1.0,1.0,26.0,,,38.0,69.7,186.0,267.0,,,22.0,,,,11.0,,,,,0.0,6.0,,2.0,,,13.0,9.0,4.0,,22.0,3,,0,4.0,,,,,,,,4.0,,11.0,,,7.35,6.36,CONCACAF Nations League,Desconocido,Desconocido
SEL-CONCACAF_NL-2023-24-11622183,Ronda 4,2023-10-17,Antigua And Barbuda,1,Bahamas,2,2,,,25.0,7.0,12.0,6.0,0.0,,,,,,,,,,4.0,9.0,1.0,11.0,79.0,,,68.0,85.4,398.0,466.0,,,24.0,,,,8.0,,,,31.2,10.0,32.0,,5.0,,,16.0,14.0,2.0,,9.0,2,,0,1.0,,,,,,,,1.0,,8.0,,,,,8.0,3.0,4.0,1.0,0.0,,,,,,,,,,1.0,2.0,4.0,1.0,32.0,,,32.0,67.6,152.0,225.0,,,22.0,,,,8.0,,,,50.0,1.0,2.0,,6.0,,,17.0,11.0,6.0,,27.0,2,,0,5.0,,,,,,,,2.0,,8.0,,,7.22,6.71,CONCACAF Nations League,Desconocido,Desconocido
SEL-CONCACAF_NL-2023-24-11622182,Ronda 4,2023-10-17,Guyana,1,Puerto Rico,3,1,,,12.0,7.0,5.0,0.0,0.0,,,,,,,,,,3.0,3.0,0.0,5.0,46.0,,,45.0,82.9,311.0,375.0,,,34.0,,,,11.0,,,,12.5,1.0,8.0,,9.0,,,22.0,19.0,3.0,,10.0,1,,0,5.0,,,,,,,,3.0,0.0,26.0,,,,,12.0,6.0,4.0,2.0,0.0,,,,,,,,,,4.0,5.0,2.0,9.0,52.0,,,55.0,84.7,394.0,465.0,,,25.0,,,,26.0,,,,12.5,1.0,8.0,,8.0,,,16.0,13.0,3.0,,6.0,3,,0,4.0,,,,,,,,2.0,1.0,11.0,,,6.98,6.52,CONCACAF Nations League,Desconocido,Desconocido
SEL-CONCACAF_NL-2023-24-11622184,Ronda 4,2023-10-17,Cayman Islands,1,USA,2,1,,,20.0,7.0,7.0,6.0,0.0,,,,,,,,,,1.0,9.0,1.0,15.0,54.0,,,55.0,74.8,238.0,318.0,,,19.0,,,,16.0,,,,27.8,5.0,18.0,,8.0,,,25.0,20.0,5.0,,12.0,1,,0,3.0,,,,,,,,3.0,,14.0,,,,,7.0,4.0,2.0,1.0,0.0,,,,,,,,,,2.0,4.0,1.0,8.0,55.0,,,45.0,71.2,190.0,267.0,,,25.0,,,,13.0,,,,14.3,1.0,7.0,,9.0,,,25.0,23.0,2.0,,30.0,2,,0,5.0,,,,,,,,4.0,,16.0,,,7.23,6.77,CONCACAF Nations League,Desconocido,CONCACAF
SEL-CONCACAF_NL-2023-24-11622181,Ronda 4,2023-10-17,Bermuda,1,Belize,1,1,,,14.0,6.0,6.0,2.0,0.0,,,,,,,,,,1.0,8.0,6.0,11.0,51.0,,,52.0,80.6,295.0,366.0,,,31.0,,,,11.0,,,,13.3,2.0,15.0,,7.0,,,15.0,10.0,5.0,,15.0,1,,0,1.0,,,,,,,,0.0,,16.0,,,,,8.0,2.0,3.0,3.0,0.0,,,,,,,,,,1.0,4.0,3.0,7.0,55.0,,,48.0,74.8,247.0,330.0,,,23.0,,,,16.0,,,,20.0,3.0,15.0,,9.0,,,26.0,22.0,4.0,,18.0,1,,0,5.0,,,,,,,,1.0,,13.0,,,6.9,6.85,CONCACAF Nations League,Desconocido,Desconocido
SEL-CONCACAF_NL-2023-24-11622179,Ronda 4,2023-10-17,Curazao,1,Trinidad y Tobago,5,3,,,24.0,10.0,6.0,8.0,1.0,,,,,,,,,,8.0,5.0,2.0,6.0,34.0,,,51.0,87.0,382.0,439.0,,,36.0,,,,10.0,,,,66.7,6.0,9.0,,7.0,,,9.0,7.0,2.0,,12.0,3,,0,1.0,,,,,,,,1.0,,19.0,,,,,17.0,4.0,5.0,8.0,0.0,,,,,,,,,,2.0,6.0,1.0,7.0,54.0,,,49.0,84.2,337.0,400.0,,,24.0,,,,18.0,,,,31.2,5.0,16.0,,4.0,,,10.0,10.0,0.0,,9.0,5,,0,5.0,,,,,,,,2.0,,12.0,,,7.16,6.69,CONCACAF Nations League,CONCACAF,CONCACAF
SEL-CONCACAF_NL-2023-24-11622178,Ronda 4,2023-10-17,El Salvador,1,Martinique,0,0,,,19.0,4.0,8.0,7.0,0.0,,,,,,,,,,1.0,9.0,2.0,4.0,53.0,,,62.0,74.6,285.0,382.0,,,18.0,,,,14.0,,,,43.5,10.0,23.0,,15.0,,,12.0,11.0,1.0,,12.0,0,,1,3.0,,,,,,,,3.0,,17.0,,,,,10.0,2.0,3.0,5.0,0.0,,,,,,,,,,0.0,3.0,2.0,7.0,73.0,,,38.0,58.3,137.0,235.0,,,23.0,,,,17.0,,,,10.0,2.0,20.0,,6.0,,,18.0,16.0,2.0,,17.0,0,,1,4.0,,,,,,,,1.0,,14.0,,,7.08,7.11,CONCACAF Nations League,CONCACAF,Desconocido
SEL-CONCACAF_NL-2023-24-11622177,Ronda 4,2023-10-17,Panamá,1,Guatemala,3,0,,,16.0,8.0,6.0,2.0,0.0,,,,,,,,,,2.0,9.0,5.0,4.0,61.0,,,60.0,88.9,450.0,506.0,,,35.0,,,,7.0,,,,20.0,4.0,20.0,,3.0,,,13.0,9.0,4.0,,5.0,0,,1,1.0,,,,,,,,1.0,0.0,17.0,,,,,5.0,1.0,2.0,2.0,0.0,,,,,,,,,,0.0,4.0,2.0,6.0,38.0,,,40.0,77.6,264.0,340.0,,,18.0,,,,15.0,,,,25.0,1.0,4.0,,5.0,,,11.0,8.0,3.0,,21.0,3,,0,5.0,,,,,,,,1.0,1.0,7.0,,,7.24,6.6,CONCACAF Nations League,CONCACAF,CONCACAF
SEL-CONCACAF_NL-2023-24-11617890,Ronda 5,2023-09-11,Dominican Republic,1,Montserrat,3,0,,,0.0,0.0,0.0,0.0,0.0,,,,,,,,,,,5.0,,,,,,,,,,,,,,,,,,,,,,,,,,,,,,,,0,,1,,,,,,,,,1.0,,,,,,,0.0,0.0,0.0,0.0,0.0,,,,,,,,,,,4.0,,,,,,,,,,,,,,,,,,,,,,,,,,,,,,,,3,,0,,,,,,,,,3.0,,,,,,,CONCACAF Nations League,Desconocido,Desconocido
SEL-CONCACAF_NL-2023-24-11622188,Ronda 5,2023-11-16,British Virgin Islands,1,Dominica,1,2,,,9.0,5.0,3.0,1.0,0.0,,,,,,,,,,2.0,1.0,2.0,8.0,42.0,,,45.0,63.4,168.0,265.0,,,19.0,,,,19.0,,,,,0.0,3.0,,9.0,,,24.0,16.0,8.0,,24.0,2,,0,3.0,,,,,,,,2.0,,16.0,,,,,26.0,5.0,12.0,9.0,1.0,,,,,,,,,,4.0,10.0,0.0,12.0,77.0,,,55.0,70.0,222.0,317.0,,,38.0,,,,15.0,,,,52.2,12.0,23.0,,5.0,,,23.0,19.0,4.0,,17.0,1,,0,4.0,,,,,,,,2.0,,19.0,,,6.81,7.19,CONCACAF Nations League,Desconocido,Desconocido
SEL-CONCACAF_NL-2023-24-11622185,Ronda 5,2023-11-16,Saint Kitts And Nevis,1,Saint Lucia,0,0,,,10.0,3.0,3.0,4.0,0.0,,,,,,,,,,0.0,2.0,3.0,7.0,65.0,,,50.0,81.8,368.0,450.0,,,29.0,,,,11.0,,,,25.0,2.0,8.0,,5.0,,,19.0,17.0,2.0,,31.0,0,,1,6.0,,,,,,,,2.0,,6.0,,,,,11.0,6.0,4.0,1.0,0.0,,,,,,,,,,2.0,4.0,1.0,10.0,65.0,,,50.0,79.6,348.0,437.0,,,29.0,,,,6.0,,,,28.0,7.0,25.0,,4.0,,,11.0,10.0,1.0,,11.0,0,,1,3.0,,,,,,,,0.0,,11.0,,,7.11,7.15,CONCACAF Nations League,Desconocido,Desconocido
SEL-CONCACAF_NL-2023-24-11622186,Ronda 5,2023-11-16,Sint Maarten,1,Guadeloupe,0,2,,,6.0,3.0,3.0,0.0,0.0,,,,,,,,,,1.0,0.0,0.0,10.0,41.0,,,35.0,68.6,201.0,293.0,,,21.0,,,,8.0,,,,50.0,1.0,2.0,,15.0,,,29.0,14.0,15.0,,18.0,2,,0,1.0,,,,,,,,0.0,,10.0,,,,,18.0,3.0,12.0,3.0,1.0,,,,,,,,,,3.0,7.0,16.0,20.0,75.0,,,65.0,85.7,454.0,530.0,,,28.0,,,,10.0,,,,23.8,5.0,21.0,,14.0,,,16.0,12.0,4.0,,5.0,0,,1,3.0,,,,,,,,2.0,,8.0,,,6.67,7.36,CONCACAF Nations League,Desconocido,Desconocido
SEL-CONCACAF_NL-2023-24-11622187,Ronda 5,2023-11-16,USA,1,Aruba,1,4,,,6.0,1.0,4.0,1.0,0.0,,,,,,,,,,0.0,1.0,2.0,10.0,37.0,,,37.0,72.2,187.0,259.0,,,15.0,,,,17.0,,,,45.5,5.0,11.0,,9.0,,,17.0,11.0,6.0,,13.0,4,,0,4.0,,,,,,,,2.0,,8.0,,,,,17.0,8.0,6.0,3.0,0.0,,,,,,,,,,5.0,4.0,1.0,9.0,61.0,,,63.0,84.3,380.0,451.0,,,53.0,,,,8.0,,,,,0.0,12.0,,11.0,,,17.0,9.0,8.0,,9.0,1,,0,0.0,,,,,,,,1.0,,18.0,,,6.5,7.34,CONCACAF Nations League,CONCACAF,Desconocido
SEL-CONCACAF_NL-2023-24-11622189,Ronda 5,2023-11-17,Barbados,1,Nicaragua,0,4,,,5.0,2.0,1.0,2.0,0.0,,,,,,,,,,1.0,4.0,1.0,6.0,48.0,,,37.0,75.5,210.0,278.0,,,29.0,,,,23.0,,,,16.7,2.0,12.0,,6.0,,,18.0,14.0,4.0,,12.0,4,,0,4.0,,,,,,,,3.0,,13.0,,,,,17.0,8.0,6.0,3.0,2.0,,,,,,,,,,3.0,0.0,0.0,10.0,70.0,,,63.0,89.7,434.0,484.0,,,30.0,,,,12.0,,,,25.0,1.0,4.0,,7.0,,,15.0,9.0,6.0,,17.0,0,,1,2.0,,,,,,,,1.0,,24.0,,,6.37,7.35,CONCACAF Nations League,Desconocido,Desconocido
SEL-CONCACAF_NL-2023-24-11622190,Ronda 5,2023-11-17,Bermuda,1,Saint Vincent And The Grenadines,3,1,,,14.0,8.0,5.0,1.0,1.0,,,,,,,,,,5.0,3.0,1.0,16.0,77.0,,,58.0,78.4,349.0,445.0,,,25.0,,,,14.0,,,,10.0,1.0,10.0,,20.0,,,17.0,10.0,7.0,,12.0,1,,0,3.0,,,,,,,,1.0,,9.0,,,,,17.0,4.0,9.0,4.0,0.0,,,,,,,,,,3.0,3.0,3.0,8.0,45.0,,,42.0,67.5,216.0,320.0,,,24.0,,,,9.0,,,,18.2,2.0,11.0,,7.0,,,24.0,19.0,5.0,,10.0,3,,0,3.0,,,,,,,,3.0,,15.0,,,7.05,6.7,CONCACAF Nations League,Desconocido,Desconocido
SEL-CONCACAF_NL-2023-24-11622191,Ronda 5,2023-11-17,Belize,1,French Guiana,1,0,,,6.0,1.0,4.0,1.0,0.0,,,,,,,,,,1.0,1.0,2.0,9.0,46.0,,,44.0,72.2,234.0,324.0,,,23.0,,,,17.0,,,,40.0,2.0,5.0,,5.0,,,12.0,10.0,2.0,,25.0,0,,1,7.0,,,,,,,,0.0,,11.0,,,,,16.0,7.0,7.0,2.0,0.0,,,,,,,,,,1.0,3.0,1.0,10.0,69.0,,,56.0,78.2,316.0,404.0,,,24.0,,,,10.0,,,,27.3,6.0,22.0,,5.0,,,18.0,14.0,4.0,,4.0,1,,0,0.0,,,,,,,,1.0,,18.0,,,7.01,6.97,CONCACAF Nations League,Desconocido,Desconocido
SEL-CONCACAF_NL-2023-24-11622192,Ronda 5,2023-11-18,Antigua And Barbuda,1,Puerto Rico,2,3,,,11.0,6.0,2.0,3.0,0.0,,,,,,,,,,1.0,6.0,2.0,5.0,52.0,,,49.0,80.1,323.0,403.0,,,20.0,,,,11.0,,,,28.6,4.0,14.0,,5.0,,,10.0,9.0,1.0,,8.0,3,,0,7.0,,,,,,,,2.0,0.0,9.0,,,,,19.0,10.0,4.0,5.0,1.0,,,,,,,,,,3.0,2.0,2.0,2.0,56.0,,,51.0,84.4,367.0,435.0,,,31.0,,,,9.0,,,,36.4,4.0,11.0,,8.0,,,19.0,11.0,8.0,,13.0,2,,0,4.0,,,,,,,,2.0,1.0,12.0,,,6.79,7.33,CONCACAF Nations League,Desconocido,Desconocido
SEL-CONCACAF_NL-2023-24-11622194,Ronda 5,2023-11-18,Anguilla,1,Bonaire,0,3,,,2.0,0.0,2.0,0.0,0.0,,,,,,,,,,1.0,1.0,0.0,19.0,48.0,,,38.0,65.0,160.0,246.0,,,16.0,,,,17.0,,,,22.2,2.0,9.0,,6.0,,,21.0,17.0,4.0,,27.0,3,,0,5.0,,,,,,,,2.0,,8.0,,,,,15.0,8.0,6.0,1.0,2.0,,,,,,,,,,4.0,2.0,6.0,13.0,68.0,,,62.0,78.2,333.0,426.0,,,27.0,,,,7.0,,,,16.7,2.0,12.0,,6.0,,,22.0,15.0,7.0,,16.0,0,,1,0.0,,,,,,,,2.0,,18.0,,,6.44,7.17,CONCACAF Nations League,Desconocido,Desconocido
SEL-CONCACAF_NL-2023-24-11622195,Ronda 6,2023-11-19,Guadeloupe,1,Saint Kitts And Nevis,5,0,,,26.0,13.0,7.0,6.0,0.0,,,,,,,,,,6.0,5.0,1.0,5.0,59.0,,,43.0,81.9,244.0,298.0,,,29.0,,,,6.0,,,,40.0,4.0,10.0,,8.0,,,10.0,7.0,3.0,,14.0,0,,1,1.0,,,,,,,,2.0,,12.0,,,,,6.0,1.0,3.0,2.0,0.0,,,,,,,,,,1.0,3.0,1.0,4.0,45.0,,,57.0,82.6,328.0,397.0,,,24.0,,,,11.0,,,,16.7,2.0,12.0,,2.0,,,10.0,6.0,4.0,,10.0,5,,0,7.0,,,,,,,,3.0,,6.0,,,7.55,6.39,CONCACAF Nations League,Desconocido,Desconocido
SEL-CONCACAF_NL-2023-24-11622196,Ronda 6,2023-11-19,Saint Lucia,1,Sint Maarten,1,2,,,20.0,10.0,8.0,2.0,0.0,,,,,,,,,,3.0,9.0,12.0,10.0,78.0,,,56.0,77.8,318.0,409.0,,,41.0,,,,8.0,,,,50.0,16.0,32.0,,12.0,,,12.0,11.0,1.0,,8.0,2,,0,5.0,,,,,,,,1.0,,6.0,,,,,14.0,7.0,5.0,2.0,2.0,,,,,,,,,,2.0,3.0,2.0,10.0,56.0,,,44.0,74.3,254.0,342.0,,,25.0,,,,6.0,,,,33.3,2.0,6.0,,11.0,,,13.0,10.0,3.0,,30.0,1,,0,9.0,,,,,,,,0.0,,8.0,,,7.15,7.11,CONCACAF Nations League,Desconocido,Desconocido
SEL-CONCACAF_NL-2023-24-11622199,Ronda 6,2023-11-20,Aruba,1,Cayman Islands,5,1,,,21.0,9.0,8.0,4.0,1.0,,,,,,,,,,3.0,11.0,3.0,6.0,52.0,,,66.0,87.9,335.0,381.0,,,52.0,,,,8.0,,,,38.9,7.0,18.0,,8.0,,,16.0,14.0,2.0,,5.0,1,,0,2.0,,,,,,,,0.0,0.0,15.0,,,,,5.0,3.0,2.0,0.0,0.0,,,,,,,,,,2.0,1.0,1.0,4.0,38.0,,,34.0,78.4,160.0,204.0,,,21.0,,,,15.0,,,,,0.0,3.0,,1.0,,,13.0,9.0,4.0,,20.0,5,,0,4.0,,,,,,,,2.0,1.0,10.0,,,7.3,6.36,CONCACAF Nations League,Desconocido,Desconocido
SEL-CONCACAF_NL-2023-24-11622200,Ronda 6,2023-11-20,Dominica,1,Turks And Caicos Islands,2,0,,,18.0,7.0,7.0,4.0,0.0,,,,,,,,,,4.0,5.0,2.0,13.0,80.0,,,54.0,64.7,213.0,329.0,,,41.0,,,,8.0,,,,30.4,7.0,23.0,,14.0,,,29.0,21.0,8.0,,11.0,0,,1,2.0,,,,,,,,2.0,,17.0,,,,,8.0,2.0,6.0,0.0,0.0,,,,,,,,,,1.0,2.0,2.0,12.0,54.0,,,46.0,57.2,170.0,297.0,,,22.0,,,,16.0,,,,,0.0,4.0,,12.0,,,16.0,14.0,2.0,,19.0,2,,0,5.0,,,,,,,,2.0,,10.0,,,7.43,6.57,CONCACAF Nations League,Desconocido,Desconocido
SEL-CONCACAF_NL-2023-24-11622198,Ronda 6,2023-11-20,Montserrat,1,Barbados,4,2,,,12.0,8.0,3.0,1.0,0.0,,,,,,,,,,3.0,6.0,1.0,15.0,53.0,,,60.0,82.8,313.0,378.0,,,33.0,,,,16.0,,,,57.1,8.0,14.0,,10.0,,,16.0,12.0,4.0,,14.0,2,,0,2.0,,,,,,,,2.0,,17.0,,,,,9.0,4.0,2.0,3.0,0.0,,,,,,,,,,3.0,7.0,2.0,4.0,57.0,,,40.0,69.3,169.0,244.0,,,26.0,,,,17.0,,,,33.3,5.0,15.0,,5.0,,,18.0,14.0,4.0,,9.0,4,,0,4.0,,,,,,,,4.0,,17.0,,,7.25,6.27,CONCACAF Nations League,Desconocido,Desconocido
SEL-CONCACAF_NL-2023-24-11622201,Ronda 6,2023-11-21,French Guiana,1,Bermuda,3,0,,,21.0,8.0,9.0,4.0,0.0,,,,,,,,,,4.0,6.0,2.0,14.0,56.0,,,42.0,67.5,191.0,283.0,,,20.0,,,,7.0,,,,26.7,4.0,15.0,,13.0,,,17.0,10.0,7.0,,10.0,0,,1,3.0,,,,,,,,2.0,,18.0,,,,,11.0,3.0,6.0,2.0,0.0,,,,,,,,,,2.0,2.0,2.0,8.0,85.0,,,58.0,78.0,308.0,395.0,,,27.0,,,,17.0,,,,18.2,2.0,11.0,,7.0,,,15.0,6.0,9.0,,15.0,3,,0,5.0,,,,,,,,1.0,,7.0,,,7.31,6.66,CONCACAF Nations League,Desconocido,Desconocido
SEL-CONCACAF_NL-2023-24-11622202,Ronda 6,2023-11-21,Saint Vincent And The Grenadines,1,Belize,3,0,,,17.0,9.0,7.0,1.0,3.0,,,,,,,,,,3.0,4.0,2.0,3.0,55.0,,,46.0,76.0,275.0,362.0,,,29.0,,,,11.0,,,,28.6,2.0,7.0,,6.0,,,10.0,9.0,1.0,,11.0,0,,1,3.0,,,,,,,,1.0,,9.0,,,,,9.0,3.0,4.0,2.0,0.0,,,,,,,,,,0.0,1.0,0.0,1.0,70.0,,,54.0,77.1,324.0,420.0,,,27.0,,,,8.0,,,,33.3,2.0,6.0,,9.0,,,20.0,18.0,2.0,,14.0,3,,0,6.0,,,,,,,,3.0,,11.0,,,7.14,6.61,CONCACAF Nations League,Desconocido,Desconocido
SEL-CONCACAF_NL-2023-24-11622205,Ronda 6,2023-11-21,Bonaire,1,Saint Martin,0,4,,,13.0,2.0,5.0,6.0,0.0,,,,,,,,,,1.0,4.0,,4.0,35.0,,,36.0,77.5,244.0,315.0,,,22.0,,,,10.0,,,,14.3,1.0,7.0,,8.0,,,26.0,22.0,4.0,,18.0,4,,0,3.0,,,,,,,,4.0,,12.0,,,,,18.0,7.0,9.0,2.0,0.0,,,,,,,,,,5.0,8.0,,6.0,53.0,,,64.0,87.1,474.0,544.0,,,29.0,,,,11.0,,,,15.8,3.0,19.0,,5.0,,,18.0,14.0,4.0,,13.0,0,,1,2.0,,,,,,,,1.0,,12.0,,,6.35,7.41,CONCACAF Nations League,Desconocido,Desconocido
SEL-CONCACAF_NL-2023-24-11622203,Ronda 6,2023-11-21,Guyana,1,Antigua And Barbuda,6,0,,,19.0,13.0,6.0,0.0,2.0,,,,,,,,,,10.0,3.0,8.0,2.0,50.0,,,53.0,84.4,379.0,449.0,,,30.0,,,,8.0,,,,50.0,6.0,12.0,,10.0,,,19.0,8.0,11.0,,17.0,0,,1,3.0,,,,,,,,1.0,,15.0,,,,,11.0,3.0,3.0,5.0,0.0,,,,,,,,,,0.0,2.0,2.0,15.0,62.0,,,47.0,79.1,318.0,402.0,,,39.0,,,,14.0,,,,20.0,2.0,10.0,,6.0,,,14.0,12.0,2.0,,5.0,6,,0,7.0,,,,,,,,1.0,,9.0,,,7.35,6.52,CONCACAF Nations League,Desconocido,Desconocido
SEL-CONCACAF_NL-2023-24-11622204,Ronda 6,2023-11-21,Puerto Rico,1,Bahamas,6,1,,,28.0,10.0,8.0,10.0,2.0,,,,,,,,,,4.0,9.0,4.0,13.0,69.0,,,73.0,90.6,588.0,649.0,,,30.0,,,,15.0,,,,,0.0,7.0,,8.0,,,11.0,9.0,2.0,,13.0,1,,0,1.0,,,,,,,,1.0,,9.0,,,,,3.0,1.0,1.0,1.0,0.0,,,,,,,,,,0.0,0.0,0.0,10.0,39.0,,,27.0,69.8,164.0,235.0,,,26.0,,,,9.0,,,,14.3,1.0,7.0,,9.0,,,19.0,13.0,6.0,,12.0,6,,0,4.0,,,,,,,,1.0,,15.0,,,7.63,6.25,CONCACAF Nations League,Desconocido,Desconocido
SEL-CONCACAF_NL-2023-24-11622197,Ronda 6,2023-11-21,Nicaragua,1,Dominican Republic,0,0,,,15.0,6.0,7.0,2.0,0.0,,,,,,,,,,1.0,6.0,2.0,9.0,47.0,,,65.0,83.2,352.0,423.0,,,46.0,,,,16.0,,,,40.0,6.0,15.0,,6.0,,,10.0,7.0,3.0,,15.0,0,,1,4.0,,,,,,,,4.0,,18.0,,,,,11.0,4.0,4.0,3.0,0.0,,,,,,,,,,1.0,4.0,2.0,6.0,53.0,,,35.0,71.3,154.0,216.0,,,25.0,,,,14.0,,,,14.3,2.0,14.0,,9.0,,,13.0,10.0,3.0,,10.0,0,,1,5.0,,,,,,,,3.0,,19.0,,,7.25,7.01,CONCACAF Nations League,Desconocido,Desconocido
SEL-CONCACAF_NL-2024-25-12441530,Ronda 1,2024-09-04,Anguilla,1,Turks And Caicos Islands,2,0,,,13.0,6.0,4.0,3.0,0.0,,,,,,,,,,1.0,3.0,,7.0,31.0,,16.0,33.0,50.0,84.0,168.0,,,13.0,,,,13.0,,,,33.3,3.0,9.0,,14.0,,,17.0,11.0,6.0,,19.0,0,,1,0.0,,,,,3.0,,,2.0,,12.0,,,,,9.0,0.0,7.0,2.0,0.0,,,,,,,,,,1.0,4.0,,14.0,64.0,,21.0,67.0,77.0,264.0,343.0,,,33.0,,,,10.0,,,,8.0,2.0,25.0,,4.0,,,16.0,13.0,3.0,,17.0,2,,0,4.0,,,,,0.0,,,3.0,,13.0,,,6.98,6.76,CONCACAF Nations League,Desconocido,Desconocido
SEL-CONCACAF_NL-2024-25-12441533,Ronda 1,2024-09-04,USA,1,Bahamas,3,3,,,15.0,6.0,4.0,5.0,0.0,,,,,,,,,,4.0,5.0,0.0,9.0,55.0,,23.0,32.0,62.6,124.0,198.0,,,24.0,,,,6.0,,,,41.7,5.0,12.0,,8.0,,,18.0,12.0,6.0,,26.0,3,,0,3.0,,,,,0.0,,2.0,3.0,,14.0,,,,,16.0,6.0,3.0,7.0,1.0,,,,,,,,,,3.0,8.0,2.0,9.0,67.0,,16.0,68.0,84.3,364.0,432.0,,,47.0,,,,12.0,,,,22.7,5.0,22.0,,5.0,,,12.0,11.0,1.0,,17.0,3,,0,3.0,,,,,1.0,,1.0,1.0,,6.0,,,6.88,7.04,CONCACAF Nations League,CONCACAF,Desconocido
SEL-CONCACAF_NL-2024-25-12441405,Ronda 1,2024-09-04,British Virgin Islands,1,Cayman Islands,0,1,,,3.0,0.0,2.0,1.0,0.0,,,,,,,,,,,2.0,2.0,7.0,59.0,,3.0,45.0,70.2,205.0,292.0,,,29.0,,,,12.0,,,,12.5,1.0,8.0,,5.0,,,20.0,13.0,7.0,,20.0,1,,0,2.0,,,,,1.0,,,2.0,,21.0,,,,,12.0,4.0,6.0,2.0,0.0,,,,,,,,,,,5.0,1.0,9.0,61.0,,20.0,55.0,75.4,273.0,362.0,,,32.0,,,,21.0,,,,26.7,4.0,15.0,,3.0,,,10.0,9.0,1.0,,10.0,0,,1,0.0,,,,,1.0,,,2.0,,13.0,,,6.72,6.96,CONCACAF Nations League,Desconocido,Desconocido
SEL-CONCACAF_NL-2024-25-12441491,Ronda 1,2024-09-05,Guyana,1,Suriname,1,3,,,10.0,3.0,6.0,1.0,0.0,,,,,,,,,,1.0,3.0,1.0,2.0,53.0,,19.0,54.0,88.0,360.0,409.0,,,26.0,,,,14.0,,,,33.3,5.0,15.0,,9.0,,,14.0,11.0,3.0,,14.0,3,,0,5.0,,,,,,,,0.0,,11.0,,,,,16.0,8.0,6.0,2.0,0.0,,,,,,,,,,2.0,5.0,5.0,10.0,69.0,,26.0,46.0,81.0,289.0,357.0,,,39.0,,,,10.0,,,,50.0,3.0,6.0,,8.0,,,18.0,10.0,8.0,,11.0,1,,0,2.0,,,,,,,,2.0,,14.0,,,6.68,7.1,CONCACAF Nations League,Desconocido,Desconocido
SEL-CONCACAF_NL-2024-25-12441469,Ronda 1,2024-09-05,Montserrat,1,El Salvador,1,4,,,4.0,1.0,2.0,1.0,0.0,,,,,,,,,,0.0,2.0,0.0,5.0,49.0,,14.0,39.0,72.1,191.0,265.0,,,31.0,,,,13.0,,,,21.4,3.0,14.0,,19.0,,,9.0,7.0,2.0,,25.0,4,,0,2.0,,,,,1.0,,,2.0,,11.0,,,,,14.0,6.0,5.0,3.0,0.0,,,,,,,,,,2.0,7.0,1.0,8.0,53.0,,25.0,61.0,78.7,333.0,423.0,,,25.0,,,,11.0,,,,8.3,2.0,24.0,,11.0,,,15.0,11.0,4.0,,10.0,1,,0,0.0,,,,,1.0,,,0.0,,13.0,,,6.4,7.23,CONCACAF Nations League,Desconocido,CONCACAF
SEL-CONCACAF_NL-2024-25-12441492,Ronda 1,2024-09-05,Costa Rica,1,Guadeloupe,3,0,,,21.0,6.0,10.0,5.0,1.0,,,,,,,,,,3.0,9.0,3.0,7.0,56.0,,43.0,61.0,88.1,458.0,520.0,,,33.0,,,,12.0,,,,33.3,7.0,21.0,,11.0,,,22.0,17.0,5.0,,8.0,0,,1,3.0,,,,,,,1.0,1.0,,10.0,,,,,9.0,3.0,5.0,1.0,0.0,,,,,,,,,,1.0,4.0,1.0,8.0,46.0,,12.0,39.0,83.0,274.0,330.0,,,21.0,,,,9.0,,,,30.0,3.0,10.0,,9.0,,,20.0,10.0,10.0,,19.0,3,,0,3.0,,,,,,,0.0,1.0,,12.0,,,7.45,6.63,CONCACAF Nations League,CONCACAF,Desconocido
SEL-CONCACAF_NL-2024-25-12441465,Ronda 1,2024-09-05,Bonaire,1,Saint Vincent And The Grenadines,1,1,,,12.0,5.0,2.0,5.0,0.0,,,,,,,,,,1.0,3.0,0.0,8.0,44.0,,18.0,54.0,78.8,286.0,363.0,,,26.0,,,,17.0,,,,42.9,6.0,14.0,,14.0,,,11.0,7.0,4.0,,19.0,1,,0,4.0,,,,,1.0,,1.0,2.0,,12.0,,,,,14.0,5.0,6.0,3.0,1.0,,,,,,,,,,3.0,8.0,1.0,8.0,57.0,,20.0,46.0,74.2,219.0,295.0,,,30.0,,,,11.0,,,,29.4,5.0,17.0,,6.0,,,15.0,12.0,3.0,,15.0,1,,0,4.0,,,,,0.0,,0.0,3.0,,18.0,,,6.89,6.9,CONCACAF Nations League,Desconocido,Desconocido
SEL-CONCACAF_NL-2024-25-12441495,Ronda 1,2024-09-05,Guatemala,1,Martinique,3,1,,,20.0,6.0,8.0,6.0,0.0,,,,,,,,,,5.0,6.0,2.0,4.0,68.0,,35.0,56.0,77.2,277.0,359.0,,,33.0,,,,13.0,,,,34.6,9.0,26.0,,7.0,,,17.0,12.0,5.0,,12.0,1,,0,3.0,,,1.0,,,,3.0,1.0,,11.0,,,,,17.0,4.0,9.0,4.0,0.0,,,,,,,,,,2.0,4.0,0.0,7.0,58.0,,28.0,44.0,79.3,226.0,285.0,,,24.0,,,,11.0,,,,35.7,5.0,14.0,,17.0,,,7.0,7.0,0.0,,26.0,3,,0,3.0,,,0.0,,,,0.0,2.0,,14.0,,,7.22,6.77,CONCACAF Nations League,CONCACAF,Desconocido
SEL-CONCACAF_NL-2024-25-12441485,Ronda 1,2024-09-06,French Guiana,1,Nicaragua,0,1,,,6.0,1.0,4.0,1.0,0.0,,,,,,,,,,1.0,1.0,1.0,8.0,46.0,,10.0,38.0,72.4,212.0,293.0,,,17.0,,,,14.0,,,,30.0,3.0,10.0,,8.0,,,29.0,20.0,9.0,,20.0,1,,0,5.0,,,,,,,,3.0,,16.0,,,,,19.0,6.0,7.0,6.0,0.0,,,,,,,,,,0.0,5.0,0.0,8.0,69.0,,19.0,62.0,86.3,423.0,490.0,,,16.0,,,,16.0,,,,30.8,4.0,13.0,,9.0,,,21.0,18.0,3.0,,11.0,0,,1,1.0,,,,,,,,3.0,,14.0,,,6.82,7.1,CONCACAF Nations League,Desconocido,Desconocido
SEL-CONCACAF_NL-2024-25-12441445,Ronda 1,2024-09-06,Saint Lucia,1,Curazao,2,1,,,10.0,3.0,5.0,2.0,0.0,,,,,,,,,,2.0,3.0,1.0,7.0,53.0,,24.0,38.0,64.7,156.0,241.0,,,22.0,,,,21.0,,,,25.0,3.0,12.0,,4.0,,,9.0,9.0,0.0,,16.0,1,,0,3.0,,,,,4.0,,2.0,1.0,,9.0,,,,,15.0,4.0,5.0,6.0,1.0,,,,,,,,,,0.0,6.0,0.0,4.0,70.0,,27.0,62.0,82.2,323.0,393.0,,,47.0,,,,8.0,,,,19.4,6.0,31.0,,5.0,,,9.0,8.0,1.0,,19.0,2,,0,1.0,,,,,0.0,,0.0,2.0,,21.0,,,7.04,6.83,CONCACAF Nations League,Desconocido,CONCACAF
SEL-CONCACAF_NL-2024-25-12441552,Ronda 1,2024-09-06,Sint Maarten,1,Aruba,2,0,,,20.0,9.0,8.0,3.0,0.0,,,,,,,,,,1.0,4.0,3.0,8.0,63.0,,29.0,56.0,74.8,205.0,274.0,,,40.0,,,,20.0,,,,46.7,7.0,15.0,,9.0,,,17.0,11.0,6.0,,9.0,0,,1,6.0,,,,,,,,0.0,,10.0,,,,,10.0,6.0,2.0,2.0,0.0,,,,,,,,,,1.0,5.0,0.0,3.0,38.0,,14.0,44.0,67.0,144.0,215.0,,,26.0,,,,9.0,,,,16.7,2.0,12.0,,3.0,,,10.0,8.0,2.0,,24.0,2,,0,7.0,,,,,,,,1.0,,20.0,,,7.51,6.69,CONCACAF Nations League,Desconocido,Desconocido
SEL-CONCACAF_NL-2024-25-12441486,Ronda 1,2024-09-06,Jamaica,1,Cuba,0,0,,,21.0,7.0,8.0,6.0,1.0,,,,,,,,,,3.0,12.0,3.0,17.0,86.0,,34.0,73.0,86.0,431.0,501.0,,,32.0,,,,10.0,,,,21.4,6.0,28.0,,9.0,,,14.0,10.0,4.0,,6.0,0,,1,0.0,,,,,,,0.0,3.0,0.0,17.0,,,,,4.0,0.0,3.0,1.0,0.0,,,,,,,,,,0.0,3.0,0.0,3.0,35.0,,8.0,27.0,63.9,124.0,194.0,,,16.0,,,,17.0,,,,25.0,1.0,4.0,,7.0,,,17.0,8.0,9.0,,37.0,0,,1,7.0,,,,,,,3.0,2.0,1.0,10.0,,,7.31,6.82,CONCACAF Nations League,CONCACAF,CONCACAF
SEL-CONCACAF_NL-2024-25-12441546,Ronda 1,2024-09-06,Saint Martin,1,Grenada,0,2,,,9.0,5.0,2.0,2.0,0.0,,,,,,,,,,0.0,9.0,2.0,2.0,46.0,,11.0,58.0,80.7,347.0,430.0,,,27.0,,,,14.0,,,,9.5,2.0,21.0,,4.0,,,22.0,15.0,7.0,,10.0,2,,0,2.0,,,,,0.0,,1.0,,,8.0,,,,,8.0,4.0,2.0,2.0,0.0,,,,,,,,,,4.0,4.0,1.0,4.0,60.0,,20.0,42.0,75.3,244.0,324.0,,,43.0,,,,8.0,,,,12.5,1.0,8.0,,9.0,,,18.0,15.0,3.0,,20.0,0,,1,5.0,,,,,2.0,,0.0,,,18.0,,,6.55,7.32,CONCACAF Nations League,Desconocido,Desconocido
SEL-CONCACAF_NL-2024-25-12441436,Ronda 1,2024-09-06,Puerto Rico,1,Haití,1,4,,,11.0,5.0,5.0,1.0,0.0,,,,,,,,,,1.0,0.0,1.0,5.0,52.0,,7.0,50.0,82.2,314.0,382.0,,,25.0,,,,18.0,,,,14.3,1.0,7.0,,8.0,,,17.0,15.0,2.0,,18.0,4,,0,4.0,,,,,,,,1.0,,9.0,,,,,21.0,8.0,8.0,5.0,2.0,,,,,,,,,,4.0,5.0,0.0,5.0,69.0,,30.0,50.0,84.2,308.0,366.0,,,58.0,,,,7.0,,,,33.3,8.0,24.0,,7.0,,,13.0,11.0,2.0,,5.0,1,,0,4.0,,,,,,,,1.0,,18.0,,,6.55,7.26,CONCACAF Nations League,Desconocido,CONCACAF
SEL-CONCACAF_NL-2024-25-12441483,Ronda 1,2024-09-06,Honduras,1,Trinidad y Tobago,4,0,,,19.0,8.0,7.0,4.0,0.0,,,,,,,,,,1.0,4.0,2.0,3.0,81.0,,20.0,61.0,90.4,519.0,574.0,,,27.0,,,,9.0,,,,27.8,5.0,18.0,,7.0,,,12.0,4.0,8.0,,6.0,0,,1,2.0,,,,,0.0,,2.0,2.0,,13.0,,,,,7.0,2.0,4.0,1.0,0.0,,,,,,,,,,0.0,3.0,0.0,6.0,43.0,,3.0,39.0,80.8,294.0,364.0,,,12.0,,,,12.0,,,,,0.0,7.0,,14.0,,,12.0,7.0,5.0,,9.0,4,,0,4.0,,,,,1.0,,0.0,3.0,,10.0,,,7.34,6.38,CONCACAF Nations League,CONCACAF,CONCACAF
SEL-CONCACAF_NL-2024-25-12441433,Ronda 1,2024-09-07,Bermuda,1,Dominican Republic,2,3,,,6.0,3.0,3.0,0.0,1.0,,,,,,,,,,0.0,2.0,1.0,5.0,47.0,,13.0,61.0,84.8,363.0,428.0,,,26.0,,,,12.0,,,,33.3,2.0,6.0,,11.0,,,9.0,7.0,2.0,,13.0,3,,0,5.0,,,,,0.0,,,2.0,0.0,11.0,,,,,20.0,8.0,7.0,5.0,1.0,,,,,,,,,,2.0,8.0,3.0,3.0,51.0,,34.0,39.0,79.0,196.0,248.0,,,28.0,,,,11.0,,,,42.3,11.0,26.0,,7.0,,,17.0,15.0,2.0,,6.0,2,,0,1.0,,,,,1.0,,,0.0,1.0,12.0,,,6.71,6.79,CONCACAF Nations League,Desconocido,Desconocido
SEL-CONCACAF_NL-2024-25-12441434,Ronda 1,2024-09-07,Dominica,1,Antigua And Barbuda,2,1,,,16.0,4.0,10.0,2.0,0.0,,,,,,,,,,1.0,2.0,2.0,3.0,52.0,,18.0,41.0,70.7,183.0,259.0,,,29.0,,,,10.0,,,,43.8,7.0,16.0,,12.0,,,23.0,20.0,3.0,,24.0,1,,0,4.0,,,,,0.0,,1.0,1.0,,15.0,,,,,12.0,5.0,7.0,0.0,0.0,,,,,,,,,,1.0,10.0,2.0,6.0,52.0,,18.0,59.0,82.6,304.0,368.0,,,17.0,,,,15.0,,,,19.4,7.0,36.0,,8.0,,,12.0,11.0,1.0,,11.0,2,,0,2.0,,,,,1.0,,0.0,2.0,,10.0,,,7.17,6.73,CONCACAF Nations League,Desconocido,Desconocido
SEL-CONCACAF_NL-2024-25-12441421,Ronda 2,2024-09-07,Turks And Caicos Islands,1,Belize,0,4,,,6.0,4.0,2.0,0.0,0.0,,,,,,,,,,2.0,0.0,2.0,9.0,46.0,,12.0,32.0,74.2,198.0,267.0,,,17.0,,,,20.0,,,,,0.0,6.0,,13.0,,,19.0,8.0,11.0,,11.0,4,,0,5.0,,,0.0,,,,,3.0,,16.0,,,,,13.0,9.0,4.0,0.0,3.0,,,,,,,,,,2.0,5.0,1.0,11.0,65.0,,24.0,68.0,86.3,480.0,556.0,,,19.0,,,,16.0,,,,17.6,3.0,17.0,,11.0,,,16.0,12.0,4.0,,2.0,0,,1,4.0,,,1.0,,,,,1.0,,20.0,,,6.36,7.41,CONCACAF Nations League,Desconocido,Desconocido
SEL-CONCACAF_NL-2024-25-12441415,Ronda 2,2024-09-07,Bahamas,1,Barbados,2,3,,,15.0,6.0,5.0,4.0,0.0,,,,,,,,,,7.0,4.0,4.0,7.0,46.0,,19.0,46.0,74.6,211.0,283.0,,,26.0,,,,11.0,,,,38.5,5.0,13.0,,5.0,,,16.0,12.0,4.0,,25.0,3,,0,3.0,,,,,0.0,,,1.0,,10.0,,,,,18.0,6.0,7.0,5.0,0.0,,,,,,,,,,1.0,9.0,1.0,14.0,55.0,,22.0,54.0,81.3,265.0,326.0,,,26.0,,,,10.0,,,,21.1,4.0,19.0,,10.0,,,12.0,9.0,3.0,,15.0,2,,0,3.0,,,,,1.0,,,2.0,,11.0,,,6.77,6.96,CONCACAF Nations League,Desconocido,Desconocido
SEL-CONCACAF_NL-2024-25-12441522,Ronda 2,2024-09-07,Cayman Islands,1,Saint Kitts And Nevis,1,4,,,8.0,4.0,2.0,2.0,0.0,,,,,,,,,,1.0,2.0,1.0,10.0,58.0,,7.0,46.0,76.7,270.0,352.0,,,26.0,,,,10.0,,,,8.3,1.0,12.0,,8.0,,,20.0,10.0,10.0,,15.0,4,,0,6.0,,,,,1.0,,,1.0,,13.0,,,,,19.0,10.0,8.0,1.0,0.0,,,,,,,,,,2.0,0.0,3.0,14.0,77.0,,29.0,54.0,80.6,344.0,427.0,,,37.0,,,,11.0,,,,,0.0,4.0,,10.0,,,20.0,17.0,3.0,,4.0,1,,0,3.0,,,,,3.0,,,0.0,,12.0,,,6.45,7.45,CONCACAF Nations League,Desconocido,Desconocido
SEL-CONCACAF_NL-2024-25-12441467,Ronda 2,2024-09-08,Saint Vincent And The Grenadines,1,Montserrat,2,0,,,6.0,3.0,2.0,1.0,0.0,,,,,,,,,,1.0,3.0,3.0,6.0,46.0,,5.0,43.0,77.1,253.0,328.0,,,18.0,,,,7.0,,,,10.0,1.0,10.0,,9.0,,,15.0,13.0,2.0,,20.0,0,,1,4.0,,,1.0,,1.0,,2.0,3.0,,17.0,,,,,12.0,4.0,4.0,4.0,0.0,,,,,,,,,,1.0,9.0,3.0,4.0,68.0,,16.0,57.0,83.2,352.0,423.0,,,40.0,,,,15.0,,,,29.4,5.0,17.0,,6.0,,,14.0,11.0,3.0,,5.0,2,,0,1.0,,,0.0,,0.0,,0.0,1.0,,8.0,,,7.19,6.66,CONCACAF Nations League,Desconocido,Desconocido
SEL-CONCACAF_NL-2024-25-12441466,Ronda 2,2024-09-08,El Salvador,1,Bonaire,2,1,,,8.0,2.0,2.0,4.0,0.0,,,,,,,,,,2.0,3.0,1.0,4.0,60.0,,9.0,54.0,79.8,305.0,382.0,,,21.0,,,,14.0,,,,14.3,2.0,14.0,,9.0,,,16.0,11.0,5.0,,19.0,1,,0,4.0,,,,,,,1.0,3.0,,12.0,,,,,10.0,5.0,2.0,3.0,0.0,,,,,,,,,,0.0,6.0,1.0,5.0,62.0,,20.0,46.0,74.3,231.0,311.0,,,38.0,,,,12.0,,,,29.2,7.0,24.0,,7.0,,,17.0,15.0,2.0,,13.0,2,,0,1.0,,,,,,,1.0,4.0,,16.0,,,6.83,6.79,CONCACAF Nations League,CONCACAF,Desconocido
SEL-CONCACAF_NL-2024-25-12441493,Ronda 2,2024-09-09,Guadeloupe,1,Suriname,1,0,,,12.0,4.0,3.0,5.0,1.0,,,,,,,,,,1.0,3.0,2.0,8.0,57.0,,19.0,54.0,84.3,343.0,407.0,,,25.0,,,,16.0,,,,25.0,4.0,16.0,,15.0,,,15.0,10.0,5.0,,8.0,0,,1,6.0,,,,,0.0,,,3.0,,14.0,,,,,8.0,6.0,1.0,1.0,0.0,,,,,,,,,,0.0,0.0,1.0,9.0,49.0,,7.0,46.0,80.1,289.0,361.0,,,17.0,,,,14.0,,,,25.0,1.0,4.0,,13.0,,,16.0,13.0,3.0,,12.0,1,,0,3.0,,,,,1.0,,,2.0,,16.0,,,7.2,6.85,CONCACAF Nations League,Desconocido,Desconocido
SEL-CONCACAF_NL-2024-25-12441490,Ronda 2,2024-09-09,Martinique,1,Guyana,2,2,,,19.0,7.0,9.0,3.0,0.0,,,,,,,,,,4.0,6.0,0.0,6.0,66.0,,33.0,43.0,81.3,292.0,359.0,,,28.0,,,,16.0,,,,30.4,7.0,23.0,,13.0,,,15.0,12.0,3.0,,3.0,2,,0,1.0,,,,,0.0,,,2.0,1.0,9.0,,,,,6.0,3.0,2.0,1.0,0.0,,,,,,,,,,3.0,1.0,2.0,4.0,56.0,,18.0,57.0,87.8,430.0,490.0,,,30.0,,,,7.0,,,,33.3,2.0,6.0,,11.0,,,19.0,10.0,9.0,,14.0,2,,0,5.0,,,,,1.0,,,1.0,0.0,16.0,,,6.56,6.91,CONCACAF Nations League,Desconocido,Desconocido
SEL-CONCACAF_NL-2024-25-12441547,Ronda 2,2024-09-09,Curazao,1,Saint Martin,4,0,,,16.0,9.0,6.0,1.0,0.0,,,,,,,,,,3.0,8.0,2.0,14.0,52.0,,32.0,54.0,74.8,279.0,373.0,,,39.0,,,,12.0,,,,21.4,3.0,14.0,,4.0,,,25.0,20.0,5.0,,25.0,0,,1,3.0,,,,,1.0,,,2.0,,18.0,,,,,8.0,3.0,2.0,3.0,0.0,,,,,,,,,,0.0,3.0,1.0,6.0,61.0,,18.0,46.0,68.2,212.0,311.0,,,17.0,,,,16.0,,,,23.8,5.0,21.0,,5.0,,,10.0,8.0,2.0,,14.0,4,,0,5.0,,,,,0.0,,,2.0,,12.0,,,7.49,6.29,CONCACAF Nations League,CONCACAF,Desconocido
SEL-CONCACAF_NL-2024-25-12441449,Ronda 2,2024-09-09,Haití,1,Sint Maarten,6,0,,,20.0,9.0,7.0,4.0,0.0,,,,,,,,,,5.0,8.0,4.0,8.0,87.0,,37.0,69.0,85.8,471.0,549.0,,,34.0,,,,10.0,,,,25.0,5.0,20.0,,7.0,,,6.0,5.0,1.0,,9.0,0,,1,2.0,,,,,1.0,,,1.0,,5.0,,,,,12.0,2.0,5.0,5.0,0.0,,,,,,,,,,2.0,2.0,1.0,0.0,42.0,,11.0,31.0,64.6,159.0,246.0,,,25.0,,,,5.0,,,,25.0,2.0,8.0,,12.0,,,15.0,12.0,3.0,,22.0,6,,0,2.0,,,,,0.0,,,1.0,,10.0,,,7.54,6.31,CONCACAF Nations League,CONCACAF,Desconocido
SEL-CONCACAF_NL-2024-25-12441550,Ronda 2,2024-09-09,Grenada,1,Saint Lucia,1,2,,,17.0,6.0,5.0,6.0,0.0,,,,,,,,,,0.0,7.0,1.0,8.0,100.0,,32.0,69.0,74.1,358.0,483.0,,,38.0,,,,9.0,,,,34.3,12.0,35.0,,6.0,,,8.0,7.0,1.0,,5.0,2,,0,2.0,,,,,0.0,,0.0,0.0,,13.0,,,,,14.0,4.0,5.0,5.0,1.0,,,,,,,,,,4.0,5.0,3.0,6.0,68.0,,15.0,31.0,49.3,113.0,229.0,,,29.0,,,,10.0,,,,37.5,3.0,8.0,,10.0,,,19.0,13.0,6.0,,30.0,1,,0,5.0,,,,,2.0,,1.0,2.0,,10.0,,,6.73,6.97,CONCACAF Nations League,Desconocido,Desconocido
SEL-CONCACAF_NL-2024-25-12441456,Ronda 2,2024-09-09,Aruba,1,Puerto Rico,0,1,,,11.0,0.0,5.0,6.0,0.0,,,,,,,,,,1.0,2.0,,5.0,32.0,,10.0,41.0,78.7,225.0,286.0,,,36.0,,,,12.0,,,,50.0,4.0,8.0,,5.0,,,21.0,15.0,6.0,,25.0,1,,0,5.0,,,,,,,1.0,5.0,,19.0,,,,,19.0,6.0,8.0,5.0,2.0,,,,,,,,,,3.0,5.0,,9.0,72.0,,39.0,59.0,84.8,336.0,396.0,,,33.0,,,,19.0,,,,40.0,10.0,25.0,,5.0,,,16.0,13.0,3.0,,13.0,0,,1,0.0,,,,,,,1.0,3.0,,13.0,,,6.8,7.49,CONCACAF Nations League,Desconocido,Desconocido
SEL-CONCACAF_NL-2024-25-12441497,Ronda 2,2024-09-09,Guatemala,1,Costa Rica,0,0,,,6.0,2.0,4.0,0.0,0.0,,,,,,,,,,1.0,1.0,4.0,11.0,64.0,,16.0,55.0,77.3,317.0,410.0,,,31.0,,,,11.0,,,,11.1,2.0,18.0,,7.0,,,19.0,16.0,3.0,,17.0,0,,1,2.0,,,,,0.0,,0.0,1.0,,13.0,,,,,12.0,2.0,5.0,5.0,0.0,,,,,,,,,,0.0,4.0,1.0,3.0,71.0,,15.0,45.0,74.8,244.0,326.0,,,29.0,,,,13.0,,,,11.8,2.0,17.0,,10.0,,,15.0,10.0,5.0,,16.0,0,,1,2.0,,,,,1.0,,1.0,0.0,,11.0,,,7.01,6.95,CONCACAF Nations League,CONCACAF,CONCACAF
SEL-CONCACAF_NL-2024-25-12441432,Ronda 2,2024-09-10,Dominican Republic,1,Dominica,2,0,,,20.0,6.0,7.0,7.0,1.0,,,,,,,,,,,5.0,1.0,2.0,62.0,,33.0,67.0,87.7,378.0,431.0,,,23.0,,,,11.0,,,,21.1,4.0,19.0,,6.0,,,9.0,7.0,2.0,,15.0,0,,1,0.0,,,,,1.0,,0.0,2.0,,19.0,,,,,1.0,0.0,0.0,1.0,0.0,,,,,,,,,,,1.0,1.0,5.0,41.0,,5.0,33.0,70.6,149.0,211.0,,,26.0,,,,19.0,,,,,0.0,6.0,,6.0,,,12.0,10.0,2.0,,25.0,2,,0,4.0,,,,,1.0,,1.0,3.0,,11.0,,,7.36,6.63,CONCACAF Nations League,Desconocido,Desconocido
SEL-CONCACAF_NL-2024-25-12441484,Ronda 2,2024-09-10,Cuba,1,Nicaragua,1,1,,,12.0,5.0,4.0,3.0,0.0,,,,,,,,,,2.0,4.0,5.0,4.0,44.0,,18.0,34.0,72.2,140.0,194.0,,,23.0,,,,18.0,,,,35.7,5.0,14.0,,9.0,,,9.0,7.0,2.0,,3.0,1,,0,1.0,,,,,1.0,,,6.0,,14.0,,,,,14.0,2.0,9.0,3.0,0.0,,,,,,,,,,1.0,5.0,1.0,3.0,47.0,,14.0,66.0,84.2,330.0,392.0,,,32.0,,,,14.0,,,,40.0,8.0,20.0,,9.0,,,19.0,12.0,7.0,,9.0,1,,0,4.0,,,,,0.0,,,6.0,,18.0,,,6.85,6.94,CONCACAF Nations League,CONCACAF,Desconocido
SEL-CONCACAF_NL-2024-25-12441426,Ronda 2,2024-09-10,Antigua And Barbuda,1,Bermuda,0,1,,,10.0,0.0,9.0,1.0,0.0,,,,,,,,,,0.0,3.0,1.0,5.0,42.0,,21.0,43.0,77.8,235.0,302.0,,,39.0,,,,13.0,,,,46.7,7.0,15.0,,5.0,,,11.0,10.0,1.0,,24.0,1,,0,7.0,,,,,,,,1.0,1.0,11.0,,,,,18.0,8.0,7.0,3.0,0.0,,,,,,,,,,4.0,8.0,1.0,7.0,54.0,,53.0,57.0,85.0,358.0,421.0,,,33.0,,,,11.0,,,,69.2,9.0,13.0,,5.0,,,10.0,8.0,2.0,,11.0,0,,1,0.0,,,,,,,,3.0,0.0,13.0,,,6.88,7.34,CONCACAF Nations League,Desconocido,Desconocido
SEL-CONCACAF_NL-2024-25-12441481,Ronda 2,2024-09-10,Trinidad y Tobago,1,French Guiana,0,0,,,10.0,2.0,7.0,1.0,1.0,,,,,,,,,,2.0,5.0,2.0,5.0,67.0,,17.0,61.0,90.7,538.0,593.0,,,24.0,,,,19.0,,,,25.0,5.0,20.0,,6.0,,,13.0,10.0,3.0,,4.0,0,,1,1.0,,,,,0.0,,0.0,1.0,,17.0,,,,,9.0,1.0,4.0,4.0,0.0,,,,,,,,,,0.0,3.0,0.0,3.0,52.0,,15.0,39.0,82.8,303.0,366.0,,,25.0,,,,17.0,,,,25.0,4.0,16.0,,11.0,,,19.0,12.0,7.0,,19.0,0,,1,2.0,,,,,1.0,,1.0,1.0,,19.0,,,7.11,6.89,CONCACAF Nations League,CONCACAF,Desconocido
SEL-CONCACAF_NL-2024-25-12441480,Ronda 2,2024-09-10,Honduras,1,Jamaica,1,2,,,19.0,6.0,6.0,7.0,0.0,,,,,,,,,,2.0,6.0,3.0,2.0,63.0,,19.0,60.0,87.3,447.0,512.0,,,22.0,,,,13.0,,,,22.2,4.0,18.0,,9.0,,,19.0,14.0,5.0,,10.0,2,,0,3.0,,,,,,,1.0,2.0,,18.0,,,,,9.0,4.0,3.0,2.0,0.0,,,,,,,,,,1.0,2.0,1.0,8.0,46.0,,18.0,40.0,81.8,269.0,329.0,,,19.0,,,,18.0,,,,25.0,2.0,8.0,,13.0,,,14.0,10.0,4.0,,24.0,1,,0,5.0,,,,,,,0.0,1.0,,13.0,,,6.85,7.01,CONCACAF Nations League,CONCACAF,CONCACAF
SEL-CONCACAF_NL-2024-25-12441525,Ronda 3,2024-09-10,Belize,1,Anguilla,1,0,,,18.0,7.0,10.0,1.0,0.0,,,,,,,,,,3.0,4.0,0.0,12.0,91.0,,21.0,69.0,85.8,464.0,541.0,,,26.0,,,,11.0,,,,28.6,4.0,14.0,,10.0,,,16.0,10.0,6.0,,25.0,0,,1,3.0,,,,,0.0,,1.0,3.0,,14.0,,,,,8.0,4.0,3.0,1.0,0.0,,,,,,,,,,0.0,3.0,1.0,11.0,43.0,,11.0,31.0,65.9,153.0,232.0,,,18.0,,,,12.0,,,,12.5,1.0,8.0,,18.0,,,20.0,14.0,6.0,,16.0,1,,0,6.0,,,,,1.0,,0.0,2.0,,12.0,,,7.32,6.95,CONCACAF Nations League,Desconocido,Desconocido
SEL-CONCACAF_NL-2024-25-12441532,Ronda 3,2024-09-10,Barbados,1,USA,3,0,,,15.0,8.0,3.0,4.0,0.0,,,,,,,,,,,6.0,0.0,5.0,54.0,,21.0,68.0,78.4,337.0,430.0,,,29.0,,,,10.0,,,,30.0,6.0,20.0,,2.0,,,13.0,10.0,3.0,,19.0,0,,1,4.0,,,,,0.0,,,1.0,,14.0,,,,,11.0,4.0,4.0,3.0,0.0,,,,,,,,,,,5.0,2.0,1.0,56.0,,8.0,32.0,58.0,119.0,205.0,,,26.0,,,,14.0,,,,40.0,4.0,10.0,,8.0,,,11.0,7.0,4.0,,17.0,3,,0,4.0,,,,,1.0,,,2.0,,11.0,,,7.35,6.62,CONCACAF Nations League,Desconocido,CONCACAF
SEL-CONCACAF_NL-2024-25-12441520,Ronda 3,2024-09-10,Saint Kitts And Nevis,1,British Virgin Islands,2,0,,,14.0,3.0,6.0,5.0,0.0,,,,,,,,,,,7.0,0.0,7.0,106.0,,17.0,81.0,88.0,545.0,619.0,,,43.0,,,,9.0,,,,33.3,6.0,18.0,,5.0,,,12.0,11.0,1.0,,6.0,0,,1,2.0,,,,,1.0,,1.0,3.0,,10.0,,,,,4.0,2.0,1.0,1.0,0.0,,,,,,,,,,,1.0,1.0,7.0,39.0,,6.0,19.0,55.0,77.0,140.0,,,16.0,,,,10.0,,,,,0.0,6.0,,11.0,,,20.0,14.0,6.0,,24.0,2,,0,1.0,,,,,2.0,,0.0,1.0,,9.0,,,7.21,6.46,CONCACAF Nations League,Desconocido,Desconocido
SEL-CONCACAF_NL-2024-25-12441555,Ronda 3,2024-10-10,French Guiana,1,Honduras,2,3,,,7.0,5.0,2.0,0.0,0.0,,,,,,,,,,0.0,1.0,0.0,3.0,42.0,,12.0,35.0,75.5,210.0,278.0,,,24.0,,,,11.0,,,,9.1,1.0,11.0,,9.0,,,14.0,11.0,3.0,,23.0,3,,0,2.0,,,,,,,,4.0,,17.0,,,,,10.0,5.0,1.0,4.0,0.0,,,,,,,,,,3.0,5.0,8.0,5.0,68.0,,22.0,65.0,84.8,436.0,514.0,,,39.0,,,,16.0,,,,33.3,6.0,18.0,,7.0,,,15.0,13.0,2.0,,15.0,2,,0,3.0,,,,,,,,2.0,,11.0,,,6.58,7.06,CONCACAF Nations League,Desconocido,CONCACAF
SEL-CONCACAF_NL-2024-25-12441479,Ronda 3,2024-10-10,Cuba,1,Trinidad y Tobago,2,2,,,23.0,7.0,8.0,8.0,2.0,,,,,,,,,,2.0,5.0,0.0,7.0,64.0,,20.0,51.0,82.5,343.0,416.0,,,31.0,,,,13.0,,,,8.3,1.0,12.0,,7.0,,,11.0,8.0,3.0,,7.0,2,,0,3.0,,,,,1.0,,1.0,3.0,,12.0,,,,,11.0,5.0,4.0,2.0,0.0,,,,,,,,,,1.0,2.0,4.0,9.0,45.0,,15.0,49.0,83.5,343.0,411.0,,,24.0,,,,12.0,,,,16.7,1.0,6.0,,9.0,,,11.0,8.0,3.0,,14.0,2,,0,5.0,,,,,0.0,,0.0,3.0,,15.0,,,6.95,6.99,CONCACAF Nations League,CONCACAF,CONCACAF
SEL-CONCACAF_NL-2024-25-12441464,Ronda 3,2024-10-10,Bonaire,1,Montserrat,0,1,,,9.0,2.0,5.0,2.0,0.0,,,,,,,,,,0.0,2.0,0.0,3.0,55.0,,8.0,33.0,58.7,135.0,230.0,,,15.0,,,,18.0,,,,33.3,3.0,9.0,,12.0,,,24.0,19.0,5.0,,16.0,1,,0,7.0,,,,,1.0,,,1.0,,13.0,,,,,18.0,8.0,6.0,4.0,2.0,,,,,,,,,,3.0,4.0,1.0,11.0,91.0,,29.0,67.0,80.9,373.0,461.0,,,42.0,,,,12.0,,,,31.2,5.0,16.0,,9.0,,,16.0,16.0,0.0,,12.0,0,,1,2.0,,,,,0.0,,,0.0,,19.0,,,6.78,7.4,CONCACAF Nations League,Desconocido,Desconocido
SEL-CONCACAF_NL-2024-25-12441463,Ronda 3,2024-10-10,Saint Vincent And The Grenadines,1,El Salvador,2,3,,,10.0,4.0,6.0,0.0,0.0,,,,,,,,,,1.0,5.0,1.0,11.0,55.0,,14.0,45.0,66.2,198.0,299.0,,,30.0,,,,18.0,,,,40.0,8.0,20.0,,5.0,,,11.0,9.0,2.0,,21.0,3,,0,2.0,,,,,,,,2.0,,16.0,,,,,12.0,5.0,2.0,5.0,0.0,,,,,,,,,,2.0,3.0,3.0,3.0,57.0,,18.0,55.0,72.3,271.0,375.0,,,16.0,,,,16.0,,,,5.0,1.0,20.0,,7.0,,,21.0,15.0,6.0,,17.0,2,,0,2.0,,,,,,,,5.0,,19.0,,,6.75,6.65,CONCACAF Nations League,Desconocido,CONCACAF
SEL-CONCACAF_NL-2024-25-12441478,Ronda 3,2024-10-10,Nicaragua,1,Jamaica,0,2,,,17.0,6.0,7.0,4.0,0.0,,,,,,,,,,0.0,7.0,2.0,5.0,55.0,,20.0,54.0,82.0,327.0,399.0,,,30.0,,,,13.0,,,,15.4,4.0,26.0,,10.0,,,22.0,15.0,7.0,,10.0,2,,0,2.0,,,,,,,,1.0,,16.0,,,,,7.0,3.0,2.0,2.0,0.0,,,,,,,,,,2.0,1.0,3.0,5.0,54.0,,13.0,46.0,80.9,283.0,350.0,,,32.0,,,,16.0,,,,28.6,2.0,7.0,,9.0,,,24.0,16.0,8.0,,19.0,0,,1,6.0,,,,,,,,3.0,,13.0,,,6.71,7.29,CONCACAF Nations League,Desconocido,CONCACAF
SEL-CONCACAF_NL-2024-25-12441494,Ronda 3,2024-10-11,Guadeloupe,1,Martinique,0,1,,,16.0,7.0,4.0,5.0,0.0,,,,,,,,,,1.0,7.0,1.0,7.0,51.0,,21.0,47.0,73.1,247.0,338.0,,,23.0,,,,12.0,,,,26.7,4.0,15.0,,8.0,,,22.0,19.0,3.0,,6.0,1,,0,3.0,,,,,0.0,,,1.0,,14.0,,,,,12.0,5.0,6.0,1.0,0.0,,,,,,,,,,3.0,3.0,0.0,3.0,62.0,,14.0,53.0,76.0,294.0,387.0,,,40.0,,,,13.0,,,,9.1,1.0,11.0,,5.0,,,22.0,16.0,6.0,,12.0,0,,1,7.0,,,,,2.0,,,1.0,,14.0,,,6.88,7.16,CONCACAF Nations League,Desconocido,Desconocido
SEL-CONCACAF_NL-2024-25-12441453,Ronda 3,2024-10-11,Sint Maarten,1,Puerto Rico,3,2,,,16.0,9.0,6.0,1.0,1.0,,,,,,,,,,3.0,3.0,5.0,2.0,36.0,,28.0,32.0,78.7,166.0,211.0,,,20.0,,,,13.0,,,,31.8,7.0,22.0,,9.0,,,16.0,13.0,3.0,,14.0,2,,0,2.0,,,,,,,1.0,2.0,,12.0,,,,,11.0,4.0,5.0,2.0,0.0,,,,,,,,,,0.0,5.0,1.0,5.0,68.0,,17.0,68.0,86.9,404.0,465.0,,,29.0,,,,12.0,,,,31.2,5.0,16.0,,2.0,,,5.0,5.0,0.0,,17.0,3,,0,6.0,,,,,,,1.0,3.0,,14.0,,,7.13,6.76,CONCACAF Nations League,Desconocido,Desconocido
SEL-CONCACAF_NL-2024-25-12441452,Ronda 3,2024-10-11,Grenada,1,Curazao,0,0,,,12.0,3.0,7.0,2.0,1.0,,,,,,,,,,1.0,4.0,3.0,7.0,49.0,,22.0,41.0,72.3,193.0,267.0,,,18.0,,,,15.0,,,,58.3,7.0,12.0,,9.0,,,11.0,9.0,2.0,,22.0,0,,1,4.0,,,,,1.0,,,1.0,,16.0,,,,,6.0,4.0,1.0,1.0,0.0,,,,,,,,,,1.0,10.0,5.0,2.0,52.0,,14.0,59.0,80.9,313.0,387.0,,,23.0,,,,16.0,,,,10.5,2.0,19.0,,2.0,,,14.0,11.0,3.0,,16.0,0,,1,3.0,,,,,0.0,,,2.0,,15.0,,,7.04,6.82,CONCACAF Nations League,Desconocido,CONCACAF
SEL-CONCACAF_NL-2024-25-12441496,Ronda 3,2024-10-11,Suriname,1,Costa Rica,1,1,,,12.0,4.0,4.0,4.0,0.0,,,,,,,,,,2.0,5.0,3.0,9.0,73.0,,20.0,64.0,89.7,470.0,524.0,,,31.0,,,,10.0,,,,,0.0,17.0,,7.0,,,12.0,9.0,3.0,,12.0,1,,0,0.0,,,,,1.0,,0.0,2.0,0.0,13.0,,,,,6.0,1.0,3.0,2.0,0.0,,,,,,,,,,1.0,3.0,0.0,3.0,50.0,,9.0,36.0,77.2,230.0,298.0,,,34.0,,,,11.0,,,,12.5,1.0,8.0,,7.0,,,16.0,7.0,9.0,,20.0,1,,0,3.0,,,,,3.0,,1.0,2.0,1.0,10.0,,,7.06,6.77,CONCACAF Nations League,Desconocido,CONCACAF
SEL-CONCACAF_NL-2024-25-12441548,Ronda 3,2024-10-11,Saint Martin,1,Saint Lucia,1,2,,,10.0,4.0,1.0,5.0,0.0,,,,,,,,,,2.0,8.0,2.0,4.0,59.0,,23.0,43.0,71.0,230.0,324.0,,,26.0,,,,7.0,,,,18.2,4.0,22.0,,8.0,,,8.0,7.0,1.0,,13.0,2,,0,3.0,,,,,3.0,,2.0,1.0,,13.0,,,,,13.0,5.0,4.0,4.0,0.0,,,,,,,,,,1.0,4.0,3.0,4.0,94.0,,15.0,57.0,80.1,354.0,442.0,,,44.0,,,,10.0,,,,20.0,4.0,20.0,,11.0,,,13.0,11.0,2.0,,22.0,1,,0,2.0,,,,,2.0,,1.0,2.0,,7.0,,,6.68,7.25,CONCACAF Nations League,Desconocido,Desconocido
SEL-CONCACAF_NL-2024-25-12441450,Ronda 3,2024-10-11,Aruba,1,Haití,1,3,,,2.0,1.0,1.0,0.0,0.0,,,,,,,,,,1.0,0.0,1.0,2.0,38.0,,2.0,31.0,69.3,142.0,205.0,,,26.0,,,,16.0,,,,33.3,2.0,6.0,,6.0,,,22.0,15.0,7.0,,29.0,3,,0,2.0,,,,,2.0,,1.0,3.0,,18.0,,,,,17.0,5.0,6.0,6.0,1.0,,,,,,,,,,1.0,9.0,4.0,3.0,54.0,,32.0,69.0,88.4,372.0,421.0,,,30.0,,,,17.0,,,,23.1,9.0,39.0,,5.0,,,12.0,10.0,2.0,,6.0,1,,0,0.0,,,,,2.0,,0.0,1.0,,14.0,,,6.48,7.19,CONCACAF Nations League,Desconocido,CONCACAF
SEL-CONCACAF_NL-2024-25-12441498,Ronda 3,2024-10-11,Guyana,1,Guatemala,1,3,,,20.0,6.0,12.0,2.0,1.0,,,,,,,,,,7.0,7.0,1.0,8.0,48.0,,22.0,48.0,83.1,290.0,349.0,,,42.0,,,,14.0,,,,20.0,3.0,15.0,,4.0,,,7.0,4.0,3.0,,18.0,3,,0,2.0,,,,,0.0,,1.0,0.0,,7.0,,,,,17.0,5.0,4.0,8.0,0.0,,,,,,,,,,3.0,3.0,6.0,7.0,50.0,,22.0,52.0,83.0,333.0,401.0,,,30.0,,,,7.0,,,,50.0,6.0,12.0,,6.0,,,14.0,11.0,3.0,,13.0,1,,0,4.0,,,,,1.0,,1.0,2.0,,15.0,,,6.87,7.24,CONCACAF Nations League,Desconocido,CONCACAF
SEL-CONCACAF_NL-2024-25-12441428,Ronda 3,2024-10-12,Antigua And Barbuda,1,Dominican Republic,0,5,,,3.0,1.0,2.0,0.0,0.0,,,,,,,,,,0.0,0.0,0.0,8.0,53.0,,4.0,41.0,80.1,253.0,316.0,,,24.0,,,,10.0,,,,14.3,1.0,7.0,,9.0,,,15.0,9.0,6.0,,24.0,5,,0,9.0,,,,,2.0,,,2.0,,9.0,,,,,23.0,14.0,4.0,5.0,0.0,,,,,,,,,,8.0,10.0,5.0,4.0,71.0,,40.0,59.0,87.1,399.0,458.0,,,32.0,,,,8.0,,,,16.7,3.0,18.0,,4.0,,,14.0,10.0,4.0,,5.0,0,,1,1.0,,,,,1.0,,,1.0,,10.0,,,6.4,7.58,CONCACAF Nations League,Desconocido,Desconocido
SEL-CONCACAF_NL-2024-25-12441427,Ronda 3,2024-10-12,Dominica,1,Bermuda,1,6,,,9.0,5.0,3.0,1.0,0.0,,,,,,,,,,0.0,1.0,0.0,4.0,35.0,,12.0,32.0,70.8,138.0,195.0,,,21.0,,,,13.0,,,,,0.0,4.0,,7.0,,,26.0,20.0,6.0,,23.0,6,,0,6.0,,,,,0.0,,,5.0,1.0,18.0,,,,,22.0,12.0,8.0,2.0,3.0,,,,,,,,,,4.0,6.0,2.0,4.0,42.0,,30.0,68.0,87.0,349.0,401.0,,,15.0,,,,17.0,,,,40.0,6.0,15.0,,4.0,,,16.0,12.0,4.0,,13.0,1,,0,4.0,,,,,1.0,,,1.0,0.0,13.0,,,6.31,7.34,CONCACAF Nations League,Desconocido,Desconocido
SEL-CONCACAF_NL-2024-25-12441410,Ronda 4,2024-10-12,Cayman Islands,1,British Virgin Islands,1,0,,,15.0,5.0,7.0,3.0,0.0,,,,,,,,,,1.0,10.0,1.0,5.0,68.0,,12.0,53.0,76.3,248.0,325.0,,,23.0,,,,14.0,,,,17.4,4.0,23.0,,1.0,,,21.0,15.0,6.0,,13.0,0,,1,0.0,,,,,0.0,,1.0,0.0,,11.0,,,,,2.0,0.0,1.0,1.0,0.0,,,,,,,,,,0.0,2.0,1.0,5.0,56.0,,3.0,47.0,69.7,207.0,297.0,,,34.0,,,,10.0,,,,11.1,1.0,9.0,,5.0,,,22.0,13.0,9.0,,22.0,1,,0,3.0,,,,,1.0,,0.0,4.0,,18.0,,,7.06,6.65,CONCACAF Nations League,Desconocido,Desconocido
SEL-CONCACAF_NL-2024-25-12441418,Ronda 4,2024-10-12,Bahamas,1,USA,3,1,,,17.0,7.0,5.0,5.0,0.0,,,,,,,,,,3.0,10.0,0.0,11.0,64.0,,27.0,61.0,83.8,347.0,414.0,,,32.0,,,,8.0,,,,25.0,5.0,20.0,,6.0,,,21.0,16.0,5.0,,16.0,1,,0,5.0,,,,,,,0.0,0.0,,13.0,,,,,14.0,6.0,4.0,4.0,0.0,,,,,,,,,,2.0,7.0,1.0,8.0,54.0,,14.0,39.0,68.3,183.0,268.0,,,23.0,,,,11.0,,,,41.7,5.0,12.0,,5.0,,,23.0,16.0,7.0,,15.0,3,,0,4.0,,,,,,,3.0,1.0,,8.0,,,7.17,6.44,CONCACAF Nations League,Desconocido,CONCACAF
SEL-CONCACAF_NL-2024-25-12441430,Ronda 4,2024-10-12,Turks And Caicos Islands,1,Anguilla,2,1,,,10.0,5.0,4.0,1.0,0.0,,,,,,,,,,2.0,2.0,1.0,11.0,55.0,,19.0,37.0,63.7,153.0,240.0,,,24.0,,,,18.0,,,,55.6,5.0,9.0,,7.0,,,13.0,10.0,3.0,,19.0,1,,0,3.0,,,,,1.0,,1.0,3.0,,17.0,,,,,15.0,4.0,6.0,5.0,0.0,,,,,,,,,,0.0,7.0,0.0,4.0,80.0,,12.0,63.0,77.2,318.0,412.0,,,40.0,,,,17.0,,,,12.5,2.0,16.0,,9.0,,,22.0,15.0,7.0,,9.0,2,,0,3.0,,,,,2.0,,0.0,3.0,,19.0,,,6.89,6.77,CONCACAF Nations League,Desconocido,Desconocido
SEL-CONCACAF_NL-2024-25-12441460,Ronda 4,2024-10-13,Montserrat,1,Bonaire,0,1,,,13.0,2.0,5.0,6.0,0.0,,,,,,,,,,1.0,7.0,2.0,6.0,61.0,,25.0,61.0,78.3,270.0,345.0,,,26.0,,,,21.0,,,,36.7,11.0,30.0,,6.0,,,21.0,14.0,7.0,,10.0,1,,0,2.0,,,,,0.0,,0.0,2.0,,20.0,,,,,10.0,3.0,7.0,0.0,0.0,,,,,,,,,,1.0,0.0,1.0,9.0,43.0,,7.0,39.0,71.1,172.0,242.0,,,24.0,,,,18.0,,,,16.7,1.0,6.0,,5.0,,,15.0,14.0,1.0,,31.0,0,,1,2.0,,,,,2.0,,1.0,4.0,,24.0,,,6.95,6.96,CONCACAF Nations League,Desconocido,Desconocido
SEL-CONCACAF_NL-2024-25-12441461,Ronda 4,2024-10-13,El Salvador,1,Saint Vincent And The Grenadines,1,2,,,17.0,7.0,8.0,2.0,1.0,,,,,,,,,,2.0,13.0,3.0,1.0,52.0,,18.0,60.0,75.5,247.0,327.0,,,11.0,,,,13.0,,,,14.8,4.0,27.0,,7.0,,,17.0,12.0,5.0,,11.0,2,,0,4.0,,,,,1.0,,2.0,3.0,,20.0,,,,,13.0,6.0,5.0,2.0,0.0,,,,,,,,,,1.0,4.0,0.0,4.0,42.0,,18.0,40.0,65.7,142.0,216.0,,,17.0,,,,20.0,,,,37.5,6.0,16.0,,8.0,,,16.0,12.0,4.0,,25.0,1,,0,6.0,,,,,1.0,,1.0,3.0,,15.0,,,6.85,7.05,CONCACAF Nations League,CONCACAF,Desconocido
SEL-CONCACAF_NL-2024-25-12441459,Ronda 4,2024-10-14,Curazao,1,Grenada,1,0,,,16.0,4.0,8.0,4.0,0.0,,,,,,,,,,1.0,2.0,5.0,1.0,56.0,,21.0,50.0,72.3,235.0,325.0,,,29.0,,,,15.0,,,,20.0,3.0,15.0,,4.0,,,11.0,11.0,0.0,,13.0,0,,1,4.0,,,,,1.0,,,3.0,,20.0,,,,,10.0,4.0,3.0,3.0,0.0,,,,,,,,,,0.0,4.0,3.0,7.0,63.0,,12.0,50.0,72.8,233.0,320.0,,,25.0,,,,19.0,,,,12.5,2.0,16.0,,5.0,,,16.0,12.0,4.0,,20.0,1,,0,3.0,,,,,2.0,,,1.0,,15.0,,,7.15,6.84,CONCACAF Nations League,CONCACAF,Desconocido
SEL-CONCACAF_NL-2024-25-12441451,Ronda 4,2024-10-14,Puerto Rico,1,Sint Maarten,2,1,,,8.0,4.0,4.0,0.0,0.0,,,,,,,,,,2.0,2.0,1.0,11.0,55.0,,9.0,45.0,75.9,283.0,373.0,,,33.0,,,,6.0,,,,,0.0,5.0,,6.0,,,7.0,6.0,1.0,,16.0,1,,0,1.0,,,,,2.0,,,4.0,,20.0,,,,,9.0,2.0,5.0,2.0,0.0,,,,,,,,,,1.0,0.0,0.0,0.0,78.0,,21.0,55.0,77.8,343.0,441.0,,,35.0,,,,20.0,,,,30.8,4.0,13.0,,8.0,,,16.0,12.0,4.0,,9.0,2,,0,2.0,,,,,0.0,,,0.0,,6.0,,,6.85,6.82,CONCACAF Nations League,Desconocido,Desconocido
SEL-CONCACAF_NL-2024-25-12441443,Ronda 4,2024-10-14,Saint Lucia,1,Saint Martin,0,4,,,8.0,5.0,2.0,1.0,0.0,,,,,,,,,,0.0,4.0,2.0,5.0,83.0,,12.0,62.0,81.4,420.0,516.0,,,25.0,,,,14.0,,,,15.4,2.0,13.0,,5.0,,,10.0,9.0,1.0,,4.0,4,,0,1.0,,,,,1.0,,0.0,4.0,1.0,13.0,,,,,10.0,5.0,3.0,2.0,0.0,,,,,,,,,,1.0,2.0,3.0,11.0,37.0,,15.0,38.0,76.7,244.0,318.0,,,25.0,,,,13.0,,,,50.0,3.0,6.0,,8.0,,,11.0,9.0,2.0,,16.0,0,,1,5.0,,,,,1.0,,1.0,2.0,0.0,15.0,,,6.38,7.29,CONCACAF Nations League,Desconocido,Desconocido
SEL-CONCACAF_NL-2024-25-12441454,Ronda 4,2024-10-14,Haití,1,Aruba,5,3,,,17.0,8.0,6.0,3.0,0.0,,,,,,,,,,5.0,6.0,3.0,8.0,68.0,,31.0,71.0,89.0,420.0,472.0,,,21.0,,,,12.0,,,,31.6,6.0,19.0,,8.0,,,13.0,9.0,4.0,,4.0,3,,0,0.0,,,,,0.0,,,2.0,,14.0,,,,,6.0,3.0,3.0,0.0,0.0,,,,,,,,,,2.0,1.0,2.0,4.0,35.0,,10.0,29.0,69.5,139.0,200.0,,,17.0,,,,14.0,,,,66.7,2.0,3.0,,5.0,,,14.0,11.0,3.0,,21.0,5,,0,3.0,,,,,1.0,,,1.0,,12.0,,,6.98,6.37,CONCACAF Nations League,CONCACAF,Desconocido
SEL-CONCACAF_NL-2024-25-12441554,Ronda 4,2024-10-14,Jamaica,1,Honduras,0,0,,,4.0,0.0,2.0,2.0,0.0,,,,,,,,,,,2.0,,8.0,62.0,,3.0,61.0,83.9,375.0,447.0,,,21.0,,,,12.0,,,,7.7,1.0,13.0,,5.0,,,9.0,3.0,6.0,,17.0,0,,1,5.0,,,,,0.0,,,1.0,,10.0,,,,,13.0,5.0,7.0,1.0,0.0,,,,,,,,,,,4.0,,2.0,50.0,,12.0,39.0,76.9,223.0,290.0,,,18.0,,,,9.0,,,,,0.0,9.0,,9.0,,,14.0,8.0,6.0,,14.0,0,,1,0.0,,,,,1.0,,,2.0,,12.0,,,6.92,6.92,CONCACAF Nations League,CONCACAF,CONCACAF
SEL-CONCACAF_NL-2024-25-12441553,Ronda 4,2024-10-14,Nicaragua,1,French Guiana,3,2,,,15.0,4.0,6.0,5.0,0.0,,,,,,,,,,1.0,6.0,2.0,5.0,78.0,,16.0,67.0,83.8,462.0,551.0,,,26.0,,,,7.0,,,,20.8,5.0,24.0,,9.0,,,15.0,10.0,5.0,,13.0,2,,0,4.0,,,,,,,,4.0,0.0,12.0,,,,,11.0,6.0,3.0,2.0,0.0,,,,,,,,,,1.0,3.0,0.0,8.0,56.0,,8.0,33.0,66.9,184.0,275.0,,,24.0,,,,11.0,,,,30.0,3.0,10.0,,9.0,,,15.0,13.0,2.0,,17.0,3,,0,1.0,,,,,,,,4.0,1.0,7.0,,,6.87,6.72,CONCACAF Nations League,Desconocido,Desconocido
SEL-CONCACAF_NL-2024-25-12441473,Ronda 4,2024-10-14,Trinidad y Tobago,1,Cuba,3,1,,,18.0,7.0,10.0,1.0,0.0,,,,,,,,,,4.0,4.0,2.0,9.0,44.0,,23.0,42.0,75.4,242.0,321.0,,,24.0,,,,20.0,,,,57.1,4.0,7.0,,13.0,,,19.0,14.0,5.0,,17.0,1,,0,2.0,,,,,,,0.0,1.0,0.0,17.0,,,,,10.0,3.0,5.0,2.0,0.0,,,,,,,,,,3.0,0.0,2.0,4.0,57.0,,18.0,58.0,82.0,356.0,434.0,,,24.0,,,,17.0,,,,18.8,3.0,16.0,,8.0,,,10.0,8.0,2.0,,7.0,3,,0,4.0,,,,,,,1.0,3.0,1.0,20.0,,,7.18,6.63,CONCACAF Nations League,CONCACAF,CONCACAF
SEL-CONCACAF_NL-2024-25-12441425,Ronda 4,2024-10-15,Dominican Republic,1,Antigua And Barbuda,5,0,,,25.0,11.0,9.0,5.0,1.0,,,,,,,,,,3.0,13.0,2.0,1.0,82.0,,38.0,67.0,91.9,434.0,472.0,,,39.0,,,,14.0,,,,48.1,13.0,27.0,,4.0,,,17.0,13.0,4.0,,4.0,0,,1,1.0,,,,,,,,2.0,,14.0,,,,,2.0,1.0,1.0,0.0,0.0,,,,,,,,,,0.0,0.0,0.0,6.0,29.0,,5.0,33.0,78.8,193.0,245.0,,,17.0,,,,13.0,,,,,0.0,4.0,,3.0,,,14.0,13.0,1.0,,18.0,5,,0,6.0,,,,,,,,2.0,,14.0,,,7.68,6.24,CONCACAF Nations League,Desconocido,Desconocido
SEL-CONCACAF_NL-2024-25-12441538,Ronda 4,2024-10-15,Bermuda,1,Dominica,3,2,,,15.0,8.0,3.0,4.0,0.0,,,,,,,,,,2.0,4.0,3.0,9.0,84.0,,31.0,64.0,83.6,363.0,434.0,,,33.0,,,,15.0,,,,30.8,4.0,13.0,,14.0,,,15.0,13.0,2.0,,13.0,2,,0,1.0,,,,,,,,0.0,,15.0,,,,,10.0,3.0,4.0,3.0,0.0,,,,,,,,,,1.0,0.0,1.0,1.0,43.0,,14.0,36.0,66.7,162.0,243.0,,,32.0,,,,14.0,,,,,0.0,4.0,,4.0,,,16.0,9.0,7.0,,13.0,3,,0,6.0,,,,,,,,3.0,,16.0,,,7.11,6.63,CONCACAF Nations League,Desconocido,Desconocido
SEL-CONCACAF_NL-2024-25-12441505,Ronda 4,2024-10-15,Costa Rica,1,Guatemala,3,0,,,16.0,5.0,6.0,5.0,0.0,,,,,,,,,,2.0,5.0,3.0,6.0,47.0,,19.0,38.0,71.5,183.0,256.0,,,32.0,,,,12.0,,,,28.6,6.0,21.0,,11.0,,,17.0,16.0,1.0,,17.0,0,,1,2.0,,,,,1.0,,2.0,3.0,,9.0,,,,,14.0,2.0,7.0,5.0,1.0,,,,,,,,,,0.0,9.0,3.0,7.0,61.0,,21.0,62.0,84.4,362.0,429.0,,,26.0,,,,9.0,,,,13.6,3.0,22.0,,8.0,,,21.0,18.0,3.0,,15.0,3,,0,2.0,,,,,0.0,,2.0,3.0,,12.0,,,7.3,6.73,CONCACAF Nations League,CONCACAF,CONCACAF
SEL-CONCACAF_NL-2024-25-12441556,Ronda 4,2024-10-15,Martinique,1,Guadeloupe,0,0,,,12.0,3.0,5.0,4.0,0.0,,,,,,,,,,0.0,7.0,4.0,7.0,61.0,,17.0,48.0,76.8,281.0,366.0,,,40.0,,,,15.0,,,,41.7,5.0,12.0,,6.0,,,24.0,13.0,11.0,,25.0,0,,1,3.0,,,,,,,1.0,0.0,,12.0,,,,,10.0,3.0,2.0,5.0,0.0,,,,,,,,,,1.0,9.0,2.0,6.0,57.0,,15.0,52.0,76.9,289.0,376.0,,,20.0,,,,11.0,,,,25.0,7.0,28.0,,11.0,,,17.0,13.0,4.0,,7.0,0,,1,3.0,,,,,,,0.0,1.0,,16.0,,,7.07,6.88,CONCACAF Nations League,Desconocido,Desconocido
SEL-CONCACAF_NL-2024-25-12441488,Ronda 4,2024-10-15,Suriname,1,Guyana,5,1,,,14.0,10.0,3.0,1.0,0.0,,,,,,,,,,5.0,1.0,2.0,2.0,68.0,,25.0,52.0,89.1,361.0,405.0,,,43.0,,,,21.0,,,,16.7,1.0,6.0,,7.0,,,11.0,9.0,2.0,,18.0,1,,0,1.0,,,,,,,,2.0,,23.0,,,,,9.0,3.0,4.0,2.0,0.0,,,,,,,,,,2.0,4.0,1.0,5.0,42.0,,22.0,48.0,85.1,298.0,350.0,,,29.0,,,,23.0,,,,20.0,5.0,25.0,,4.0,,,15.0,9.0,6.0,,10.0,5,,0,5.0,,,,,,,,3.0,,21.0,,,7.4,6.6,CONCACAF Nations League,Desconocido,Desconocido
SEL-CONCACAF_NL-2024-25-12441512,Ronda 5,2024-10-09,British Virgin Islands,1,Saint Kitts And Nevis,1,3,,,6.0,1.0,4.0,1.0,2.0,,,,,,,,,,1.0,0.0,2.0,3.0,27.0,,4.0,28.0,54.0,88.0,163.0,,,15.0,,,,12.0,,,,,0.0,3.0,,9.0,,,14.0,14.0,0.0,,23.0,3,,0,4.0,,,,,1.0,,,3.0,,14.0,,,,,18.0,6.0,9.0,3.0,1.0,,,,,,,,,,1.0,9.0,0.0,7.0,54.0,,25.0,72.0,81.9,345.0,421.0,,,25.0,,,,14.0,,,,30.8,4.0,13.0,,1.0,,,1.0,0.0,1.0,,4.0,1,,0,0.0,,,,,0.0,,,2.0,,12.0,,,6.48,6.97,CONCACAF Nations League,Desconocido,Desconocido
SEL-CONCACAF_NL-2024-25-12441531,Ronda 5,2024-10-09,USA,1,Barbados,0,5,,,8.0,4.0,2.0,2.0,0.0,,,,,,,,,,0.0,2.0,,2.0,34.0,,5.0,29.0,62.6,137.0,219.0,,,21.0,,,,12.0,,,,16.7,1.0,6.0,,10.0,,,20.0,16.0,4.0,,24.0,5,,0,10.0,,,,,,,,2.0,1.0,9.0,,,,,35.0,16.0,9.0,10.0,0.0,,,,,,,,,,2.0,14.0,,10.0,82.0,,51.0,71.0,90.2,496.0,550.0,,,31.0,,,,9.0,,,,33.3,8.0,24.0,,6.0,,,16.0,13.0,3.0,,5.0,0,,1,4.0,,,,,,,,1.0,0.0,13.0,,,6.43,7.79,CONCACAF Nations League,CONCACAF,Desconocido
SEL-CONCACAF_NL-2024-25-12441413,Ronda 5,2024-10-09,Anguilla,1,Belize,0,1,,,2.0,0.0,1.0,1.0,0.0,,,,,,,,,,,0.0,0.0,9.0,30.0,,2.0,30.0,65.3,147.0,225.0,,,19.0,,,,9.0,,,,,0.0,0.0,,8.0,,,18.0,16.0,2.0,,31.0,1,,0,8.0,,,,,2.0,,,1.0,,10.0,,,,,25.0,9.0,10.0,6.0,0.0,,,,,,,,,,,9.0,1.0,13.0,97.0,,32.0,70.0,89.1,465.0,522.0,,,42.0,,,,10.0,,,,20.5,8.0,39.0,,7.0,,,12.0,11.0,1.0,,5.0,0,,1,0.0,,,,,0.0,,,0.0,,10.0,,,6.72,7.35,CONCACAF Nations League,Desconocido,Desconocido
SEL-CONCACAF_NL-2024-25-12441457,Ronda 5,2024-11-14,Montserrat,1,Saint Vincent And The Grenadines,1,2,,,8.0,3.0,4.0,1.0,0.0,,,,,,,,,,1.0,7.0,2.0,2.0,69.0,,19.0,62.0,69.5,232.0,334.0,,,34.0,,,,14.0,,,,18.5,5.0,27.0,,6.0,,,8.0,6.0,2.0,,10.0,2,,0,0.0,,,,,,,,2.0,1.0,12.0,,,,,11.0,2.0,5.0,4.0,1.0,,,,,,,,,,3.0,3.0,4.0,3.0,54.0,,8.0,38.0,62.4,131.0,210.0,,,18.0,,,,11.0,,,,,0.0,10.0,,4.0,,,10.0,7.0,3.0,,29.0,1,,0,3.0,,,,,,,,2.0,0.0,14.0,,,6.73,6.83,CONCACAF Nations League,Desconocido,Desconocido
SEL-CONCACAF_NL-2024-25-12441458,Ronda 5,2024-11-14,Bonaire,1,El Salvador,0,1,,,7.0,1.0,2.0,4.0,0.0,,,,,,,,,,0.0,0.0,1.0,4.0,37.0,,4.0,39.0,75.3,238.0,316.0,,,27.0,,,,13.0,,,,,0.0,5.0,,6.0,,,9.0,7.0,2.0,,31.0,1,,0,4.0,,,,,,,,1.0,1.0,16.0,,,,,16.0,5.0,9.0,2.0,2.0,,,,,,,,,,4.0,9.0,6.0,3.0,91.0,,22.0,61.0,84.9,383.0,451.0,,,40.0,,,,16.0,,,,13.6,6.0,44.0,,7.0,,,18.0,16.0,2.0,,3.0,0,,1,1.0,,,,,,,,1.0,0.0,13.0,,,6.65,7.25,CONCACAF Nations League,Desconocido,CONCACAF
SEL-CONCACAF_NL-2024-25-12441551,Ronda 5,2024-11-15,Saint Lucia,1,Grenada,0,4,,,9.0,5.0,2.0,2.0,0.0,,,,,,,,,,0.0,2.0,4.0,4.0,54.0,,11.0,43.0,81.9,258.0,315.0,,,19.0,,,,15.0,,,,16.7,3.0,18.0,,9.0,,,13.0,10.0,3.0,,21.0,4,,0,4.0,,,,,1.0,,,0.0,,11.0,,,,,15.0,8.0,3.0,4.0,1.0,,,,,,,,,,4.0,10.0,1.0,6.0,56.0,,22.0,57.0,87.1,366.0,420.0,,,37.0,,,,11.0,,,,19.0,4.0,21.0,,11.0,,,15.0,8.0,7.0,,22.0,0,,1,5.0,,,,,0.0,,,2.0,,15.0,,,6.51,7.46,CONCACAF Nations League,Desconocido,Desconocido
SEL-CONCACAF_NL-2024-25-12441462,Ronda 5,2024-11-15,Sint Maarten,1,Haití,0,8,,,8.0,1.0,5.0,2.0,0.0,,,,,,,,,,1.0,2.0,2.0,2.0,40.0,,14.0,36.0,78.7,214.0,272.0,,,30.0,,,,16.0,,,,20.0,2.0,10.0,,4.0,,,11.0,8.0,3.0,,23.0,8,,0,4.0,,,,,,,,1.0,,5.0,,,,,25.0,12.0,6.0,7.0,1.0,,,,,,,,,,7.0,7.0,2.0,4.0,65.0,,47.0,64.0,88.4,440.0,498.0,,,38.0,,,,4.0,,,,37.5,6.0,16.0,,5.0,,,16.0,9.0,7.0,,9.0,0,,1,1.0,,,,,,,,1.0,,16.0,,,6.0,7.93,CONCACAF Nations League,Desconocido,CONCACAF
SEL-CONCACAF_NL-2024-25-12441435,Ronda 5,2024-11-15,Saint Martin,1,Curazao,0,5,,,16.0,5.0,4.0,7.0,1.0,,,,,,,,,,1.0,3.0,4.0,4.0,48.0,,12.0,47.0,83.3,294.0,353.0,,,20.0,,,,13.0,,,,40.0,4.0,10.0,,1.0,,,12.0,8.0,4.0,,6.0,5,,0,0.0,,,,,,,,2.0,1.0,17.0,,,,,8.0,6.0,1.0,1.0,0.0,,,,,,,,,,3.0,2.0,0.0,3.0,51.0,,17.0,53.0,84.1,344.0,409.0,,,30.0,,,,16.0,,,,12.5,1.0,8.0,,7.0,,,18.0,14.0,4.0,,9.0,0,,1,5.0,,,,,,,,0.0,0.0,14.0,,,6.25,7.48,CONCACAF Nations League,Desconocido,CONCACAF
SEL-CONCACAF_NL-2024-25-12441447,Ronda 5,2024-11-15,Puerto Rico,1,Aruba,5,1,,,11.0,7.0,3.0,1.0,0.0,,,,,,,,,,0.0,1.0,2.0,1.0,53.0,,11.0,47.0,78.8,223.0,283.0,,,27.0,,,,19.0,,,,42.9,3.0,7.0,,5.0,,,5.0,4.0,1.0,,13.0,1,,0,2.0,,,,,1.0,,,0.0,0.0,13.0,,,,,9.0,3.0,3.0,3.0,1.0,,,,,,,,,,1.0,4.0,0.0,1.0,55.0,,16.0,53.0,77.3,249.0,322.0,,,39.0,,,,13.0,,,,21.4,3.0,14.0,,4.0,,,12.0,10.0,2.0,,12.0,5,,0,2.0,,,,,0.0,,,5.0,1.0,19.0,,,7.04,6.35,CONCACAF Nations League,Desconocido,Desconocido
SEL-CONCACAF_NL-2024-25-12441535,Ronda 5,2024-11-16,Bermuda,1,Antigua And Barbuda,2,1,,,15.0,8.0,3.0,4.0,0.0,,,,,,,,,,2.0,6.0,4.0,6.0,50.0,,25.0,55.0,81.5,321.0,394.0,,,20.0,,,,15.0,,,,15.4,2.0,13.0,,7.0,,,16.0,11.0,5.0,,23.0,1,,0,3.0,,,,,,,2.0,1.0,,13.0,,,,,11.0,4.0,5.0,2.0,0.0,,,,,,,,,,0.0,5.0,0.0,4.0,47.0,,18.0,45.0,80.8,257.0,318.0,,,37.0,,,,13.0,,,,,0.0,17.0,,15.0,,,13.0,10.0,3.0,,22.0,2,,0,6.0,,,,,,,0.0,2.0,,15.0,,,7.09,6.77,CONCACAF Nations League,Desconocido,Desconocido
SEL-CONCACAF_NL-2024-25-12441534,Ronda 5,2024-11-16,Dominica,1,Dominican Republic,1,6,,,2.0,2.0,0.0,0.0,0.0,,,,,,,,,,0.0,0.0,1.0,4.0,32.0,,2.0,34.0,65.5,152.0,232.0,,,21.0,,,,23.0,,,,,0.0,1.0,,4.0,,,7.0,6.0,1.0,,35.0,6,,0,6.0,,,,,0.0,,1.0,2.0,,7.0,,,,,38.0,12.0,20.0,6.0,2.0,,,,,,,,,,1.0,13.0,2.0,4.0,71.0,,44.0,66.0,88.6,365.0,412.0,,,29.0,,,,6.0,,,,27.0,10.0,37.0,,7.0,,,8.0,5.0,3.0,,6.0,1,,0,1.0,,,,,2.0,,0.0,1.0,,23.0,,,6.12,7.64,CONCACAF Nations League,Desconocido,Desconocido
SEL-CONCACAF_NL-2024-25-12441408,Ronda 6,2024-10-15,Saint Kitts And Nevis,1,Cayman Islands,1,1,,,15.0,3.0,7.0,5.0,1.0,,,,,,,,,,,11.0,1.0,3.0,90.0,,14.0,71.0,79.2,359.0,453.0,,,45.0,,,,8.0,,,,30.8,8.0,26.0,,6.0,,,8.0,7.0,1.0,,6.0,1,,0,5.0,,,,,0.0,,0.0,7.0,1.0,13.0,,,,,10.0,6.0,3.0,1.0,0.0,,,,,,,,,,,1.0,1.0,2.0,47.0,,7.0,29.0,51.3,98.0,191.0,,,27.0,,,,13.0,,,,30.0,3.0,10.0,,5.0,,,26.0,21.0,5.0,,26.0,1,,0,3.0,,,,,1.0,,1.0,3.0,0.0,9.0,,,6.83,6.95,CONCACAF Nations League,Desconocido,Desconocido
SEL-CONCACAF_NL-2024-25-12441419,Ronda 6,2024-10-15,Barbados,1,Bahamas,6,2,,,28.0,12.0,8.0,8.0,1.0,,,,,,,,,,4.0,8.0,1.0,7.0,49.0,,30.0,59.0,82.2,323.0,393.0,,,33.0,,,,14.0,,,,28.6,4.0,14.0,,9.0,,,14.0,11.0,3.0,,14.0,2,,0,4.0,,,,,,,1.0,4.0,,19.0,,,,,12.0,5.0,4.0,3.0,0.0,,,,,,,,,,1.0,6.0,3.0,5.0,39.0,,16.0,41.0,73.5,202.0,275.0,,,27.0,,,,17.0,,,,16.7,2.0,12.0,,5.0,,,21.0,16.0,5.0,,17.0,6,,0,6.0,,,,,,,0.0,1.0,,14.0,,,7.26,6.3,CONCACAF Nations League,Desconocido,Desconocido
SEL-CONCACAF_NL-2024-25-12441407,Ronda 6,2024-10-15,Belize,1,Turks And Caicos Islands,3,0,,,13.0,7.0,3.0,3.0,0.0,,,,,,,,,,2.0,6.0,4.0,9.0,66.0,,25.0,73.0,84.8,428.0,505.0,,,36.0,,,,13.0,,,,23.1,6.0,26.0,,6.0,,,21.0,17.0,4.0,,4.0,0,,1,0.0,,,,,0.0,,0.0,1.0,,7.0,,,,,4.0,0.0,3.0,1.0,0.0,,,,,,,,,,0.0,0.0,0.0,6.0,35.0,,7.0,27.0,64.1,118.0,184.0,,,20.0,,,,7.0,,,,28.6,2.0,7.0,,11.0,,,23.0,13.0,10.0,,27.0,3,,0,4.0,,,,,2.0,,1.0,3.0,,14.0,,,7.15,6.35,CONCACAF Nations League,Desconocido,Desconocido
SEL-CONCACAF_NL-2024-25-12441455,Ronda 6,2024-11-17,Saint Vincent And The Grenadines,1,Bonaire,3,1,,,15.0,8.0,5.0,2.0,1.0,,,,,,,,,,3.0,5.0,2.0,11.0,42.0,,22.0,36.0,68.9,151.0,219.0,,,15.0,,,,18.0,,,,40.0,6.0,15.0,,11.0,,,17.0,13.0,4.0,,17.0,1,,0,7.0,,,,,,,0.0,4.0,,15.0,,,,,12.0,7.0,3.0,2.0,1.0,,,,,,,,,,0.0,1.0,0.0,11.0,44.0,,14.0,64.0,79.5,334.0,420.0,,,22.0,,,,15.0,,,,11.1,1.0,9.0,,8.0,,,13.0,9.0,4.0,,13.0,3,,0,5.0,,,,,,,1.0,3.0,,18.0,,,7.23,6.69,CONCACAF Nations League,Desconocido,Desconocido
SEL-CONCACAF_NL-2024-25-12441468,Ronda 6,2024-11-17,El Salvador,1,Montserrat,1,0,,,18.0,3.0,6.0,9.0,1.0,,,,,,,,,,1.0,10.0,5.0,7.0,59.0,,30.0,56.0,72.7,237.0,326.0,,,27.0,,,,13.0,,,,16.7,5.0,30.0,,8.0,,,13.0,11.0,2.0,,17.0,0,,1,1.0,,,,,,,,2.0,,11.0,,,,,4.0,1.0,2.0,1.0,0.0,,,,,,,,,,0.0,4.0,2.0,2.0,54.0,,5.0,44.0,65.9,174.0,264.0,,,24.0,,,,11.0,,,,20.0,2.0,10.0,,7.0,,,13.0,11.0,2.0,,26.0,1,,0,2.0,,,,,,,,5.0,,13.0,,,7.18,6.71,CONCACAF Nations League,CONCACAF,Desconocido
SEL-CONCACAF_NL-2024-25-12441549,Ronda 6,2024-11-18,Grenada,1,Saint Martin,0,3,,,13.0,6.0,4.0,3.0,0.0,,,,,,,,,,0.0,10.0,3.0,3.0,55.0,,23.0,62.0,89.9,373.0,415.0,,,32.0,,,,12.0,,,,24.3,9.0,37.0,,5.0,,,12.0,10.0,2.0,,9.0,3,,0,1.0,,,,,1.0,,0.0,2.0,,13.0,,,,,10.0,4.0,5.0,1.0,0.0,,,,,,,,,,2.0,5.0,2.0,3.0,34.0,,12.0,38.0,79.0,211.0,267.0,,,31.0,,,,13.0,,,,50.0,4.0,8.0,,5.0,,,20.0,17.0,3.0,,26.0,0,,1,4.0,,,,,3.0,,1.0,1.0,,12.0,,,6.7,7.42,CONCACAF Nations League,Desconocido,Desconocido
SEL-CONCACAF_NL-2024-25-12441446,Ronda 6,2024-11-18,Aruba,1,Sint Maarten,0,1,,,9.0,0.0,6.0,3.0,1.0,,,,,,,,,,2.0,3.0,1.0,9.0,52.0,,15.0,48.0,73.8,220.0,298.0,,,35.0,,,,13.0,,,,,0.0,11.0,,11.0,,,13.0,8.0,5.0,,22.0,1,,0,3.0,,,,,,,,3.0,0.0,17.0,,,,,8.0,4.0,3.0,1.0,0.0,,,,,,,,,,4.0,7.0,3.0,8.0,51.0,,22.0,52.0,77.1,253.0,328.0,,,25.0,,,,17.0,,,,40.0,8.0,20.0,,15.0,,,14.0,9.0,5.0,,13.0,0,,1,0.0,,,,,,,,2.0,1.0,13.0,,,6.75,6.95,CONCACAF Nations League,Desconocido,Desconocido
SEL-CONCACAF_NL-2024-25-12441448,Ronda 6,2024-11-18,Curazao,1,Saint Lucia,4,1,,,21.0,8.0,8.0,5.0,1.0,,,,,,,,,,5.0,3.0,3.0,6.0,69.0,,32.0,69.0,83.7,406.0,485.0,,,44.0,,,,8.0,,,,20.0,2.0,10.0,,5.0,,,11.0,9.0,2.0,,12.0,1,,0,1.0,,,,,0.0,,,0.0,,10.0,,,,,9.0,2.0,5.0,2.0,0.0,,,,,,,,,,1.0,1.0,0.0,3.0,48.0,,7.0,31.0,63.3,136.0,215.0,,,12.0,,,,10.0,,,,20.0,2.0,10.0,,7.0,,,18.0,12.0,6.0,,12.0,4,,0,4.0,,,,,2.0,,,1.0,,8.0,,,7.34,6.31,CONCACAF Nations League,CONCACAF,Desconocido
SEL-CONCACAF_NL-2024-25-12441442,Ronda 6,2024-11-18,Haití,1,Puerto Rico,3,0,,,16.0,8.0,6.0,2.0,1.0,,,,,,,,,,2.0,6.0,2.0,6.0,43.0,,28.0,54.0,84.3,361.0,428.0,,,24.0,,,,21.0,,,,44.4,4.0,9.0,,11.0,,,14.0,10.0,4.0,,9.0,0,,1,0.0,,,,,1.0,,,3.0,,16.0,,,,,5.0,0.0,5.0,0.0,0.0,,,,,,,,,,1.0,1.0,2.0,3.0,50.0,,6.0,46.0,80.4,296.0,368.0,,,26.0,,,,16.0,,,,37.5,3.0,8.0,,11.0,,,16.0,13.0,3.0,,17.0,3,,0,3.0,,,,,0.0,,,4.0,,21.0,,,7.29,6.48,CONCACAF Nations League,CONCACAF,Desconocido
SEL-CONCACAF_NL-2024-25-12441420,Ronda 6,2024-11-19,Dominican Republic,1,Bermuda,6,1,,,27.0,12.0,10.0,5.0,0.0,,,,,,,,,,6.0,14.0,2.0,7.0,64.0,,48.0,65.0,84.7,383.0,452.0,,,32.0,,,,8.0,,,,38.2,13.0,34.0,,6.0,,,18.0,13.0,5.0,,2.0,1,,0,2.0,,,,,1.0,,,2.0,,16.0,,,,,7.0,3.0,3.0,1.0,1.0,,,,,,,,,,1.0,2.0,0.0,3.0,29.0,,6.0,35.0,72.2,187.0,259.0,,,21.0,,,,16.0,,,,20.0,1.0,5.0,,9.0,,,18.0,14.0,4.0,,36.0,6,,0,6.0,,,,,0.0,,,2.0,,8.0,,,7.7,6.34,CONCACAF Nations League,Desconocido,Desconocido
SEL-CONCACAF_NL-2024-25-12441431,Ronda 7,2024-11-19,Antigua And Barbuda,1,Dominica,0,0,,,13.0,4.0,6.0,3.0,0.0,,,,,,,,,,1.0,14.0,0.0,9.0,59.0,,20.0,70.0,82.8,362.0,437.0,,,38.0,,,,17.0,,,,11.8,4.0,34.0,,7.0,,,10.0,9.0,1.0,,8.0,0,,1,2.0,,,,,1.0,,,1.0,,17.0,,,,,11.0,2.0,8.0,1.0,1.0,,,,,,,,,,0.0,4.0,2.0,4.0,48.0,,16.0,30.0,64.0,126.0,197.0,,,31.0,,,,17.0,,,,44.4,4.0,9.0,,6.0,,,14.0,10.0,4.0,,35.0,0,,1,4.0,,,,,1.0,,,2.0,,17.0,,,7.11,7.1,CONCACAF Nations League,Desconocido,Desconocido
SEL-COPA_AMERICA-2019-8116854,Final,2019-06-14,Brasil,1,Bolivia,3,0,,,20.0,5.0,7.0,8.0,0.0,,,,,,,,,,4.0,8.0,1.0,17.0,75.0,,,74.0,88.7,555.0,626.0,,,22.0,,,,8.0,,,,44.0,11.0,25.0,,12.0,,,18.0,13.0,5.0,,4.0,0,,1,1.0,,,,,,,,1.0,,14.0,,,,,5.0,1.0,3.0,1.0,0.0,,,,,,,,,,0.0,0.0,0.0,11.0,29.0,,,26.0,66.4,146.0,220.0,,,19.0,,,,13.0,,,,16.7,1.0,6.0,,11.0,,,22.0,13.0,9.0,,24.0,3,,0,2.0,,,,,,,,1.0,,10.0,,,7.3,6.37,Copa América,CONMEBOL,CONMEBOL
SEL-COPA_AMERICA-2019-8116856,Final,2019-06-15,Venezuela,1,Perú,0,0,,,11.0,5.0,3.0,3.0,0.0,,,,,,,,,,1.0,4.0,4.0,4.0,46.0,,,49.0,83.9,303.0,361.0,,,31.0,,,,11.0,,,,25.0,3.0,12.0,,2.0,,,7.0,5.0,2.0,,22.0,0,,1,4.0,,,,,,,,3.0,1.0,13.0,,,,,17.0,5.0,8.0,4.0,0.0,,,,,,,,,,2.0,7.0,3.0,10.0,43.0,,,51.0,83.6,300.0,359.0,,,15.0,,,,13.0,,,,22.2,4.0,18.0,,10.0,,,11.0,8.0,3.0,,21.0,0,,1,5.0,,,,,,,,2.0,0.0,13.0,,,6.98,7.16,Copa América,CONMEBOL,CONMEBOL
SEL-COPA_AMERICA-2019-8116859,Final,2019-06-15,Argentina,1,Colombia,0,2,,,13.0,6.0,6.0,1.0,0.0,,,,,,,,,,1.0,5.0,1.0,9.0,42.0,,,53.0,83.6,392.0,469.0,,,14.0,,,,17.0,,,,,0.0,12.0,,13.0,,,17.0,12.0,5.0,,22.0,2,,0,0.0,,,,,,,,3.0,,13.0,,,,,8.0,2.0,3.0,3.0,0.0,,,,,,,,,,1.0,4.0,0.0,19.0,36.0,,,47.0,82.1,330.0,402.0,,,25.0,,,,12.0,,,,19.0,4.0,21.0,,9.0,,,18.0,8.0,10.0,,20.0,0,,1,6.0,,,,,,,,4.0,,17.0,,,6.54,7.14,Copa América,CONMEBOL,CONMEBOL
SEL-COPA_AMERICA-2019-8116861,Final,2019-06-16,Paraguay,1,Catar,2,2,,,13.0,5.0,4.0,4.0,0.0,,,,,,,,,,1.0,2.0,3.0,6.0,41.0,,,43.0,76.2,250.0,328.0,,,18.0,,,,10.0,,,,30.8,4.0,13.0,,3.0,,,15.0,10.0,5.0,,17.0,2,,0,2.0,,,,,,,,2.0,,11.0,,,,,8.0,4.0,4.0,0.0,1.0,,,,,,,,,,4.0,4.0,1.0,10.0,51.0,,,57.0,78.3,342.0,437.0,,,37.0,,,,11.0,,,,12.5,1.0,8.0,,8.0,,,11.0,8.0,3.0,,11.0,2,,0,3.0,,,,,,,,4.0,,15.0,,,6.6,6.66,Copa América,CONMEBOL,AFC
SEL-COPA_AMERICA-2019-8116865,Final,2019-06-16,Uruguay,1,Ecuador,4,0,,,16.0,7.0,5.0,4.0,1.0,,,,,,,,,,4.0,9.0,4.0,7.0,59.0,,,61.0,83.1,427.0,514.0,,,32.0,,,,12.0,,,,34.8,8.0,23.0,,5.0,,,9.0,5.0,4.0,,5.0,0,,1,1.0,,,,,,,,2.0,0.0,12.0,,,,,2.0,1.0,1.0,0.0,0.0,,,,,,,,,,1.0,1.0,0.0,4.0,42.0,,,39.0,75.7,258.0,341.0,,,26.0,,,,12.0,,,,,0.0,4.0,,14.0,,,10.0,8.0,2.0,,20.0,4,,0,4.0,,,,,,,,0.0,1.0,12.0,,,7.24,6.05,Copa América,CONMEBOL,CONMEBOL
SEL-COPA_AMERICA-2019-8116869,Final,2019-06-17,Japón,1,Chile,0,4,,,13.0,3.0,6.0,4.0,0.0,,,,,,,,,,4.0,8.0,0.0,11.0,54.0,,,44.0,76.8,292.0,380.0,,,13.0,,,,13.0,,,,27.8,5.0,18.0,,12.0,,,10.0,8.0,2.0,,17.0,4,,0,3.0,,,,,,,,2.0,,16.0,,,,,15.0,7.0,6.0,2.0,0.0,,,,,,,,,,3.0,7.0,1.0,7.0,70.0,,,56.0,81.9,402.0,491.0,,,52.0,,,,13.0,,,,35.3,6.0,17.0,,15.0,,,25.0,17.0,8.0,,16.0,0,,1,3.0,,,,,,,,1.0,,15.0,,,6.22,7.8,Copa América,AFC,CONMEBOL
SEL-COPA_AMERICA-2019-8116855,Semifinals,2019-06-18,Bolivia,1,Perú,1,3,,,7.0,2.0,3.0,2.0,0.0,,,,,,,,,,2.0,2.0,2.0,6.0,38.0,,,40.0,73.4,229.0,312.0,,,22.0,,,,13.0,,,,,0.0,5.0,,12.0,,,20.0,15.0,5.0,,16.0,3,,0,7.0,,,,,,,,3.0,,8.0,,,,,18.0,10.0,5.0,3.0,0.0,,,,,,,,,,4.0,5.0,1.0,17.0,59.0,,,60.0,83.9,376.0,448.0,,,23.0,,,,7.0,,,,36.8,7.0,19.0,,8.0,,,11.0,6.0,5.0,,12.0,1,,0,1.0,,,,,,,,2.0,,15.0,,,6.53,7.14,Copa América,CONMEBOL,CONMEBOL
SEL-COPA_AMERICA-2019-8116857,Semifinals,2019-06-18,Brasil,1,Venezuela,0,0,,,19.0,1.0,11.0,7.0,0.0,,,,,,,,,,1.0,9.0,2.0,9.0,103.0,,,68.0,90.3,617.0,683.0,,,18.0,,,,18.0,,,,31.2,10.0,32.0,,8.0,,,15.0,10.0,5.0,,11.0,0,,1,1.0,,,,,,,,1.0,,12.0,,,,,6.0,1.0,4.0,1.0,0.0,,,,,,,,,,0.0,2.0,0.0,11.0,35.0,,,32.0,73.7,233.0,316.0,,,29.0,,,,12.0,,,,25.0,2.0,8.0,,10.0,,,16.0,12.0,4.0,,34.0,0,,1,1.0,,,,,,,,2.0,,18.0,,,7.05,6.91,Copa América,CONMEBOL,CONMEBOL
SEL-COPA_AMERICA-2019-8116862,Semifinals,2019-06-19,Colombia,1,Catar,1,0,,,20.0,5.0,10.0,5.0,1.0,,,,,,,,,,6.0,13.0,1.0,13.0,76.0,,,68.0,84.6,477.0,564.0,,,49.0,,,,7.0,,,,27.0,10.0,37.0,,4.0,,,7.0,5.0,2.0,,6.0,0,,1,2.0,,,,,,,,1.0,,9.0,,,,,7.0,2.0,4.0,1.0,0.0,,,,,,,,,,0.0,1.0,1.0,9.0,24.0,,,32.0,72.3,198.0,274.0,,,19.0,,,,8.0,,,,50.0,2.0,4.0,,18.0,,,11.0,4.0,7.0,,30.0,1,,0,4.0,,,,,,,,4.0,,7.0,,,7.31,6.85,Copa América,CONMEBOL,AFC
SEL-COPA_AMERICA-2019-8116863,Semifinals,2019-06-19,Argentina,1,Paraguay,1,1,,,7.0,2.0,3.0,2.0,0.0,,,,,,,,,,2.0,2.0,1.0,15.0,49.0,,,55.0,81.6,386.0,473.0,,,21.0,,,,17.0,,,,10.0,1.0,10.0,,5.0,,,13.0,7.0,6.0,,11.0,1,,0,2.0,,,,,,,,3.0,,20.0,,,,,10.0,3.0,6.0,1.0,0.0,,,,,,,,,,2.0,3.0,2.0,8.0,40.0,,,45.0,78.3,300.0,383.0,,,18.0,,,,19.0,,,,22.2,2.0,9.0,,18.0,,,17.0,9.0,8.0,,16.0,1,,0,1.0,,,,,,,,3.0,,19.0,,,6.75,6.66,Copa América,CONMEBOL,CONMEBOL
SEL-COPA_AMERICA-2019-8116866,Semifinals,2019-06-20,Uruguay,1,Japón,2,2,,,29.0,10.0,10.0,9.0,2.0,,,,,,,,,,4.0,7.0,1.0,11.0,56.0,,,57.0,73.9,346.0,468.0,,,33.0,,,,20.0,,,,28.6,10.0,35.0,,14.0,,,30.0,19.0,11.0,,13.0,2,,0,1.0,,,,,,,,0.0,,14.0,,,,,12.0,3.0,7.0,2.0,0.0,,,,,,,,,,2.0,3.0,1.0,7.0,44.0,,,43.0,72.3,250.0,346.0,,,20.0,,,,12.0,,,,23.1,3.0,13.0,,10.0,,,11.0,6.0,5.0,,38.0,2,,0,8.0,,,,,,,,2.0,,20.0,,,7.08,6.86,Copa América,CONMEBOL,AFC
SEL-COPA_AMERICA-2019-8116871,Semifinals,2019-06-21,Ecuador,1,Chile,1,2,,,7.0,2.0,4.0,1.0,0.0,,,,,,,,,,1.0,3.0,0.0,8.0,44.0,,,53.0,76.3,290.0,380.0,,,25.0,,,,22.0,,,,22.2,4.0,18.0,,8.0,,,9.0,6.0,3.0,,13.0,2,,0,1.0,,,,,,,,5.0,1.0,22.0,,,,,10.0,3.0,3.0,4.0,0.0,,,,,,,,,,0.0,5.0,1.0,8.0,46.0,,,47.0,73.4,243.0,331.0,,,21.0,,,,20.0,,,,30.8,4.0,13.0,,8.0,,,20.0,12.0,8.0,,23.0,1,,0,1.0,,,,,,,,4.0,0.0,22.0,,,6.51,6.85,Copa América,CONMEBOL,CONMEBOL
SEL-COPA_AMERICA-2019-8116860,Quarterfinals,2019-06-22,Bolivia,1,Venezuela,1,3,,,10.0,4.0,5.0,1.0,2.0,,,,,,,,,,0.0,2.0,0.0,6.0,44.0,,,55.0,85.4,452.0,529.0,,,26.0,,,,9.0,,,,,0.0,12.0,,8.0,,,12.0,5.0,7.0,,20.0,3,,0,2.0,,,,,,,,2.0,,11.0,,,,,15.0,5.0,8.0,2.0,1.0,,,,,,,,,,4.0,5.0,3.0,17.0,48.0,,,45.0,82.4,351.0,426.0,,,39.0,,,,11.0,,,,35.0,7.0,20.0,,10.0,,,12.0,6.0,6.0,,19.0,1,,0,3.0,,,,,,,,0.0,,12.0,,,6.4,7.13,Copa América,CONMEBOL,CONMEBOL
SEL-COPA_AMERICA-2019-8116858,Quarterfinals,2019-06-22,Perú,1,Brasil,0,5,,,8.0,2.0,3.0,3.0,0.0,,,,,,,,,,0.0,4.0,0.0,4.0,31.0,,,31.0,80.2,223.0,278.0,,,22.0,,,,16.0,,,,12.5,1.0,8.0,,15.0,,,21.0,14.0,7.0,,23.0,5,,0,4.0,,,,,,,,2.0,,21.0,,,,,19.0,9.0,6.0,4.0,2.0,,,,,,,,,,6.0,7.0,4.0,22.0,48.0,,,69.0,91.1,556.0,610.0,,,35.0,,,,21.0,,,,40.0,6.0,15.0,,5.0,,,17.0,15.0,2.0,,7.0,0,,1,2.0,,,,,,,,2.0,,16.0,,,5.98,7.67,Copa América,CONMEBOL,CONMEBOL
SEL-COPA_AMERICA-2019-8116868,Quarterfinals,2019-06-23,Colombia,1,Paraguay,1,0,,,12.0,5.0,4.0,3.0,0.0,,,,,,,,,,1.0,3.0,2.0,14.0,53.0,,,46.0,76.1,274.0,360.0,,,19.0,,,,20.0,,,,27.3,3.0,11.0,,10.0,,,11.0,7.0,4.0,,18.0,0,,1,2.0,,,,,,,,2.0,,14.0,,,,,10.0,2.0,7.0,1.0,0.0,,,,,,,,,,1.0,2.0,2.0,7.0,45.0,,,54.0,78.6,320.0,407.0,,,19.0,,,,12.0,,,,40.0,4.0,10.0,,12.0,,,15.0,10.0,5.0,,12.0,1,,0,4.0,,,,,,,,1.0,,20.0,,,7.07,6.61,Copa América,CONMEBOL,CONMEBOL
SEL-COPA_AMERICA-2019-8116864,Quarterfinals,2019-06-23,Catar,1,Argentina,0,2,,,4.0,1.0,2.0,1.0,1.0,,,,,,,,,,0.0,1.0,4.0,11.0,42.0,,,46.0,82.5,359.0,435.0,,,21.0,,,,15.0,,,,,0.0,4.0,,17.0,,,25.0,13.0,12.0,,13.0,2,,0,5.0,,,,,,,,3.0,,16.0,,,,,19.0,8.0,7.0,4.0,0.0,,,,,,,,,,2.0,5.0,0.0,13.0,40.0,,,54.0,86.1,426.0,495.0,,,25.0,,,,15.0,,,,45.5,5.0,11.0,,13.0,,,13.0,10.0,3.0,,9.0,0,,1,1.0,,,,,,,,2.0,,17.0,,,6.75,7.07,Copa América,AFC,CONMEBOL
SEL-COPA_AMERICA-2019-8116867,Quarterfinals,2019-06-24,Chile,1,Uruguay,0,1,,,12.0,3.0,7.0,2.0,0.0,,,,,,,,,,1.0,5.0,3.0,7.0,58.0,,,58.0,80.2,353.0,440.0,,,31.0,,,,17.0,,,,36.4,4.0,11.0,,13.0,,,14.0,7.0,7.0,,21.0,1,,0,2.0,,,,,,,,0.0,,18.0,,,,,8.0,3.0,4.0,1.0,0.0,,,,,,,,,,1.0,5.0,2.0,9.0,59.0,,,42.0,68.2,210.0,308.0,,,25.0,,,,15.0,,,,25.0,4.0,16.0,,6.0,,,18.0,10.0,8.0,,19.0,0,,1,2.0,,,,,,,,1.0,,18.0,,,6.78,7.14,Copa América,CONMEBOL,CONMEBOL
SEL-COPA_AMERICA-2019-8116870,Quarterfinals,2019-06-24,Ecuador,1,Japón,1,1,,,16.0,3.0,12.0,1.0,0.0,,,,,,,,,,3.0,4.0,3.0,10.0,62.0,,,49.0,82.9,392.0,473.0,,,44.0,,,,14.0,,,,50.0,9.0,18.0,,9.0,,,16.0,9.0,7.0,,14.0,1,,0,6.0,,,,,,,,3.0,,14.0,,,,,16.0,7.0,6.0,3.0,0.0,,,,,,,,,,4.0,3.0,1.0,9.0,51.0,,,51.0,81.3,404.0,497.0,,,22.0,,,,14.0,,,,,0.0,10.0,,8.0,,,11.0,9.0,2.0,,18.0,1,,0,2.0,,,,,,,,1.0,,16.0,,,7.05,6.79,Copa América,CONMEBOL,AFC
SEL-COPA_AMERICA-2019-8116860,Quarterfinals,2019-06-22,Bolivia,1,Venezuela,1,3,,,10.0,4.0,5.0,1.0,2.0,,,,,,,,,,0.0,2.0,0.0,6.0,44.0,,,55.0,85.4,452.0,529.0,,,26.0,,,,9.0,,,,,0.0,12.0,,8.0,,,12.0,5.0,7.0,,20.0,3,,0,2.0,,,,,,,,2.0,,11.0,,,,,15.0,5.0,8.0,2.0,1.0,,,,,,,,,,4.0,5.0,3.0,17.0,48.0,,,45.0,82.4,351.0,426.0,,,39.0,,,,11.0,,,,35.0,7.0,20.0,,10.0,,,12.0,6.0,6.0,,19.0,1,,0,3.0,,,,,,,,0.0,,12.0,,,6.4,7.13,Copa América,CONMEBOL,CONMEBOL
SEL-COPA_AMERICA-2019-8116858,Quarterfinals,2019-06-22,Perú,1,Brasil,0,5,,,8.0,2.0,3.0,3.0,0.0,,,,,,,,,,0.0,4.0,0.0,4.0,31.0,,,31.0,80.2,223.0,278.0,,,22.0,,,,16.0,,,,12.5,1.0,8.0,,15.0,,,21.0,14.0,7.0,,23.0,5,,0,4.0,,,,,,,,2.0,,21.0,,,,,19.0,9.0,6.0,4.0,2.0,,,,,,,,,,6.0,7.0,4.0,22.0,48.0,,,69.0,91.1,556.0,610.0,,,35.0,,,,21.0,,,,40.0,6.0,15.0,,5.0,,,17.0,15.0,2.0,,7.0,0,,1,2.0,,,,,,,,2.0,,16.0,,,5.98,7.67,Copa América,CONMEBOL,CONMEBOL
SEL-COPA_AMERICA-2019-8116868,Quarterfinals,2019-06-23,Colombia,1,Paraguay,1,0,,,12.0,5.0,4.0,3.0,0.0,,,,,,,,,,1.0,3.0,2.0,14.0,53.0,,,46.0,76.1,274.0,360.0,,,19.0,,,,20.0,,,,27.3,3.0,11.0,,10.0,,,11.0,7.0,4.0,,18.0,0,,1,2.0,,,,,,,,2.0,,14.0,,,,,10.0,2.0,7.0,1.0,0.0,,,,,,,,,,1.0,2.0,2.0,7.0,45.0,,,54.0,78.6,320.0,407.0,,,19.0,,,,12.0,,,,40.0,4.0,10.0,,12.0,,,15.0,10.0,5.0,,12.0,1,,0,4.0,,,,,,,,1.0,,20.0,,,7.07,6.61,Copa América,CONMEBOL,CONMEBOL
SEL-COPA_AMERICA-2019-8116864,Quarterfinals,2019-06-23,Catar,1,Argentina,0,2,,,4.0,1.0,2.0,1.0,1.0,,,,,,,,,,0.0,1.0,4.0,11.0,42.0,,,46.0,82.5,359.0,435.0,,,21.0,,,,15.0,,,,,0.0,4.0,,17.0,,,25.0,13.0,12.0,,13.0,2,,0,5.0,,,,,,,,3.0,,16.0,,,,,19.0,8.0,7.0,4.0,0.0,,,,,,,,,,2.0,5.0,0.0,13.0,40.0,,,54.0,86.1,426.0,495.0,,,25.0,,,,15.0,,,,45.5,5.0,11.0,,13.0,,,13.0,10.0,3.0,,9.0,0,,1,1.0,,,,,,,,2.0,,17.0,,,6.75,7.07,Copa América,AFC,CONMEBOL
SEL-COPA_AMERICA-2019-8116867,Quarterfinals,2019-06-24,Chile,1,Uruguay,0,1,,,12.0,3.0,7.0,2.0,0.0,,,,,,,,,,1.0,5.0,3.0,7.0,58.0,,,58.0,80.2,353.0,440.0,,,31.0,,,,17.0,,,,36.4,4.0,11.0,,13.0,,,14.0,7.0,7.0,,21.0,1,,0,2.0,,,,,,,,0.0,,18.0,,,,,8.0,3.0,4.0,1.0,0.0,,,,,,,,,,1.0,5.0,2.0,9.0,59.0,,,42.0,68.2,210.0,308.0,,,25.0,,,,15.0,,,,25.0,4.0,16.0,,6.0,,,18.0,10.0,8.0,,19.0,0,,1,2.0,,,,,,,,1.0,,18.0,,,6.78,7.14,Copa América,CONMEBOL,CONMEBOL
SEL-COPA_AMERICA-2019-8116870,Quarterfinals,2019-06-24,Ecuador,1,Japón,1,1,,,16.0,3.0,12.0,1.0,0.0,,,,,,,,,,3.0,4.0,3.0,10.0,62.0,,,49.0,82.9,392.0,473.0,,,44.0,,,,14.0,,,,50.0,9.0,18.0,,9.0,,,16.0,9.0,7.0,,14.0,1,,0,6.0,,,,,,,,3.0,,14.0,,,,,16.0,7.0,6.0,3.0,0.0,,,,,,,,,,4.0,3.0,1.0,9.0,51.0,,,51.0,81.3,404.0,497.0,,,22.0,,,,14.0,,,,,0.0,10.0,,8.0,,,11.0,9.0,2.0,,18.0,1,,0,2.0,,,,,,,,1.0,,16.0,,,7.05,6.79,Copa América,CONMEBOL,AFC
SEL-COPA_AMERICA-2019-8116855,Semifinals,2019-06-18,Bolivia,1,Perú,1,3,,,7.0,2.0,3.0,2.0,0.0,,,,,,,,,,2.0,2.0,2.0,6.0,38.0,,,40.0,73.4,229.0,312.0,,,22.0,,,,13.0,,,,,0.0,5.0,,12.0,,,20.0,15.0,5.0,,16.0,3,,0,7.0,,,,,,,,3.0,,8.0,,,,,18.0,10.0,5.0,3.0,0.0,,,,,,,,,,4.0,5.0,1.0,17.0,59.0,,,60.0,83.9,376.0,448.0,,,23.0,,,,7.0,,,,36.8,7.0,19.0,,8.0,,,11.0,6.0,5.0,,12.0,1,,0,1.0,,,,,,,,2.0,,15.0,,,6.53,7.14,Copa América,CONMEBOL,CONMEBOL
SEL-COPA_AMERICA-2019-8116857,Semifinals,2019-06-18,Brasil,1,Venezuela,0,0,,,19.0,1.0,11.0,7.0,0.0,,,,,,,,,,1.0,9.0,2.0,9.0,103.0,,,68.0,90.3,617.0,683.0,,,18.0,,,,18.0,,,,31.2,10.0,32.0,,8.0,,,15.0,10.0,5.0,,11.0,0,,1,1.0,,,,,,,,1.0,,12.0,,,,,6.0,1.0,4.0,1.0,0.0,,,,,,,,,,0.0,2.0,0.0,11.0,35.0,,,32.0,73.7,233.0,316.0,,,29.0,,,,12.0,,,,25.0,2.0,8.0,,10.0,,,16.0,12.0,4.0,,34.0,0,,1,1.0,,,,,,,,2.0,,18.0,,,7.05,6.91,Copa América,CONMEBOL,CONMEBOL
SEL-COPA_AMERICA-2019-8116862,Semifinals,2019-06-19,Colombia,1,Catar,1,0,,,20.0,5.0,10.0,5.0,1.0,,,,,,,,,,6.0,13.0,1.0,13.0,76.0,,,68.0,84.6,477.0,564.0,,,49.0,,,,7.0,,,,27.0,10.0,37.0,,4.0,,,7.0,5.0,2.0,,6.0,0,,1,2.0,,,,,,,,1.0,,9.0,,,,,7.0,2.0,4.0,1.0,0.0,,,,,,,,,,0.0,1.0,1.0,9.0,24.0,,,32.0,72.3,198.0,274.0,,,19.0,,,,8.0,,,,50.0,2.0,4.0,,18.0,,,11.0,4.0,7.0,,30.0,1,,0,4.0,,,,,,,,4.0,,7.0,,,7.31,6.85,Copa América,CONMEBOL,AFC
SEL-COPA_AMERICA-2019-8116863,Semifinals,2019-06-19,Argentina,1,Paraguay,1,1,,,7.0,2.0,3.0,2.0,0.0,,,,,,,,,,2.0,2.0,1.0,15.0,49.0,,,55.0,81.6,386.0,473.0,,,21.0,,,,17.0,,,,10.0,1.0,10.0,,5.0,,,13.0,7.0,6.0,,11.0,1,,0,2.0,,,,,,,,3.0,,20.0,,,,,10.0,3.0,6.0,1.0,0.0,,,,,,,,,,2.0,3.0,2.0,8.0,40.0,,,45.0,78.3,300.0,383.0,,,18.0,,,,19.0,,,,22.2,2.0,9.0,,18.0,,,17.0,9.0,8.0,,16.0,1,,0,1.0,,,,,,,,3.0,,19.0,,,6.75,6.66,Copa América,CONMEBOL,CONMEBOL
SEL-COPA_AMERICA-2019-8116866,Semifinals,2019-06-20,Uruguay,1,Japón,2,2,,,29.0,10.0,10.0,9.0,2.0,,,,,,,,,,4.0,7.0,1.0,11.0,56.0,,,57.0,73.9,346.0,468.0,,,33.0,,,,20.0,,,,28.6,10.0,35.0,,14.0,,,30.0,19.0,11.0,,13.0,2,,0,1.0,,,,,,,,0.0,,14.0,,,,,12.0,3.0,7.0,2.0,0.0,,,,,,,,,,2.0,3.0,1.0,7.0,44.0,,,43.0,72.3,250.0,346.0,,,20.0,,,,12.0,,,,23.1,3.0,13.0,,10.0,,,11.0,6.0,5.0,,38.0,2,,0,8.0,,,,,,,,2.0,,20.0,,,7.08,6.86,Copa América,CONMEBOL,AFC
SEL-COPA_AMERICA-2019-8116871,Semifinals,2019-06-21,Ecuador,1,Chile,1,2,,,7.0,2.0,4.0,1.0,0.0,,,,,,,,,,1.0,3.0,0.0,8.0,44.0,,,53.0,76.3,290.0,380.0,,,25.0,,,,22.0,,,,22.2,4.0,18.0,,8.0,,,9.0,6.0,3.0,,13.0,2,,0,1.0,,,,,,,,5.0,1.0,22.0,,,,,10.0,3.0,3.0,4.0,0.0,,,,,,,,,,0.0,5.0,1.0,8.0,46.0,,,47.0,73.4,243.0,331.0,,,21.0,,,,20.0,,,,30.8,4.0,13.0,,8.0,,,20.0,12.0,8.0,,23.0,1,,0,1.0,,,,,,,,4.0,0.0,22.0,,,6.51,6.85,Copa América,CONMEBOL,CONMEBOL
SEL-COPA_AMERICA-2019-8116854,Final,2019-06-14,Brasil,1,Bolivia,3,0,,,20.0,5.0,7.0,8.0,0.0,,,,,,,,,,4.0,8.0,1.0,17.0,75.0,,,74.0,88.7,555.0,626.0,,,22.0,,,,8.0,,,,44.0,11.0,25.0,,12.0,,,18.0,13.0,5.0,,4.0,0,,1,1.0,,,,,,,,1.0,,14.0,,,,,5.0,1.0,3.0,1.0,0.0,,,,,,,,,,0.0,0.0,0.0,11.0,29.0,,,26.0,66.4,146.0,220.0,,,19.0,,,,13.0,,,,16.7,1.0,6.0,,11.0,,,22.0,13.0,9.0,,24.0,3,,0,2.0,,,,,,,,1.0,,10.0,,,7.3,6.37,Copa América,CONMEBOL,CONMEBOL
SEL-COPA_AMERICA-2019-8116856,Final,2019-06-15,Venezuela,1,Perú,0,0,,,11.0,5.0,3.0,3.0,0.0,,,,,,,,,,1.0,4.0,4.0,4.0,46.0,,,49.0,83.9,303.0,361.0,,,31.0,,,,11.0,,,,25.0,3.0,12.0,,2.0,,,7.0,5.0,2.0,,22.0,0,,1,4.0,,,,,,,,3.0,1.0,13.0,,,,,17.0,5.0,8.0,4.0,0.0,,,,,,,,,,2.0,7.0,3.0,10.0,43.0,,,51.0,83.6,300.0,359.0,,,15.0,,,,13.0,,,,22.2,4.0,18.0,,10.0,,,11.0,8.0,3.0,,21.0,0,,1,5.0,,,,,,,,2.0,0.0,13.0,,,6.98,7.16,Copa América,CONMEBOL,CONMEBOL
SEL-COPA_AMERICA-2019-8116859,Final,2019-06-15,Argentina,1,Colombia,0,2,,,13.0,6.0,6.0,1.0,0.0,,,,,,,,,,1.0,5.0,1.0,9.0,42.0,,,53.0,83.6,392.0,469.0,,,14.0,,,,17.0,,,,,0.0,12.0,,13.0,,,17.0,12.0,5.0,,22.0,2,,0,0.0,,,,,,,,3.0,,13.0,,,,,8.0,2.0,3.0,3.0,0.0,,,,,,,,,,1.0,4.0,0.0,19.0,36.0,,,47.0,82.1,330.0,402.0,,,25.0,,,,12.0,,,,19.0,4.0,21.0,,9.0,,,18.0,8.0,10.0,,20.0,0,,1,6.0,,,,,,,,4.0,,17.0,,,6.54,7.14,Copa América,CONMEBOL,CONMEBOL
SEL-COPA_AMERICA-2019-8116861,Final,2019-06-16,Paraguay,1,Catar,2,2,,,13.0,5.0,4.0,4.0,0.0,,,,,,,,,,1.0,2.0,3.0,6.0,41.0,,,43.0,76.2,250.0,328.0,,,18.0,,,,10.0,,,,30.8,4.0,13.0,,3.0,,,15.0,10.0,5.0,,17.0,2,,0,2.0,,,,,,,,2.0,,11.0,,,,,8.0,4.0,4.0,0.0,1.0,,,,,,,,,,4.0,4.0,1.0,10.0,51.0,,,57.0,78.3,342.0,437.0,,,37.0,,,,11.0,,,,12.5,1.0,8.0,,8.0,,,11.0,8.0,3.0,,11.0,2,,0,3.0,,,,,,,,4.0,,15.0,,,6.6,6.66,Copa América,CONMEBOL,AFC
SEL-COPA_AMERICA-2019-8116865,Final,2019-06-16,Uruguay,1,Ecuador,4,0,,,16.0,7.0,5.0,4.0,1.0,,,,,,,,,,4.0,9.0,4.0,7.0,59.0,,,61.0,83.1,427.0,514.0,,,32.0,,,,12.0,,,,34.8,8.0,23.0,,5.0,,,9.0,5.0,4.0,,5.0,0,,1,1.0,,,,,,,,2.0,0.0,12.0,,,,,2.0,1.0,1.0,0.0,0.0,,,,,,,,,,1.0,1.0,0.0,4.0,42.0,,,39.0,75.7,258.0,341.0,,,26.0,,,,12.0,,,,,0.0,4.0,,14.0,,,10.0,8.0,2.0,,20.0,4,,0,4.0,,,,,,,,0.0,1.0,12.0,,,7.24,6.05,Copa América,CONMEBOL,CONMEBOL
SEL-COPA_AMERICA-2019-8116869,Final,2019-06-17,Japón,1,Chile,0,4,,,13.0,3.0,6.0,4.0,0.0,,,,,,,,,,4.0,8.0,0.0,11.0,54.0,,,44.0,76.8,292.0,380.0,,,13.0,,,,13.0,,,,27.8,5.0,18.0,,12.0,,,10.0,8.0,2.0,,17.0,4,,0,3.0,,,,,,,,2.0,,16.0,,,,,15.0,7.0,6.0,2.0,0.0,,,,,,,,,,3.0,7.0,1.0,7.0,70.0,,,56.0,81.9,402.0,491.0,,,52.0,,,,13.0,,,,35.3,6.0,17.0,,15.0,,,25.0,17.0,8.0,,16.0,0,,1,3.0,,,,,,,,1.0,,15.0,,,6.22,7.8,Copa América,AFC,CONMEBOL
SEL-COPA_AMERICA-2021-8516453,Final,2021-06-13,Brasil,1,Venezuela,3,0,,,18.0,7.0,9.0,2.0,0.0,,,,,,,,,,9.0,9.0,2.0,11.0,67.0,,,62.0,89.1,490.0,550.0,,,24.0,,,,13.0,,,,20.0,5.0,25.0,,16.0,,,19.0,8.0,11.0,,6.0,0,,1,1.0,,,,,,,,2.0,,11.0,,,,,3.0,1.0,2.0,0.0,0.0,,,,,,,,,,0.0,4.0,1.0,11.0,37.0,,,38.0,82.4,277.0,336.0,,,27.0,,,,11.0,,,,13.3,2.0,15.0,,10.0,,,15.0,7.0,8.0,,19.0,3,,0,4.0,,,,,,,,2.0,,14.0,,,7.36,6.39,Copa América,CONMEBOL,CONMEBOL
SEL-COPA_AMERICA-2021-8516452,Final,2021-06-13,Colombia,1,Ecuador,1,0,,,5.0,2.0,3.0,0.0,0.0,,,,,,,,,,1.0,1.0,2.0,7.0,32.0,,,41.0,77.8,267.0,343.0,,,32.0,,,,14.0,,,,42.9,3.0,7.0,,16.0,,,24.0,18.0,6.0,,20.0,0,,1,2.0,,,,,,,,3.0,,19.0,,,,,8.0,2.0,6.0,0.0,0.0,,,,,,,,,,0.0,9.0,1.0,18.0,55.0,,,59.0,83.1,388.0,467.0,,,28.0,,,,19.0,,,,15.4,4.0,26.0,,5.0,,,13.0,10.0,3.0,,5.0,1,,0,1.0,,,,,,,,1.0,,16.0,,,7.04,6.72,Copa América,CONMEBOL,CONMEBOL
SEL-COPA_AMERICA-2021-8516467,Final,2021-06-14,Argentina,1,Chile,1,1,,,18.0,5.0,8.0,5.0,0.0,,,,,,,,,,4.0,7.0,2.0,10.0,42.0,,,49.0,81.1,283.0,349.0,,,13.0,,,,16.0,,,,23.8,5.0,21.0,,13.0,,,16.0,11.0,5.0,,13.0,1,,0,3.0,,,,,,,,2.0,,14.0,,,,,5.0,4.0,1.0,0.0,1.0,,,,,,,,,,3.0,1.0,7.0,4.0,36.0,,,51.0,80.1,305.0,381.0,,,21.0,,,,14.0,,,,14.3,1.0,7.0,,5.0,,,7.0,5.0,2.0,,23.0,1,,0,4.0,,,,,,,,3.0,,19.0,,,7.01,6.66,Copa América,CONMEBOL,CONMEBOL
SEL-COPA_AMERICA-2021-8516469,Final,2021-06-14,Paraguay,1,Bolivia,3,1,,,34.0,11.0,15.0,8.0,1.0,,,,,,,,,,5.0,7.0,1.0,15.0,69.0,,,78.0,93.4,604.0,647.0,,,28.0,,,,10.0,,,,42.2,19.0,45.0,,9.0,,,16.0,8.0,8.0,,6.0,1,,0,1.0,,,,,,,,2.0,0.0,12.0,,,,,4.0,2.0,0.0,2.0,0.0,,,,,,,,,,1.0,2.0,0.0,7.0,29.0,,,22.0,67.4,124.0,184.0,,,15.0,,,,10.0,,,,11.1,1.0,9.0,,6.0,,,11.0,7.0,4.0,,26.0,3,,0,8.0,,,,,,,,4.0,1.0,10.0,,,7.48,6.39,Copa América,CONMEBOL,CONMEBOL
SEL-COPA_AMERICA-2021-8516455,Semifinals,2021-06-17,Colombia,1,Venezuela,0,0,,,23.0,8.0,9.0,6.0,0.0,,,,,,,,,,3.0,6.0,3.0,10.0,81.0,,,65.0,89.2,502.0,563.0,,,42.0,,,,12.0,,,,32.1,9.0,28.0,,11.0,,,11.0,5.0,6.0,,10.0,0,,1,0.0,,,,,,,,2.0,1.0,13.0,,,,,2.0,0.0,1.0,1.0,0.0,,,,,,,,,,0.0,3.0,0.0,12.0,41.0,,,35.0,72.8,219.0,301.0,,,19.0,,,,12.0,,,,8.3,1.0,12.0,,15.0,,,13.0,7.0,6.0,,22.0,0,,1,8.0,,,,,,,,5.0,0.0,14.0,,,7.26,7.09,Copa América,CONMEBOL,CONMEBOL
SEL-COPA_AMERICA-2021-9554793,Semifinals,2021-06-17,Brasil,1,Perú,4,0,,,17.0,9.0,7.0,1.0,0.0,,,,,,,,,,7.0,2.0,2.0,17.0,40.0,,,55.0,89.6,474.0,529.0,,,21.0,,,,18.0,,,,,0.0,9.0,,6.0,,,18.0,10.0,8.0,,6.0,0,,1,2.0,,,,,,,,1.0,,14.0,,,,,7.0,2.0,2.0,3.0,0.0,,,,,,,,,,2.0,3.0,0.0,11.0,35.0,,,45.0,83.6,366.0,438.0,,,17.0,,,,12.0,,,,33.3,3.0,9.0,,5.0,,,25.0,13.0,12.0,,15.0,4,,0,4.0,,,,,,,,3.0,,20.0,,,7.17,6.46,Copa América,CONMEBOL,CONMEBOL
SEL-COPA_AMERICA-2021-8516471,Semifinals,2021-06-18,Chile,1,Bolivia,1,0,,,18.0,11.0,4.0,3.0,0.0,,,,,,,,,,4.0,6.0,1.0,6.0,58.0,,,62.0,88.9,587.0,660.0,,,45.0,,,,7.0,,,,28.6,6.0,21.0,,15.0,,,16.0,9.0,7.0,,10.0,0,,1,3.0,,,,,,,,1.0,,6.0,,,,,10.0,3.0,4.0,3.0,0.0,,,,,,,,,,1.0,2.0,2.0,11.0,43.0,,,38.0,84.0,347.0,413.0,,,28.0,,,,6.0,,,,10.0,1.0,10.0,,12.0,,,9.0,4.0,5.0,,24.0,1,,0,10.0,,,,,,,,2.0,,7.0,,,7.38,7.05,Copa América,CONMEBOL,CONMEBOL
SEL-COPA_AMERICA-2021-8516470,Semifinals,2021-06-18,Argentina,1,Uruguay,1,0,,,9.0,6.0,0.0,3.0,0.0,,,,,,,,,,2.0,8.0,1.0,15.0,48.0,,,45.0,84.2,385.0,457.0,,,24.0,,,,21.0,,,,13.3,2.0,15.0,,13.0,,,10.0,8.0,2.0,,12.0,0,,1,0.0,,,,,,,,3.0,,11.0,,,,,4.0,0.0,3.0,1.0,0.0,,,,,,,,,,0.0,3.0,0.0,3.0,62.0,,,55.0,86.4,477.0,552.0,,,30.0,,,,10.0,,,,13.6,3.0,22.0,,6.0,,,21.0,9.0,12.0,,16.0,1,,0,5.0,,,,,,,,2.0,,21.0,,,7.11,6.71,Copa América,CONMEBOL,CONMEBOL
SEL-COPA_AMERICA-2021-8516459,Quarterfinals,2021-06-20,Venezuela,1,Ecuador,2,2,,,9.0,3.0,3.0,3.0,0.0,,,,,,,,,,2.0,5.0,2.0,6.0,53.0,,,31.0,64.3,160.0,249.0,,,19.0,,,,15.0,,,,27.3,3.0,11.0,,14.0,,,28.0,16.0,12.0,,20.0,2,,0,4.0,,,,,,,,0.0,,7.0,,,,,19.0,7.0,7.0,5.0,1.0,,,,,,,,,,6.0,5.0,1.0,15.0,61.0,,,69.0,87.5,482.0,551.0,,,25.0,,,,7.0,,,,45.8,11.0,24.0,,15.0,,,22.0,4.0,18.0,,9.0,2,,0,1.0,,,,,,,,3.0,,15.0,,,6.88,6.88,Copa América,CONMEBOL,CONMEBOL
SEL-COPA_AMERICA-2021-8516458,Quarterfinals,2021-06-20,Colombia,1,Perú,1,2,,,12.0,4.0,6.0,2.0,0.0,,,,,,,,,,1.0,4.0,1.0,17.0,57.0,,,59.0,84.7,437.0,516.0,,,28.0,,,,12.0,,,,27.8,5.0,18.0,,11.0,,,20.0,15.0,5.0,,11.0,2,,0,2.0,,,,,,,,1.0,,13.0,,,,,11.0,3.0,5.0,3.0,1.0,,,,,,,,,,1.0,3.0,2.0,3.0,48.0,,,41.0,77.5,282.0,364.0,,,25.0,,,,13.0,,,,13.3,2.0,15.0,,11.0,,,14.0,12.0,2.0,,17.0,1,,0,3.0,,,,,,,,2.0,,12.0,,,7.05,6.72,Copa América,CONMEBOL,CONMEBOL
SEL-COPA_AMERICA-2021-8516474,Quarterfinals,2021-06-21,Uruguay,1,Chile,1,1,,,17.0,5.0,9.0,3.0,0.0,,,,,,,,,,1.0,6.0,2.0,14.0,49.0,,,54.0,85.6,403.0,471.0,,,31.0,,,,12.0,,,,27.6,8.0,29.0,,9.0,,,11.0,7.0,4.0,,4.0,1,,0,0.0,,,,,,,,1.0,,13.0,,,,,7.0,1.0,5.0,1.0,0.0,,,,,,,,,,1.0,2.0,5.0,12.0,38.0,,,46.0,82.7,344.0,416.0,,,32.0,,,,13.0,,,,33.3,2.0,6.0,,8.0,,,15.0,8.0,7.0,,27.0,1,,0,4.0,,,,,,,,1.0,,15.0,,,6.93,6.94,Copa América,CONMEBOL,CONMEBOL
SEL-COPA_AMERICA-2021-8516473,Quarterfinals,2021-06-21,Argentina,1,Paraguay,1,0,,,9.0,4.0,3.0,2.0,0.0,,,,,,,,,,2.0,2.0,1.0,13.0,41.0,,,43.0,84.5,344.0,407.0,,,23.0,,,,22.0,,,,,0.0,1.0,,17.0,,,24.0,14.0,10.0,,14.0,0,,1,2.0,,,,,,,,1.0,,11.0,,,,,10.0,2.0,3.0,5.0,0.0,,,,,,,,,,0.0,9.0,2.0,12.0,49.0,,,57.0,85.6,441.0,515.0,,,19.0,,,,11.0,,,,18.2,4.0,22.0,,13.0,,,18.0,12.0,6.0,,10.0,1,,0,3.0,,,,,,,,2.0,,23.0,,,7.25,6.6,Copa América,CONMEBOL,CONMEBOL
SEL-COPA_AMERICA-2021-8516462,Ronda 4,2021-06-23,Ecuador,1,Perú,2,2,,,16.0,6.0,5.0,5.0,0.0,,,,,,,,,,3.0,13.0,1.0,15.0,53.0,,,58.0,79.4,339.0,427.0,,,18.0,,,,11.0,,,,23.7,9.0,38.0,,13.0,,,19.0,15.0,4.0,,7.0,2,,0,2.0,,,,,,,,1.0,,19.0,,,,,7.0,4.0,2.0,1.0,0.0,,,,,,,,,,3.0,0.0,3.0,9.0,37.0,,,42.0,76.2,253.0,332.0,,,18.0,,,,19.0,,,,,0.0,8.0,,13.0,,,7.0,5.0,2.0,,27.0,2,,0,5.0,,,,,,,,1.0,,11.0,,,6.98,6.71,Copa América,CONMEBOL,CONMEBOL
SEL-COPA_AMERICA-2021-9554795,Ronda 4,2021-06-23,Brasil,1,Colombia,2,1,,,15.0,4.0,8.0,3.0,1.0,,,,,,,,,,5.0,8.0,0.0,14.0,88.0,,,69.0,87.3,562.0,644.0,,,15.0,,,,16.0,,,,14.8,4.0,27.0,,11.0,,,17.0,9.0,8.0,,8.0,1,,0,1.0,,,,,,,,3.0,,15.0,,,,,3.0,2.0,0.0,1.0,0.0,,,,,,,,,,0.0,1.0,1.0,9.0,31.0,,,31.0,69.4,204.0,294.0,,,22.0,,,,14.0,,,,25.0,1.0,4.0,,21.0,,,28.0,14.0,14.0,,28.0,2,,0,2.0,,,,,,,,4.0,,16.0,,,6.87,6.73,Copa América,CONMEBOL,CONMEBOL
SEL-COPA_AMERICA-2021-8516478,Ronda 4,2021-06-24,Bolivia,1,Uruguay,0,2,,,4.0,3.0,1.0,0.0,0.0,,,,,,,,,,0.0,3.0,2.0,8.0,34.0,,,48.0,82.9,388.0,468.0,,,27.0,,,,13.0,,,,16.7,2.0,12.0,,10.0,,,18.0,8.0,10.0,,12.0,2,,0,6.0,,,,,,,,3.0,,8.0,,,,,22.0,7.0,12.0,3.0,0.0,,,,,,,,,,7.0,5.0,4.0,21.0,50.0,,,52.0,84.2,422.0,501.0,,,37.0,,,,8.0,,,,38.1,8.0,21.0,,16.0,,,25.0,13.0,12.0,,9.0,0,,1,3.0,,,,,,,,0.0,,13.0,,,6.56,7.51,Copa América,CONMEBOL,CONMEBOL
SEL-COPA_AMERICA-2021-8516476,Ronda 4,2021-06-24,Chile,1,Paraguay,0,2,,,5.0,1.0,2.0,2.0,0.0,,,,,,,,,,0.0,3.0,1.0,8.0,71.0,,,68.0,87.1,559.0,642.0,,,24.0,,,,14.0,,,,25.0,4.0,16.0,,12.0,,,13.0,7.0,6.0,,10.0,2,,0,1.0,,,,,,,,3.0,,13.0,,,,,7.0,3.0,4.0,0.0,0.0,,,,,,,,,,2.0,4.0,3.0,4.0,44.0,,,32.0,71.5,213.0,298.0,,,26.0,,,,13.0,,,,30.0,3.0,10.0,,20.0,,,24.0,11.0,13.0,,21.0,0,,1,1.0,,,,,,,,1.0,,14.0,,,6.5,7.25,Copa América,CONMEBOL,CONMEBOL
SEL-COPA_AMERICA-2021-9554794,Ronda 5,2021-06-27,Brasil,1,Ecuador,1,1,,,6.0,3.0,2.0,1.0,0.0,,,,,,,,,,2.0,4.0,1.0,9.0,46.0,,,62.0,89.2,469.0,526.0,,,16.0,,,,12.0,,,,11.8,2.0,17.0,,10.0,,,24.0,17.0,7.0,,28.0,1,,0,2.0,,,,,,,,0.0,,5.0,,,,,8.0,3.0,3.0,2.0,0.0,,,,,,,,,,1.0,7.0,1.0,9.0,48.0,,,38.0,79.6,250.0,314.0,,,13.0,,,,5.0,,,,19.2,5.0,26.0,,10.0,,,11.0,6.0,5.0,,14.0,1,,0,2.0,,,,,,,,1.0,,12.0,,,7.05,6.7,Copa América,CONMEBOL,CONMEBOL
SEL-COPA_AMERICA-2021-8516466,Ronda 5,2021-06-27,Venezuela,1,Perú,0,1,,,10.0,3.0,4.0,3.0,0.0,,,,,,,,,,1.0,5.0,2.0,9.0,44.0,,,43.0,84.2,374.0,444.0,,,37.0,,,,9.0,,,,18.8,3.0,16.0,,27.0,,,14.0,12.0,2.0,,10.0,1,,0,3.0,,,,,,,,1.0,,17.0,,,,,12.0,4.0,6.0,2.0,0.0,,,,,,,,,,3.0,4.0,3.0,9.0,57.0,,,57.0,86.5,520.0,601.0,,,24.0,,,,14.0,,,,25.0,2.0,8.0,,10.0,,,23.0,14.0,9.0,,15.0,0,,1,3.0,,,,,,,,0.0,,9.0,,,6.83,7.16,Copa América,CONMEBOL,CONMEBOL
SEL-COPA_AMERICA-2021-9554796,Ronda 5,2021-06-28,Bolivia,1,Argentina,1,4,,,5.0,2.0,0.0,3.0,0.0,,,,,,,,,,0.0,2.0,2.0,4.0,25.0,,,32.0,84.5,327.0,387.0,,,20.0,,,,7.0,,,,,0.0,6.0,,13.0,,,16.0,6.0,10.0,,18.0,4,,0,9.0,,,,,,,,2.0,,11.0,,,,,18.0,13.0,4.0,1.0,0.0,,,,,,,,,,8.0,4.0,3.0,15.0,61.0,,,68.0,91.9,760.0,827.0,,,40.0,,,,10.0,,,,37.5,3.0,8.0,,11.0,,,13.0,9.0,4.0,,8.0,1,,0,1.0,,,,,,,,1.0,,7.0,,,6.41,7.27,Copa América,CONMEBOL,CONMEBOL
SEL-COPA_AMERICA-2021-8516481,Ronda 5,2021-06-28,Uruguay,1,Paraguay,1,0,,,18.0,6.0,7.0,5.0,2.0,,,,,,,,,,1.0,3.0,2.0,15.0,58.0,,,49.0,83.4,423.0,507.0,,,25.0,,,,16.0,,,,20.0,3.0,15.0,,10.0,,,14.0,7.0,7.0,,11.0,0,,1,0.0,,,,,,,,0.0,,5.0,,,,,4.0,0.0,2.0,2.0,0.0,,,,,,,,,,1.0,0.0,1.0,7.0,74.0,,,51.0,82.9,446.0,538.0,,,32.0,,,,5.0,,,,25.0,3.0,12.0,,20.0,,,16.0,8.0,8.0,,17.0,1,,0,5.0,,,,,,,,2.0,,16.0,,,7.18,6.73,Copa América,CONMEBOL,CONMEBOL
SEL-COPA_AMERICA-2021-8516459,Quarterfinals,2021-06-20,Venezuela,1,Ecuador,2,2,,,9.0,3.0,3.0,3.0,0.0,,,,,,,,,,2.0,5.0,2.0,6.0,53.0,,,31.0,64.3,160.0,249.0,,,19.0,,,,15.0,,,,27.3,3.0,11.0,,14.0,,,28.0,16.0,12.0,,20.0,2,,0,4.0,,,,,,,,0.0,,7.0,,,,,19.0,7.0,7.0,5.0,1.0,,,,,,,,,,6.0,5.0,1.0,15.0,61.0,,,69.0,87.5,482.0,551.0,,,25.0,,,,7.0,,,,45.8,11.0,24.0,,15.0,,,22.0,4.0,18.0,,9.0,2,,0,1.0,,,,,,,,3.0,,15.0,,,6.88,6.88,Copa América,CONMEBOL,CONMEBOL
SEL-COPA_AMERICA-2021-8516458,Quarterfinals,2021-06-20,Colombia,1,Perú,1,2,,,12.0,4.0,6.0,2.0,0.0,,,,,,,,,,1.0,4.0,1.0,17.0,57.0,,,59.0,84.7,437.0,516.0,,,28.0,,,,12.0,,,,27.8,5.0,18.0,,11.0,,,20.0,15.0,5.0,,11.0,2,,0,2.0,,,,,,,,1.0,,13.0,,,,,11.0,3.0,5.0,3.0,1.0,,,,,,,,,,1.0,3.0,2.0,3.0,48.0,,,41.0,77.5,282.0,364.0,,,25.0,,,,13.0,,,,13.3,2.0,15.0,,11.0,,,14.0,12.0,2.0,,17.0,1,,0,3.0,,,,,,,,2.0,,12.0,,,7.05,6.72,Copa América,CONMEBOL,CONMEBOL
SEL-COPA_AMERICA-2021-8516474,Quarterfinals,2021-06-21,Uruguay,1,Chile,1,1,,,17.0,5.0,9.0,3.0,0.0,,,,,,,,,,1.0,6.0,2.0,14.0,49.0,,,54.0,85.6,403.0,471.0,,,31.0,,,,12.0,,,,27.6,8.0,29.0,,9.0,,,11.0,7.0,4.0,,4.0,1,,0,0.0,,,,,,,,1.0,,13.0,,,,,7.0,1.0,5.0,1.0,0.0,,,,,,,,,,1.0,2.0,5.0,12.0,38.0,,,46.0,82.7,344.0,416.0,,,32.0,,,,13.0,,,,33.3,2.0,6.0,,8.0,,,15.0,8.0,7.0,,27.0,1,,0,4.0,,,,,,,,1.0,,15.0,,,6.93,6.94,Copa América,CONMEBOL,CONMEBOL
SEL-COPA_AMERICA-2021-8516473,Quarterfinals,2021-06-21,Argentina,1,Paraguay,1,0,,,9.0,4.0,3.0,2.0,0.0,,,,,,,,,,2.0,2.0,1.0,13.0,41.0,,,43.0,84.5,344.0,407.0,,,23.0,,,,22.0,,,,,0.0,1.0,,17.0,,,24.0,14.0,10.0,,14.0,0,,1,2.0,,,,,,,,1.0,,11.0,,,,,10.0,2.0,3.0,5.0,0.0,,,,,,,,,,0.0,9.0,2.0,12.0,49.0,,,57.0,85.6,441.0,515.0,,,19.0,,,,11.0,,,,18.2,4.0,22.0,,13.0,,,18.0,12.0,6.0,,10.0,1,,0,3.0,,,,,,,,2.0,,23.0,,,7.25,6.6,Copa América,CONMEBOL,CONMEBOL
SEL-COPA_AMERICA-2021-8516455,Semifinals,2021-06-17,Colombia,1,Venezuela,0,0,,,23.0,8.0,9.0,6.0,0.0,,,,,,,,,,3.0,6.0,3.0,10.0,81.0,,,65.0,89.2,502.0,563.0,,,42.0,,,,12.0,,,,32.1,9.0,28.0,,11.0,,,11.0,5.0,6.0,,10.0,0,,1,0.0,,,,,,,,2.0,1.0,13.0,,,,,2.0,0.0,1.0,1.0,0.0,,,,,,,,,,0.0,3.0,0.0,12.0,41.0,,,35.0,72.8,219.0,301.0,,,19.0,,,,12.0,,,,8.3,1.0,12.0,,15.0,,,13.0,7.0,6.0,,22.0,0,,1,8.0,,,,,,,,5.0,0.0,14.0,,,7.26,7.09,Copa América,CONMEBOL,CONMEBOL
SEL-COPA_AMERICA-2021-9554793,Semifinals,2021-06-17,Brasil,1,Perú,4,0,,,17.0,9.0,7.0,1.0,0.0,,,,,,,,,,7.0,2.0,2.0,17.0,40.0,,,55.0,89.6,474.0,529.0,,,21.0,,,,18.0,,,,,0.0,9.0,,6.0,,,18.0,10.0,8.0,,6.0,0,,1,2.0,,,,,,,,1.0,,14.0,,,,,7.0,2.0,2.0,3.0,0.0,,,,,,,,,,2.0,3.0,0.0,11.0,35.0,,,45.0,83.6,366.0,438.0,,,17.0,,,,12.0,,,,33.3,3.0,9.0,,5.0,,,25.0,13.0,12.0,,15.0,4,,0,4.0,,,,,,,,3.0,,20.0,,,7.17,6.46,Copa América,CONMEBOL,CONMEBOL
SEL-COPA_AMERICA-2021-8516471,Semifinals,2021-06-18,Chile,1,Bolivia,1,0,,,18.0,11.0,4.0,3.0,0.0,,,,,,,,,,4.0,6.0,1.0,6.0,58.0,,,62.0,88.9,587.0,660.0,,,45.0,,,,7.0,,,,28.6,6.0,21.0,,15.0,,,16.0,9.0,7.0,,10.0,0,,1,3.0,,,,,,,,1.0,,6.0,,,,,10.0,3.0,4.0,3.0,0.0,,,,,,,,,,1.0,2.0,2.0,11.0,43.0,,,38.0,84.0,347.0,413.0,,,28.0,,,,6.0,,,,10.0,1.0,10.0,,12.0,,,9.0,4.0,5.0,,24.0,1,,0,10.0,,,,,,,,2.0,,7.0,,,7.38,7.05,Copa América,CONMEBOL,CONMEBOL
SEL-COPA_AMERICA-2021-8516470,Semifinals,2021-06-18,Argentina,1,Uruguay,1,0,,,9.0,6.0,0.0,3.0,0.0,,,,,,,,,,2.0,8.0,1.0,15.0,48.0,,,45.0,84.2,385.0,457.0,,,24.0,,,,21.0,,,,13.3,2.0,15.0,,13.0,,,10.0,8.0,2.0,,12.0,0,,1,0.0,,,,,,,,3.0,,11.0,,,,,4.0,0.0,3.0,1.0,0.0,,,,,,,,,,0.0,3.0,0.0,3.0,62.0,,,55.0,86.4,477.0,552.0,,,30.0,,,,10.0,,,,13.6,3.0,22.0,,6.0,,,21.0,9.0,12.0,,16.0,1,,0,5.0,,,,,,,,2.0,,21.0,,,7.11,6.71,Copa América,CONMEBOL,CONMEBOL
SEL-COPA_AMERICA-2021-8516453,Final,2021-06-13,Brasil,1,Venezuela,3,0,,,18.0,7.0,9.0,2.0,0.0,,,,,,,,,,9.0,9.0,2.0,11.0,67.0,,,62.0,89.1,490.0,550.0,,,24.0,,,,13.0,,,,20.0,5.0,25.0,,16.0,,,19.0,8.0,11.0,,6.0,0,,1,1.0,,,,,,,,2.0,,11.0,,,,,3.0,1.0,2.0,0.0,0.0,,,,,,,,,,0.0,4.0,1.0,11.0,37.0,,,38.0,82.4,277.0,336.0,,,27.0,,,,11.0,,,,13.3,2.0,15.0,,10.0,,,15.0,7.0,8.0,,19.0,3,,0,4.0,,,,,,,,2.0,,14.0,,,7.36,6.39,Copa América,CONMEBOL,CONMEBOL
SEL-COPA_AMERICA-2021-8516452,Final,2021-06-13,Colombia,1,Ecuador,1,0,,,5.0,2.0,3.0,0.0,0.0,,,,,,,,,,1.0,1.0,2.0,7.0,32.0,,,41.0,77.8,267.0,343.0,,,32.0,,,,14.0,,,,42.9,3.0,7.0,,16.0,,,24.0,18.0,6.0,,20.0,0,,1,2.0,,,,,,,,3.0,,19.0,,,,,8.0,2.0,6.0,0.0,0.0,,,,,,,,,,0.0,9.0,1.0,18.0,55.0,,,59.0,83.1,388.0,467.0,,,28.0,,,,19.0,,,,15.4,4.0,26.0,,5.0,,,13.0,10.0,3.0,,5.0,1,,0,1.0,,,,,,,,1.0,,16.0,,,7.04,6.72,Copa América,CONMEBOL,CONMEBOL
SEL-COPA_AMERICA-2021-8516467,Final,2021-06-14,Argentina,1,Chile,1,1,,,18.0,5.0,8.0,5.0,0.0,,,,,,,,,,4.0,7.0,2.0,10.0,42.0,,,49.0,81.1,283.0,349.0,,,13.0,,,,16.0,,,,23.8,5.0,21.0,,13.0,,,16.0,11.0,5.0,,13.0,1,,0,3.0,,,,,,,,2.0,,14.0,,,,,5.0,4.0,1.0,0.0,1.0,,,,,,,,,,3.0,1.0,7.0,4.0,36.0,,,51.0,80.1,305.0,381.0,,,21.0,,,,14.0,,,,14.3,1.0,7.0,,5.0,,,7.0,5.0,2.0,,23.0,1,,0,4.0,,,,,,,,3.0,,19.0,,,7.01,6.66,Copa América,CONMEBOL,CONMEBOL
SEL-COPA_AMERICA-2021-8516469,Final,2021-06-14,Paraguay,1,Bolivia,3,1,,,34.0,11.0,15.0,8.0,1.0,,,,,,,,,,5.0,7.0,1.0,15.0,69.0,,,78.0,93.4,604.0,647.0,,,28.0,,,,10.0,,,,42.2,19.0,45.0,,9.0,,,16.0,8.0,8.0,,6.0,1,,0,1.0,,,,,,,,2.0,0.0,12.0,,,,,4.0,2.0,0.0,2.0,0.0,,,,,,,,,,1.0,2.0,0.0,7.0,29.0,,,22.0,67.4,124.0,184.0,,,15.0,,,,10.0,,,,11.1,1.0,9.0,,6.0,,,11.0,7.0,4.0,,26.0,3,,0,8.0,,,,,,,,4.0,1.0,10.0,,,7.48,6.39,Copa América,CONMEBOL,CONMEBOL
SEL-COPA_AMERICA-2024-11886373,Ronda 1,2024-06-20,Argentina,1,Canadá,2,0,,,19.0,9.0,7.0,3.0,0.0,,,,,,,,,,9.0,7.0,1.0,6.0,57.0,,37.0,64.0,90.6,547.0,604.0,,,35.0,,,,9.0,,,,30.0,3.0,10.0,,8.0,,,19.0,14.0,5.0,,10.0,0,,1,2.0,,,,,1.0,,,2.0,,15.0,,,,,10.0,2.0,4.0,4.0,0.0,,,,,,,,,,2.0,4.0,1.0,5.0,30.0,,18.0,36.0,81.0,265.0,327.0,,,14.0,,,,12.0,,,,44.4,4.0,9.0,,7.0,,,29.0,16.0,13.0,,18.0,2,,0,6.0,,,,,1.0,,,2.0,,9.0,,,7.36,6.85,Copa América,CONMEBOL,CONCACAF
SEL-COPA_AMERICA-2024-11886360,Ronda 1,2024-06-21,Perú,1,Chile,0,0,,,7.0,4.0,2.0,1.0,0.0,,,,,,,,,,1.0,1.0,2.0,7.0,52.0,,13.0,35.0,66.8,183.0,274.0,,,19.0,,,,18.0,,,,30.8,4.0,13.0,,12.0,,,25.0,18.0,7.0,,18.0,0,,1,1.0,,,,,1.0,,,1.0,,18.0,,,,,11.0,1.0,6.0,4.0,0.0,,,,,,,,,,1.0,3.0,2.0,5.0,48.0,,22.0,65.0,81.0,419.0,517.0,,,24.0,,,,17.0,,,,30.0,3.0,10.0,,8.0,,,19.0,15.0,4.0,,10.0,0,,1,4.0,,,,,1.0,,,3.0,,19.0,,,6.98,7.09,Copa América,CONMEBOL,CONMEBOL
SEL-COPA_AMERICA-2024-11886375,Ronda 1,2024-06-22,Ecuador,1,Venezuela,1,2,,,9.0,4.0,4.0,1.0,0.0,,,,,,,,,,2.0,3.0,1.0,10.0,53.0,,13.0,34.0,70.6,178.0,252.0,,,20.0,,,,12.0,,,,29.4,5.0,17.0,,10.0,,,18.0,6.0,12.0,,28.0,2,,0,3.0,,,,,1.0,,,2.0,1.0,20.0,,,,,14.0,5.0,5.0,4.0,0.0,,,,,,,,,,4.0,5.0,3.0,9.0,76.0,,34.0,66.0,86.2,420.0,487.0,,,31.0,,,,19.0,,,,17.9,5.0,28.0,,5.0,,,15.0,10.0,5.0,,19.0,1,,0,4.0,,,,,1.0,,,2.0,0.0,14.0,,,6.45,6.93,Copa América,CONMEBOL,CONMEBOL
SEL-COPA_AMERICA-2024-11886365,Ronda 1,2024-06-22,México,1,Jamaica,1,0,,,20.0,9.0,6.0,5.0,0.0,,,,,,,,,,1.0,7.0,1.0,6.0,62.0,,30.0,61.0,81.9,426.0,520.0,,,18.0,,,,7.0,,,,22.7,5.0,22.0,,11.0,,,18.0,11.0,7.0,,30.0,0,,1,4.0,,,,,0.0,,2.0,,,8.0,,,,,13.0,4.0,5.0,4.0,0.0,,,,,,,,,,0.0,6.0,3.0,10.0,52.0,,15.0,39.0,73.6,234.0,318.0,,,24.0,,,,8.0,,,,26.3,5.0,19.0,,10.0,,,19.0,13.0,6.0,,35.0,1,,0,8.0,,,,,1.0,,0.0,,,7.0,,,7.24,7.07,Copa América,CONCACAF,CONCACAF
SEL-COPA_AMERICA-2024-11886363,Ronda 1,2024-06-23,USA,1,Bolivia,2,0,,,20.0,8.0,6.0,6.0,0.0,,,,,,,,,,3.0,7.0,1.0,7.0,58.0,,35.0,61.0,83.0,430.0,518.0,,,30.0,,,,15.0,,,,24.0,6.0,25.0,,8.0,,,22.0,12.0,10.0,,10.0,0,,1,3.0,,,,,,,0.0,1.0,,8.0,,,,,6.0,3.0,2.0,1.0,0.0,,,,,,,,,,0.0,1.0,1.0,7.0,45.0,,1.0,39.0,80.1,274.0,342.0,,,19.0,,,,8.0,,,,16.7,2.0,12.0,,16.0,,,14.0,6.0,8.0,,28.0,2,,0,6.0,,,,,,,2.0,3.0,,17.0,,,7.36,6.77,Copa América,CONCACAF,CONMEBOL
SEL-COPA_AMERICA-2024-11886384,Ronda 1,2024-06-23,Uruguay,1,Panamá,3,1,,,20.0,7.0,8.0,5.0,0.0,,,,,,,,,,3.0,9.0,3.0,6.0,56.0,,29.0,55.0,80.4,315.0,392.0,,,30.0,,,,9.0,,,,40.7,11.0,27.0,,7.0,,,20.0,9.0,11.0,,15.0,1,,0,2.0,,,,,3.0,,,0.0,,12.0,,,,,10.0,3.0,7.0,0.0,0.0,,,,,,,,,,1.0,3.0,1.0,14.0,47.0,,15.0,45.0,78.3,260.0,332.0,,,14.0,,,,12.0,,,,,0.0,16.0,,7.0,,,12.0,9.0,3.0,,23.0,3,,0,4.0,,,,,1.0,,,1.0,,9.0,,,7.25,6.7,Copa América,CONMEBOL,CONCACAF
SEL-COPA_AMERICA-2024-11886374,Ronda 1,2024-06-24,Colombia,1,Paraguay,2,1,,,11.0,3.0,6.0,2.0,0.0,,,,,,,,,,1.0,3.0,1.0,17.0,57.0,,21.0,68.0,83.0,439.0,529.0,,,24.0,,,,17.0,,,,31.6,6.0,19.0,,6.0,,,21.0,13.0,8.0,,17.0,1,,0,2.0,,,,,0.0,,1.0,1.0,,10.0,,,,,11.0,3.0,6.0,2.0,0.0,,,,,,,,,,3.0,3.0,2.0,12.0,46.0,,19.0,32.0,64.1,161.0,251.0,,,20.0,,,,10.0,,,,30.0,3.0,10.0,,13.0,,,21.0,11.0,10.0,,21.0,2,,0,1.0,,,,,1.0,,0.0,2.0,,18.0,,,7.13,6.61,Copa América,CONMEBOL,CONMEBOL
SEL-COPA_AMERICA-2024-11886366,Ronda 1,2024-06-24,Brasil,1,Costa Rica,0,0,,,19.0,3.0,12.0,4.0,1.0,,,,,,,,,,1.0,9.0,3.0,11.0,82.0,,50.0,74.0,90.6,630.0,695.0,,,39.0,,,,10.0,,,,17.2,5.0,29.0,,7.0,,,26.0,18.0,8.0,,7.0,0,,1,0.0,,,,,0.0,,0.0,1.0,,13.0,,,,,2.0,0.0,0.0,2.0,0.0,,,,,,,,,,0.0,1.0,0.0,6.0,30.0,,2.0,26.0,74.3,185.0,249.0,,,15.0,,,,12.0,,,,14.3,1.0,7.0,,8.0,,,19.0,9.0,10.0,,34.0,0,,1,4.0,,,,,1.0,,1.0,2.0,,10.0,,,7.49,6.85,Copa América,CONMEBOL,CONCACAF
SEL-COPA_AMERICA-2024-11886361,Ronda 2,2024-06-25,Perú,1,Canadá,0,1,,,9.0,4.0,3.0,2.0,0.0,,,,,,,,,,1.0,2.0,3.0,5.0,53.0,,18.0,49.0,72.3,251.0,347.0,,,21.0,,,,14.0,,,,7.1,1.0,14.0,,12.0,,,31.0,19.0,12.0,,11.0,1,,0,1.0,,,,,2.0,,,0.0,1.0,17.0,,,,,5.0,2.0,3.0,0.0,0.0,,,,,,,,,,5.0,1.0,1.0,5.0,60.0,,20.0,51.0,77.7,282.0,363.0,,,20.0,,,,17.0,,,,31.2,5.0,16.0,,2.0,,,26.0,9.0,17.0,,29.0,0,,1,4.0,,,,,0.0,,,1.0,0.0,14.0,,,6.69,6.85,Copa América,CONMEBOL,CONCACAF
SEL-COPA_AMERICA-2024-11886369,Ronda 2,2024-06-25,Chile,1,Argentina,0,1,,,3.0,3.0,0.0,0.0,0.0,,,,,,,,,,0.0,0.0,1.0,12.0,38.0,,7.0,39.0,76.9,273.0,355.0,,,19.0,,,,9.0,,,,,0.0,3.0,,6.0,,,22.0,13.0,9.0,,17.0,1,,0,8.0,,,,,1.0,,1.0,2.0,,12.0,,,,,22.0,9.0,7.0,6.0,2.0,,,,,,,,,,5.0,11.0,1.0,11.0,50.0,,31.0,61.0,87.5,482.0,551.0,,,14.0,,,,12.0,,,,33.3,5.0,15.0,,8.0,,,24.0,19.0,5.0,,7.0,0,,1,3.0,,,,,1.0,,0.0,0.0,,9.0,,,6.84,7.31,Copa América,CONMEBOL,CONMEBOL
SEL-COPA_AMERICA-2024-11886367,Ronda 2,2024-06-26,Ecuador,1,Jamaica,3,1,,,24.0,4.0,8.0,12.0,0.0,,,,,,,,,,4.0,7.0,2.0,7.0,42.0,,27.0,45.0,76.4,210.0,275.0,,,29.0,,,,15.0,,,,35.3,6.0,17.0,,12.0,,,19.0,10.0,9.0,,24.0,1,,0,2.0,,,,,,,,0.0,,8.0,,,,,7.0,4.0,1.0,2.0,0.0,,,,,,,,,,2.0,8.0,0.0,6.0,41.0,,15.0,55.0,76.8,255.0,332.0,,,19.0,,,,8.0,,,,19.0,4.0,21.0,,11.0,,,14.0,9.0,5.0,,23.0,3,,0,1.0,,,,,,,,4.0,,18.0,,,7.12,6.59,Copa América,CONMEBOL,CONCACAF
SEL-COPA_AMERICA-2024-11886387,Ronda 2,2024-06-26,Venezuela,1,México,1,0,,,10.0,2.0,4.0,4.0,1.0,,,,,,,,,,1.0,2.0,4.0,9.0,57.0,,12.0,39.0,72.6,233.0,321.0,,,19.0,,,,11.0,,,,,0.0,4.0,,15.0,,,26.0,19.0,7.0,,45.0,0,,1,5.0,,,1.0,,2.0,,,2.0,,7.0,,,,,18.0,5.0,5.0,8.0,0.0,,,,,,,,,,5.0,7.0,2.0,9.0,67.0,,45.0,61.0,81.2,397.0,489.0,,,25.0,,,,6.0,,,,16.7,4.0,24.0,,6.0,,,16.0,10.0,6.0,,12.0,1,,0,1.0,,,0.0,,0.0,,,2.0,,12.0,,,7.38,6.78,Copa América,CONMEBOL,CONCACAF
SEL-COPA_AMERICA-2024-11886372,Ronda 2,2024-06-27,Panamá,1,USA,2,1,,,13.0,4.0,2.0,7.0,0.0,,,,,,,,,,1.0,3.0,2.0,8.0,68.0,,27.0,74.0,86.1,465.0,540.0,,,23.0,,,,4.0,,,,28.6,6.0,21.0,,4.0,,,6.0,3.0,3.0,,17.0,1,,0,2.0,,,,,1.0,,,3.0,1.0,19.0,,,,,6.0,3.0,3.0,0.0,1.0,,,,,,,,,,1.0,0.0,3.0,3.0,46.0,,13.0,26.0,59.4,114.0,192.0,,,15.0,,,,18.0,,,,44.4,4.0,9.0,,7.0,,,7.0,5.0,2.0,,17.0,2,,0,2.0,,,,,1.0,,,2.0,1.0,4.0,,,6.88,6.48,Copa América,CONCACAF,CONCACAF
SEL-COPA_AMERICA-2024-11886378,Ronda 2,2024-06-27,Uruguay,1,Bolivia,5,0,,,18.0,9.0,4.0,5.0,1.0,,,,,,,,,,8.0,4.0,3.0,16.0,68.0,,43.0,60.0,85.2,413.0,485.0,,,37.0,,,,13.0,,,,36.8,7.0,19.0,,7.0,,,35.0,27.0,8.0,,8.0,0,,1,1.0,,,,,,,,0.0,,12.0,,,,,4.0,1.0,2.0,1.0,0.0,,,,,,,,,,0.0,3.0,0.0,7.0,30.0,,4.0,40.0,81.3,269.0,331.0,,,17.0,,,,10.0,,,,37.5,3.0,8.0,,8.0,,,23.0,13.0,10.0,,20.0,5,,0,4.0,,,,,,,,1.0,,14.0,,,7.83,6.31,Copa América,CONMEBOL,CONMEBOL
SEL-COPA_AMERICA-2024-11886362,Ronda 2,2024-06-28,Colombia,1,Costa Rica,3,0,,,17.0,5.0,6.0,6.0,0.0,,,,,,,,,,3.0,4.0,2.0,8.0,46.0,,29.0,64.0,87.5,464.0,530.0,,,33.0,,,,13.0,,,,71.4,10.0,14.0,,5.0,,,19.0,13.0,6.0,,9.0,0,,1,0.0,,,,,0.0,,,2.0,,19.0,,,,,5.0,0.0,4.0,1.0,0.0,,,,,,,,,,0.0,2.0,1.0,7.0,49.0,,5.0,36.0,78.1,235.0,301.0,,,26.0,,,,18.0,,,,,0.0,6.0,,7.0,,,25.0,15.0,10.0,,15.0,3,,0,2.0,,,,,1.0,,,1.0,,14.0,,,7.39,6.54,Copa América,CONMEBOL,CONCACAF
SEL-COPA_AMERICA-2024-11886398,Ronda 2,2024-06-28,Paraguay,1,Brasil,1,4,,,15.0,6.0,7.0,2.0,0.0,,,,,,,,,,2.0,4.0,1.0,5.0,41.0,,13.0,45.0,84.7,331.0,391.0,,,18.0,,,,13.0,,,,23.1,3.0,13.0,,9.0,,,31.0,19.0,12.0,,14.0,4,,0,2.0,,,,,,,1.0,2.0,1.0,12.0,,,,,17.0,6.0,8.0,3.0,1.0,,,,,,,,,,5.0,6.0,0.0,13.0,51.0,,27.0,55.0,85.5,407.0,476.0,,,11.0,,,,10.0,,,,27.3,3.0,11.0,,6.0,,,19.0,10.0,9.0,,14.0,1,,0,5.0,,,,,,,0.0,3.0,0.0,13.0,,,6.49,7.09,Copa América,CONMEBOL,CONMEBOL
SEL-COPA_AMERICA-2024-11886396,Ronda 3,2024-06-29,Argentina,1,Perú,2,0,,,12.0,6.0,4.0,2.0,1.0,,,,,,,,,,4.0,6.0,3.0,4.0,44.0,,21.0,74.0,89.5,561.0,627.0,,,26.0,,,,17.0,,,,30.0,3.0,10.0,,7.0,,,17.0,12.0,5.0,,14.0,0,,1,1.0,,,,,0.0,,,1.0,,11.0,,,,,6.0,1.0,3.0,2.0,1.0,,,,,,,,,,0.0,3.0,1.0,3.0,32.0,,12.0,26.0,71.8,150.0,209.0,,,13.0,,,,11.0,,,,46.2,6.0,13.0,,11.0,,,13.0,10.0,3.0,,6.0,2,,0,4.0,,,,,1.0,,,5.0,,20.0,,,7.26,6.59,Copa América,CONMEBOL,CONMEBOL
SEL-COPA_AMERICA-2024-11886368,Ronda 3,2024-06-29,Canadá,1,Chile,0,0,,,9.0,3.0,3.0,3.0,0.0,,,,,,,,,,2.0,8.0,2.0,8.0,47.0,,28.0,57.0,82.6,342.0,414.0,,,14.0,,,,8.0,,,,9.5,2.0,21.0,,10.0,,,21.0,10.0,11.0,,30.0,0,,1,4.0,,,,,1.0,,0.0,5.0,0.0,15.0,,,,,8.0,4.0,2.0,2.0,0.0,,,,,,,,,,1.0,4.0,1.0,13.0,53.0,,19.0,43.0,71.9,223.0,310.0,,,29.0,,,,13.0,,,,25.0,4.0,16.0,,5.0,,,26.0,16.0,10.0,,28.0,0,,1,3.0,,,,,0.0,,3.0,2.0,1.0,8.0,,,7.02,6.94,Copa América,CONCACAF,CONMEBOL
SEL-COPA_AMERICA-2024-11886370,Ronda 3,2024-06-30,Jamaica,1,Venezuela,0,3,,,8.0,1.0,6.0,1.0,0.0,,,,,,,,,,0.0,6.0,0.0,9.0,30.0,,10.0,48.0,82.9,287.0,346.0,,,24.0,,,,12.0,,,,21.4,3.0,14.0,,8.0,,,11.0,8.0,3.0,,25.0,3,,0,0.0,,,,,2.0,,0.0,1.0,,4.0,,,,,17.0,3.0,9.0,5.0,0.0,,,,,,,,,,3.0,9.0,1.0,5.0,51.0,,31.0,52.0,85.6,320.0,374.0,,,15.0,,,,4.0,,,,11.1,3.0,27.0,,8.0,,,20.0,13.0,7.0,,14.0,0,,1,1.0,,,,,0.0,,3.0,1.0,,12.0,,,6.63,7.25,Copa América,CONCACAF,CONMEBOL
SEL-COPA_AMERICA-2024-11886364,Ronda 3,2024-06-30,México,1,Ecuador,0,0,,,20.0,4.0,7.0,9.0,1.0,,,,,,,,,,2.0,5.0,2.0,11.0,58.0,,39.0,60.0,80.3,318.0,396.0,,,17.0,,,,12.0,,,,28.0,7.0,25.0,,9.0,,,27.0,11.0,16.0,,23.0,0,,1,3.0,,,,,1.0,,1.0,5.0,,16.0,,,,,9.0,3.0,3.0,3.0,0.0,,,,,,,,,,0.0,2.0,2.0,6.0,44.0,,19.0,40.0,72.1,199.0,276.0,,,22.0,,,,16.0,,,,27.3,3.0,11.0,,7.0,,,28.0,17.0,11.0,,37.0,0,,1,4.0,,,,,2.0,,0.0,2.0,,12.0,,,6.99,7.0,Copa América,CONCACAF,CONMEBOL
SEL-COPA_AMERICA-2024-11886397,Ronda 3,2024-07-01,Bolivia,1,Panamá,1,3,,,7.0,4.0,2.0,1.0,0.0,,,,,,,,,,2.0,2.0,4.0,6.0,40.0,,11.0,51.0,83.4,373.0,447.0,,,21.0,,,,7.0,,,,33.3,2.0,6.0,,7.0,,,15.0,10.0,5.0,,21.0,3,,0,3.0,,,,,1.0,,2.0,2.0,,17.0,,,,,13.0,6.0,5.0,2.0,0.0,,,,,,,,,,2.0,1.0,0.0,14.0,59.0,,24.0,49.0,82.2,336.0,409.0,,,39.0,,,,16.0,,,,15.8,3.0,19.0,,10.0,,,15.0,10.0,5.0,,12.0,1,,0,2.0,,,,,0.0,,1.0,1.0,,8.0,,,6.59,7.14,Copa América,CONMEBOL,CONCACAF
SEL-COPA_AMERICA-2024-11886376,Ronda 3,2024-07-01,USA,1,Uruguay,0,1,,,8.0,3.0,2.0,3.0,0.0,,,,,,,,,,1.0,2.0,1.0,9.0,65.0,,17.0,50.0,73.2,230.0,314.0,,,14.0,,,,10.0,,,,,0.0,9.0,,6.0,,,15.0,6.0,9.0,,20.0,1,,0,4.0,,,,,,,,2.0,,12.0,,,,,12.0,5.0,5.0,2.0,0.0,,,,,,,,,,3.0,3.0,0.0,8.0,47.0,,17.0,50.0,72.1,227.0,315.0,,,24.0,,,,12.0,,,,29.4,5.0,17.0,,11.0,,,19.0,13.0,6.0,,20.0,0,,1,2.0,,,,,,,,1.0,,12.0,,,6.65,7.08,Copa América,CONCACAF,CONMEBOL
SEL-COPA_AMERICA-2024-11886385,Ronda 3,2024-07-02,Brasil,1,Colombia,1,1,,,7.0,3.0,2.0,2.0,0.0,,,,,,,,,,0.0,6.0,1.0,7.0,32.0,,22.0,51.0,81.3,343.0,422.0,,,31.0,,,,19.0,,,,10.0,1.0,10.0,,10.0,,,29.0,21.0,8.0,,17.0,1,,0,5.0,,,,,,,0.0,3.0,,14.0,,,,,13.0,6.0,6.0,1.0,1.0,,,,,,,,,,3.0,5.0,2.0,10.0,48.0,,18.0,49.0,84.0,337.0,401.0,,,8.0,,,,13.0,,,,25.0,4.0,16.0,,7.0,,,22.0,15.0,7.0,,16.0,1,,0,2.0,,,,,,,1.0,2.0,,19.0,,,6.92,6.92,Copa América,CONMEBOL,CONMEBOL
SEL-COPA_AMERICA-2024-11886395,Ronda 3,2024-07-02,Costa Rica,1,Paraguay,2,1,,,2.0,2.0,0.0,0.0,0.0,,,,,,,,,,1.0,1.0,5.0,5.0,45.0,,4.0,33.0,67.2,172.0,256.0,,,20.0,,,,15.0,,,,66.7,2.0,3.0,,8.0,,,16.0,8.0,8.0,,29.0,1,,0,5.0,,,,,2.0,,,3.0,,11.0,,,,,17.0,6.0,6.0,5.0,0.0,,,,,,,,,,1.0,6.0,1.0,9.0,68.0,,17.0,67.0,84.1,435.0,517.0,,,25.0,,,,10.0,,,,36.8,7.0,19.0,,16.0,,,13.0,8.0,5.0,,11.0,2,,0,0.0,,,,,0.0,,,3.0,,17.0,,,6.95,6.88,Copa América,CONCACAF,CONMEBOL
SEL-ELIMINATORIAS-2022-9015896,Ronda 1,2020-10-08,Paraguay,1,Perú,2,2,,,12.0,6.0,5.0,1.0,0.0,,,,,,,,,,1.0,3.0,1.0,12.0,61.0,,,60.0,82.2,393.0,478.0,,,29.0,,,,16.0,,,,38.1,8.0,21.0,,10.0,,,21.0,14.0,7.0,,7.0,2,,0,2.0,,,,,,,,3.0,,16.0,,,,,10.0,4.0,5.0,1.0,0.0,,,,,,,,,,1.0,3.0,2.0,4.0,50.0,,,40.0,72.4,234.0,323.0,,,27.0,,,,16.0,,,,18.2,2.0,11.0,,7.0,,,14.0,8.0,6.0,,14.0,2,,0,4.0,,,,,,,,1.0,,16.0,,,6.95,6.62,CONMEBOL Eliminatorias,CONMEBOL,CONMEBOL
SEL-ELIMINATORIAS-2022-9015895,Ronda 1,2020-10-08,Uruguay,1,Chile,2,1,,,9.0,2.0,4.0,3.0,1.0,,,,,,,,,,1.0,5.0,0.0,15.0,73.0,,,51.0,75.7,362.0,478.0,,,35.0,,,,18.0,,,,6.7,1.0,15.0,,17.0,,,14.0,7.0,7.0,,5.0,1,,0,2.0,,,,,,,,3.0,,13.0,,,,,6.0,3.0,2.0,1.0,0.0,,,,,,,,,,1.0,3.0,2.0,8.0,47.0,,,49.0,79.6,364.0,457.0,,,12.0,,,,13.0,,,,7.1,1.0,14.0,,15.0,,,11.0,7.0,4.0,,21.0,2,,0,0.0,,,,,,,,2.0,,20.0,,,6.9,6.62,CONMEBOL Eliminatorias,CONMEBOL,CONMEBOL
SEL-ELIMINATORIAS-2022-8899381,Ronda 1,2020-10-08,Argentina,1,Ecuador,1,0,,,8.0,2.0,2.0,4.0,0.0,,,,,,,,,,2.0,6.0,,8.0,57.0,,,58.0,82.4,451.0,547.0,,,31.0,,,,18.0,,,,16.7,2.0,12.0,,15.0,,,13.0,10.0,3.0,,12.0,0,,1,0.0,,,,,,,,2.0,,14.0,,,,,4.0,0.0,4.0,0.0,0.0,,,,,,,,,,0.0,1.0,,9.0,42.0,,,42.0,80.8,323.0,400.0,,,23.0,,,,14.0,,,,25.0,2.0,8.0,,14.0,,,23.0,18.0,5.0,,13.0,1,,0,1.0,,,,,,,,1.0,,19.0,,,6.87,6.72,CONMEBOL Eliminatorias,CONMEBOL,CONMEBOL
SEL-ELIMINATORIAS-2022-9015898,Ronda 1,2020-10-09,Colombia,1,Venezuela,3,0,,,8.0,6.0,1.0,1.0,1.0,,,,,,,,,,2.0,2.0,0.0,11.0,54.0,,,58.0,91.9,521.0,567.0,,,25.0,,,,13.0,,,,8.3,1.0,12.0,,9.0,,,17.0,9.0,8.0,,17.0,0,,1,3.0,,,,,,,,0.0,,21.0,,,,,11.0,3.0,3.0,5.0,1.0,,,,,,,,,,0.0,5.0,2.0,11.0,53.0,,,42.0,86.1,353.0,410.0,,,27.0,,,,20.0,,,,28.6,4.0,14.0,,10.0,,,8.0,5.0,3.0,,10.0,3,,0,3.0,,,,,,,,3.0,,13.0,,,7.27,6.38,CONMEBOL Eliminatorias,CONMEBOL,CONMEBOL
SEL-ELIMINATORIAS-2022-9015897,Ronda 1,2020-10-09,Brasil,1,Bolivia,5,0,,,20.0,9.0,8.0,3.0,0.0,,,,,,,,,,8.0,8.0,3.0,31.0,83.0,,,69.0,88.2,581.0,659.0,,,31.0,,,,7.0,,,,31.8,7.0,22.0,,10.0,,,12.0,7.0,5.0,,10.0,0,,1,1.0,,,,,,,,1.0,,13.0,,,,,3.0,1.0,0.0,2.0,0.0,,,,,,,,,,0.0,2.0,1.0,5.0,45.0,,,31.0,69.5,207.0,298.0,,,18.0,,,,11.0,,,,,0.0,6.0,,20.0,,,19.0,9.0,10.0,,24.0,5,,0,5.0,,,,,,,,4.0,,8.0,,,7.78,6.02,CONMEBOL Eliminatorias,CONMEBOL,CONMEBOL
SEL-ELIMINATORIAS-2022-9015915,Ronda 2,2020-10-13,Bolivia,1,Argentina,1,2,,,10.0,3.0,7.0,0.0,0.0,,,,,,,,,,1.0,3.0,1.0,6.0,74.0,,,57.0,82.3,373.0,453.0,,,40.0,,,,9.0,,,,28.6,4.0,14.0,,15.0,,,15.0,10.0,5.0,,17.0,2,,0,1.0,,,,,,,,4.0,,15.0,,,,,16.0,3.0,9.0,4.0,1.0,,,,,,,,,,0.0,7.0,0.0,16.0,57.0,,,43.0,76.1,255.0,335.0,,,19.0,,,,14.0,,,,11.8,2.0,17.0,,12.0,,,14.0,10.0,4.0,,10.0,1,,0,2.0,,,,,,,,4.0,,11.0,,,6.69,6.97,CONMEBOL Eliminatorias,CONMEBOL,CONMEBOL
SEL-ELIMINATORIAS-2022-8899396,Ronda 2,2020-10-13,Ecuador,1,Uruguay,4,2,,,17.0,7.0,8.0,2.0,0.0,,,,,,,,,,6.0,6.0,2.0,9.0,50.0,,,51.0,80.7,310.0,384.0,,,21.0,,,,9.0,,,,53.8,7.0,13.0,,14.0,,,12.0,9.0,3.0,,26.0,2,,0,0.0,,,,,,,,2.0,,12.0,,,,,6.0,2.0,3.0,1.0,0.0,,,,,,,,,,2.0,1.0,2.0,10.0,60.0,,,49.0,79.2,289.0,365.0,,,17.0,,,,10.0,,,,5.3,1.0,19.0,,13.0,,,11.0,4.0,7.0,,9.0,4,,0,3.0,,,,,,,,0.0,,11.0,,,6.88,6.53,CONMEBOL Eliminatorias,CONMEBOL,CONMEBOL
SEL-ELIMINATORIAS-2022-9015909,Ronda 2,2020-10-13,Venezuela,1,Paraguay,0,1,,,10.0,2.0,5.0,3.0,1.0,,,,,,,,,,1.0,6.0,0.0,7.0,30.0,,,33.0,77.4,212.0,274.0,,,28.0,,,,14.0,,,,15.4,2.0,13.0,,13.0,,,16.0,8.0,8.0,,20.0,1,,0,2.0,,,,,,,,3.0,,17.0,,,,,8.0,3.0,4.0,1.0,1.0,,,,,,,,,,1.0,6.0,2.0,6.0,60.0,,,67.0,88.8,502.0,565.0,,,23.0,,,,16.0,,,,13.0,3.0,23.0,,9.0,,,20.0,17.0,3.0,,10.0,0,,1,2.0,,,,,,,,3.0,,14.0,,,6.77,7.16,CONMEBOL Eliminatorias,CONMEBOL,CONMEBOL
SEL-ELIMINATORIAS-2022-9015926,Ronda 2,2020-10-13,Perú,1,Brasil,2,4,,,7.0,6.0,0.0,1.0,0.0,,,,,,,,,,0.0,1.0,3.0,5.0,34.0,,,34.0,75.6,198.0,262.0,,,19.0,,,,15.0,,,,7.7,1.0,13.0,,15.0,,,18.0,8.0,10.0,,18.0,4,,0,5.0,,,,,,,,2.0,2.0,22.0,,,,,13.0,9.0,2.0,2.0,1.0,,,,,,,,,,7.0,2.0,3.0,14.0,46.0,,,66.0,88.2,447.0,507.0,,,21.0,,,,20.0,,,,23.1,3.0,13.0,,5.0,,,17.0,10.0,7.0,,17.0,2,,0,4.0,,,,,,,,0.0,0.0,15.0,,,6.34,7.01,CONMEBOL Eliminatorias,CONMEBOL,CONMEBOL
SEL-ELIMINATORIAS-2022-9015912,Ronda 2,2020-10-13,Chile,1,Colombia,2,2,,,6.0,3.0,3.0,0.0,0.0,,,,,,,,,,3.0,1.0,2.0,5.0,41.0,,,46.0,79.1,276.0,349.0,,,29.0,,,,17.0,,,,30.0,3.0,10.0,,17.0,,,19.0,11.0,8.0,,15.0,2,,0,2.0,,,,,,,,5.0,,16.0,,,,,10.0,4.0,5.0,1.0,0.0,,,,,,,,,,2.0,4.0,1.0,13.0,50.0,,,54.0,79.9,318.0,398.0,,,23.0,,,,16.0,,,,22.7,5.0,22.0,,7.0,,,12.0,6.0,6.0,,8.0,2,,0,1.0,,,,,,,,2.0,,18.0,,,6.76,6.74,CONMEBOL Eliminatorias,CONMEBOL,CONMEBOL
SEL-ELIMINATORIAS-2022-8545973,Ronda 3,2020-11-12,Bolivia,1,Ecuador,2,3,,,18.0,6.0,7.0,5.0,0.0,,,,,,,,,,0.0,4.0,1.0,8.0,57.0,,,38.0,74.9,188.0,251.0,,,20.0,,,,10.0,,,,41.7,5.0,12.0,,7.0,,,20.0,15.0,5.0,,9.0,3,,0,3.0,,,,,,,,2.0,,12.0,,,,,12.0,6.0,4.0,2.0,0.0,,,,,,,,,,5.0,6.0,2.0,4.0,47.0,,,62.0,86.6,362.0,418.0,,,36.0,,,,11.0,,,,22.2,4.0,18.0,,11.0,,,11.0,5.0,6.0,,10.0,2,,0,4.0,,,,,,,,2.0,,10.0,,,6.77,6.77,CONMEBOL Eliminatorias,CONMEBOL,CONMEBOL
SEL-ELIMINATORIAS-2022-8545976,Ronda 3,2020-11-12,Argentina,1,Paraguay,1,1,,,15.0,5.0,6.0,4.0,1.0,,,,,,,,,,1.0,7.0,1.0,7.0,71.0,,,69.0,86.4,540.0,625.0,,,29.0,,,,16.0,,,,28.6,6.0,21.0,,13.0,,,18.0,12.0,6.0,,3.0,1,,0,1.0,,,,,,,,2.0,,11.0,,,,,6.0,2.0,3.0,1.0,0.0,,,,,,,,,,2.0,2.0,1.0,6.0,28.0,,,31.0,74.7,218.0,292.0,,,19.0,,,,9.0,,,,40.0,2.0,5.0,,21.0,,,23.0,16.0,7.0,,16.0,1,,0,4.0,,,,,,,,4.0,,16.0,,,6.86,6.84,CONMEBOL Eliminatorias,CONMEBOL,CONMEBOL
SEL-ELIMINATORIAS-2022-8545975,Ronda 3,2020-11-13,Colombia,1,Uruguay,0,3,,,11.0,2.0,6.0,3.0,0.0,,,,,,,,,,0.0,6.0,1.0,11.0,57.0,,,63.0,81.3,396.0,487.0,,,36.0,,,,18.0,,,,14.3,4.0,28.0,,6.0,,,6.0,1.0,5.0,,8.0,3,,0,1.0,,,,,,,,5.0,1.0,17.0,,,,,6.0,4.0,1.0,1.0,0.0,,,,,,,,,,1.0,1.0,1.0,7.0,58.0,,,37.0,72.4,218.0,301.0,,,23.0,,,,16.0,,,,,0.0,7.0,,14.0,,,23.0,14.0,9.0,,31.0,0,,1,2.0,,,,,,,,1.0,0.0,18.0,,,6.44,7.15,CONMEBOL Eliminatorias,CONMEBOL,CONMEBOL
SEL-ELIMINATORIAS-2022-8545972,Ronda 3,2020-11-13,Chile,1,Perú,2,0,,,10.0,5.0,0.0,5.0,0.0,,,,,,,,,,2.0,2.0,0.0,7.0,62.0,,,49.0,82.5,325.0,394.0,,,30.0,,,,15.0,,,,20.0,2.0,10.0,,9.0,,,14.0,8.0,6.0,,29.0,0,,1,4.0,,,,,,,,2.0,,13.0,,,,,8.0,4.0,2.0,2.0,0.0,,,,,,,,,,2.0,7.0,3.0,10.0,62.0,,,51.0,82.4,332.0,403.0,,,27.0,,,,12.0,,,,14.3,3.0,21.0,,7.0,,,14.0,10.0,4.0,,11.0,2,,0,3.0,,,,,,,,2.0,,16.0,,,7.18,6.59,CONMEBOL Eliminatorias,CONMEBOL,CONMEBOL
SEL-ELIMINATORIAS-2022-8545974,Ronda 3,2020-11-13,Brasil,1,Venezuela,1,0,,,11.0,3.0,6.0,2.0,0.0,,,,,,,,,,3.0,7.0,3.0,7.0,82.0,,,74.0,88.9,554.0,623.0,,,19.0,,,,11.0,,,,25.8,8.0,31.0,,11.0,,,13.0,12.0,1.0,,5.0,0,,1,1.0,,,,,,,,1.0,,13.0,,,,,4.0,1.0,2.0,1.0,0.0,,,,,,,,,,0.0,2.0,0.0,3.0,34.0,,,26.0,68.6,153.0,223.0,,,29.0,,,,12.0,,,,16.7,1.0,6.0,,10.0,,,15.0,9.0,6.0,,22.0,1,,0,2.0,,,,,,,,3.0,,12.0,,,7.07,6.67,CONMEBOL Eliminatorias,CONMEBOL,CONMEBOL
SEL-ELIMINATORIAS-2022-8545981,Ronda 4,2020-11-17,Ecuador,1,Colombia,6,1,,,14.0,9.0,4.0,1.0,0.0,,,,,,,,,,2.0,5.0,2.0,10.0,39.0,,,53.0,82.9,271.0,327.0,,,34.0,,,,16.0,,,,6.2,1.0,16.0,,10.0,,,10.0,9.0,1.0,,8.0,1,,0,1.0,,,,,,,,5.0,1.0,17.0,,,,,10.0,2.0,4.0,4.0,0.0,,,,,,,,,,1.0,4.0,1.0,4.0,35.0,,,47.0,74.5,213.0,286.0,,,27.0,,,,17.0,,,,15.4,2.0,13.0,,8.0,,,11.0,8.0,3.0,,10.0,6,,0,3.0,,,,,,,,5.0,0.0,17.0,,,7.35,6.13,CONMEBOL Eliminatorias,CONMEBOL,CONMEBOL
SEL-ELIMINATORIAS-2022-8545979,Ronda 4,2020-11-17,Venezuela,1,Chile,2,1,,,14.0,5.0,5.0,4.0,0.0,,,,,,,,,,4.0,9.0,2.0,14.0,45.0,,,35.0,79.0,226.0,286.0,,,29.0,,,,4.0,,,,13.6,3.0,22.0,,11.0,,,10.0,10.0,0.0,,23.0,1,,0,0.0,,,,,,,,1.0,,10.0,,,,,11.0,1.0,6.0,4.0,0.0,,,,,,,,,,1.0,5.0,3.0,8.0,63.0,,,65.0,86.0,481.0,559.0,,,27.0,,,,10.0,,,,21.4,3.0,14.0,,13.0,,,23.0,16.0,7.0,,24.0,2,,0,3.0,,,,,,,,2.0,,6.0,,,6.93,6.86,CONMEBOL Eliminatorias,CONMEBOL,CONMEBOL
SEL-ELIMINATORIAS-2022-8545980,Ronda 4,2020-11-17,Paraguay,1,Bolivia,2,2,,,18.0,5.0,8.0,5.0,0.0,,,,,,,,,,1.0,7.0,2.0,13.0,64.0,,,76.0,86.1,496.0,576.0,,,43.0,,,,12.0,,,,32.0,8.0,25.0,,5.0,,,13.0,8.0,5.0,,9.0,2,,0,0.0,,,,,,,,2.0,,12.0,,,,,7.0,2.0,2.0,3.0,0.0,,,,,,,,,,0.0,3.0,1.0,4.0,42.0,,,24.0,46.9,82.0,175.0,,,13.0,,,,12.0,,,,8.3,1.0,12.0,,7.0,,,13.0,9.0,4.0,,15.0,2,,0,3.0,,,,,,,,3.0,,13.0,,,6.89,6.55,CONMEBOL Eliminatorias,CONMEBOL,CONMEBOL
SEL-ELIMINATORIAS-2022-8545978,Ronda 4,2020-11-17,Uruguay,1,Brasil,0,2,,,5.0,0.0,3.0,2.0,1.0,,,,,,,,,,0.0,6.0,2.0,6.0,60.0,,,41.0,75.6,291.0,385.0,,,26.0,,,,12.0,,,,18.8,3.0,16.0,,11.0,,,18.0,13.0,5.0,,13.0,2,,0,2.0,,,,,,,,4.0,1.0,16.0,,,,,6.0,4.0,1.0,1.0,0.0,,,,,,,,,,1.0,2.0,1.0,8.0,58.0,,,59.0,85.9,481.0,560.0,,,35.0,,,,15.0,,,,18.2,2.0,11.0,,16.0,,,9.0,6.0,3.0,,21.0,0,,1,0.0,,,,,,,,3.0,0.0,12.0,,,6.57,7.13,CONMEBOL Eliminatorias,CONMEBOL,CONMEBOL
SEL-ELIMINATORIAS-2022-8545977,Ronda 4,2020-11-17,Perú,1,Argentina,0,2,,,10.0,1.0,7.0,2.0,0.0,,,,,,,,,,2.0,3.0,3.0,15.0,51.0,,,53.0,84.7,415.0,490.0,,,21.0,,,,12.0,,,,33.3,6.0,18.0,,14.0,,,25.0,18.0,7.0,,6.0,2,,0,1.0,,,,,,,,3.0,,17.0,,,,,13.0,3.0,5.0,5.0,0.0,,,,,,,,,,2.0,6.0,1.0,10.0,40.0,,,47.0,81.7,365.0,447.0,,,36.0,,,,16.0,,,,46.2,6.0,13.0,,15.0,,,17.0,9.0,8.0,,18.0,0,,1,1.0,,,,,,,,3.0,,14.0,,,6.76,7.15,CONMEBOL Eliminatorias,CONMEBOL,CONMEBOL
SEL-ELIMINATORIAS-2022-9809980,Ronda 5,2021-10-10,Bolivia,1,Perú,1,0,,,21.0,4.0,10.0,7.0,0.0,,,,,,,,,,2.0,4.0,3.0,2.0,58.0,,,56.0,83.8,280.0,334.0,,,25.0,,,,11.0,,,,15.4,4.0,26.0,,6.0,,,9.0,6.0,3.0,,6.0,0,,1,5.0,,,,,,,,3.0,1.0,15.0,,,,,11.0,5.0,3.0,3.0,0.0,,,,,,,,,,0.0,3.0,1.0,2.0,36.0,,,44.0,79.6,215.0,270.0,,,23.0,,,,15.0,,,,20.0,2.0,10.0,,8.0,,,10.0,8.0,2.0,,14.0,1,,0,3.0,,,,,,,,2.0,0.0,12.0,,,6.92,6.82,CONMEBOL Eliminatorias,CONMEBOL,CONMEBOL
SEL-ELIMINATORIAS-2022-9809982,Ronda 5,2021-10-10,Venezuela,1,Ecuador,2,1,,,13.0,3.0,4.0,6.0,1.0,,,,,,,,,,1.0,6.0,2.0,6.0,32.0,,,42.0,78.3,213.0,272.0,,,15.0,,,,7.0,,,,25.0,5.0,20.0,,13.0,,,15.0,9.0,6.0,,9.0,1,,0,2.0,,,,,,,,4.0,,18.0,,,,,12.0,3.0,5.0,4.0,1.0,,,,,,,,,,3.0,7.0,2.0,6.0,41.0,,,58.0,80.9,309.0,382.0,,,25.0,,,,17.0,,,,47.1,8.0,17.0,,8.0,,,18.0,13.0,5.0,,8.0,2,,0,1.0,,,,,,,,2.0,,8.0,,,6.84,6.75,CONMEBOL Eliminatorias,CONMEBOL,CONMEBOL
SEL-ELIMINATORIAS-2022-9809984,Ronda 5,2021-10-10,Colombia,1,Brasil,0,0,,,12.0,4.0,6.0,2.0,0.0,,,,,,,,,,0.0,2.0,2.0,4.0,42.0,,,37.0,80.5,285.0,354.0,,,18.0,,,,9.0,,,,11.1,1.0,9.0,,12.0,,,16.0,10.0,6.0,,14.0,0,,1,4.0,,,,,,,,2.0,,19.0,,,,,9.0,4.0,4.0,1.0,0.0,,,,,,,,,,2.0,3.0,0.0,14.0,57.0,,,63.0,89.2,552.0,619.0,,,25.0,,,,18.0,,,,10.0,1.0,10.0,,9.0,,,22.0,12.0,10.0,,6.0,0,,1,4.0,,,,,,,,0.0,,9.0,,,6.81,7.15,CONMEBOL Eliminatorias,CONMEBOL,CONMEBOL
SEL-ELIMINATORIAS-2022-9809983,Ronda 5,2021-10-10,Argentina,1,Uruguay,3,0,,,23.0,10.0,10.0,3.0,1.0,,,,,,,,,,7.0,3.0,2.0,11.0,48.0,,,62.0,87.1,594.0,682.0,,,26.0,,,,5.0,,,,41.2,7.0,17.0,,4.0,,,19.0,8.0,11.0,,13.0,0,,1,6.0,,,,,,,,,,10.0,,,,,10.0,6.0,4.0,0.0,1.0,,,,,,,,,,1.0,1.0,0.0,9.0,42.0,,,38.0,79.1,329.0,416.0,,,26.0,,,,10.0,,,,22.2,2.0,9.0,,18.0,,,12.0,7.0,5.0,,13.0,3,,0,7.0,,,,,,,,,,5.0,,,7.71,6.56,CONMEBOL Eliminatorias,CONMEBOL,CONMEBOL
SEL-ELIMINATORIAS-2022-9809986,Ronda 5,2021-10-10,Chile,1,Paraguay,2,0,,,12.0,6.0,3.0,3.0,0.0,,,,,,,,,,2.0,5.0,4.0,9.0,78.0,,,61.0,79.9,362.0,453.0,,,32.0,,,,17.0,,,,12.5,2.0,16.0,,12.0,,,13.0,5.0,8.0,,9.0,0,,1,0.0,,,,,,,,4.0,1.0,13.0,,,,,5.0,0.0,4.0,1.0,0.0,,,,,,,,,,0.0,4.0,0.0,3.0,56.0,,,39.0,65.6,191.0,291.0,,,30.0,,,,13.0,,,,27.3,3.0,11.0,,17.0,,,10.0,4.0,6.0,,20.0,2,,0,5.0,,,,,,,,4.0,1.0,17.0,,,7.14,6.55,CONMEBOL Eliminatorias,CONMEBOL,CONMEBOL
SEL-ELIMINATORIAS-2022-9747221,Ronda 6,2021-09-05,Ecuador,1,Chile,0,0,,,11.0,4.0,4.0,3.0,0.0,,,,,,,,,,2.0,9.0,3.0,14.0,55.0,,,54.0,87.8,383.0,436.0,,,36.0,,,,18.0,,,,19.4,6.0,31.0,,12.0,,,8.0,2.0,6.0,,13.0,0,,1,3.0,,,,,,,,1.0,1.0,17.0,,,,,11.0,3.0,6.0,2.0,0.0,,,,,,,,,,3.0,6.0,3.0,8.0,51.0,,,46.0,84.1,323.0,384.0,,,22.0,,,,17.0,,,,27.8,5.0,18.0,,14.0,,,21.0,10.0,11.0,,26.0,0,,1,4.0,,,,,,,,3.0,0.0,20.0,,,6.9,7.14,CONMEBOL Eliminatorias,CONMEBOL,CONMEBOL
SEL-ELIMINATORIAS-2022-9722975,Ronda 6,2021-09-05,Paraguay,1,Colombia,1,1,,,7.0,3.0,3.0,1.0,0.0,,,,,,,,,,1.0,6.0,0.0,6.0,52.0,,,54.0,79.5,350.0,440.0,,,24.0,,,,3.0,,,,9.5,2.0,21.0,,6.0,,,21.0,9.0,12.0,,30.0,1,,0,6.0,,,,,,,,3.0,,17.0,,,,,20.0,7.0,4.0,9.0,1.0,,,,,,,,,,2.0,11.0,1.0,13.0,38.0,,,46.0,77.7,283.0,364.0,,,28.0,,,,16.0,,,,31.2,10.0,32.0,,11.0,,,17.0,9.0,8.0,,17.0,1,,0,2.0,,,,,,,,4.0,,4.0,,,6.94,6.96,CONMEBOL Eliminatorias,CONMEBOL,CONMEBOL
SEL-ELIMINATORIAS-2022-9722976,Ronda 6,2021-09-05,Uruguay,1,Bolivia,4,2,,,19.0,10.0,7.0,2.0,0.0,,,,,,,,,,6.0,7.0,2.0,14.0,45.0,,,55.0,84.0,409.0,487.0,,,30.0,,,,12.0,,,,20.0,4.0,20.0,,17.0,,,27.0,18.0,9.0,,13.0,2,,0,3.0,,,,,,,,0.0,,8.0,,,,,8.0,5.0,2.0,1.0,0.0,,,,,,,,,,2.0,0.0,0.0,16.0,37.0,,,45.0,79.4,323.0,407.0,,,22.0,,,,9.0,,,,28.6,4.0,14.0,,10.0,,,23.0,15.0,8.0,,13.0,4,,0,5.0,,,,,,,,2.0,,12.0,,,7.08,6.56,CONMEBOL Eliminatorias,CONMEBOL,CONMEBOL
SEL-ELIMINATORIAS-2022-9722977,Ronda 6,2021-09-05,Perú,1,Venezuela,1,0,,,13.0,5.0,4.0,4.0,0.0,,,,,,,,,,2.0,3.0,7.0,13.0,39.0,,,52.0,79.6,301.0,378.0,,,22.0,,,,22.0,,,,20.0,3.0,15.0,,14.0,,,26.0,19.0,7.0,,17.0,0,,1,3.0,,,,,,,,2.0,0.0,22.0,,,,,10.0,3.0,5.0,2.0,0.0,,,,,,,,,,0.0,3.0,0.0,10.0,42.0,,,48.0,78.1,278.0,356.0,,,33.0,,,,22.0,,,,28.6,4.0,14.0,,14.0,,,17.0,13.0,4.0,,12.0,1,,0,3.0,,,,,,,,3.0,1.0,23.0,,,7.08,6.57,CONMEBOL Eliminatorias,CONMEBOL,CONMEBOL
SEL-ELIMINATORIAS-2022-8545992,Ronda 7,2021-06-03,Bolivia,1,Venezuela,3,1,,,18.0,7.0,8.0,3.0,1.0,,,,,,,,,,1.0,6.0,2.0,16.0,49.0,,,53.0,84.6,335.0,396.0,,,22.0,,,,10.0,,,,36.4,8.0,22.0,,13.0,,,11.0,4.0,7.0,,7.0,1,,0,5.0,,,,,,,,3.0,,14.0,,,,,11.0,6.0,5.0,0.0,0.0,,,,,,,,,,1.0,2.0,1.0,17.0,43.0,,,47.0,83.1,301.0,362.0,,,39.0,,,,13.0,,,,,0.0,11.0,,9.0,,,11.0,5.0,6.0,,19.0,3,,0,5.0,,,,,,,,2.0,,11.0,,,7.2,6.69,CONMEBOL Eliminatorias,CONMEBOL,CONMEBOL
SEL-ELIMINATORIAS-2022-8545995,Ronda 7,2021-06-03,Uruguay,1,Paraguay,0,0,,,12.0,2.0,4.0,6.0,0.0,,,,,,,,,,3.0,1.0,1.0,7.0,83.0,,,57.0,74.5,380.0,510.0,,,29.0,,,,10.0,,,,10.0,2.0,20.0,,14.0,,,23.0,14.0,9.0,,11.0,0,,1,4.0,,,,,,,,3.0,,11.0,,,,,7.0,4.0,3.0,0.0,0.0,,,,,,,,,,0.0,3.0,3.0,7.0,50.0,,,43.0,67.9,260.0,383.0,,,22.0,,,,11.0,,,,18.8,3.0,16.0,,16.0,,,17.0,9.0,8.0,,20.0,0,,1,2.0,,,,,,,,1.0,,10.0,,,7.0,6.96,CONMEBOL Eliminatorias,CONMEBOL,CONMEBOL
SEL-ELIMINATORIAS-2022-8545996,Ronda 7,2021-06-03,Argentina,1,Chile,1,1,,,16.0,7.0,5.0,4.0,1.0,,,,,,,,,,1.0,3.0,1.0,18.0,53.0,,,54.0,87.3,480.0,550.0,,,19.0,,,,14.0,,,,20.0,2.0,10.0,,12.0,,,16.0,11.0,5.0,,4.0,1,,0,0.0,,,,,,,,2.0,,17.0,,,,,7.0,1.0,5.0,1.0,0.0,,,,,,,,,,1.0,4.0,1.0,2.0,47.0,,,46.0,84.4,394.0,467.0,,,23.0,,,,15.0,,,,28.6,2.0,7.0,,13.0,,,15.0,11.0,4.0,,9.0,1,,0,6.0,,,,,,,,2.0,,15.0,,,7.02,6.78,CONMEBOL Eliminatorias,CONMEBOL,CONMEBOL
SEL-ELIMINATORIAS-2022-8545994,Ronda 7,2021-06-03,Perú,1,Colombia,0,3,,,12.0,2.0,6.0,4.0,0.0,,,,,,,,,,0.0,5.0,0.0,7.0,48.0,,,49.0,89.7,426.0,475.0,,,26.0,,,,18.0,,,,25.0,5.0,20.0,,10.0,,,15.0,10.0,5.0,,17.0,3,,0,1.0,,,,,,,,5.0,1.0,13.0,,,,,11.0,4.0,4.0,3.0,0.0,,,,,,,,,,1.0,5.0,1.0,16.0,29.0,,,51.0,89.8,439.0,489.0,,,44.0,,,,13.0,,,,37.5,6.0,16.0,,9.0,,,18.0,10.0,8.0,,16.0,0,,1,2.0,,,,,,,,3.0,1.0,18.0,,,6.35,7.35,CONMEBOL Eliminatorias,CONMEBOL,CONMEBOL
SEL-ELIMINATORIAS-2022-8545993,Ronda 7,2021-06-04,Brasil,1,Ecuador,2,0,,,16.0,7.0,3.0,6.0,0.0,,,,,,,,,,4.0,4.0,4.0,7.0,49.0,,,66.0,86.3,504.0,584.0,,,18.0,,,,16.0,,,,23.5,4.0,17.0,,8.0,,,18.0,11.0,7.0,,11.0,0,,1,0.0,,,,,,,,2.0,,12.0,,,,,3.0,0.0,1.0,2.0,0.0,,,,,,,,,,0.0,3.0,1.0,9.0,29.0,,,34.0,79.1,238.0,301.0,,,19.0,,,,12.0,,,,,0.0,10.0,,15.0,,,13.0,9.0,4.0,,17.0,2,,0,5.0,,,,,,,,4.0,,16.0,,,7.18,6.59,CONMEBOL Eliminatorias,CONMEBOL,CONMEBOL
SEL-ELIMINATORIAS-2022-8545997,Ronda 8,2021-06-08,Ecuador,1,Perú,1,2,,,15.0,5.0,4.0,6.0,0.0,,,,,,,,,,2.0,8.0,,13.0,69.0,,,70.0,86.7,432.0,498.0,,,28.0,,,,16.0,,,,28.6,10.0,35.0,,5.0,,,14.0,10.0,4.0,,4.0,2,,0,1.0,,,,,,,,2.0,,10.0,,,,,8.0,3.0,4.0,1.0,0.0,,,,,,,,,,2.0,0.0,,2.0,28.0,,,30.0,75.1,175.0,233.0,,,18.0,,,,9.0,,,,,0.0,2.0,,9.0,,,15.0,12.0,3.0,,30.0,1,,0,4.0,,,,,,,,3.0,,17.0,,,6.71,6.84,CONMEBOL Eliminatorias,CONMEBOL,CONMEBOL
SEL-ELIMINATORIAS-2022-8546000,Ronda 8,2021-06-08,Venezuela,1,Uruguay,0,0,,,14.0,4.0,4.0,6.0,0.0,,,,,,,,,,0.0,4.0,3.0,10.0,44.0,,,44.0,79.4,286.0,360.0,,,26.0,,,,17.0,,,,25.0,3.0,12.0,,18.0,,,10.0,7.0,3.0,,19.0,0,,1,3.0,,,,,,,,3.0,,10.0,,,,,7.0,3.0,3.0,1.0,0.0,,,,,,,,,,1.0,7.0,1.0,8.0,64.0,,,56.0,81.6,373.0,457.0,,,19.0,,,,9.0,,,,16.7,3.0,18.0,,13.0,,,11.0,7.0,4.0,,8.0,0,,1,4.0,,,,,,,,1.0,,19.0,,,6.96,6.98,CONMEBOL Eliminatorias,CONMEBOL,CONMEBOL
SEL-ELIMINATORIAS-2022-8546001,Ronda 8,2021-06-08,Colombia,1,Argentina,2,2,,,12.0,5.0,3.0,4.0,0.0,,,,,,,,,,3.0,8.0,,7.0,47.0,,,48.0,86.2,275.0,319.0,,,16.0,,,,17.0,,,,30.8,8.0,26.0,,9.0,,,20.0,8.0,12.0,,9.0,2,,0,6.0,,,,,,,,5.0,,27.0,,,,,15.0,8.0,1.0,6.0,1.0,,,,,,,,,,1.0,4.0,,8.0,40.0,,,52.0,85.8,308.0,359.0,,,18.0,,,,24.0,,,,21.4,3.0,14.0,,5.0,,,12.0,9.0,3.0,,14.0,2,,0,3.0,,,,,,,,4.0,,18.0,,,6.8,6.85,CONMEBOL Eliminatorias,CONMEBOL,CONMEBOL
SEL-ELIMINATORIAS-2022-8545999,Ronda 8,2021-06-08,Paraguay,1,Brasil,0,2,,,10.0,3.0,5.0,2.0,0.0,,,,,,,,,,0.0,7.0,1.0,7.0,52.0,,,50.0,86.0,375.0,436.0,,,35.0,,,,10.0,,,,15.0,3.0,20.0,,13.0,,,15.0,9.0,6.0,,18.0,2,,0,2.0,,,,,,,,4.0,,20.0,,,,,13.0,4.0,6.0,3.0,0.0,,,,,,,,,,1.0,5.0,4.0,16.0,36.0,,,50.0,84.8,367.0,433.0,,,22.0,,,,20.0,,,,23.5,4.0,17.0,,5.0,,,4.0,3.0,1.0,,23.0,0,,1,3.0,,,,,,,,2.0,,10.0,,,6.69,7.16,CONMEBOL Eliminatorias,CONMEBOL,CONMEBOL
SEL-ELIMINATORIAS-2022-8545998,Ronda 8,2021-06-08,Chile,1,Bolivia,1,1,,,29.0,9.0,11.0,9.0,2.0,,,,,,,,,,4.0,13.0,2.0,2.0,53.0,,,77.0,88.6,519.0,586.0,,,36.0,,,,12.0,,,,27.5,11.0,40.0,,8.0,,,8.0,3.0,5.0,,7.0,1,,0,0.0,,,,,,,,2.0,,14.0,,,,,8.0,1.0,4.0,3.0,0.0,,,,,,,,,,1.0,0.0,0.0,2.0,31.0,,,23.0,60.8,107.0,176.0,,,18.0,,,,12.0,,,,28.6,2.0,7.0,,4.0,,,15.0,6.0,9.0,,40.0,1,,0,6.0,,,,,,,,4.0,,12.0,,,7.2,6.99,CONMEBOL Eliminatorias,CONMEBOL,CONMEBOL
SEL-ELIMINATORIAS-2022-8546004,Ronda 9,2021-09-02,Bolivia,1,Colombia,1,1,,,22.0,3.0,9.0,10.0,0.0,,,,,,,,,,0.0,7.0,1.0,11.0,76.0,,,57.0,85.7,366.0,427.0,,,25.0,,,,10.0,,,,6.7,2.0,30.0,,11.0,,,10.0,2.0,8.0,,3.0,1,,0,3.0,,,,,,,,4.0,1.0,16.0,,,,,11.0,4.0,4.0,3.0,0.0,,,,,,,,,,2.0,2.0,2.0,13.0,45.0,,,43.0,78.3,263.0,336.0,,,28.0,,,,14.0,,,,,0.0,6.0,,11.0,,,13.0,9.0,4.0,,29.0,1,,0,2.0,,,,,,,,1.0,0.0,10.0,,,6.79,6.88,CONMEBOL Eliminatorias,CONMEBOL,CONMEBOL
SEL-ELIMINATORIAS-2022-8546006,Ronda 9,2021-09-02,Ecuador,1,Paraguay,2,0,,,12.0,2.0,9.0,1.0,0.0,,,,,,,,,,2.0,5.0,5.0,19.0,61.0,,,64.0,82.7,373.0,451.0,,,38.0,,,,6.0,,,,28.6,4.0,14.0,,12.0,,,11.0,9.0,2.0,,9.0,0,,1,1.0,,,,,,,,3.0,,14.0,,,,,6.0,1.0,3.0,2.0,0.0,,,,,,,,,,0.0,1.0,0.0,2.0,61.0,,,36.0,65.6,166.0,253.0,,,26.0,,,,14.0,,,,18.2,2.0,11.0,,10.0,,,21.0,14.0,7.0,,17.0,2,,0,0.0,,,,,,,,2.0,,6.0,,,7.15,6.44,CONMEBOL Eliminatorias,CONMEBOL,CONMEBOL
SEL-ELIMINATORIAS-2022-8546002,Ronda 9,2021-09-02,Venezuela,1,Argentina,1,3,,,7.0,3.0,3.0,1.0,0.0,,,,,,,,,,1.0,4.0,2.0,8.0,27.0,,,27.0,74.0,162.0,219.0,,,16.0,,,,7.0,,,,10.0,1.0,10.0,,12.0,,,14.0,9.0,5.0,,20.0,3,,0,7.0,,,,,,,,2.0,1.0,11.0,,,,,17.0,10.0,5.0,2.0,1.0,,,,,,,,,,4.0,5.0,1.0,5.0,75.0,,,73.0,92.4,550.0,595.0,,,27.0,,,,11.0,,,,31.2,5.0,16.0,,11.0,,,17.0,11.0,6.0,,9.0,1,,0,2.0,,,,,,,,0.0,0.0,7.0,,,6.64,7.17,CONMEBOL Eliminatorias,CONMEBOL,CONMEBOL
SEL-ELIMINATORIAS-2022-8546005,Ronda 9,2021-09-02,Chile,1,Brasil,0,1,,,12.0,3.0,3.0,6.0,0.0,,,,,,,,,,0.0,2.0,3.0,12.0,85.0,,,61.0,84.1,485.0,577.0,,,39.0,,,,17.0,,,,15.4,2.0,13.0,,9.0,,,21.0,8.0,13.0,,11.0,1,,0,3.0,,,,,,,,4.0,,19.0,,,,,10.0,4.0,4.0,2.0,0.0,,,,,,,,,,3.0,3.0,1.0,11.0,46.0,,,39.0,77.3,289.0,374.0,,,22.0,,,,19.0,,,,28.6,2.0,7.0,,19.0,,,12.0,8.0,4.0,,13.0,0,,1,3.0,,,,,,,,4.0,,19.0,,,6.93,6.96,CONMEBOL Eliminatorias,CONMEBOL,CONMEBOL
SEL-ELIMINATORIAS-2022-8546003,Ronda 9,2021-09-02,Perú,1,Uruguay,1,1,,,10.0,2.0,6.0,2.0,0.0,,,,,,,,,,,7.0,1.0,11.0,58.0,,,65.0,83.5,532.0,637.0,,,25.0,,,,10.0,,,,31.2,5.0,16.0,,13.0,,,19.0,12.0,7.0,,9.0,1,,0,1.0,,,,,,,,0.0,,9.0,,,,,8.0,2.0,4.0,2.0,1.0,,,,,,,,,,,5.0,1.0,12.0,43.0,,,35.0,73.0,254.0,348.0,,,23.0,,,,9.0,,,,9.1,1.0,11.0,,18.0,,,13.0,7.0,6.0,,24.0,1,,0,1.0,,,,,,,,1.0,,11.0,,,6.95,6.78,CONMEBOL Eliminatorias,CONMEBOL,CONMEBOL
SEL-ELIMINATORIAS-2022-8546007,Ronda 10,2021-09-09,Paraguay,1,Venezuela,2,1,,,10.0,4.0,1.0,5.0,0.0,,,,,,,,,,1.0,3.0,0.0,22.0,50.0,,,48.0,81.9,366.0,447.0,,,18.0,,,,11.0,,,,16.7,3.0,18.0,,14.0,,,25.0,15.0,10.0,,10.0,1,,0,2.0,,,,,,,,2.0,,12.0,,,,,13.0,3.0,3.0,7.0,1.0,,,,,,,,,,2.0,2.0,1.0,23.0,64.0,,,52.0,81.5,400.0,491.0,,,27.0,,,,11.0,,,,31.2,5.0,16.0,,18.0,,,21.0,15.0,6.0,,10.0,2,,0,2.0,,,,,,,,1.0,,11.0,,,7.02,6.65,CONMEBOL Eliminatorias,CONMEBOL,CONMEBOL
SEL-ELIMINATORIAS-2022-8546010,Ronda 10,2021-09-09,Uruguay,1,Ecuador,1,0,,,9.0,1.0,3.0,5.0,1.0,,,,,,,,,,1.0,1.0,3.0,13.0,61.0,,,55.0,72.2,289.0,400.0,,,28.0,,,,15.0,,,,30.0,6.0,20.0,,11.0,,,26.0,14.0,12.0,,15.0,0,,1,2.0,,,,,,,,2.0,,11.0,,,,,7.0,2.0,3.0,2.0,0.0,,,,,,,,,,1.0,3.0,0.0,10.0,44.0,,,45.0,68.9,235.0,341.0,,,34.0,,,,11.0,,,,16.7,2.0,12.0,,10.0,,,26.0,19.0,7.0,,18.0,1,,0,0.0,,,,,,,,1.0,,16.0,,,7.08,6.65,CONMEBOL Eliminatorias,CONMEBOL,CONMEBOL
SEL-ELIMINATORIAS-2022-8546009,Ronda 10,2021-09-09,Colombia,1,Chile,3,1,,,8.0,4.0,3.0,1.0,1.0,,,,,,,,,,3.0,1.0,2.0,18.0,38.0,,,52.0,86.5,384.0,444.0,,,34.0,,,,19.0,,,,,0.0,7.0,,5.0,,,11.0,8.0,3.0,,14.0,1,,0,2.0,,,,,,,,1.0,,13.0,,,,,10.0,3.0,5.0,2.0,0.0,,,,,,,,,,1.0,4.0,0.0,9.0,41.0,,,48.0,87.4,346.0,396.0,,,22.0,,,,12.0,,,,5.9,1.0,17.0,,8.0,,,9.0,6.0,3.0,,9.0,3,,0,1.0,,,,,,,,3.0,,19.0,,,7.01,6.38,CONMEBOL Eliminatorias,CONMEBOL,CONMEBOL
SEL-ELIMINATORIAS-2022-8546011,Ronda 10,2021-09-09,Argentina,1,Bolivia,3,0,,,24.0,7.0,9.0,8.0,0.0,,,,,,,,,,4.0,8.0,4.0,14.0,58.0,,,71.0,88.6,561.0,633.0,,,27.0,,,,10.0,,,,25.0,4.0,16.0,,6.0,,,21.0,15.0,6.0,,9.0,0,,1,3.0,,,,,,,,0.0,,10.0,,,,,7.0,3.0,3.0,1.0,0.0,,,,,,,,,,0.0,2.0,4.0,3.0,35.0,,,29.0,74.2,190.0,256.0,,,20.0,,,,10.0,,,,30.0,3.0,10.0,,12.0,,,18.0,12.0,6.0,,14.0,3,,0,4.0,,,,,,,,3.0,,11.0,,,7.46,6.35,CONMEBOL Eliminatorias,CONMEBOL,CONMEBOL
SEL-ELIMINATORIAS-2022-8546008,Ronda 10,2021-09-09,Brasil,1,Perú,2,0,,,10.0,4.0,4.0,2.0,0.0,,,,,,,,,,5.0,2.0,2.0,15.0,53.0,,,58.0,87.4,518.0,593.0,,,26.0,,,,11.0,,,,27.3,3.0,11.0,,13.0,,,24.0,12.0,12.0,,13.0,0,,1,1.0,,,,,,,,4.0,,17.0,,,,,12.0,1.0,8.0,3.0,0.0,,,,,,,,,,0.0,5.0,1.0,12.0,33.0,,,42.0,86.8,362.0,417.0,,,20.0,,,,16.0,,,,7.7,1.0,13.0,,9.0,,,14.0,11.0,3.0,,12.0,2,,0,2.0,,,,,,,,5.0,,12.0,,,7.32,6.43,CONMEBOL Eliminatorias,CONMEBOL,CONMEBOL
SEL-ELIMINATORIAS-2022-8546012,Ronda 11,2021-10-07,Paraguay,1,Argentina,0,0,,,10.0,3.0,5.0,2.0,0.0,,,,,,,,,,1.0,3.0,1.0,6.0,44.0,,,31.0,75.0,183.0,244.0,,,17.0,,,,9.0,,,,25.0,4.0,16.0,,4.0,,,14.0,9.0,5.0,,28.0,0,,1,8.0,,,,,,,,2.0,,20.0,,,,,14.0,8.0,4.0,2.0,0.0,,,,,,,,,,4.0,6.0,2.0,14.0,45.0,,,69.0,89.5,521.0,582.0,,,32.0,,,,19.0,,,,15.8,3.0,19.0,,11.0,,,10.0,7.0,3.0,,8.0,0,,1,3.0,,,,,,,,0.0,,9.0,,,7.1,7.06,CONMEBOL Eliminatorias,CONMEBOL,CONMEBOL
SEL-ELIMINATORIAS-2022-8546013,Ronda 11,2021-10-07,Uruguay,1,Colombia,0,0,,,15.0,3.0,8.0,4.0,0.0,,,,,,,,,,1.0,4.0,2.0,9.0,51.0,,,49.0,78.3,296.0,378.0,,,17.0,,,,13.0,,,,20.0,4.0,20.0,,13.0,,,19.0,13.0,6.0,,15.0,0,,1,3.0,,,,,,,,1.0,,8.0,,,,,7.0,3.0,2.0,2.0,0.0,,,,,,,,,,1.0,3.0,2.0,14.0,49.0,,,51.0,74.9,299.0,399.0,,,29.0,,,,8.0,,,,25.0,4.0,16.0,,9.0,,,13.0,9.0,4.0,,27.0,0,,1,3.0,,,,,,,,3.0,,15.0,,,6.97,6.94,CONMEBOL Eliminatorias,CONMEBOL,CONMEBOL
SEL-ELIMINATORIAS-2022-8546015,Ronda 11,2021-10-07,Venezuela,1,Brasil,1,3,,,9.0,4.0,4.0,1.0,0.0,,,,,,,,,,0.0,3.0,2.0,11.0,35.0,,,33.0,81.4,223.0,274.0,,,16.0,,,,6.0,,,,40.0,4.0,10.0,,15.0,,,8.0,5.0,3.0,,16.0,3,,0,2.0,,,,,,,,2.0,,15.0,,,,,12.0,5.0,3.0,4.0,0.0,,,,,,,,,,2.0,7.0,3.0,8.0,58.0,,,67.0,89.3,502.0,562.0,,,22.0,,,,14.0,,,,27.8,5.0,18.0,,8.0,,,14.0,5.0,9.0,,5.0,1,,0,3.0,,,,,,,,1.0,,6.0,,,6.57,6.97,CONMEBOL Eliminatorias,CONMEBOL,CONMEBOL
SEL-ELIMINATORIAS-2022-8546016,Ronda 11,2021-10-07,Ecuador,1,Bolivia,3,0,,,17.0,6.0,9.0,2.0,0.0,,,,,,,,,,3.0,8.0,0.0,11.0,37.0,,,68.0,86.3,487.0,564.0,,,33.0,,,,6.0,,,,45.5,10.0,22.0,,8.0,,,16.0,14.0,2.0,,7.0,0,,1,3.0,,,,,,,,,,9.0,,,,,4.0,3.0,0.0,1.0,0.0,,,,,,,,,,0.0,1.0,3.0,4.0,44.0,,,32.0,65.4,176.0,269.0,,,16.0,,,,7.0,,,,40.0,2.0,5.0,,6.0,,,25.0,17.0,8.0,,22.0,3,,0,4.0,,,,,,,,,,6.0,,,7.39,6.47,CONMEBOL Eliminatorias,CONMEBOL,CONMEBOL
SEL-ELIMINATORIAS-2022-8546014,Ronda 11,2021-10-07,Perú,1,Chile,2,0,,,13.0,9.0,3.0,1.0,0.0,,,,,,,,,,3.0,2.0,1.0,12.0,41.0,,,42.0,75.1,284.0,378.0,,,15.0,,,,16.0,,,,30.8,4.0,13.0,,14.0,,,25.0,16.0,9.0,,19.0,0,,1,2.0,,,,,,,,2.0,,15.0,,,,,9.0,2.0,4.0,3.0,0.0,,,,,,,,,,0.0,2.0,2.0,8.0,61.0,,,58.0,81.1,434.0,535.0,,,27.0,,,,13.0,,,,44.4,4.0,9.0,,18.0,,,19.0,13.0,6.0,,9.0,2,,0,7.0,,,,,,,,5.0,,17.0,,,7.21,6.65,CONMEBOL Eliminatorias,CONMEBOL,CONMEBOL
SEL-ELIMINATORIAS-2022-8546018,Ronda 12,2021-10-14,Bolivia,1,Paraguay,4,0,,,18.0,8.0,6.0,4.0,0.0,,,,,,,,,,2.0,6.0,0.0,13.0,59.0,,,46.0,78.1,243.0,311.0,,,32.0,,,,8.0,,,,25.0,6.0,24.0,,7.0,,,11.0,5.0,6.0,,22.0,0,,1,4.0,,,,,,,,2.0,,10.0,,,,,17.0,4.0,11.0,2.0,0.0,,,,,,,,,,2.0,7.0,2.0,7.0,50.0,,,54.0,81.4,302.0,371.0,,,18.0,,,,8.0,,,,9.1,2.0,22.0,,4.0,,,16.0,13.0,3.0,,15.0,4,,0,5.0,,,,,,,,2.0,,8.0,,,7.18,6.36,CONMEBOL Eliminatorias,CONMEBOL,CONMEBOL
SEL-ELIMINATORIAS-2022-8546020,Ronda 12,2021-10-14,Colombia,1,Ecuador,0,0,,,13.0,4.0,6.0,3.0,0.0,,,,,,,,,,1.0,12.0,1.0,2.0,46.0,,,62.0,81.9,340.0,415.0,,,17.0,,,,12.0,,,,13.6,3.0,22.0,,5.0,,,19.0,12.0,7.0,,9.0,0,,1,5.0,,,,,,,,0.0,,9.0,,,,,7.0,5.0,2.0,0.0,0.0,,,,,,,,,,1.0,1.0,3.0,7.0,40.0,,,38.0,72.9,188.0,258.0,,,17.0,,,,8.0,,,,33.3,3.0,9.0,,10.0,,,14.0,7.0,7.0,,17.0,0,,1,5.0,,,,,,,,4.0,,12.0,,,6.98,6.95,CONMEBOL Eliminatorias,CONMEBOL,CONMEBOL
SEL-ELIMINATORIAS-2022-8546021,Ronda 12,2021-10-14,Argentina,1,Perú,1,0,,,7.0,2.0,3.0,2.0,0.0,,,,,,,,,,1.0,2.0,4.0,13.0,62.0,,,68.0,90.2,609.0,675.0,,,25.0,,,,19.0,,,,26.7,4.0,15.0,,13.0,,,18.0,9.0,9.0,,5.0,0,,1,3.0,,,,,,,,0.0,,12.0,,,,,5.0,3.0,2.0,0.0,1.0,,,,,,,,,,1.0,1.0,0.0,2.0,31.0,,,32.0,77.7,254.0,327.0,,,17.0,,,,12.0,,,,16.7,1.0,6.0,,10.0,,,22.0,15.0,7.0,,11.0,1,,0,1.0,,,,,,,,2.0,,20.0,,,7.22,6.56,CONMEBOL Eliminatorias,CONMEBOL,CONMEBOL
SEL-ELIMINATORIAS-2022-8546017,Ronda 12,2021-10-14,Chile,1,Venezuela,3,0,,,12.0,5.0,5.0,2.0,1.0,,,,,,,,,,4.0,9.0,1.0,9.0,37.0,,,49.0,84.2,325.0,386.0,,,30.0,,,,18.0,,,,28.6,6.0,21.0,,13.0,,,15.0,11.0,4.0,,12.0,0,,1,1.0,,,,,,,,2.0,,14.0,,,,,12.0,1.0,8.0,3.0,0.0,,,,,,,,,,1.0,4.0,0.0,21.0,51.0,,,51.0,86.9,352.0,405.0,,,29.0,,,,13.0,,,,23.1,3.0,13.0,,13.0,,,14.0,10.0,4.0,,17.0,3,,0,2.0,,,,,,,,2.0,,18.0,,,7.21,6.55,CONMEBOL Eliminatorias,CONMEBOL,CONMEBOL
SEL-ELIMINATORIAS-2022-8546019,Ronda 12,2021-10-14,Brasil,1,Uruguay,4,1,,,22.0,13.0,5.0,4.0,0.0,,,,,,,,,,6.0,3.0,2.0,20.0,55.0,,,55.0,88.2,518.0,587.0,,,30.0,,,,14.0,,,,25.0,2.0,8.0,,10.0,,,21.0,10.0,11.0,,13.0,1,,0,2.0,,,,,,,,1.0,,10.0,,,,,5.0,3.0,2.0,0.0,0.0,,,,,,,,,,0.0,2.0,2.0,6.0,32.0,,,45.0,86.1,409.0,475.0,,,26.0,,,,10.0,,,,,0.0,13.0,,17.0,,,18.0,8.0,10.0,,12.0,4,,0,9.0,,,,,,,,3.0,,14.0,,,7.42,6.48,CONMEBOL Eliminatorias,CONMEBOL,CONMEBOL
SEL-ELIMINATORIAS-2022-8524250,Ronda 13,2021-11-11,Ecuador,1,Venezuela,1,0,,,14.0,4.0,6.0,4.0,0.0,,,,,,,,,,1.0,2.0,1.0,11.0,53.0,,,55.0,88.2,382.0,433.0,,,31.0,,,,12.0,,,,30.8,4.0,13.0,,11.0,,,13.0,9.0,4.0,,14.0,0,,1,0.0,,,,,,,,1.0,,10.0,,,,,8.0,0.0,5.0,3.0,0.0,,,,,,,,,,0.0,4.0,1.0,8.0,48.0,,,45.0,82.9,281.0,339.0,,,26.0,,,,10.0,,,,40.0,6.0,15.0,,8.0,,,12.0,7.0,5.0,,7.0,1,,0,3.0,,,,,,,,3.0,,13.0,,,7.12,6.63,CONMEBOL Eliminatorias,CONMEBOL,CONMEBOL
SEL-ELIMINATORIAS-2022-8524246,Ronda 13,2021-11-11,Paraguay,1,Chile,0,1,,,6.0,2.0,3.0,1.0,1.0,,,,,,,,,,,1.0,3.0,7.0,55.0,,,40.0,70.2,247.0,352.0,,,23.0,,,,8.0,,,,14.3,3.0,21.0,,7.0,,,9.0,7.0,2.0,,16.0,1,,0,3.0,,,,,,,,2.0,,11.0,,,,,14.0,4.0,8.0,2.0,0.0,,,,,,,,,,,5.0,0.0,13.0,69.0,,,60.0,82.2,453.0,551.0,,,39.0,,,,11.0,,,,21.4,3.0,14.0,,13.0,,,2.0,1.0,1.0,,15.0,0,,1,2.0,,,,,,,,3.0,,10.0,,,6.55,7.16,CONMEBOL Eliminatorias,CONMEBOL,CONMEBOL
SEL-ELIMINATORIAS-2022-8524234,Ronda 13,2021-11-11,Brasil,1,Colombia,1,0,,,16.0,6.0,6.0,4.0,0.0,,,,,,,,,,1.0,8.0,0.0,11.0,71.0,,,63.0,90.4,544.0,602.0,,,16.0,,,,21.0,,,,26.7,4.0,15.0,,12.0,,,20.0,13.0,7.0,,10.0,0,,1,1.0,,,,,,,,4.0,,21.0,,,,,5.0,1.0,4.0,0.0,0.0,,,,,,,,,,0.0,2.0,1.0,7.0,44.0,,,37.0,76.3,264.0,346.0,,,21.0,,,,21.0,,,,25.0,3.0,12.0,,16.0,,,19.0,12.0,7.0,,16.0,1,,0,5.0,,,,,,,,3.0,,21.0,,,7.23,6.78,CONMEBOL Eliminatorias,CONMEBOL,CONMEBOL
SEL-ELIMINATORIAS-2022-8524232,Ronda 13,2021-11-11,Perú,1,Bolivia,3,0,,,15.0,6.0,5.0,4.0,0.0,,,,,,,,,,2.0,4.0,2.0,9.0,41.0,,,51.0,79.7,329.0,413.0,,,38.0,,,,6.0,,,,20.0,5.0,25.0,,6.0,,,23.0,15.0,8.0,,10.0,0,,1,3.0,,,,,,,,2.0,,16.0,,,,,7.0,3.0,2.0,2.0,1.0,,,,,,,,,,1.0,3.0,3.0,10.0,56.0,,,49.0,81.2,337.0,415.0,,,16.0,,,,15.0,,,,16.7,2.0,12.0,,14.0,,,11.0,7.0,4.0,,28.0,3,,0,3.0,,,,,,,,1.0,,6.0,,,7.35,6.33,CONMEBOL Eliminatorias,CONMEBOL,CONMEBOL
SEL-ELIMINATORIAS-2022-8524233,Ronda 13,2021-11-12,Uruguay,1,Argentina,0,1,,,19.0,4.0,12.0,3.0,1.0,,,,,,,,,,3.0,7.0,2.0,2.0,54.0,,,36.0,71.2,215.0,302.0,,,14.0,,,,14.0,,,,20.0,6.0,30.0,,5.0,,,12.0,5.0,7.0,,3.0,1,,0,2.0,,,,,,,,1.0,,20.0,,,,,7.0,3.0,2.0,2.0,0.0,,,,,,,,,,0.0,2.0,1.0,9.0,41.0,,,64.0,84.0,492.0,586.0,,,31.0,,,,17.0,,,,25.0,1.0,4.0,,10.0,,,17.0,14.0,3.0,,34.0,0,,1,4.0,,,,,,,,1.0,,14.0,,,6.62,7.17,CONMEBOL Eliminatorias,CONMEBOL,CONMEBOL
SEL-ELIMINATORIAS-2022-8524249,Ronda 14,2021-11-16,Bolivia,1,Uruguay,3,0,,,11.0,4.0,5.0,2.0,0.0,,,,,,,,,,3.0,6.0,0.0,2.0,61.0,,,55.0,78.7,317.0,403.0,,,28.0,,,,7.0,,,,28.6,6.0,21.0,,16.0,,,12.0,7.0,5.0,,22.0,0,,1,4.0,,,,,,,,1.0,1.0,14.0,,,,,17.0,4.0,8.0,5.0,0.0,,,,,,,,,,1.0,3.0,1.0,6.0,58.0,,,45.0,72.9,247.0,339.0,,,22.0,,,,12.0,,,,5.9,1.0,17.0,,10.0,,,16.0,7.0,9.0,,17.0,3,,0,1.0,,,,,,,,1.0,0.0,7.0,,,7.11,6.49,CONMEBOL Eliminatorias,CONMEBOL,CONMEBOL
SEL-ELIMINATORIAS-2022-8524245,Ronda 14,2021-11-16,Venezuela,1,Perú,1,2,,,17.0,6.0,6.0,5.0,0.0,,,,,,,,,,3.0,9.0,1.0,19.0,56.0,,,60.0,87.4,396.0,453.0,,,29.0,,,,13.0,,,,20.6,7.0,34.0,,6.0,,,10.0,8.0,2.0,,14.0,2,,0,3.0,,,,,,,,2.0,,18.0,,,,,12.0,5.0,4.0,3.0,1.0,,,,,,,,,,1.0,5.0,0.0,6.0,41.0,,,40.0,77.9,243.0,312.0,,,23.0,,,,18.0,,,,15.4,2.0,13.0,,12.0,,,12.0,6.0,6.0,,38.0,1,,0,5.0,,,,,,,,3.0,,14.0,,,6.93,6.93,CONMEBOL Eliminatorias,CONMEBOL,CONMEBOL
SEL-ELIMINATORIAS-2022-8524252,Ronda 14,2021-11-16,Colombia,1,Paraguay,0,0,,,14.0,2.0,9.0,3.0,0.0,,,,,,,,,,1.0,6.0,3.0,24.0,53.0,,,65.0,83.5,395.0,473.0,,,27.0,,,,15.0,,,,30.0,6.0,20.0,,7.0,,,11.0,8.0,3.0,,11.0,0,,1,0.0,,,,,,,,3.0,0.0,14.0,,,,,8.0,0.0,6.0,2.0,1.0,,,,,,,,,,1.0,4.0,2.0,6.0,34.0,,,35.0,66.8,167.0,250.0,,,22.0,,,,14.0,,,,26.7,4.0,15.0,,10.0,,,21.0,9.0,12.0,,17.0,0,,1,2.0,,,,,,,,3.0,1.0,15.0,,,6.99,6.78,CONMEBOL Eliminatorias,CONMEBOL,CONMEBOL
SEL-ELIMINATORIAS-2022-8524253,Ronda 14,2021-11-16,Argentina,1,Brasil,0,0,,,9.0,3.0,1.0,5.0,0.0,,,,,,,,,,0.0,7.0,1.0,10.0,34.0,,,56.0,85.9,425.0,495.0,,,20.0,,,,20.0,,,,14.3,2.0,14.0,,13.0,,,20.0,13.0,7.0,,1.0,0,,1,2.0,,,,,,,,4.0,,21.0,,,,,9.0,2.0,7.0,0.0,1.0,,,,,,,,,,1.0,0.0,0.0,18.0,37.0,,,44.0,81.2,324.0,399.0,,,19.0,,,,18.0,,,,33.3,1.0,3.0,,12.0,,,36.0,27.0,9.0,,11.0,0,,1,3.0,,,,,,,,3.0,,21.0,,,6.86,7.19,CONMEBOL Eliminatorias,CONMEBOL,CONMEBOL
SEL-ELIMINATORIAS-2022-8524247,Ronda 14,2021-11-16,Chile,1,Ecuador,0,2,,,13.0,1.0,7.0,5.0,0.0,,,,,,,,,,0.0,2.0,1.0,10.0,62.0,,,53.0,81.6,364.0,446.0,,,22.0,,,,15.0,,,,33.3,7.0,21.0,,6.0,,,17.0,10.0,7.0,,7.0,2,,0,4.0,,,,,,,,1.0,1.0,11.0,,,,,15.0,6.0,5.0,4.0,0.0,,,,,,,,,,2.0,1.0,1.0,9.0,45.0,,,47.0,79.4,319.0,402.0,,,23.0,,,,11.0,,,,50.0,4.0,8.0,,16.0,,,9.0,8.0,1.0,,13.0,0,,1,1.0,,,,,,,,2.0,0.0,15.0,,,6.45,7.06,CONMEBOL Eliminatorias,CONMEBOL,CONMEBOL
SEL-ELIMINATORIAS-2022-8524240,Ronda 15,2022-01-27,Ecuador,1,Brasil,1,1,,,10.0,1.0,5.0,4.0,0.0,,,,,,,,,,1.0,6.0,2.0,15.0,33.0,,,46.0,83.9,245.0,292.0,,,10.0,,,,11.0,,,,23.1,6.0,26.0,,9.0,,,20.0,14.0,6.0,,4.0,1,,0,4.0,,,,,,,,2.0,1.0,20.0,,,,,12.0,6.0,5.0,1.0,0.0,,,,,,,,,,1.0,1.0,2.0,9.0,35.0,,,54.0,86.6,330.0,381.0,,,19.0,,,,20.0,,,,,0.0,1.0,,4.0,,,16.0,8.0,8.0,,16.0,1,,0,0.0,,,,,,,,5.0,1.0,12.0,,,6.48,6.37,CONMEBOL Eliminatorias,CONMEBOL,CONMEBOL
SEL-ELIMINATORIAS-2022-8524237,Ronda 15,2022-01-27,Paraguay,1,Uruguay,0,1,,,8.0,2.0,2.0,4.0,0.0,,,,,,,,,,0.0,5.0,1.0,5.0,39.0,,,47.0,68.0,229.0,337.0,,,16.0,,,,10.0,,,,18.8,3.0,16.0,,11.0,,,14.0,7.0,7.0,,27.0,1,,0,3.0,,,,,,,,4.0,1.0,13.0,,,,,15.0,4.0,7.0,4.0,2.0,,,,,,,,,,4.0,8.0,0.0,8.0,64.0,,,53.0,69.6,268.0,385.0,,,27.0,,,,13.0,,,,31.8,7.0,22.0,,4.0,,,18.0,12.0,6.0,,15.0,0,,1,2.0,,,,,,,,4.0,0.0,11.0,,,6.6,7.1,CONMEBOL Eliminatorias,CONMEBOL,CONMEBOL
SEL-ELIMINATORIAS-2022-8524251,Ronda 15,2022-01-27,Chile,1,Argentina,1,2,,,13.0,4.0,6.0,3.0,0.0,,,,,,,,,,0.0,5.0,2.0,18.0,66.0,,,60.0,84.3,450.0,534.0,,,21.0,,,,16.0,,,,17.6,3.0,17.0,,4.0,,,14.0,3.0,11.0,,6.0,2,,0,3.0,,,,,,,,5.0,,20.0,,,,,7.0,5.0,2.0,0.0,0.0,,,,,,,,,,1.0,1.0,3.0,7.0,39.0,,,40.0,80.5,302.0,375.0,,,19.0,,,,20.0,,,,,0.0,3.0,,13.0,,,15.0,10.0,5.0,,24.0,1,,0,3.0,,,,,,,,4.0,,16.0,,,6.65,6.83,CONMEBOL Eliminatorias,CONMEBOL,CONMEBOL
SEL-ELIMINATORIAS-2022-8524248,Ronda 15,2022-01-28,Colombia,1,Perú,0,1,,,30.0,2.0,10.0,18.0,0.0,,,,,,,,,,1.0,14.0,3.0,9.0,66.0,,,69.0,87.1,411.0,472.0,,,30.0,,,,11.0,,,,28.6,12.0,42.0,,7.0,,,9.0,6.0,3.0,,8.0,1,,0,0.0,,,,,,,,1.0,,8.0,,,,,4.0,1.0,1.0,2.0,0.0,,,,,,,,,,0.0,5.0,0.0,11.0,28.0,,,31.0,68.9,155.0,225.0,,,21.0,,,,8.0,,,,,0.0,7.0,,10.0,,,19.0,8.0,11.0,,40.0,0,,1,3.0,,,,,,,,3.0,,11.0,,,6.9,7.06,CONMEBOL Eliminatorias,CONMEBOL,CONMEBOL
SEL-ELIMINATORIAS-2022-8524254,Ronda 15,2022-01-28,Venezuela,1,Bolivia,4,1,,,23.0,9.0,10.0,4.0,0.0,,,,,,,,,,6.0,5.0,1.0,15.0,49.0,,,55.0,84.0,325.0,387.0,,,21.0,,,,15.0,,,,27.8,5.0,18.0,,12.0,,,9.0,5.0,4.0,,14.0,1,,0,0.0,,,,,,,,1.0,0.0,15.0,,,,,6.0,1.0,2.0,3.0,0.0,,,,,,,,,,1.0,2.0,1.0,3.0,37.0,,,45.0,73.6,237.0,322.0,,,24.0,,,,15.0,,,,22.2,2.0,9.0,,11.0,,,18.0,11.0,7.0,,17.0,4,,0,5.0,,,,,,,,1.0,1.0,15.0,,,7.25,6.44,CONMEBOL Eliminatorias,CONMEBOL,CONMEBOL
SEL-ELIMINATORIAS-2022-8524235,Ronda 16,2022-02-01,Bolivia,1,Chile,2,3,,,21.0,10.0,6.0,5.0,2.0,,,,,,,,,,,7.0,5.0,6.0,72.0,,,56.0,66.5,220.0,331.0,,,26.0,,,,11.0,,,,27.3,6.0,22.0,,10.0,,,21.0,10.0,11.0,,21.0,3,,0,1.0,,,,,,,,2.0,,13.0,,,,,14.0,4.0,6.0,4.0,1.0,,,,,,,,,,,7.0,1.0,16.0,53.0,,,44.0,57.6,152.0,264.0,,,15.0,,,,13.0,,,,16.7,3.0,18.0,,1.0,,,18.0,11.0,7.0,,27.0,2,,0,8.0,,,,,,,,2.0,,12.0,,,6.77,7.08,CONMEBOL Eliminatorias,CONMEBOL,CONMEBOL
SEL-ELIMINATORIAS-2022-8524238,Ronda 16,2022-02-01,Uruguay,1,Venezuela,4,1,,,22.0,11.0,6.0,5.0,0.0,,,,,,,,,,4.0,7.0,2.0,15.0,43.0,,,42.0,74.7,224.0,300.0,,,31.0,,,,16.0,,,,40.0,6.0,15.0,,18.0,,,27.0,20.0,7.0,,14.0,1,,0,2.0,,,,,,,,1.0,,15.0,,,,,9.0,3.0,3.0,3.0,0.0,,,,,,,,,,2.0,2.0,1.0,17.0,57.0,,,58.0,78.9,326.0,413.0,,,24.0,,,,15.0,,,,25.0,4.0,16.0,,9.0,,,13.0,9.0,4.0,,10.0,4,,0,7.0,,,,,,,,6.0,,17.0,,,7.31,6.24,CONMEBOL Eliminatorias,CONMEBOL,CONMEBOL
SEL-ELIMINATORIAS-2022-8524242,Ronda 16,2022-02-01,Argentina,1,Colombia,1,0,,,16.0,5.0,6.0,5.0,0.0,,,,,,,,,,1.0,7.0,1.0,8.0,48.0,,,56.0,88.1,436.0,495.0,,,21.0,,,,17.0,,,,17.6,3.0,17.0,,12.0,,,12.0,7.0,5.0,,12.0,0,,1,1.0,,,,,,,,2.0,,12.0,,,,,5.0,2.0,1.0,2.0,1.0,,,,,,,,,,1.0,4.0,2.0,11.0,39.0,,,44.0,81.3,314.0,386.0,,,16.0,,,,11.0,,,,18.2,2.0,11.0,,7.0,,,12.0,8.0,4.0,,15.0,1,,0,4.0,,,,,,,,3.0,,17.0,,,7.17,6.78,CONMEBOL Eliminatorias,CONMEBOL,CONMEBOL
SEL-ELIMINATORIAS-2022-8524241,Ronda 16,2022-02-01,Brasil,1,Paraguay,4,0,,,22.0,8.0,10.0,4.0,1.0,,,,,,,,,,4.0,5.0,1.0,14.0,84.0,,,77.0,92.6,672.0,726.0,,,47.0,,,,12.0,,,,25.0,4.0,16.0,,6.0,,,18.0,9.0,9.0,,1.0,0,,1,2.0,,,,,,,,0.0,,8.0,,,,,6.0,2.0,4.0,0.0,0.0,,,,,,,,,,1.0,1.0,1.0,3.0,18.0,,,23.0,70.9,156.0,220.0,,,13.0,,,,7.0,,,,50.0,3.0,6.0,,6.0,,,16.0,12.0,4.0,,25.0,4,,0,4.0,,,,,,,,3.0,,13.0,,,7.49,6.29,CONMEBOL Eliminatorias,CONMEBOL,CONMEBOL
SEL-ELIMINATORIAS-2022-8524244,Ronda 16,2022-02-01,Perú,1,Ecuador,1,1,,,12.0,5.0,4.0,3.0,0.0,,,,,,,,,,1.0,6.0,0.0,12.0,57.0,,,63.0,82.9,403.0,486.0,,,24.0,,,,17.0,,,,18.2,4.0,22.0,,9.0,,,17.0,11.0,6.0,,12.0,1,,0,2.0,,,,,,,,3.0,,16.0,,,,,10.0,3.0,4.0,3.0,0.0,,,,,,,,,,2.0,6.0,1.0,16.0,57.0,,,37.0,71.0,198.0,279.0,,,23.0,,,,16.0,,,,20.0,3.0,15.0,,9.0,,,19.0,9.0,10.0,,19.0,1,,0,4.0,,,,,,,,3.0,,18.0,,,6.7,6.9,CONMEBOL Eliminatorias,CONMEBOL,CONMEBOL
SEL-ELIMINATORIAS-2022-8524231,Ronda 17,2022-03-24,Brasil,1,Chile,4,0,,,18.0,9.0,6.0,3.0,0.0,,,,,,,,,,5.0,6.0,0.0,6.0,41.0,,,58.0,89.1,423.0,475.0,,,16.0,,,,12.0,,,,16.7,2.0,12.0,,3.0,,,19.0,10.0,9.0,,10.0,0,,1,2.0,,,,,,,,4.0,,18.0,,,,,10.0,2.0,4.0,4.0,0.0,,,,,,,,,,0.0,3.0,2.0,15.0,36.0,,,42.0,83.8,289.0,345.0,,,26.0,,,,17.0,,,,11.1,1.0,9.0,,7.0,,,13.0,7.0,6.0,,18.0,4,,0,5.0,,,,,,,,3.0,,12.0,,,7.15,6.47,CONMEBOL Eliminatorias,CONMEBOL,CONMEBOL
SEL-ELIMINATORIAS-2022-8524239,Ronda 17,2022-03-24,Colombia,1,Bolivia,3,0,,,19.0,7.0,9.0,3.0,2.0,,,,,,,,,,5.0,6.0,4.0,17.0,73.0,,,76.0,90.2,618.0,685.0,,,26.0,,,,11.0,,,,36.8,7.0,19.0,,6.0,,,15.0,12.0,3.0,,9.0,0,,1,0.0,,,,,,,,1.0,,9.0,,,,,2.0,0.0,0.0,2.0,0.0,,,,,,,,,,0.0,2.0,0.0,4.0,25.0,,,24.0,67.7,147.0,217.0,,,17.0,,,,9.0,,,,,0.0,5.0,,4.0,,,24.0,13.0,11.0,,18.0,3,,0,4.0,,,,,,,,4.0,,11.0,,,7.22,6.31,CONMEBOL Eliminatorias,CONMEBOL,CONMEBOL
SEL-ELIMINATORIAS-2022-8524243,Ronda 17,2022-03-24,Paraguay,1,Ecuador,3,1,,,10.0,2.0,8.0,0.0,1.0,,,,,,,,,,1.0,2.0,3.0,13.0,42.0,,,43.0,64.6,186.0,288.0,,,22.0,,,,12.0,,,,,0.0,7.0,,15.0,,,25.0,15.0,10.0,,25.0,1,,0,3.0,,,,,,,,6.0,1.0,21.0,,,,,13.0,4.0,4.0,5.0,1.0,,,,,,,,,,2.0,6.0,2.0,13.0,56.0,,,57.0,67.8,248.0,366.0,,,21.0,,,,20.0,,,,26.9,7.0,26.0,,16.0,,,19.0,7.0,12.0,,9.0,3,,0,0.0,,,,,,,,2.0,0.0,14.0,,,7.04,6.32,CONMEBOL Eliminatorias,CONMEBOL,CONMEBOL
SEL-ELIMINATORIAS-2022-8524228,Ronda 17,2022-03-24,Uruguay,1,Perú,1,0,,,14.0,2.0,6.0,6.0,2.0,,,,,,,,,,2.0,3.0,0.0,13.0,58.0,,,49.0,76.0,298.0,392.0,,,34.0,,,,9.0,,,,33.3,5.0,15.0,,15.0,,,17.0,11.0,6.0,,10.0,0,,1,2.0,,,,,,,,2.0,,17.0,,,,,7.0,2.0,3.0,2.0,0.0,,,,,,,,,,1.0,1.0,1.0,11.0,36.0,,,51.0,78.1,321.0,411.0,,,24.0,,,,16.0,,,,20.0,2.0,10.0,,15.0,,,16.0,13.0,3.0,,15.0,1,,0,1.0,,,,,,,,0.0,,10.0,,,7.1,6.72,CONMEBOL Eliminatorias,CONMEBOL,CONMEBOL
SEL-ELIMINATORIAS-2022-8524236,Ronda 17,2022-03-25,Argentina,1,Venezuela,3,0,,,16.0,6.0,7.0,3.0,0.0,,,,,,,,,,3.0,2.0,2.0,18.0,66.0,,,73.0,90.4,648.0,717.0,,,22.0,,,,20.0,,,,11.1,1.0,9.0,,8.0,,,14.0,9.0,5.0,,10.0,0,,1,1.0,,,,,,,,0.0,,15.0,,,,,3.0,1.0,2.0,0.0,0.0,,,,,,,,,,1.0,1.0,2.0,8.0,40.0,,,27.0,69.7,184.0,264.0,,,18.0,,,,14.0,,,,12.5,1.0,8.0,,12.0,,,16.0,10.0,6.0,,17.0,3,,0,3.0,,,,,,,,4.0,,20.0,,,7.38,6.37,CONMEBOL Eliminatorias,CONMEBOL,CONMEBOL
SEL-ELIMINATORIAS-2022-8524225,Ronda 18,2022-03-29,Bolivia,1,Brasil,0,4,,,16.0,6.0,9.0,1.0,0.0,,,,,,,,,,3.0,6.0,1.0,12.0,42.0,,,45.0,81.9,312.0,381.0,,,32.0,,,,6.0,,,,25.0,5.0,20.0,,12.0,,,22.0,12.0,10.0,,6.0,4,,0,5.0,,,,,,,,2.0,,8.0,,,,,20.0,9.0,9.0,2.0,0.0,,,,,,,,,,6.0,2.0,2.0,14.0,45.0,,,55.0,87.7,435.0,496.0,,,15.0,,,,8.0,,,,20.0,1.0,5.0,,13.0,,,19.0,11.0,8.0,,19.0,0,,1,6.0,,,,,,,,0.0,,6.0,,,6.55,7.55,CONMEBOL Eliminatorias,CONMEBOL,CONMEBOL
SEL-ELIMINATORIAS-2022-8524229,Ronda 18,2022-03-29,Chile,1,Uruguay,0,2,,,13.0,4.0,7.0,2.0,0.0,,,,,,,,,,0.0,5.0,1.0,8.0,48.0,,,55.0,83.9,401.0,478.0,,,21.0,,,,13.0,,,,4.8,1.0,21.0,,3.0,,,12.0,8.0,4.0,,14.0,2,,0,4.0,,,,,,,,2.0,,15.0,,,,,15.0,6.0,6.0,3.0,0.0,,,,,,,,,,1.0,10.0,1.0,9.0,49.0,,,45.0,76.7,296.0,386.0,,,27.0,,,,15.0,,,,31.6,6.0,19.0,,16.0,,,14.0,10.0,4.0,,16.0,0,,1,4.0,,,,,,,,1.0,,14.0,,,6.75,7.16,CONMEBOL Eliminatorias,CONMEBOL,CONMEBOL
SEL-ELIMINATORIAS-2022-8524227,Ronda 18,2022-03-29,Ecuador,1,Argentina,1,1,,,10.0,3.0,3.0,4.0,0.0,,,,,,,,,,2.0,6.0,1.0,8.0,49.0,,,47.0,84.3,312.0,370.0,,,31.0,,,,6.0,,,,16.7,4.0,24.0,,9.0,,,14.0,7.0,7.0,,5.0,1,,0,1.0,,,,,,,,5.0,,21.0,,,,,6.0,2.0,2.0,2.0,0.0,,,,,,,,,,1.0,2.0,0.0,13.0,33.0,,,53.0,84.8,375.0,442.0,,,16.0,,,,19.0,,,,33.3,2.0,6.0,,9.0,,,22.0,15.0,7.0,,23.0,1,,0,2.0,,,,,,,,3.0,,8.0,,,6.55,7.0,CONMEBOL Eliminatorias,CONMEBOL,CONMEBOL
SEL-ELIMINATORIAS-2022-8524230,Ronda 18,2022-03-29,Perú,1,Paraguay,2,0,,,9.0,3.0,5.0,1.0,2.0,,,,,,,,,,4.0,2.0,2.0,8.0,49.0,,,43.0,74.4,282.0,379.0,,,33.0,,,,21.0,,,,20.0,3.0,15.0,,16.0,,,17.0,9.0,8.0,,10.0,0,,1,1.0,,,,,,,,1.0,,6.0,,,,,11.0,1.0,7.0,3.0,1.0,,,,,,,,,,0.0,2.0,2.0,8.0,60.0,,,57.0,80.4,403.0,501.0,,,28.0,,,,6.0,,,,38.5,5.0,13.0,,14.0,,,24.0,13.0,11.0,,16.0,2,,0,1.0,,,,,,,,2.0,,23.0,,,7.08,6.65,CONMEBOL Eliminatorias,CONMEBOL,CONMEBOL
SEL-ELIMINATORIAS-2022-8524226,Ronda 18,2022-03-29,Venezuela,1,Colombia,0,1,,,15.0,6.0,5.0,4.0,0.0,,,,,,,,,,1.0,7.0,2.0,12.0,49.0,,,46.0,78.3,267.0,341.0,,,22.0,,,,12.0,,,,24.0,6.0,25.0,,15.0,,,12.0,8.0,4.0,,13.0,1,,0,6.0,,,,,,,,1.0,,12.0,,,,,14.0,7.0,5.0,2.0,0.0,,,,,,,,,,3.0,5.0,1.0,8.0,53.0,,,54.0,80.9,344.0,425.0,,,31.0,,,,12.0,,,,40.0,4.0,10.0,,16.0,,,23.0,9.0,14.0,,22.0,0,,1,6.0,,,,,,,,1.0,,13.0,,,6.88,7.32,CONMEBOL Eliminatorias,CONMEBOL,CONMEBOL
SEL-ELIMINATORIAS-2026-11518408,Ronda 1,2023-09-07,Paraguay,1,Perú,0,0,,,19.0,6.0,9.0,4.0,5.0,,,,,,,,,,1.0,11.0,0.0,7.0,89.0,,,60.0,85.1,365.0,429.0,,,30.0,,,,12.0,,,,17.9,7.0,39.0,,6.0,,,18.0,12.0,6.0,,6.0,0,,1,0.0,,,,,,,,0.0,0.0,19.0,,,,,5.0,0.0,3.0,2.0,1.0,,,,,,,,,,0.0,1.0,2.0,6.0,38.0,,,40.0,75.1,232.0,309.0,,,22.0,,,,18.0,,,,14.3,1.0,7.0,,4.0,,,20.0,12.0,8.0,,48.0,0,,1,6.0,,,,,,,,3.0,1.0,13.0,,,7.14,6.86,CONMEBOL Eliminatorias,CONMEBOL,CONMEBOL
SEL-ELIMINATORIAS-2026-11518409,Ronda 1,2023-09-07,Colombia,1,Venezuela,1,0,,,13.0,4.0,6.0,3.0,0.0,,,,,,,,,,2.0,2.0,3.0,10.0,73.0,,,70.0,87.0,503.0,578.0,,,28.0,,,,18.0,,,,46.7,7.0,15.0,,8.0,,,20.0,15.0,5.0,,8.0,0,,1,2.0,,,,,,,,0.0,,13.0,,,,,7.0,2.0,4.0,1.0,0.0,,,,,,,,,,1.0,4.0,1.0,11.0,42.0,,,30.0,68.4,162.0,237.0,,,17.0,,,,12.0,,,,25.0,3.0,12.0,,11.0,,,25.0,15.0,10.0,,19.0,1,,0,3.0,,,,,,,,1.0,,19.0,,,7.15,6.83,CONMEBOL Eliminatorias,CONMEBOL,CONMEBOL
SEL-ELIMINATORIAS-2026-11518404,Ronda 1,2023-09-07,Argentina,1,Ecuador,1,0,,,13.0,4.0,5.0,4.0,2.0,,,,,,,,,,3.0,4.0,2.0,8.0,63.0,,,71.0,87.3,620.0,710.0,,,25.0,,,,13.0,,,,20.0,3.0,15.0,,10.0,,,28.0,17.0,11.0,,5.0,0,,1,3.0,,,,,,,,1.0,,9.0,,,,,5.0,3.0,2.0,0.0,0.0,,,,,,,,,,0.0,2.0,1.0,6.0,41.0,,,29.0,72.4,213.0,294.0,,,24.0,,,,8.0,,,,28.6,2.0,7.0,,13.0,,,22.0,12.0,10.0,,32.0,1,,0,2.0,,,,,,,,1.0,,13.0,,,7.44,6.82,CONMEBOL Eliminatorias,CONMEBOL,CONMEBOL
SEL-ELIMINATORIAS-2026-11518405,Ronda 1,2023-09-08,Uruguay,1,Chile,3,1,,,18.0,7.0,9.0,2.0,1.0,,,,,,,,,,4.0,3.0,1.0,13.0,38.0,,,50.0,80.0,352.0,440.0,,,28.0,,,,16.0,,,,38.5,5.0,13.0,,11.0,,,21.0,11.0,10.0,,23.0,1,,0,1.0,,,,,,,,4.0,,17.0,,,,,7.0,2.0,3.0,2.0,1.0,,,,,,,,,,1.0,3.0,1.0,5.0,44.0,,,50.0,77.5,335.0,432.0,,,27.0,,,,15.0,,,,38.5,5.0,13.0,,11.0,,,13.0,5.0,8.0,,10.0,3,,0,4.0,,,,,,,,5.0,,16.0,,,7.48,6.41,CONMEBOL Eliminatorias,CONMEBOL,CONMEBOL
SEL-ELIMINATORIAS-2026-11518410,Ronda 1,2023-09-08,Brasil,1,Bolivia,5,1,,,21.0,11.0,7.0,3.0,1.0,,,,,,,,,,8.0,6.0,1.0,11.0,46.0,,,80.0,92.5,568.0,614.0,,,20.0,,,,13.0,,,,46.7,7.0,15.0,,5.0,,,8.0,8.0,0.0,,6.0,1,,0,2.0,,,,,,,,1.0,,6.0,,,,,4.0,3.0,1.0,0.0,0.0,,,,,,,,,,0.0,1.0,4.0,3.0,27.0,,,20.0,70.5,110.0,156.0,,,14.0,,,,6.0,,,,,0.0,4.0,,7.0,,,15.0,7.0,8.0,,13.0,5,,0,6.0,,,,,,,,2.0,,14.0,,,7.65,6.17,CONMEBOL Eliminatorias,CONMEBOL,CONMEBOL
SEL-ELIMINATORIAS-2026-11518411,Ronda 2,2023-09-12,Bolivia,1,Argentina,0,3,,,4.0,2.0,1.0,1.0,0.0,,,,,,,,,,0.0,1.0,1.0,3.0,47.0,,,40.0,73.7,241.0,327.0,,,20.0,,,,9.0,,,,,0.0,4.0,,13.0,,,17.0,7.0,10.0,,8.0,3,,0,5.0,,,,,,,,4.0,1.0,23.0,,,,,15.0,8.0,6.0,1.0,2.0,,,,,,,,,,2.0,4.0,1.0,7.0,57.0,,,60.0,81.5,393.0,482.0,,,26.0,,,,23.0,,,,40.0,2.0,5.0,,7.0,,,14.0,10.0,4.0,,5.0,0,,1,2.0,,,,,,,,0.0,0.0,10.0,,,6.37,7.4,CONMEBOL Eliminatorias,CONMEBOL,CONMEBOL
SEL-ELIMINATORIAS-2026-11518412,Ronda 2,2023-09-12,Ecuador,1,Uruguay,2,1,,,15.0,4.0,10.0,1.0,0.0,,,,,,,,,,4.0,10.0,0.0,10.0,49.0,,,50.0,80.4,279.0,347.0,,,43.0,,,,17.0,,,,33.3,6.0,18.0,,12.0,,,11.0,7.0,4.0,,11.0,1,,0,1.0,,,,,,,,2.0,,12.0,,,,,5.0,2.0,1.0,2.0,0.0,,,,,,,,,,2.0,2.0,2.0,8.0,53.0,,,50.0,77.9,275.0,353.0,,,21.0,,,,12.0,,,,18.2,2.0,11.0,,5.0,,,15.0,9.0,6.0,,13.0,2,,0,2.0,,,,,,,,3.0,,18.0,,,7.09,6.65,CONMEBOL Eliminatorias,CONMEBOL,CONMEBOL
SEL-ELIMINATORIAS-2026-11518413,Ronda 2,2023-09-12,Venezuela,1,Paraguay,1,0,,,11.0,3.0,5.0,3.0,0.0,,,,,,,,,,1.0,7.0,,7.0,47.0,,,54.0,70.1,223.0,318.0,,,19.0,,,,13.0,,,,25.0,5.0,20.0,,7.0,,,15.0,11.0,4.0,,19.0,0,,1,5.0,,,,,,,,3.0,,13.0,,,,,18.0,5.0,8.0,5.0,0.0,,,,,,,,,,1.0,5.0,,7.0,54.0,,,46.0,67.3,185.0,275.0,,,13.0,,,,12.0,,,,35.3,6.0,17.0,,4.0,,,22.0,14.0,8.0,,21.0,1,,0,2.0,,,,,,,,4.0,,14.0,,,7.09,6.96,CONMEBOL Eliminatorias,CONMEBOL,CONMEBOL
SEL-ELIMINATORIAS-2026-11518406,Ronda 2,2023-09-12,Chile,1,Colombia,0,0,,,10.0,5.0,3.0,2.0,1.0,,,,,,,,,,2.0,6.0,3.0,7.0,52.0,,,51.0,75.8,313.0,413.0,,,29.0,,,,16.0,,,,11.8,2.0,17.0,,5.0,,,13.0,10.0,3.0,,13.0,0,,1,2.0,,,,,,,,1.0,,13.0,,,,,8.0,2.0,3.0,3.0,0.0,,,,,,,,,,0.0,3.0,1.0,7.0,53.0,,,49.0,81.1,327.0,403.0,,,17.0,,,,13.0,,,,12.5,2.0,16.0,,15.0,,,16.0,6.0,10.0,,21.0,0,,1,5.0,,,,,,,,5.0,,19.0,,,7.06,7.0,CONMEBOL Eliminatorias,CONMEBOL,CONMEBOL
SEL-ELIMINATORIAS-2026-11518407,Ronda 2,2023-09-12,Perú,1,Brasil,0,1,,,6.0,0.0,3.0,3.0,0.0,,,,,,,,,,0.0,4.0,4.0,2.0,50.0,,,38.0,81.0,281.0,347.0,,,37.0,,,,13.0,,,,30.8,4.0,13.0,,8.0,,,11.0,6.0,5.0,,12.0,1,,0,2.0,,,,,,,,3.0,,20.0,,,,,9.0,3.0,4.0,2.0,0.0,,,,,,,,,,1.0,4.0,3.0,6.0,57.0,,,62.0,87.5,516.0,590.0,,,21.0,,,,18.0,,,,30.0,3.0,10.0,,3.0,,,15.0,11.0,4.0,,9.0,0,,1,0.0,,,,,,,,2.0,,14.0,,,6.72,7.21,CONMEBOL Eliminatorias,CONMEBOL,CONMEBOL
SEL-ELIMINATORIAS-2026-11620295,Ronda 3,2023-10-12,Colombia,1,Uruguay,2,2,,,14.0,4.0,5.0,5.0,2.0,,,,,,,,,,3.0,3.0,,10.0,45.0,,,49.0,81.5,312.0,383.0,,,20.0,,,,10.0,,,,28.6,2.0,7.0,,6.0,,,10.0,3.0,7.0,,17.0,2,,0,4.0,,,,,,,,2.0,1.0,17.0,,,,,15.0,6.0,7.0,2.0,0.0,,,,,,,,,,3.0,2.0,,14.0,38.0,,,51.0,83.8,331.0,395.0,,,19.0,,,,16.0,,,,7.1,1.0,14.0,,11.0,,,11.0,9.0,2.0,,11.0,2,,0,2.0,,,,,,,,0.0,0.0,10.0,,,6.94,6.92,CONMEBOL Eliminatorias,CONMEBOL,CONMEBOL
SEL-ELIMINATORIAS-2026-11620301,Ronda 3,2023-10-12,Argentina,1,Paraguay,1,0,,,15.0,4.0,7.0,4.0,2.0,,,,,,,,,,,9.0,3.0,14.0,42.0,,,75.0,90.6,671.0,741.0,,,18.0,,,,18.0,,,,23.5,4.0,17.0,,7.0,,,10.0,5.0,5.0,,3.0,0,,1,1.0,,,,,,,,1.0,,10.0,,,,,4.0,1.0,1.0,2.0,0.0,,,,,,,,,,,1.0,2.0,4.0,37.0,,,25.0,72.2,182.0,252.0,,,11.0,,,,10.0,,,,50.0,1.0,2.0,,11.0,,,19.0,12.0,7.0,,20.0,1,,0,3.0,,,,,,,,2.0,,19.0,,,7.33,6.64,CONMEBOL Eliminatorias,CONMEBOL,CONMEBOL
SEL-ELIMINATORIAS-2026-11620302,Ronda 3,2023-10-12,Bolivia,1,Ecuador,1,2,,,16.0,4.0,8.0,4.0,1.0,,,,,,,,,,0.0,5.0,3.0,5.0,80.0,,,55.0,81.1,334.0,412.0,,,35.0,,,,8.0,,,,23.1,6.0,26.0,,9.0,,,12.0,9.0,3.0,,6.0,2,,0,1.0,,,,,,,,1.0,,10.0,,,,,8.0,3.0,3.0,2.0,0.0,,,,,,,,,,1.0,0.0,4.0,4.0,61.0,,,45.0,76.5,276.0,361.0,,,33.0,,,,10.0,,,,,0.0,8.0,,5.0,,,10.0,6.0,4.0,,23.0,1,,0,3.0,,,,,,,,0.0,,9.0,,,6.66,6.91,CONMEBOL Eliminatorias,CONMEBOL,CONMEBOL
SEL-ELIMINATORIAS-2026-11620316,Ronda 3,2023-10-12,Chile,1,Perú,2,0,,,13.0,7.0,5.0,1.0,0.0,,,,,,,,,,4.0,8.0,1.0,10.0,57.0,,,64.0,85.8,491.0,572.0,,,43.0,,,,14.0,,,,26.9,7.0,26.0,,7.0,,,12.0,10.0,2.0,,15.0,0,,1,0.0,,,,,,,,2.0,,10.0,,,,,4.0,0.0,2.0,2.0,0.0,,,,,,,,,,0.0,6.0,0.0,6.0,28.0,,,36.0,76.6,249.0,325.0,,,24.0,,,,10.0,,,,18.2,2.0,11.0,,13.0,,,9.0,6.0,3.0,,29.0,2,,0,5.0,,,,,,,,2.0,,16.0,,,7.25,6.67,CONMEBOL Eliminatorias,CONMEBOL,CONMEBOL
SEL-ELIMINATORIAS-2026-11620304,Ronda 3,2023-10-12,Brasil,1,Venezuela,1,1,,,15.0,6.0,4.0,5.0,1.0,,,,,,,,,,2.0,7.0,2.0,9.0,66.0,,,70.0,90.1,563.0,625.0,,,13.0,,,,11.0,,,,25.0,5.0,20.0,,5.0,,,16.0,8.0,8.0,,14.0,1,,0,1.0,,,,,,,,2.0,,13.0,,,,,9.0,2.0,5.0,2.0,0.0,,,,,,,,,,0.0,5.0,1.0,7.0,44.0,,,30.0,76.8,192.0,250.0,,,23.0,,,,13.0,,,,18.2,4.0,22.0,,7.0,,,13.0,7.0,6.0,,27.0,1,,0,5.0,,,,,,,,2.0,,11.0,,,7.2,6.79,CONMEBOL Eliminatorias,CONMEBOL,CONMEBOL
SEL-ELIMINATORIAS-2026-11620297,Ronda 4,2023-10-17,Venezuela,1,Chile,3,0,,,13.0,6.0,4.0,3.0,0.0,,,,,,,,,,3.0,2.0,1.0,11.0,30.0,,,42.0,84.7,311.0,367.0,,,24.0,,,,12.0,,,,20.0,2.0,10.0,,6.0,,,13.0,6.0,7.0,,11.0,0,,1,1.0,,,,,,,,1.0,0.0,14.0,,,,,11.0,1.0,6.0,4.0,1.0,,,,,,,,,,2.0,3.0,1.0,5.0,57.0,,,58.0,86.8,441.0,508.0,,,25.0,,,,14.0,,,,16.7,2.0,12.0,,6.0,,,9.0,7.0,2.0,,9.0,3,,0,3.0,,,,,,,,3.0,1.0,13.0,,,7.18,6.52,CONMEBOL Eliminatorias,CONMEBOL,CONMEBOL
SEL-ELIMINATORIAS-2026-11620305,Ronda 4,2023-10-17,Paraguay,1,Bolivia,1,0,,,13.0,7.0,4.0,2.0,0.0,,,,,,,,,,2.0,8.0,3.0,13.0,62.0,,,62.0,79.6,313.0,393.0,,,31.0,,,,10.0,,,,23.3,7.0,30.0,,11.0,,,10.0,8.0,2.0,,18.0,0,,1,0.0,,,,,,,,2.0,,12.0,,,,,6.0,0.0,5.0,1.0,0.0,,,,,,,,,,0.0,1.0,0.0,3.0,45.0,,,38.0,60.6,146.0,241.0,,,18.0,,,,11.0,,,,36.4,4.0,11.0,,11.0,,,14.0,10.0,4.0,,28.0,1,,0,6.0,,,,,,,,5.0,,12.0,,,7.18,6.65,CONMEBOL Eliminatorias,CONMEBOL,CONMEBOL
SEL-ELIMINATORIAS-2026-11620296,Ronda 4,2023-10-17,Ecuador,1,Colombia,0,0,,,11.0,3.0,6.0,2.0,2.0,,,,,,,,,,0.0,3.0,2.0,4.0,56.0,,,54.0,81.5,308.0,378.0,,,32.0,,,,17.0,,,,23.5,4.0,17.0,,8.0,,,15.0,8.0,7.0,,14.0,0,,1,3.0,,,,,,,,2.0,,15.0,,,,,8.0,3.0,1.0,4.0,0.0,,,,,,,,,,1.0,6.0,4.0,1.0,48.0,,,46.0,78.7,255.0,324.0,,,11.0,,,,14.0,,,,38.5,5.0,13.0,,5.0,,,12.0,5.0,7.0,,17.0,0,,1,3.0,,,,,,,,4.0,,17.0,,,7.13,6.87,CONMEBOL Eliminatorias,CONMEBOL,CONMEBOL
SEL-ELIMINATORIAS-2026-11620298,Ronda 4,2023-10-17,Uruguay,1,Brasil,2,0,,,5.0,2.0,2.0,1.0,0.0,,,,,,,,,,1.0,2.0,2.0,11.0,40.0,,,39.0,77.5,259.0,334.0,,,17.0,,,,16.0,,,,,0.0,11.0,,8.0,,,25.0,15.0,10.0,,16.0,0,,1,,,,,,,,,3.0,,18.0,,,,,2.0,0.0,2.0,0.0,1.0,,,,,,,,,,0.0,2.0,1.0,11.0,28.0,,,61.0,90.6,480.0,530.0,,,19.0,,,,18.0,,,,10.0,1.0,10.0,,7.0,,,8.0,4.0,4.0,,10.0,2,,0,,,,,,,,,5.0,,16.0,,,7.1,6.52,CONMEBOL Eliminatorias,CONMEBOL,CONMEBOL
SEL-ELIMINATORIAS-2026-11620291,Ronda 4,2023-10-17,Perú,1,Argentina,0,2,,,6.0,0.0,4.0,2.0,0.0,,,,,,,,,,1.0,1.0,3.0,6.0,46.0,,,34.0,79.9,271.0,339.0,,,23.0,,,,10.0,,,,22.2,2.0,9.0,,10.0,,,17.0,13.0,4.0,,12.0,2,,0,4.0,,,,,,,,2.0,,19.0,,,,,10.0,6.0,2.0,2.0,0.0,,,,,,,,,,2.0,1.0,2.0,2.0,56.0,,,66.0,89.3,601.0,673.0,,,37.0,,,,18.0,,,,,0.0,2.0,,11.0,,,15.0,10.0,5.0,,8.0,0,,1,0.0,,,,,,,,0.0,,10.0,,,6.5,7.18,CONMEBOL Eliminatorias,CONMEBOL,CONMEBOL
SEL-ELIMINATORIAS-2026-11774444,Ronda 5,2023-11-16,Bolivia,1,Perú,2,0,,,16.0,5.0,6.0,5.0,0.0,,,,,,,,,,1.0,4.0,1.0,5.0,53.0,,,45.0,74.3,226.0,304.0,,,22.0,,,,5.0,,,,8.3,1.0,12.0,,9.0,,,21.0,17.0,4.0,,17.0,0,,1,2.0,,,,,,,,2.0,,16.0,,,,,9.0,2.0,1.0,6.0,0.0,,,,,,,,,,1.0,3.0,0.0,11.0,59.0,,,55.0,79.8,297.0,372.0,,,40.0,,,,14.0,,,,20.0,4.0,20.0,,3.0,,,12.0,9.0,3.0,,14.0,2,,0,3.0,,,,,,,,4.0,,6.0,,,7.07,6.65,CONMEBOL Eliminatorias,CONMEBOL,CONMEBOL
SEL-ELIMINATORIAS-2026-11774455,Ronda 5,2023-11-16,Venezuela,1,Ecuador,0,0,,,7.0,2.0,3.0,2.0,0.0,,,,,,,,,,,4.0,0.0,4.0,46.0,,,50.0,78.9,262.0,332.0,,,20.0,,,,14.0,,,,20.0,4.0,20.0,,8.0,,,10.0,6.0,4.0,,8.0,0,,1,1.0,,,,,,,,2.0,,8.0,,,,,8.0,1.0,5.0,2.0,0.0,,,,,,,,,,,3.0,1.0,5.0,48.0,,,50.0,81.4,284.0,349.0,,,22.0,,,,8.0,,,,13.3,2.0,15.0,,1.0,,,15.0,13.0,2.0,,18.0,0,,1,2.0,,,,,,,,3.0,,14.0,,,6.85,6.95,CONMEBOL Eliminatorias,CONMEBOL,CONMEBOL
SEL-ELIMINATORIAS-2026-11774450,Ronda 5,2023-11-16,Argentina,1,Uruguay,0,2,,,12.0,3.0,3.0,6.0,1.0,,,,,,,,,,1.0,8.0,5.0,8.0,58.0,,,63.0,85.9,495.0,576.0,,,21.0,,,,22.0,,,,47.1,8.0,17.0,,5.0,,,24.0,15.0,9.0,,8.0,2,,0,0.0,,,,,,,,4.0,,11.0,,,,,6.0,2.0,2.0,2.0,0.0,,,,,,,,,,2.0,1.0,2.0,10.0,49.0,,,37.0,78.9,265.0,336.0,,,17.0,,,,11.0,,,,16.7,1.0,6.0,,8.0,,,21.0,14.0,7.0,,16.0,0,,1,3.0,,,,,,,,3.0,,22.0,,,6.8,7.03,CONMEBOL Eliminatorias,CONMEBOL,CONMEBOL
SEL-ELIMINATORIAS-2026-11774456,Ronda 5,2023-11-16,Colombia,1,Brasil,2,1,,,23.0,10.0,8.0,5.0,0.0,,,,,,,,,,2.0,3.0,2.0,7.0,36.0,,,40.0,89.7,306.0,341.0,,,23.0,,,,11.0,,,,37.5,6.0,16.0,,9.0,,,19.0,12.0,7.0,,10.0,1,,0,2.0,,,,,,,,1.0,,16.0,,,,,12.0,3.0,8.0,1.0,1.0,,,,,,,,,,3.0,7.0,1.0,7.0,42.0,,,60.0,92.3,491.0,532.0,,,19.0,,,,16.0,,,,18.2,2.0,11.0,,4.0,,,19.0,6.0,13.0,,13.0,2,,0,8.0,,,,,,,,2.0,,12.0,,,7.12,7.06,CONMEBOL Eliminatorias,CONMEBOL,CONMEBOL
SEL-ELIMINATORIAS-2026-11774463,Ronda 5,2023-11-16,Chile,1,Paraguay,0,0,,,13.0,5.0,6.0,2.0,0.0,,,,,,,,,,1.0,7.0,1.0,12.0,77.0,,,71.0,88.4,541.0,612.0,,,52.0,,,,18.0,,,,25.0,6.0,24.0,,9.0,,,7.0,2.0,5.0,,9.0,0,,1,3.0,,,,,,,,2.0,1.0,8.0,,,,,11.0,3.0,7.0,1.0,0.0,,,,,,,,,,1.0,1.0,2.0,10.0,58.0,,,29.0,65.6,164.0,250.0,,,24.0,,,,6.0,,,,25.0,1.0,4.0,,10.0,,,24.0,17.0,7.0,,20.0,0,,1,5.0,,,,,,,,3.0,1.0,18.0,,,7.23,6.98,CONMEBOL Eliminatorias,CONMEBOL,CONMEBOL
SEL-ELIMINATORIAS-2026-11774478,Ronda 6,2023-11-21,Paraguay,1,Colombia,0,1,,,13.0,2.0,5.0,6.0,0.0,,,,,,,,,,1.0,4.0,1.0,5.0,62.0,,,41.0,70.3,218.0,310.0,,,25.0,,,,13.0,,,,9.5,2.0,21.0,,7.0,,,12.0,7.0,5.0,,15.0,1,,0,3.0,,,,,,,,2.0,,10.0,,,,,12.0,4.0,7.0,1.0,1.0,,,,,,,,,,3.0,3.0,0.0,9.0,58.0,,,59.0,83.2,386.0,464.0,,,22.0,,,,9.0,,,,26.7,4.0,15.0,,4.0,,,14.0,10.0,4.0,,27.0,0,,1,1.0,,,,,,,,4.0,,15.0,,,6.72,7.25,CONMEBOL Eliminatorias,CONMEBOL,CONMEBOL
SEL-ELIMINATORIAS-2026-11774479,Ronda 6,2023-11-21,Ecuador,1,Chile,1,0,,,14.0,5.0,6.0,3.0,1.0,,,,,,,,,,2.0,5.0,0.0,11.0,36.0,,,53.0,83.7,349.0,417.0,,,46.0,,,,14.0,,,,11.1,1.0,9.0,,8.0,,,13.0,8.0,5.0,,11.0,0,,1,3.0,,,,,,,,2.0,,14.0,,,,,12.0,3.0,4.0,5.0,1.0,,,,,,,,,,1.0,4.0,1.0,5.0,56.0,,,47.0,77.6,288.0,371.0,,,17.0,,,,14.0,,,,20.0,2.0,10.0,,12.0,,,16.0,9.0,7.0,,10.0,1,,0,4.0,,,,,,,,2.0,,14.0,,,7.22,6.73,CONMEBOL Eliminatorias,CONMEBOL,CONMEBOL
SEL-ELIMINATORIAS-2026-11774477,Ronda 6,2023-11-21,Uruguay,1,Bolivia,3,0,,,18.0,4.0,10.0,4.0,1.0,,,,,,,,,,5.0,7.0,0.0,9.0,90.0,,,69.0,88.6,566.0,639.0,,,21.0,,,,11.0,,,,15.8,3.0,19.0,,11.0,,,18.0,10.0,8.0,,6.0,0,,1,0.0,,,,,,,,0.0,,10.0,,,,,4.0,0.0,3.0,1.0,0.0,,,,,,,,,,0.0,1.0,2.0,1.0,25.0,,,31.0,72.5,208.0,287.0,,,10.0,,,,10.0,,,,,0.0,4.0,,20.0,,,12.0,5.0,7.0,,21.0,3,,0,2.0,,,,,,,,2.0,,11.0,,,7.64,6.33,CONMEBOL Eliminatorias,CONMEBOL,CONMEBOL
SEL-ELIMINATORIAS-2026-11774480,Ronda 6,2023-11-21,Brasil,1,Argentina,0,1,,,8.0,4.0,1.0,3.0,0.0,,,,,,,,,,1.0,4.0,0.0,5.0,41.0,,,50.0,88.0,352.0,400.0,,,11.0,,,,16.0,,,,10.5,2.0,19.0,,12.0,,,8.0,5.0,3.0,,5.0,1,,0,1.0,,,,,,,,3.0,1.0,26.0,,,,,8.0,2.0,2.0,4.0,0.0,,,,,,,,,,0.0,3.0,1.0,5.0,34.0,,,50.0,86.1,366.0,425.0,,,27.0,,,,24.0,,,,28.6,2.0,7.0,,7.0,,,20.0,10.0,10.0,,17.0,0,,1,3.0,,,,,,,,0.0,0.0,16.0,,,6.68,7.18,CONMEBOL Eliminatorias,CONMEBOL,CONMEBOL
SEL-ELIMINATORIAS-2026-11774476,Ronda 6,2023-11-21,Perú,1,Venezuela,1,1,,,12.0,5.0,4.0,3.0,0.0,,,,,,,,,,2.0,2.0,2.0,3.0,55.0,,,47.0,68.3,222.0,325.0,,,20.0,,,,18.0,,,,12.5,1.0,8.0,,10.0,,,20.0,14.0,6.0,,24.0,1,,0,2.0,,,,,,,,2.0,,19.0,,,,,9.0,3.0,3.0,3.0,0.0,,,,,,,,,,1.0,4.0,0.0,9.0,56.0,,,53.0,76.2,260.0,341.0,,,30.0,,,,17.0,,,,23.3,7.0,30.0,,12.0,,,10.0,6.0,4.0,,13.0,1,,0,4.0,,,,,,,,3.0,,18.0,,,6.79,6.95,CONMEBOL Eliminatorias,CONMEBOL,CONMEBOL
SEL-ELIMINATORIAS-2026-12716820,Ronda 7,2024-09-05,Bolivia,1,Venezuela,4,0,,,19.0,8.0,7.0,4.0,0.0,,,,,,,,,,4.0,2.0,1.0,9.0,42.0,,22.0,57.0,86.4,344.0,398.0,,,27.0,,,,8.0,,,,25.0,2.0,8.0,,12.0,,,6.0,2.0,4.0,,11.0,0,,1,3.0,,,,,1.0,,,3.0,,13.0,,,,,12.0,3.0,6.0,3.0,0.0,,,,,,,,,,1.0,5.0,0.0,6.0,40.0,,19.0,43.0,77.1,232.0,301.0,,,23.0,,,,13.0,,,,36.4,4.0,11.0,,8.0,,,17.0,12.0,5.0,,7.0,4,,0,4.0,,,,,0.0,,,2.0,,9.0,,,7.17,6.48,CONMEBOL Eliminatorias,CONMEBOL,CONMEBOL
SEL-ELIMINATORIAS-2026-12716816,Ronda 7,2024-09-05,Argentina,1,Chile,3,0,,,16.0,8.0,5.0,3.0,0.0,,,,,,,,,,3.0,4.0,0.0,8.0,52.0,,35.0,65.0,89.7,576.0,642.0,,,42.0,,,,14.0,,,,42.1,8.0,19.0,,17.0,,,14.0,9.0,5.0,,15.0,0,,1,1.0,,,,,1.0,,,2.0,,8.0,,,,,5.0,1.0,2.0,2.0,1.0,,,,,,,,,,0.0,4.0,1.0,4.0,34.0,,6.0,35.0,75.7,258.0,341.0,,,25.0,,,,8.0,,,,,0.0,12.0,,12.0,,,23.0,13.0,10.0,,21.0,3,,0,5.0,,,,,1.0,,,3.0,,14.0,,,7.54,6.62,CONMEBOL Eliminatorias,CONMEBOL,CONMEBOL
SEL-ELIMINATORIAS-2026-12716815,Ronda 7,2024-09-06,Uruguay,1,Paraguay,0,0,,,12.0,1.0,7.0,4.0,1.0,,,,,,,,,,0.0,8.0,4.0,12.0,62.0,,19.0,65.0,78.1,375.0,480.0,,,40.0,,,,11.0,,,,25.8,8.0,31.0,,10.0,,,13.0,8.0,5.0,,18.0,0,,1,2.0,,,,,,,,4.0,,13.0,,,,,8.0,2.0,4.0,2.0,2.0,,,,,,,,,,1.0,0.0,2.0,4.0,44.0,,11.0,35.0,62.6,169.0,270.0,,,24.0,,,,12.0,,,,,0.0,1.0,,14.0,,,20.0,11.0,9.0,,38.0,0,,1,1.0,,,,,,,,2.0,,11.0,,,7.05,7.03,CONMEBOL Eliminatorias,CONMEBOL,CONMEBOL
SEL-ELIMINATORIAS-2026-12716834,Ronda 7,2024-09-06,Brasil,1,Ecuador,1,0,,,10.0,3.0,3.0,4.0,0.0,,,,,,,,,,1.0,4.0,0.0,6.0,58.0,,14.0,57.0,89.4,546.0,611.0,,,35.0,,,,17.0,,,,22.2,2.0,9.0,,9.0,,,6.0,4.0,2.0,,12.0,0,,1,1.0,,,,,1.0,,,1.0,,8.0,,,,,9.0,2.0,5.0,2.0,0.0,,,,,,,,,,2.0,2.0,2.0,7.0,43.0,,7.0,43.0,83.1,374.0,450.0,,,24.0,,,,8.0,,,,22.2,2.0,9.0,,11.0,,,13.0,8.0,5.0,,14.0,1,,0,2.0,,,,,0.0,,,0.0,,17.0,,,7.21,6.67,CONMEBOL Eliminatorias,CONMEBOL,CONMEBOL
SEL-ELIMINATORIAS-2026-12716824,Ronda 7,2024-09-06,Perú,1,Colombia,1,1,,,9.0,3.0,3.0,3.0,0.0,,,,,,,,,,1.0,5.0,4.0,5.0,33.0,,13.0,31.0,67.1,151.0,225.0,,,16.0,,,,13.0,,,,38.5,5.0,13.0,,6.0,,,18.0,8.0,10.0,,28.0,1,,0,4.0,,,,,1.0,,,0.0,,9.0,,,,,16.0,5.0,8.0,3.0,0.0,,,,,,,,,,2.0,10.0,0.0,6.0,69.0,,17.0,69.0,87.2,450.0,516.0,,,45.0,,,,9.0,,,,28.0,7.0,25.0,,9.0,,,13.0,8.0,5.0,,9.0,1,,0,2.0,,,,,0.0,,,2.0,,13.0,,,6.95,6.94,CONMEBOL Eliminatorias,CONMEBOL,CONMEBOL
SEL-ELIMINATORIAS-2026-12716821,Ronda 8,2024-09-10,Colombia,1,Argentina,2,1,,,9.0,5.0,4.0,0.0,0.0,,,,,,,,,,3.0,2.0,2.0,4.0,41.0,,13.0,47.0,82.2,258.0,314.0,,,17.0,,,,9.0,,,,30.0,3.0,10.0,,5.0,,,12.0,9.0,3.0,,16.0,1,,0,0.0,,,,,1.0,,,2.0,,8.0,,,,,13.0,1.0,9.0,3.0,0.0,,,,,,,,,,2.0,4.0,0.0,6.0,37.0,,19.0,53.0,85.7,293.0,342.0,,,17.0,,,,8.0,,,,33.3,5.0,15.0,,7.0,,,14.0,10.0,4.0,,6.0,2,,0,2.0,,,,,0.0,,,2.0,,10.0,,,6.83,6.69,CONMEBOL Eliminatorias,CONMEBOL,CONMEBOL
SEL-ELIMINATORIAS-2026-12716825,Ronda 8,2024-09-10,Chile,1,Bolivia,1,2,,,19.0,5.0,10.0,4.0,1.0,,,,,,,,,,2.0,10.0,1.0,5.0,71.0,,33.0,75.0,85.9,474.0,552.0,,,22.0,,,,10.0,,,,28.2,11.0,39.0,,11.0,,,12.0,6.0,6.0,,2.0,2,,0,0.0,,,,,,,0.0,4.0,,11.0,,,,,5.0,2.0,1.0,2.0,0.0,,,,,,,,,,2.0,2.0,0.0,5.0,35.0,,8.0,25.0,63.1,123.0,195.0,,,6.0,,,,11.0,,,,40.0,2.0,5.0,,12.0,,,16.0,8.0,8.0,,39.0,1,,0,4.0,,,,,,,1.0,3.0,,10.0,,,6.93,6.9,CONMEBOL Eliminatorias,CONMEBOL,CONMEBOL
SEL-ELIMINATORIAS-2026-12716818,Ronda 8,2024-09-10,Ecuador,1,Perú,1,0,,,11.0,5.0,2.0,4.0,0.0,,,,,,,,,,1.0,8.0,5.0,4.0,64.0,,15.0,70.0,90.2,480.0,532.0,,,38.0,,,,9.0,,,,25.9,7.0,27.0,,11.0,,,11.0,6.0,5.0,,10.0,0,,1,1.0,,,,,1.0,,,1.0,,20.0,,,,,2.0,1.0,1.0,0.0,0.0,,,,,,,,,,0.0,0.0,5.0,5.0,41.0,,10.0,30.0,68.3,164.0,240.0,,,25.0,,,,20.0,,,,,0.0,2.0,,6.0,,,16.0,11.0,5.0,,14.0,1,,0,4.0,,,,,0.0,,,4.0,,9.0,,,7.13,6.66,CONMEBOL Eliminatorias,CONMEBOL,CONMEBOL
SEL-ELIMINATORIAS-2026-12716814,Ronda 8,2024-09-10,Venezuela,1,Uruguay,0,0,,,20.0,6.0,7.0,7.0,0.0,,,,,,,,,,2.0,5.0,2.0,7.0,62.0,,28.0,45.0,69.2,200.0,289.0,,,14.0,,,,17.0,,,,13.6,3.0,22.0,,13.0,,,15.0,10.0,5.0,,17.0,0,,1,2.0,,,,,0.0,,1.0,3.0,,7.0,,,,,8.0,2.0,2.0,4.0,0.0,,,,,,,,,,0.0,5.0,5.0,6.0,48.0,,9.0,55.0,75.3,283.0,376.0,,,11.0,,,,7.0,,,,15.4,2.0,13.0,,14.0,,,23.0,14.0,9.0,,24.0,0,,1,6.0,,,,,1.0,,0.0,4.0,,17.0,,,7.07,7.01,CONMEBOL Eliminatorias,CONMEBOL,CONMEBOL
SEL-ELIMINATORIAS-2026-12716813,Ronda 8,2024-09-10,Paraguay,1,Brasil,1,0,,,7.0,2.0,1.0,4.0,0.0,,,,,,,,,,0.0,4.0,,3.0,47.0,,6.0,29.0,70.1,155.0,221.0,,,26.0,,,,7.0,,,,23.1,3.0,13.0,,2.0,,,21.0,12.0,9.0,,27.0,0,,1,2.0,,,,,,,,4.0,,13.0,,,,,9.0,3.0,6.0,0.0,0.0,,,,,,,,,,1.0,6.0,,7.0,56.0,,23.0,71.0,87.1,481.0,552.0,,,24.0,,,,12.0,,,,23.8,5.0,21.0,,7.0,,,13.0,8.0,5.0,,22.0,1,,0,1.0,,,,,,,,2.0,,8.0,,,6.89,6.82,CONMEBOL Eliminatorias,CONMEBOL,CONMEBOL
SEL-ELIMINATORIAS-2026-12851466,Ronda 9,2024-10-10,Bolivia,1,Colombia,1,0,,,14.0,8.0,3.0,3.0,1.0,,,,,,,,,,0.0,5.0,1.0,4.0,39.0,,12.0,35.0,83.0,200.0,241.0,,,17.0,,,,8.0,,,,23.1,3.0,13.0,,4.0,,,8.0,5.0,3.0,,26.0,0,,1,9.0,,,,,1.0,,0.0,1.0,1.0,9.0,,,,,20.0,9.0,9.0,2.0,1.0,,,,,,,,,,3.0,9.0,1.0,4.0,54.0,,20.0,65.0,92.7,421.0,454.0,,,20.0,,,,9.0,,,,22.6,7.0,31.0,,6.0,,,13.0,9.0,4.0,,10.0,1,,0,7.0,,,,,0.0,,1.0,1.0,0.0,8.0,,,7.0,7.05,CONMEBOL Eliminatorias,CONMEBOL,CONMEBOL
SEL-ELIMINATORIAS-2026-12851461,Ronda 9,2024-10-10,Ecuador,1,Paraguay,0,0,,,14.0,5.0,5.0,4.0,0.0,,,,,,,,,,,4.0,3.0,12.0,87.0,,21.0,77.0,89.3,557.0,624.0,,,32.0,,,,10.0,,,,7.1,2.0,28.0,,10.0,,,11.0,6.0,5.0,,11.0,0,,1,2.0,,,,,1.0,,,1.0,,6.0,,,,,3.0,2.0,0.0,1.0,0.0,,,,,,,,,,,3.0,1.0,3.0,37.0,,8.0,23.0,58.7,111.0,189.0,,,16.0,,,,6.0,,,,20.0,2.0,10.0,,7.0,,,25.0,13.0,12.0,,32.0,0,,1,5.0,,,,,0.0,,,1.0,,10.0,,,7.09,6.95,CONMEBOL Eliminatorias,CONMEBOL,CONMEBOL
SEL-ELIMINATORIAS-2026-12851464,Ronda 9,2024-10-10,Venezuela,1,Argentina,1,1,,,16.0,6.0,3.0,7.0,0.0,,,,,,,,,,2.0,8.0,6.0,8.0,75.0,,15.0,40.0,56.8,138.0,243.0,,,28.0,,,,13.0,,,,22.2,4.0,18.0,,10.0,,,14.0,6.0,8.0,,13.0,1,,0,3.0,,,,,0.0,,1.0,1.0,,20.0,,,,,8.0,4.0,2.0,2.0,0.0,,,,,,,,,,2.0,4.0,0.0,6.0,51.0,,15.0,60.0,72.0,275.0,382.0,,,17.0,,,,20.0,,,,22.2,2.0,9.0,,5.0,,,19.0,12.0,7.0,,36.0,1,,0,5.0,,,,,1.0,,1.0,1.0,,13.0,,,6.84,7.05,CONMEBOL Eliminatorias,CONMEBOL,CONMEBOL
SEL-ELIMINATORIAS-2026-12851462,Ronda 9,2024-10-10,Chile,1,Brasil,1,2,,,7.0,1.0,5.0,1.0,0.0,,,,,,,,,,0.0,4.0,2.0,7.0,41.0,,8.0,29.0,68.7,160.0,233.0,,,11.0,,,,11.0,,,,27.3,3.0,11.0,,4.0,,,19.0,11.0,8.0,,20.0,2,,0,2.0,,,,,0.0,,2.0,2.0,,14.0,,,,,14.0,4.0,3.0,7.0,0.0,,,,,,,,,,1.0,7.0,2.0,7.0,60.0,,25.0,71.0,90.1,537.0,596.0,,,42.0,,,,14.0,,,,20.0,3.0,15.0,,2.0,,,14.0,9.0,5.0,,13.0,1,,0,0.0,,,,,1.0,,0.0,2.0,,12.0,,,6.62,6.91,CONMEBOL Eliminatorias,CONMEBOL,CONMEBOL
SEL-ELIMINATORIAS-2026-12851463,Ronda 9,2024-10-11,Perú,1,Uruguay,1,0,,,13.0,3.0,2.0,8.0,0.0,,,,,,,,,,1.0,5.0,1.0,5.0,43.0,,20.0,38.0,70.9,224.0,316.0,,,25.0,,,,6.0,,,,38.9,7.0,18.0,,11.0,,,19.0,16.0,3.0,,17.0,0,,1,3.0,,,,,1.0,,,0.0,,17.0,,,,,8.0,3.0,2.0,3.0,0.0,,,,,,,,,,0.0,2.0,1.0,9.0,50.0,,18.0,62.0,82.6,445.0,539.0,,,31.0,,,,17.0,,,,27.3,3.0,11.0,,13.0,,,17.0,11.0,6.0,,12.0,1,,0,2.0,,,,,0.0,,,1.0,,6.0,,,7.11,6.96,CONMEBOL Eliminatorias,CONMEBOL,CONMEBOL
SEL-ELIMINATORIAS-2026-12851460,Ronda 10,2024-10-15,Colombia,1,Chile,4,0,,,18.0,9.0,4.0,5.0,0.0,,,,,,,,,,6.0,5.0,8.0,11.0,46.0,,30.0,62.0,87.0,382.0,439.0,,,37.0,,,,15.0,,,,41.2,7.0,17.0,,5.0,,,17.0,11.0,6.0,,10.0,0,,1,2.0,,,,,1.0,,,2.0,,16.0,,,,,8.0,2.0,5.0,1.0,0.0,,,,,,,,,,0.0,2.0,0.0,3.0,39.0,,11.0,38.0,72.8,190.0,261.0,,,15.0,,,,16.0,,,,45.5,5.0,11.0,,2.0,,,23.0,18.0,5.0,,11.0,4,,0,5.0,,,,,2.0,,,2.0,,15.0,,,7.33,6.38,CONMEBOL Eliminatorias,CONMEBOL,CONMEBOL
SEL-ELIMINATORIAS-2026-12851458,Ronda 10,2024-10-15,Paraguay,1,Venezuela,2,1,,,13.0,6.0,4.0,3.0,0.0,,,,,,,,,,5.0,5.0,2.0,7.0,56.0,,21.0,61.0,76.3,306.0,401.0,,,21.0,,,,17.0,,,,20.7,6.0,29.0,,10.0,,,19.0,11.0,8.0,,19.0,1,,0,2.0,,,0.0,,,,0.0,2.0,,10.0,,,,,6.0,3.0,2.0,1.0,0.0,,,,,,,,,,0.0,1.0,2.0,6.0,62.0,,6.0,39.0,66.9,184.0,275.0,,,21.0,,,,10.0,,,,10.0,1.0,10.0,,3.0,,,11.0,5.0,6.0,,23.0,2,,0,4.0,,,1.0,,,,1.0,6.0,,17.0,,,6.85,6.58,CONMEBOL Eliminatorias,CONMEBOL,CONMEBOL
SEL-ELIMINATORIAS-2026-12851459,Ronda 10,2024-10-15,Uruguay,1,Ecuador,0,0,,,11.0,4.0,5.0,2.0,1.0,,,,,,,,,,1.0,6.0,1.0,4.0,55.0,,14.0,55.0,81.4,354.0,435.0,,,21.0,,,,12.0,,,,16.7,2.0,12.0,,6.0,,,14.0,10.0,4.0,,23.0,0,,1,4.0,,,,,1.0,,1.0,1.0,,14.0,,,,,8.0,4.0,1.0,3.0,0.0,,,,,,,,,,0.0,5.0,0.0,8.0,54.0,,9.0,45.0,78.1,274.0,351.0,,,25.0,,,,14.0,,,,5.9,1.0,17.0,,13.0,,,13.0,8.0,5.0,,14.0,0,,1,4.0,,,,,0.0,,0.0,1.0,,12.0,,,7.07,7.06,CONMEBOL Eliminatorias,CONMEBOL,CONMEBOL
SEL-ELIMINATORIAS-2026-12851457,Ronda 10,2024-10-15,Argentina,1,Bolivia,6,0,,,14.0,10.0,2.0,2.0,0.0,,,,,,,,,,5.0,4.0,3.0,4.0,97.0,,23.0,72.0,93.2,741.0,795.0,,,34.0,,,,13.0,,,,33.3,2.0,6.0,,11.0,,,13.0,8.0,5.0,,3.0,0,,1,1.0,,,,,,,0.0,0.0,,10.0,,,,,4.0,1.0,0.0,3.0,0.0,,,,,,,,,,0.0,0.0,0.0,7.0,19.0,,2.0,28.0,81.6,248.0,304.0,,,17.0,,,,10.0,,,,100.0,1.0,1.0,,13.0,,,10.0,8.0,2.0,,9.0,6,,0,4.0,,,,,,,1.0,1.0,,13.0,,,7.66,6.03,CONMEBOL Eliminatorias,CONMEBOL,CONMEBOL
SEL-ELIMINATORIAS-2026-12851456,Ronda 10,2024-10-15,Brasil,1,Perú,4,0,,,18.0,8.0,6.0,4.0,1.0,,,,,,,,,,3.0,6.0,0.0,3.0,45.0,,23.0,68.0,90.9,460.0,506.0,,,20.0,,,,16.0,,,,20.0,4.0,20.0,,5.0,,,18.0,12.0,6.0,,5.0,0,,1,2.0,,,,,1.0,,,1.0,,10.0,,,,,3.0,2.0,1.0,0.0,0.0,,,,,,,,,,0.0,1.0,3.0,0.0,35.0,,4.0,32.0,76.2,183.0,240.0,,,15.0,,,,7.0,,,,20.0,1.0,5.0,,11.0,,,21.0,10.0,11.0,,17.0,4,,0,4.0,,,,,1.0,,,5.0,,17.0,,,7.32,6.32,CONMEBOL Eliminatorias,CONMEBOL,CONMEBOL
SEL-ELIMINATORIAS-2026-12995966,Ronda 11,2024-11-14,Venezuela,1,Brasil,1,1,,,12.0,5.0,1.0,6.0,0.0,,,,,,,,,,5.0,3.0,5.0,3.0,44.0,,13.0,33.0,77.5,165.0,213.0,,,20.0,,,,12.0,,,,11.1,2.0,18.0,,8.0,,,13.0,10.0,3.0,,28.0,1,,0,2.0,,,1.0,,0.0,,2.0,4.0,1.0,14.0,,,,,13.0,4.0,4.0,5.0,1.0,,,,,,,,,,4.0,9.0,2.0,9.0,58.0,,27.0,67.0,83.6,366.0,438.0,,,18.0,,,,13.0,,,,19.0,4.0,21.0,,1.0,,,14.0,9.0,5.0,,7.0,1,,0,3.0,,,0.0,,1.0,,0.0,2.0,0.0,12.0,,,6.73,6.91,CONMEBOL Eliminatorias,CONMEBOL,CONMEBOL
SEL-ELIMINATORIAS-2026-12977649,Ronda 11,2024-11-14,Paraguay,1,Argentina,2,1,,,8.0,2.0,2.0,4.0,1.0,,,,,,,,,,1.0,6.0,2.0,4.0,38.0,,17.0,23.0,65.8,121.0,184.0,,,23.0,,,,9.0,,,,50.0,9.0,18.0,,17.0,,,13.0,6.0,7.0,,13.0,1,,0,,,,,,,,,3.0,,17.0,,,,,9.0,1.0,6.0,2.0,0.0,,,,,,,,,,2.0,2.0,1.0,6.0,58.0,,20.0,77.0,87.5,569.0,650.0,,,28.0,,,,17.0,,,,27.3,3.0,11.0,,4.0,,,20.0,15.0,5.0,,11.0,2,,0,,,,,,,,,1.0,,9.0,,,6.82,6.89,CONMEBOL Eliminatorias,CONMEBOL,CONMEBOL
SEL-ELIMINATORIAS-2026-12995967,Ronda 11,2024-11-14,Ecuador,1,Bolivia,4,0,,,28.0,15.0,7.0,6.0,1.0,,,,,,,,,,6.0,12.0,1.0,15.0,73.0,,51.0,79.0,94.7,626.0,661.0,,,16.0,,,,4.0,,,,21.1,4.0,19.0,,2.0,,,18.0,13.0,5.0,,2.0,0,,1,1.0,,,,,,,1.0,0.0,0.0,13.0,,,,,1.0,1.0,0.0,0.0,0.0,,,,,,,,,,0.0,1.0,0.0,8.0,15.0,,0.0,21.0,65.0,117.0,180.0,,,11.0,,,,13.0,,,,,0.0,2.0,,9.0,,,23.0,12.0,11.0,,25.0,4,,0,11.0,,,,,,,1.0,1.0,1.0,5.0,,,7.74,6.25,CONMEBOL Eliminatorias,CONMEBOL,CONMEBOL
SEL-ELIMINATORIAS-2026-12995968,Ronda 11,2024-11-15,Uruguay,1,Colombia,3,2,,,10.0,5.0,3.0,2.0,0.0,,,,,,,,,,2.0,6.0,2.0,14.0,50.0,,25.0,45.0,82.2,296.0,360.0,,,27.0,,,,14.0,,,,8.3,2.0,24.0,,8.0,,,22.0,15.0,7.0,,10.0,2,,0,2.0,,,,,,,,4.0,,18.0,,,,,10.0,4.0,6.0,0.0,1.0,,,,,,,,,,3.0,1.0,1.0,11.0,44.0,,12.0,55.0,89.0,414.0,465.0,,,22.0,,,,18.0,,,,50.0,2.0,4.0,,14.0,,,18.0,10.0,8.0,,24.0,3,,0,3.0,,,,,,,,2.0,,14.0,,,6.82,6.79,CONMEBOL Eliminatorias,CONMEBOL,CONMEBOL
SEL-ELIMINATORIAS-2026-12995969,Ronda 11,2024-11-15,Perú,1,Chile,0,0,,,13.0,6.0,3.0,4.0,1.0,,,,,,,,,,1.0,4.0,2.0,5.0,51.0,,12.0,41.0,75.3,229.0,304.0,,,18.0,,,,11.0,,,,14.3,2.0,14.0,,12.0,,,20.0,13.0,7.0,,19.0,0,,1,5.0,,,,,0.0,,,2.0,,10.0,,,,,13.0,5.0,5.0,3.0,1.0,,,,,,,,,,2.0,8.0,1.0,5.0,53.0,,14.0,59.0,82.2,370.0,450.0,,,42.0,,,,10.0,,,,26.7,4.0,15.0,,9.0,,,12.0,9.0,3.0,,10.0,0,,1,6.0,,,,,1.0,,,3.0,,11.0,,,7.07,7.23,CONMEBOL Eliminatorias,CONMEBOL,CONMEBOL
SEL-ELIMINATORIAS-2026-12995970,Ronda 12,2024-11-19,Bolivia,1,Paraguay,2,2,,,11.0,5.0,4.0,2.0,0.0,,,,,,,,,,4.0,4.0,1.0,7.0,56.0,,14.0,65.0,90.1,445.0,494.0,,,43.0,,,,9.0,,,,14.3,2.0,14.0,,9.0,,,11.0,6.0,5.0,,13.0,2,,0,2.0,,,,,0.0,,,,1.0,7.0,,,,,13.0,4.0,6.0,3.0,0.0,,,,,,,,,,2.0,1.0,0.0,8.0,39.0,,15.0,35.0,81.4,219.0,269.0,,,20.0,,,,7.0,,,,25.0,2.0,8.0,,6.0,,,20.0,15.0,5.0,,12.0,2,,0,3.0,,,,,1.0,,,,1.0,10.0,,,6.98,6.75,CONMEBOL Eliminatorias,CONMEBOL,CONMEBOL
SEL-ELIMINATORIAS-2026-12995971,Ronda 12,2024-11-19,Colombia,1,Ecuador,0,1,,,25.0,7.0,10.0,8.0,1.0,,,,,,,,,,5.0,5.0,5.0,11.0,67.0,,47.0,67.0,88.3,462.0,523.0,,,18.0,,,,11.0,,,,20.0,7.0,35.0,,5.0,,,14.0,8.0,6.0,,5.0,1,,0,0.0,,,,,,,,3.0,0.0,12.0,,,,,4.0,1.0,0.0,3.0,0.0,,,,,,,,,,1.0,2.0,0.0,5.0,53.0,,6.0,33.0,74.5,207.0,278.0,,,17.0,,,,12.0,,,,50.0,1.0,2.0,,9.0,,,16.0,7.0,9.0,,47.0,0,,1,7.0,,,,,,,,2.0,1.0,11.0,,,7.05,6.98,CONMEBOL Eliminatorias,CONMEBOL,CONMEBOL
SEL-ELIMINATORIAS-2026-12995973,Ronda 12,2024-11-19,Argentina,1,Perú,1,0,,,11.0,3.0,7.0,1.0,1.0,,,,,,,,,,1.0,2.0,1.0,3.0,80.0,,17.0,74.0,92.0,738.0,802.0,,,28.0,,,,18.0,,,,33.3,3.0,9.0,,10.0,,,10.0,9.0,1.0,,12.0,0,,1,0.0,,,,,,,,0.0,,10.0,,,,,2.0,0.0,2.0,0.0,0.0,,,,,,,,,,0.0,1.0,1.0,3.0,31.0,,2.0,26.0,72.9,202.0,277.0,,,16.0,,,,10.0,,,,,0.0,7.0,,8.0,,,15.0,11.0,4.0,,11.0,1,,0,2.0,,,,,,,,3.0,,18.0,,,7.3,6.5,CONMEBOL Eliminatorias,CONMEBOL,CONMEBOL
SEL-ELIMINATORIAS-2026-12995972,Ronda 12,2024-11-19,Chile,1,Venezuela,4,2,,,8.0,5.0,2.0,1.0,0.0,,,,,,,,,,0.0,1.0,5.0,9.0,57.0,,9.0,61.0,83.7,430.0,514.0,,,27.0,,,,13.0,,,,14.3,2.0,14.0,,8.0,,,24.0,17.0,7.0,,19.0,2,,0,1.0,,,,,,,,1.0,,9.0,,,,,8.0,3.0,2.0,3.0,0.0,,,,,,,,,,1.0,4.0,2.0,6.0,52.0,,9.0,39.0,75.1,241.0,321.0,,,21.0,,,,9.0,,,,11.8,2.0,17.0,,18.0,,,15.0,9.0,6.0,,15.0,4,,0,2.0,,,,,,,,3.0,,13.0,,,7.11,6.43,CONMEBOL Eliminatorias,CONMEBOL,CONMEBOL
SEL-ELIMINATORIAS-2026-12995974,Ronda 12,2024-11-19,Brasil,1,Uruguay,1,1,,,18.0,3.0,10.0,5.0,0.0,,,,,,,,,,,4.0,1.0,7.0,80.0,,32.0,62.0,90.2,478.0,530.0,,,20.0,,,,11.0,,,,23.1,3.0,13.0,,7.0,,,18.0,10.0,8.0,,8.0,1,,0,1.0,,,,,2.0,,,3.0,,15.0,,,,,8.0,2.0,4.0,2.0,0.0,,,,,,,,,,,2.0,1.0,7.0,30.0,,15.0,38.0,84.8,279.0,329.0,,,21.0,,,,15.0,,,,16.7,2.0,12.0,,5.0,,,28.0,16.0,12.0,,39.0,1,,0,2.0,,,,,0.0,,,2.0,,11.0,,,7.07,6.96,CONMEBOL Eliminatorias,CONMEBOL,CONMEBOL
SEL-ELIMINATORIAS-2026-13129490,Ronda 13,2025-03-20,Paraguay,1,Chile,1,0,,,16.0,5.0,6.0,5.0,0.0,,,,,,,,,,2.0,6.0,2.0,5.0,48.0,,21.0,36.0,75.3,204.0,271.0,,,21.0,,,,11.0,,,,40.0,6.0,15.0,,12.0,,,22.0,13.0,9.0,,19.0,0,,1,3.0,,,,,,,,,,10.0,,,,,9.0,3.0,4.0,2.0,0.0,,,,,,,,,,1.0,4.0,3.0,9.0,51.0,,15.0,64.0,84.7,426.0,503.0,,,15.0,,,,10.0,,,,33.3,4.0,12.0,,9.0,,,19.0,15.0,4.0,,17.0,1,,0,4.0,,,,,,,,,,11.0,,,7.2,6.89,CONMEBOL Eliminatorias,CONMEBOL,CONMEBOL
SEL-ELIMINATORIAS-2026-13129489,Ronda 13,2025-03-20,Brasil,1,Colombia,2,1,,,17.0,7.0,5.0,5.0,0.0,,,,,,,,,,3.0,4.0,0.0,5.0,42.0,,27.0,52.0,83.2,312.0,375.0,,,14.0,,,,23.0,,,,53.3,8.0,15.0,,7.0,,,11.0,7.0,4.0,,10.0,1,,0,2.0,,,,,2.0,,,3.0,,15.0,,,,,10.0,3.0,3.0,4.0,0.0,,,,,,,,,,0.0,2.0,4.0,2.0,49.0,,22.0,48.0,83.4,297.0,356.0,,,21.0,,,,15.0,,,,28.6,4.0,14.0,,5.0,,,16.0,9.0,7.0,,17.0,2,,0,5.0,,,,,0.0,,,1.0,,24.0,,,6.96,6.81,CONMEBOL Eliminatorias,CONMEBOL,CONMEBOL
SEL-ELIMINATORIAS-2026-13129488,Ronda 13,2025-03-20,Perú,1,Bolivia,3,1,,,12.0,7.0,4.0,1.0,0.0,,,,,,,,,,4.0,3.0,2.0,4.0,60.0,,21.0,51.0,80.8,332.0,411.0,,,25.0,,,,17.0,,,,55.6,5.0,9.0,,5.0,,,23.0,14.0,9.0,,12.0,1,,0,4.0,,,,,0.0,,,,,10.0,,,,,15.0,5.0,3.0,7.0,0.0,,,,,,,,,,1.0,4.0,0.0,7.0,50.0,,6.0,49.0,85.1,337.0,396.0,,,24.0,,,,9.0,,,,20.0,2.0,10.0,,9.0,,,16.0,12.0,4.0,,18.0,3,,0,4.0,,,,,1.0,,,,,17.0,,,7.1,6.72,CONMEBOL Eliminatorias,CONMEBOL,CONMEBOL
SEL-ELIMINATORIAS-2026-13129491,Ronda 13,2025-03-21,Ecuador,1,Venezuela,2,1,,,16.0,6.0,6.0,4.0,1.0,,,,,,,,,,5.0,5.0,2.0,10.0,74.0,,33.0,71.0,89.8,512.0,570.0,,,22.0,,,,12.0,,,,60.0,6.0,10.0,,10.0,,,15.0,5.0,10.0,,15.0,1,,0,5.0,,,0.0,,,,,1.0,,13.0,,,,,10.0,6.0,3.0,1.0,0.0,,,,,,,,,,2.0,2.0,2.0,3.0,51.0,,13.0,29.0,72.0,167.0,232.0,,,18.0,,,,13.0,,,,28.6,2.0,7.0,,7.0,,,21.0,14.0,7.0,,23.0,2,,0,4.0,,,1.0,,,,,2.0,,13.0,,,7.27,6.67,CONMEBOL Eliminatorias,CONMEBOL,CONMEBOL
SEL-ELIMINATORIAS-2026-13129487,Ronda 13,2025-03-21,Uruguay,1,Argentina,0,1,,,6.0,2.0,1.0,3.0,0.0,,,,,,,,,,0.0,4.0,,5.0,78.0,,14.0,55.0,85.8,446.0,520.0,,,35.0,,,,11.0,,,,26.3,5.0,19.0,,12.0,,,13.0,11.0,2.0,,19.0,1,,0,3.0,,,,,0.0,,1.0,2.0,0.0,11.0,,,,,12.0,4.0,5.0,3.0,0.0,,,,,,,,,,1.0,3.0,,3.0,45.0,,18.0,45.0,81.9,354.0,432.0,,,12.0,,,,11.0,,,,28.6,2.0,7.0,,16.0,,,15.0,6.0,9.0,,24.0,0,,1,2.0,,,,,3.0,,0.0,1.0,1.0,11.0,,,6.88,7.15,CONMEBOL Eliminatorias,CONMEBOL,CONMEBOL
SEL-ELIMINATORIAS-2026-13129494,Ronda 14,2025-03-25,Bolivia,1,Uruguay,0,0,,,32.0,7.0,13.0,12.0,2.0,,,,,,,,,,1.0,16.0,,17.0,48.0,,26.0,66.0,85.6,357.0,417.0,,,13.0,,,,5.0,,,,28.6,8.0,28.0,,15.0,,,19.0,12.0,7.0,,30.0,0,,1,0.0,,,,,1.0,,0.0,1.0,,10.0,,,,,11.0,0.0,7.0,4.0,0.0,,,,,,,,,,0.0,3.0,,8.0,34.0,,17.0,34.0,69.2,148.0,214.0,,,16.0,,,,10.0,,,,9.1,1.0,11.0,,12.0,,,19.0,12.0,7.0,,28.0,0,,1,7.0,,,,,0.0,,2.0,2.0,,5.0,,,7.41,7.05,CONMEBOL Eliminatorias,CONMEBOL,CONMEBOL
SEL-ELIMINATORIAS-2026-13129495,Ronda 14,2025-03-25,Argentina,1,Brasil,4,1,,,12.0,7.0,5.0,0.0,0.0,,,,,,,,,,4.0,6.0,,3.0,32.0,,26.0,56.0,90.1,475.0,527.0,,,29.0,,,,19.0,,,,27.3,3.0,11.0,,5.0,,,12.0,11.0,1.0,,8.0,1,,0,0.0,,,,,0.0,,0.0,5.0,,12.0,,,,,3.0,1.0,1.0,1.0,1.0,,,,,,,,,,0.0,0.0,,17.0,32.0,,3.0,44.0,87.6,373.0,426.0,,,12.0,,,,12.0,,,,,0.0,4.0,,5.0,,,19.0,11.0,8.0,,14.0,4,,0,3.0,,,,,1.0,,1.0,5.0,,19.0,,,7.01,6.49,CONMEBOL Eliminatorias,CONMEBOL,CONMEBOL
SEL-ELIMINATORIAS-2026-13129496,Ronda 14,2025-03-25,Chile,1,Ecuador,0,0,,,16.0,2.0,8.0,6.0,0.0,,,,,,,,,,,2.0,0.0,9.0,67.0,,17.0,60.0,85.9,510.0,594.0,,,34.0,,,,15.0,,,,16.7,2.0,12.0,,13.0,,,18.0,9.0,9.0,,17.0,0,,1,2.0,,,,,,,0.0,1.0,,15.0,,,,,7.0,2.0,1.0,4.0,0.0,,,,,,,,,,,2.0,3.0,8.0,59.0,,13.0,40.0,77.2,308.0,399.0,,,18.0,,,,15.0,,,,16.7,2.0,12.0,,3.0,,,12.0,11.0,1.0,,21.0,0,,1,2.0,,,,,,,1.0,2.0,,15.0,,,7.18,7.02,CONMEBOL Eliminatorias,CONMEBOL,CONMEBOL
SEL-ELIMINATORIAS-2026-13129492,Ronda 14,2025-03-25,Colombia,1,Paraguay,2,2,,,10.0,5.0,5.0,0.0,0.0,,,,,,,,,,5.0,5.0,0.0,8.0,47.0,,16.0,61.0,77.2,260.0,337.0,,,15.0,,,,13.0,,,,21.4,3.0,14.0,,4.0,,,9.0,6.0,3.0,,30.0,2,,0,3.0,,,,,,,0.0,2.0,,13.0,,,,,21.0,6.0,8.0,7.0,0.0,,,,,,,,,,3.0,4.0,3.0,10.0,43.0,,16.0,39.0,72.7,152.0,209.0,,,15.0,,,,13.0,,,,18.8,3.0,16.0,,10.0,,,16.0,9.0,7.0,,29.0,2,,0,3.0,,,,,,,1.0,4.0,,13.0,,,6.93,6.99,CONMEBOL Eliminatorias,CONMEBOL,CONMEBOL
SEL-ELIMINATORIAS-2026-13129493,Ronda 14,2025-03-25,Venezuela,1,Perú,1,0,,,12.0,5.0,4.0,3.0,0.0,,,,,,,,,,2.0,4.0,2.0,3.0,49.0,,18.0,39.0,75.3,210.0,279.0,,,32.0,,,,13.0,,,,18.2,2.0,11.0,,10.0,,,14.0,10.0,4.0,,30.0,0,,1,1.0,,,,,,,1.0,3.0,,15.0,,,,,11.0,1.0,5.0,5.0,0.0,,,,,,,,,,0.0,1.0,0.0,8.0,63.0,,16.0,61.0,83.6,371.0,444.0,,,30.0,,,,15.0,,,,15.4,2.0,13.0,,5.0,,,16.0,12.0,4.0,,12.0,1,,0,4.0,,,,,,,1.0,2.0,,14.0,,,7.1,6.91,CONMEBOL Eliminatorias,CONMEBOL,CONMEBOL
SEL-ELIMINATORIAS-2026-13856221,Ronda 15,2025-06-05,Ecuador,1,Brasil,0,0,,,7.0,3.0,3.0,1.0,0.0,,,,,,,,,,1.0,4.0,2.0,5.0,57.0,,11.0,52.0,87.6,425.0,485.0,,,27.0,,,,9.0,,,,6.2,1.0,16.0,,10.0,,,13.0,9.0,4.0,,13.0,0,,1,2.0,,,,,0.0,,,,,14.0,,,,,3.0,2.0,1.0,0.0,0.0,,,,,,,,,,1.0,3.0,0.0,4.0,42.0,,20.0,48.0,83.7,376.0,449.0,,,23.0,,,,14.0,,,,28.6,2.0,7.0,,5.0,,,25.0,17.0,8.0,,25.0,0,,1,3.0,,,,,1.0,,,,,9.0,,,6.97,7.05,CONMEBOL Eliminatorias,CONMEBOL,CONMEBOL
SEL-ELIMINATORIAS-2026-13856220,Ronda 15,2025-06-05,Paraguay,1,Uruguay,2,0,,,12.0,5.0,3.0,4.0,1.0,,,,,,,,,,2.0,5.0,2.0,7.0,44.0,,20.0,29.0,52.1,87.0,167.0,,,16.0,,,,9.0,,,,33.3,4.0,12.0,,9.0,,,18.0,11.0,7.0,,25.0,0,,1,1.0,,,,,0.0,,,2.0,,18.0,,,,,5.0,1.0,3.0,1.0,0.0,,,,,,,,,,0.0,7.0,0.0,9.0,39.0,,9.0,71.0,81.8,338.0,413.0,,,34.0,,,,18.0,,,,9.1,2.0,22.0,,6.0,,,15.0,10.0,5.0,,36.0,2,,0,3.0,,,,,1.0,,,0.0,,10.0,,,7.07,6.86,CONMEBOL Eliminatorias,CONMEBOL,CONMEBOL
SEL-ELIMINATORIAS-2026-13856223,Ronda 15,2025-06-05,Chile,1,Argentina,0,1,,,7.0,3.0,2.0,2.0,1.0,,,,,,,,,,1.0,1.0,2.0,7.0,37.0,,14.0,34.0,80.8,294.0,364.0,,,14.0,,,,9.0,,,,23.5,4.0,17.0,,12.0,,,20.0,10.0,10.0,,7.0,1,,0,3.0,,,,,2.0,,,4.0,,9.0,,,,,10.0,4.0,3.0,3.0,0.0,,,,,,,,,,3.0,4.0,2.0,8.0,38.0,,19.0,66.0,90.7,675.0,744.0,,,27.0,,,,9.0,,,,,0.0,5.0,,13.0,,,20.0,12.0,8.0,,16.0,0,,1,3.0,,,,,1.0,,,2.0,,9.0,,,6.76,7.13,CONMEBOL Eliminatorias,CONMEBOL,CONMEBOL
SEL-ELIMINATORIAS-2026-13856222,Ronda 15,2025-06-06,Colombia,1,Perú,0,0,,,15.0,0.0,7.0,8.0,1.0,,,,,,,,,,0.0,2.0,4.0,8.0,79.0,,30.0,71.0,88.2,532.0,603.0,,,26.0,,,,5.0,,,,20.0,6.0,30.0,,10.0,,,13.0,7.0,6.0,,11.0,0,,1,1.0,,,,,0.0,,,1.0,,10.0,,,,,4.0,1.0,2.0,1.0,0.0,,,,,,,,,,1.0,4.0,1.0,5.0,45.0,,7.0,29.0,68.9,177.0,257.0,,,10.0,,,,10.0,,,,10.0,1.0,10.0,,11.0,,,12.0,8.0,4.0,,35.0,0,,1,0.0,,,,,3.0,,,1.0,,5.0,,,7.09,6.83,CONMEBOL Eliminatorias,CONMEBOL,CONMEBOL
SEL-ELIMINATORIAS-2026-13856225,Ronda 15,2025-06-06,Venezuela,1,Bolivia,2,0,,,10.0,5.0,5.0,0.0,0.0,,,,,,,,,,2.0,5.0,3.0,7.0,35.0,,14.0,41.0,80.1,233.0,291.0,,,19.0,,,,18.0,,,,38.5,5.0,13.0,,12.0,,,21.0,17.0,4.0,,18.0,0,,1,2.0,,,,,,,,1.0,,12.0,,,,,9.0,2.0,5.0,2.0,0.0,,,,,,,,,,0.0,2.0,1.0,7.0,53.0,,10.0,59.0,84.9,361.0,425.0,,,21.0,,,,12.0,,,,23.1,3.0,13.0,,6.0,,,18.0,12.0,6.0,,16.0,2,,0,4.0,,,,,,,,2.0,,18.0,,,7.18,6.65,CONMEBOL Eliminatorias,CONMEBOL,CONMEBOL
SEL-ELIMINATORIAS-2026-13856227,Ronda 16,2025-06-10,Bolivia,1,Chile,2,0,,,17.0,7.0,3.0,7.0,1.0,,,,,,,,,,3.0,6.0,2.0,11.0,30.0,,13.0,47.0,87.2,287.0,329.0,,,20.0,,,,13.0,,,,23.1,3.0,13.0,,4.0,,,12.0,6.0,6.0,,11.0,0,,1,2.0,,,,,1.0,,0.0,1.0,1.0,7.0,,,,,12.0,2.0,4.0,6.0,0.0,,,,,,,,,,0.0,6.0,1.0,6.0,44.0,,11.0,53.0,86.1,323.0,375.0,,,18.0,,,,7.0,,,,25.0,3.0,12.0,,3.0,,,13.0,6.0,7.0,,11.0,2,,0,5.0,,,,,0.0,,1.0,3.0,1.0,13.0,,,6.88,6.62,CONMEBOL Eliminatorias,CONMEBOL,CONMEBOL
SEL-ELIMINATORIAS-2026-13856228,Ronda 16,2025-06-10,Uruguay,1,Venezuela,2,0,,,12.0,5.0,4.0,3.0,0.0,,,,,,,,,,1.0,10.0,0.0,7.0,61.0,,27.0,59.0,82.7,401.0,485.0,,,29.0,,,,10.0,,,,25.8,8.0,31.0,,8.0,,,21.0,13.0,8.0,,19.0,0,,1,1.0,,,,,1.0,,0.0,2.0,,15.0,,,,,10.0,1.0,3.0,6.0,0.0,,,,,,,,,,0.0,1.0,4.0,13.0,45.0,,11.0,41.0,78.7,270.0,343.0,,,21.0,,,,15.0,,,,13.3,2.0,15.0,,10.0,,,19.0,8.0,11.0,,38.0,2,,0,3.0,,,,,0.0,,1.0,3.0,,10.0,,,7.38,6.57,CONMEBOL Eliminatorias,CONMEBOL,CONMEBOL
SEL-ELIMINATORIAS-2026-13856224,Ronda 16,2025-06-10,Argentina,1,Colombia,1,1,,,10.0,3.0,6.0,1.0,1.0,,,,,,,,,,2.0,4.0,4.0,13.0,57.0,,28.0,64.0,91.3,553.0,606.0,,,13.0,,,,12.0,,,,12.5,2.0,16.0,,13.0,,,20.0,15.0,5.0,,8.0,1,,0,4.0,,,,,2.0,,,2.0,1.0,16.0,,,,,11.0,5.0,2.0,4.0,1.0,,,,,,,,,,5.0,6.0,1.0,6.0,33.0,,14.0,36.0,84.3,291.0,345.0,,,18.0,,,,16.0,,,,40.0,4.0,10.0,,6.0,,,11.0,8.0,3.0,,30.0,1,,0,2.0,,,,,0.0,,,4.0,0.0,12.0,,,7.12,6.85,CONMEBOL Eliminatorias,CONMEBOL,CONMEBOL
SEL-ELIMINATORIAS-2026-13856229,Ronda 16,2025-06-10,Brasil,1,Paraguay,1,0,,,11.0,4.0,4.0,3.0,0.0,,,,,,,,,,3.0,11.0,,10.0,71.0,,32.0,73.0,85.5,496.0,580.0,,,24.0,,,,16.0,,,,20.0,5.0,25.0,,6.0,,,15.0,11.0,4.0,,32.0,0,,1,1.0,,,,,0.0,,,2.0,,11.0,,,,,5.0,1.0,1.0,3.0,0.0,,,,,,,,,,0.0,3.0,,5.0,37.0,,13.0,27.0,59.4,126.0,212.0,,,14.0,,,,11.0,,,,33.3,3.0,9.0,,3.0,,,25.0,15.0,10.0,,49.0,1,,0,3.0,,,,,3.0,,,1.0,,16.0,,,7.28,6.75,CONMEBOL Eliminatorias,CONMEBOL,CONMEBOL
SEL-ELIMINATORIAS-2026-13856226,Ronda 16,2025-06-10,Perú,1,Ecuador,0,0,,,13.0,5.0,6.0,2.0,0.0,,,,,,,,,,2.0,2.0,1.0,4.0,59.0,,13.0,53.0,77.8,318.0,409.0,,,20.0,,,,13.0,,,,21.4,3.0,14.0,,11.0,,,16.0,11.0,5.0,,20.0,0,,1,3.0,,,,,1.0,,,4.0,0.0,11.0,,,,,10.0,3.0,3.0,4.0,0.0,,,,,,,,,,0.0,0.0,3.0,8.0,31.0,,19.0,47.0,83.1,304.0,366.0,,,15.0,,,,11.0,,,,28.6,2.0,7.0,,5.0,,,18.0,9.0,9.0,,42.0,0,,1,5.0,,,,,0.0,,,2.0,1.0,13.0,,,7.05,7.12,CONMEBOL Eliminatorias,CONMEBOL,CONMEBOL
SEL-ELIMINATORIAS-2026-14169215,Ronda 17,2025-09-04,Argentina,1,Venezuela,3,0,,,17.0,9.0,5.0,3.0,0.0,,,,,,,,,,7.0,4.0,4.0,7.0,69.0,,32.0,76.0,93.5,781.0,835.0,,,58.0,,,,13.0,,,,,0.0,2.0,,8.0,,,5.0,2.0,3.0,,15.0,0,,1,0.0,,,,,,,0.0,1.0,,9.0,,,,,5.0,0.0,3.0,2.0,0.0,,,,,,,,,,0.0,0.0,0.0,1.0,37.0,,10.0,24.0,73.6,190.0,258.0,,,14.0,,,,9.0,,,,50.0,2.0,4.0,,14.0,,,15.0,10.0,5.0,,22.0,3,,0,6.0,,,,,,,1.0,2.0,,13.0,,,7.62,6.55,CONMEBOL Eliminatorias,CONMEBOL,CONMEBOL
SEL-ELIMINATORIAS-2026-14169217,Ronda 17,2025-09-04,Colombia,1,Bolivia,3,0,,,12.0,8.0,4.0,0.0,0.0,,,,,,,,,,3.0,4.0,1.0,9.0,61.0,,25.0,64.0,88.6,437.0,493.0,,,46.0,,,,7.0,,,,40.0,8.0,20.0,,7.0,,,16.0,12.0,4.0,,12.0,0,,1,3.0,,,,,0.0,,,1.0,,10.0,,,,,9.0,3.0,3.0,3.0,0.0,,,,,,,,,,2.0,2.0,3.0,6.0,29.0,,6.0,36.0,82.9,228.0,275.0,,,19.0,,,,10.0,,,,16.7,2.0,12.0,,9.0,,,12.0,6.0,6.0,,24.0,3,,0,5.0,,,,,1.0,,,1.0,,7.0,,,7.46,6.57,CONMEBOL Eliminatorias,CONMEBOL,CONMEBOL
SEL-ELIMINATORIAS-2026-14169216,Ronda 17,2025-09-04,Paraguay,1,Ecuador,0,0,,,7.0,3.0,1.0,3.0,1.0,,,,,,,,,,1.0,6.0,1.0,9.0,44.0,,11.0,38.0,70.4,176.0,250.0,,,17.0,,,,8.0,,,,16.7,3.0,18.0,,10.0,,,22.0,15.0,7.0,,14.0,0,,1,1.0,,,,,,,0.0,3.0,,15.0,,,,,6.0,1.0,1.0,4.0,0.0,,,,,,,,,,1.0,1.0,2.0,10.0,28.0,,6.0,62.0,85.1,372.0,437.0,,,14.0,,,,15.0,,,,14.3,1.0,7.0,,7.0,,,15.0,8.0,7.0,,25.0,0,,1,3.0,,,,,,,1.0,1.0,,8.0,,,6.93,6.85,CONMEBOL Eliminatorias,CONMEBOL,CONMEBOL
SEL-ELIMINATORIAS-2026-14169221,Ronda 17,2025-09-04,Uruguay,1,Perú,3,0,,,24.0,7.0,11.0,6.0,0.0,,,,,,,,,,2.0,6.0,,13.0,58.0,,41.0,63.0,88.4,547.0,619.0,,,35.0,,,,14.0,,,,45.0,9.0,20.0,,7.0,,,12.0,12.0,0.0,,8.0,0,,1,3.0,,,,,,,0.0,2.0,,8.0,,,,,11.0,3.0,7.0,1.0,0.0,,,,,,,,,,0.0,1.0,,10.0,46.0,,12.0,37.0,80.9,301.0,372.0,,,35.0,,,,8.0,,,,60.0,3.0,5.0,,9.0,,,14.0,7.0,7.0,,34.0,3,,0,4.0,,,,,,,1.0,3.0,,14.0,,,7.67,6.65,CONMEBOL Eliminatorias,CONMEBOL,CONMEBOL
SEL-ELIMINATORIAS-2026-14169219,Ronda 17,2025-09-04,Brasil,1,Chile,3,0,,,22.0,7.0,8.0,7.0,1.0,,,,,,,,,,5.0,4.0,2.0,13.0,67.0,,44.0,64.0,89.8,527.0,587.0,,,22.0,,,,11.0,,,,17.6,3.0,17.0,,10.0,,,15.0,10.0,5.0,,13.0,0,,1,0.0,,,,,,,,1.0,,14.0,,,,,3.0,0.0,3.0,0.0,0.0,,,,,,,,,,0.0,3.0,5.0,6.0,27.0,,1.0,36.0,80.2,268.0,334.0,,,33.0,,,,14.0,,,,,0.0,7.0,,10.0,,,15.0,6.0,9.0,,28.0,3,,0,3.0,,,,,,,,1.0,,11.0,,,7.45,6.54,CONMEBOL Eliminatorias,CONMEBOL,CONMEBOL
SEL-ELIMINATORIAS-2026-14169218,Ronda 18,2025-09-09,Ecuador,1,Argentina,1,0,,,11.0,4.0,4.0,3.0,0.0,,,,,,,,,,4.0,2.0,2.0,6.0,47.0,,11.0,43.0,85.9,359.0,418.0,,,18.0,,,,9.0,,,,40.0,2.0,5.0,,10.0,,,17.0,8.0,9.0,,24.0,0,,1,0.0,,,,,,,,4.0,1.0,13.0,,,,,8.0,0.0,4.0,4.0,0.0,,,,,,,,,,0.0,8.0,1.0,4.0,70.0,,13.0,57.0,89.4,488.0,546.0,,,25.0,,,,13.0,,,,16.7,4.0,24.0,,6.0,,,15.0,7.0,8.0,,16.0,1,,0,3.0,,,,,,,,3.0,1.0,10.0,,,6.89,6.66,CONMEBOL Eliminatorias,CONMEBOL,CONMEBOL
SEL-ELIMINATORIAS-2026-14169220,Ronda 18,2025-09-09,Bolivia,1,Brasil,1,0,,,23.0,10.0,8.0,5.0,0.0,,,,,,,,,,2.0,5.0,2.0,14.0,49.0,,18.0,42.0,88.3,272.0,308.0,,,15.0,,,,8.0,,,,22.2,4.0,18.0,,9.0,,,11.0,4.0,7.0,,15.0,0,,1,3.0,,,,,,,0.0,0.0,,18.0,,,,,10.0,3.0,1.0,6.0,0.0,,,,,,,,,,0.0,4.0,0.0,4.0,33.0,,14.0,58.0,89.1,383.0,430.0,,,17.0,,,,18.0,,,,23.1,3.0,13.0,,10.0,,,17.0,7.0,10.0,,13.0,1,,0,9.0,,,,,,,1.0,2.0,,9.0,,,7.35,6.85,CONMEBOL Eliminatorias,CONMEBOL,CONMEBOL
SEL-ELIMINATORIAS-2026-14169222,Ronda 18,2025-09-09,Chile,1,Uruguay,0,0,,,16.0,3.0,9.0,4.0,0.0,,,,,,,,,,3.0,8.0,,3.0,45.0,,29.0,50.0,83.3,369.0,443.0,,,18.0,,,,14.0,,,,31.2,5.0,16.0,,15.0,,,14.0,10.0,4.0,,14.0,0,,1,2.0,,,,,0.0,,,1.0,,8.0,,,,,6.0,3.0,3.0,0.0,1.0,,,,,,,,,,0.0,3.0,,3.0,41.0,,14.0,50.0,84.8,384.0,453.0,,,21.0,,,,8.0,,,,28.6,4.0,14.0,,7.0,,,12.0,7.0,5.0,,22.0,0,,1,3.0,,,,,2.0,,,1.0,,14.0,,,7.17,7.07,CONMEBOL Eliminatorias,CONMEBOL,CONMEBOL
SEL-ELIMINATORIAS-2026-14169214,Ronda 18,2025-09-09,Perú,1,Paraguay,0,1,,,12.0,3.0,6.0,3.0,0.0,,,,,,,,,,,6.0,1.0,5.0,48.0,,17.0,55.0,83.0,424.0,511.0,,,26.0,,,,12.0,,,,40.0,6.0,15.0,,7.0,,,23.0,17.0,6.0,,19.0,1,,0,3.0,,,,,,,,0.0,,6.0,,,,,7.0,5.0,1.0,1.0,0.0,,,,,,,,,,,7.0,2.0,4.0,50.0,,9.0,45.0,79.8,339.0,425.0,,,26.0,,,,6.0,,,,20.0,3.0,15.0,,9.0,,,22.0,15.0,7.0,,30.0,0,,1,3.0,,,,,,,,1.0,,12.0,,,6.97,6.98,CONMEBOL Eliminatorias,CONMEBOL,CONMEBOL
SEL-ELIMINATORIAS-2026-14169223,Ronda 18,2025-09-09,Venezuela,1,Colombia,3,6,,,11.0,8.0,2.0,1.0,1.0,,,,,,,,,,3.0,3.0,1.0,3.0,38.0,,19.0,36.0,77.7,223.0,287.0,,,20.0,,,,16.0,,,,30.8,4.0,13.0,,13.0,,,14.0,11.0,3.0,,36.0,6,,0,3.0,,,,,,,,1.0,,14.0,,,,,13.0,9.0,3.0,1.0,0.0,,,,,,,,,,5.0,2.0,0.0,6.0,46.0,,16.0,64.0,83.6,432.0,517.0,,,25.0,,,,14.0,,,,33.3,3.0,9.0,,7.0,,,10.0,7.0,3.0,,23.0,3,,0,5.0,,,,,,,,0.0,,16.0,,,6.59,7.11,CONMEBOL Eliminatorias,CONMEBOL,CONMEBOL
SEL-EURO-2020-8513121,Final,2021-06-11,Turquía,1,Italia,0,3,,,3.0,0.0,1.0,2.0,0.0,,,,,,,,,,1.0,2.0,2.0,6.0,40.0,,,37.0,78.3,282.0,360.0,,,24.0,,,,8.0,,,,25.0,2.0,8.0,,17.0,,,11.0,6.0,5.0,,26.0,3,,0,6.0,,,,,,,,2.0,,10.0,,,,,24.0,8.0,11.0,5.0,0.0,,,,,,,,,,2.0,8.0,4.0,10.0,77.0,,,63.0,87.0,536.0,616.0,,,20.0,,,,10.0,,,,24.0,6.0,25.0,,13.0,,,5.0,4.0,1.0,,4.0,0,,1,0.0,,,,,,,,0.0,,8.0,,,6.54,7.43,UEFA Eurocopa,UEFA,UEFA
SEL-EURO-2020-8513111,Final,2021-06-12,Gales,1,Suiza,1,1,,,9.0,2.0,1.0,6.0,0.0,,,,,,,,,,0.0,4.0,0.0,2.0,37.0,,,36.0,82.0,232.0,283.0,,,26.0,,,,9.0,,,,27.8,5.0,18.0,,9.0,,,7.0,3.0,4.0,,28.0,1,,0,3.0,,,,,,,,1.0,,6.0,,,,,18.0,4.0,7.0,7.0,0.0,,,,,,,,,,4.0,12.0,4.0,8.0,55.0,,,64.0,88.2,458.0,519.0,,,21.0,,,,6.0,,,,36.0,9.0,25.0,,6.0,,,11.0,8.0,3.0,,10.0,1,,0,1.0,,,,,,,,2.0,,9.0,,,6.81,7.13,UEFA Eurocopa,UEFA,UEFA
SEL-EURO-2020-8513122,Final,2021-06-12,Dinamarca,1,Finlandia,0,1,,,22.0,6.0,10.0,6.0,0.0,,,,,,,,,,1.0,9.0,0.0,3.0,80.0,,,70.0,85.3,540.0,633.0,,,19.0,,,,12.0,,,,17.6,6.0,34.0,,8.0,,,10.0,4.0,6.0,,5.0,1,,0,0.0,,,,,,,,0.0,,11.0,,,,,1.0,1.0,0.0,0.0,0.0,,,,,,,,,,1.0,0.0,1.0,2.0,25.0,,,30.0,67.8,192.0,283.0,,,17.0,,,,9.0,,,,16.7,1.0,6.0,,22.0,,,17.0,7.0,10.0,,33.0,0,,1,6.0,,,,,,,,2.0,,12.0,,,6.9,7.16,UEFA Eurocopa,UEFA,UEFA
SEL-EURO-2020-8513112,Final,2021-06-12,Bélgica,1,Rusia,3,0,,,9.0,4.0,3.0,2.0,0.0,,,,,,,,,,3.0,2.0,0.0,12.0,45.0,,,66.0,89.7,647.0,721.0,,,22.0,,,,10.0,,,,,0.0,9.0,,9.0,,,8.0,7.0,1.0,,14.0,0,,1,1.0,,,,,,,,,,9.0,,,,,5.0,1.0,3.0,1.0,0.0,,,,,,,,,,0.0,4.0,4.0,4.0,38.0,,,34.0,74.3,263.0,354.0,,,22.0,,,,8.0,,,,18.8,3.0,16.0,,7.0,,,23.0,17.0,6.0,,16.0,3,,0,1.0,,,,,,,,,,11.0,,,7.09,6.31,UEFA Eurocopa,UEFA,UEFA
SEL-EURO-2020-8513120,Final,2021-06-13,Inglaterra,1,Croacia,1,0,,,8.0,2.0,4.0,2.0,1.0,,,,,,,,,,2.0,1.0,2.0,6.0,54.0,,,50.0,84.1,381.0,453.0,,,17.0,,,,9.0,,,,20.0,1.0,5.0,,11.0,,,11.0,3.0,8.0,,7.0,0,,1,2.0,,,,,,,,1.0,,9.0,,,,,8.0,2.0,5.0,1.0,0.0,,,,,,,,,,0.0,1.0,2.0,6.0,44.0,,,50.0,84.0,384.0,457.0,,,24.0,,,,8.0,,,,16.7,2.0,12.0,,3.0,,,18.0,7.0,11.0,,10.0,1,,0,1.0,,,,,,,,3.0,,10.0,,,6.95,6.77,UEFA Eurocopa,UEFA,UEFA
SEL-EURO-2020-8602459,Final,2021-06-13,Austria,1,Macedonia del Norte,3,1,,,10.0,6.0,2.0,2.0,0.0,,,,,,,,,,5.0,4.0,1.0,6.0,68.0,,,63.0,83.8,466.0,556.0,,,39.0,,,,16.0,,,,33.3,6.0,18.0,,8.0,,,18.0,13.0,5.0,,6.0,1,,0,1.0,,,,,,,,1.0,,13.0,,,,,7.0,2.0,3.0,2.0,0.0,,,,,,,,,,1.0,0.0,0.0,7.0,57.0,,,37.0,72.4,241.0,333.0,,,30.0,,,,13.0,,,,25.0,1.0,4.0,,8.0,,,22.0,11.0,11.0,,19.0,3,,0,3.0,,,,,,,,2.0,,16.0,,,6.83,6.58,UEFA Eurocopa,UEFA,UEFA
SEL-EURO-2020-8513129,Final,2021-06-13,Países Bajos,1,Ucrania,3,2,,,15.0,7.0,4.0,4.0,0.0,,,,,,,,,,3.0,5.0,2.0,13.0,77.0,,,62.0,89.7,593.0,661.0,,,21.0,,,,8.0,,,,28.6,4.0,14.0,,6.0,,,10.0,6.0,4.0,,8.0,2,,0,3.0,,,,,,,,0.0,,8.0,,,,,7.0,5.0,1.0,1.0,0.0,,,,,,,,,,1.0,1.0,1.0,7.0,25.0,,,38.0,81.9,339.0,414.0,,,23.0,,,,7.0,,,,42.9,3.0,7.0,,14.0,,,28.0,12.0,16.0,,21.0,3,,0,4.0,,,,,,,,1.0,,8.0,,,6.89,6.88,UEFA Eurocopa,UEFA,UEFA
SEL-EURO-2020-8602458,Final,2021-06-14,Escocia,1,República Checa,0,2,,,19.0,4.0,4.0,11.0,1.0,,,,,,,,,,2.0,6.0,1.0,15.0,76.0,,,58.0,76.0,358.0,471.0,,,27.0,,,,6.0,,,,37.0,10.0,27.0,,12.0,,,9.0,5.0,4.0,,10.0,2,,0,5.0,,,,,,,,,,6.0,,,,,10.0,7.0,3.0,0.0,0.0,,,,,,,,,,2.0,6.0,2.0,7.0,47.0,,,42.0,69.3,241.0,348.0,,,20.0,,,,6.0,,,,36.8,7.0,19.0,,12.0,,,14.0,6.0,8.0,,30.0,0,,1,5.0,,,,,,,,,,6.0,,,6.81,7.3,UEFA Eurocopa,UEFA,UEFA
SEL-EURO-2020-8602452,Final,2021-06-14,Polonia,1,Eslovaquia,1,2,,,17.0,3.0,10.0,4.0,0.0,,,,,,,,,,1.0,5.0,0.0,9.0,74.0,,,57.0,85.9,457.0,532.0,,,20.0,,,,13.0,,,,25.7,9.0,35.0,,6.0,,,11.0,3.0,8.0,,7.0,2,,0,1.0,,,,,,,,2.0,1.0,15.0,,,,,11.0,2.0,4.0,5.0,1.0,,,,,,,,,,0.0,2.0,1.0,9.0,29.0,,,43.0,81.7,335.0,410.0,,,21.0,,,,15.0,,,,50.0,5.0,10.0,,19.0,,,10.0,6.0,4.0,,31.0,1,,0,2.0,,,,,,,,1.0,0.0,13.0,,,6.77,7.0,UEFA Eurocopa,UEFA,UEFA
SEL-EURO-2020-8513124,Final,2021-06-14,España,1,Suecia,0,0,,,17.0,5.0,8.0,4.0,0.0,,,,,,,,,,5.0,6.0,2.0,6.0,79.0,,,85.0,90.4,829.0,917.0,,,44.0,,,,11.0,,,,24.1,7.0,29.0,,3.0,,,12.0,7.0,5.0,,6.0,0,,1,0.0,,,,,,,,0.0,,7.0,,,,,4.0,1.0,2.0,1.0,1.0,,,,,,,,,,2.0,1.0,1.0,3.0,36.0,,,15.0,54.9,89.0,162.0,,,11.0,,,,6.0,,,,,0.0,4.0,,21.0,,,5.0,2.0,3.0,,37.0,0,,1,5.0,,,,,,,,1.0,,11.0,,,7.32,6.89,UEFA Eurocopa,UEFA,UEFA
SEL-EURO-2020-8602461,Final,2021-06-15,Hungría,1,Portugal,0,3,,,5.0,3.0,2.0,0.0,0.0,,,,,,,,,,0.0,0.0,2.0,14.0,39.0,,,30.0,75.4,221.0,293.0,,,24.0,,,,15.0,,,,44.4,4.0,9.0,,15.0,,,14.0,8.0,6.0,,26.0,3,,0,4.0,,,,,,,,2.0,,10.0,,,,,11.0,7.0,4.0,0.0,0.0,,,,,,,,,,3.0,6.0,1.0,7.0,95.0,,,70.0,88.5,594.0,671.0,,,54.0,,,,10.0,,,,14.8,4.0,27.0,,2.0,,,30.0,19.0,11.0,,7.0,0,,1,3.0,,,,,,,,1.0,,15.0,,,6.55,7.42,UEFA Eurocopa,UEFA,UEFA
SEL-EURO-2020-8513114,Final,2021-06-15,Francia,1,Alemania,1,0,,,4.0,1.0,2.0,1.0,1.0,,,,,,,,,,0.0,3.0,5.0,10.0,37.0,,,38.0,82.5,358.0,434.0,,,34.0,,,,10.0,,,,16.7,1.0,6.0,,15.0,,,18.0,10.0,8.0,,24.0,0,,1,1.0,,,,,,,,0.0,,7.0,,,,,10.0,1.0,6.0,3.0,0.0,,,,,,,,,,1.0,5.0,2.0,1.0,89.0,,,62.0,89.2,617.0,692.0,,,31.0,,,,6.0,,,,26.1,6.0,23.0,,7.0,,,15.0,12.0,3.0,,4.0,1,,0,1.0,,,,,,,,1.0,,10.0,,,7.21,6.76,UEFA Eurocopa,UEFA,UEFA
SEL-EURO-2020-8513119,Semifinals,2021-06-16,Finlandia,1,Rusia,0,1,,,11.0,1.0,4.0,6.0,0.0,,,,,,,,,,,1.0,2.0,6.0,50.0,,,41.0,80.3,327.0,407.0,,,27.0,,,,12.0,,,,46.2,6.0,13.0,,15.0,,,18.0,8.0,10.0,,30.0,1,,0,2.0,,,,,,,,2.0,,12.0,,,,,14.0,3.0,8.0,3.0,0.0,,,,,,,,,,,4.0,2.0,8.0,65.0,,,59.0,82.8,481.0,581.0,,,33.0,,,,11.0,,,,36.8,7.0,19.0,,3.0,,,11.0,10.0,1.0,,12.0,0,,1,1.0,,,,,,,,3.0,,12.0,,,6.95,7.15,UEFA Eurocopa,UEFA,UEFA
SEL-EURO-2020-8513115,Semifinals,2021-06-16,Turquía,1,Gales,0,2,,,18.0,6.0,6.0,6.0,0.0,,,,,,,,,,1.0,10.0,1.0,5.0,70.0,,,63.0,83.9,431.0,514.0,,,24.0,,,,8.0,,,,32.1,9.0,28.0,,8.0,,,7.0,5.0,2.0,,18.0,2,,0,5.0,,,,,,,,2.0,,18.0,,,,,16.0,7.0,6.0,3.0,0.0,,,,,,,,,,6.0,7.0,0.0,11.0,46.0,,,37.0,76.2,231.0,303.0,,,28.0,,,,17.0,,,,31.2,5.0,16.0,,12.0,,,10.0,3.0,7.0,,26.0,0,,1,5.0,,,,,,,,2.0,,8.0,,,6.76,7.66,UEFA Eurocopa,UEFA,UEFA
SEL-EURO-2020-8513126,Semifinals,2021-06-16,Italia,1,Suiza,3,0,,,13.0,3.0,7.0,3.0,0.0,,,,,,,,,,5.0,3.0,2.0,4.0,56.0,,,49.0,85.6,451.0,527.0,,,26.0,,,,11.0,,,,25.0,2.0,8.0,,18.0,,,12.0,8.0,4.0,,10.0,0,,1,1.0,,,,,,,,0.0,,10.0,,,,,6.0,1.0,4.0,1.0,0.0,,,,,,,,,,0.0,2.0,4.0,8.0,53.0,,,51.0,86.9,472.0,543.0,,,24.0,,,,9.0,,,,18.2,2.0,11.0,,14.0,,,14.0,8.0,6.0,,20.0,3,,0,0.0,,,,,,,,2.0,,12.0,,,7.05,6.6,UEFA Eurocopa,UEFA,UEFA
SEL-EURO-2020-8602446,Semifinals,2021-06-17,Ucrania,1,Macedonia del Norte,2,1,,,17.0,8.0,6.0,3.0,0.0,,,,,,,,,,6.0,5.0,3.0,6.0,47.0,,,52.0,86.7,390.0,450.0,,,19.0,,,,8.0,,,,55.6,5.0,9.0,,10.0,,,14.0,8.0,6.0,,13.0,1,,0,4.0,,,,,,,,1.0,,9.0,,,,,13.0,5.0,6.0,2.0,1.0,,,,,,,,,,2.0,5.0,1.0,13.0,39.0,,,48.0,84.5,338.0,400.0,,,33.0,,,,8.0,,,,21.4,3.0,14.0,,10.0,,,16.0,8.0,8.0,,9.0,2,,0,7.0,,,,,,,,2.0,,9.0,,,7.09,6.94,UEFA Eurocopa,UEFA,UEFA
SEL-EURO-2020-8513118,Semifinals,2021-06-17,Dinamarca,1,Bélgica,1,2,,,21.0,5.0,8.0,8.0,1.0,,,,,,,,,,1.0,2.0,2.0,15.0,68.0,,,47.0,84.9,415.0,489.0,,,17.0,,,,14.0,,,,42.1,8.0,19.0,,12.0,,,13.0,6.0,7.0,,8.0,2,,0,2.0,,,,,,,,3.0,,8.0,,,,,6.0,5.0,1.0,0.0,0.0,,,,,,,,,,2.0,4.0,2.0,12.0,40.0,,,53.0,84.6,479.0,566.0,,,32.0,,,,6.0,,,,20.0,1.0,5.0,,7.0,,,12.0,5.0,7.0,,16.0,1,,0,4.0,,,,,,,,1.0,,14.0,,,6.95,6.75,UEFA Eurocopa,UEFA,UEFA
SEL-EURO-2020-8513123,Semifinals,2021-06-17,Países Bajos,1,Austria,2,0,,,14.0,4.0,6.0,4.0,0.0,,,,,,,,,,5.0,2.0,1.0,10.0,50.0,,,47.0,79.0,379.0,480.0,,,21.0,,,,9.0,,,,20.0,1.0,5.0,,9.0,,,14.0,8.0,6.0,,9.0,0,,1,1.0,,,,,,,,1.0,,13.0,,,,,9.0,1.0,6.0,2.0,0.0,,,,,,,,,,1.0,5.0,0.0,6.0,50.0,,,53.0,82.3,437.0,531.0,,,16.0,,,,13.0,,,,23.8,5.0,21.0,,9.0,,,16.0,9.0,7.0,,4.0,2,,0,1.0,,,,,,,,2.0,,9.0,,,7.07,6.59,UEFA Eurocopa,UEFA,UEFA
SEL-EURO-2020-8602448,Semifinals,2021-06-18,Suecia,1,Eslovaquia,1,0,,,13.0,4.0,5.0,4.0,0.0,,,,,,,,,,2.0,7.0,1.0,14.0,60.0,,,42.0,83.6,361.0,432.0,,,16.0,,,,6.0,,,,22.7,5.0,22.0,,6.0,,,10.0,4.0,6.0,,23.0,0,,1,0.0,,,,,,,,1.0,,16.0,,,,,10.0,0.0,5.0,5.0,0.0,,,,,,,,,,0.0,6.0,3.0,9.0,37.0,,,58.0,88.2,537.0,609.0,,,29.0,,,,16.0,,,,23.8,5.0,21.0,,4.0,,,10.0,8.0,2.0,,21.0,1,,0,3.0,,,,,,,,3.0,,7.0,,,7.07,6.85,UEFA Eurocopa,UEFA,UEFA
SEL-EURO-2020-8513117,Semifinals,2021-06-18,Croacia,1,República Checa,1,1,,,11.0,2.0,6.0,3.0,0.0,,,,,,,,,,1.0,4.0,1.0,10.0,31.0,,,49.0,81.6,351.0,430.0,,,31.0,,,,12.0,,,,18.8,3.0,16.0,,11.0,,,7.0,3.0,4.0,,14.0,1,,0,0.0,,,,,,,,1.0,,7.0,,,,,11.0,1.0,7.0,3.0,0.0,,,,,,,,,,1.0,4.0,2.0,7.0,53.0,,,51.0,78.7,351.0,446.0,,,24.0,,,,7.0,,,,30.0,6.0,20.0,,4.0,,,12.0,7.0,5.0,,13.0,1,,0,1.0,,,,,,,,3.0,,12.0,,,6.8,6.88,UEFA Eurocopa,UEFA,UEFA
SEL-EURO-2020-8602445,Semifinals,2021-06-18,Inglaterra,1,Escocia,0,0,,,9.0,1.0,6.0,2.0,1.0,,,,,,,,,,3.0,6.0,2.0,11.0,55.0,,,60.0,89.1,498.0,559.0,,,27.0,,,,12.0,,,,33.3,5.0,15.0,,2.0,,,12.0,10.0,2.0,,8.0,0,,1,1.0,,,,,,,,0.0,,13.0,,,,,11.0,2.0,3.0,6.0,0.0,,,,,,,,,,0.0,5.0,0.0,4.0,53.0,,,40.0,81.5,299.0,367.0,,,31.0,,,,10.0,,,,25.0,4.0,16.0,,5.0,,,15.0,9.0,6.0,,16.0,0,,1,1.0,,,,,,,,2.0,,14.0,,,7.13,6.9,UEFA Eurocopa,UEFA,UEFA
SEL-EURO-2020-8602455,Semifinals,2021-06-19,Hungría,1,Francia,1,1,,,5.0,3.0,1.0,1.0,0.0,,,,,,,,,,1.0,1.0,0.0,5.0,25.0,,,34.0,80.9,267.0,330.0,,,13.0,,,,15.0,,,,,0.0,6.0,,4.0,,,16.0,12.0,4.0,,21.0,1,,0,3.0,,,,,,,,1.0,,17.0,,,,,15.0,4.0,10.0,1.0,1.0,,,,,,,,,,4.0,3.0,1.0,10.0,89.0,,,66.0,90.6,589.0,650.0,,,46.0,,,,17.0,,,,23.1,6.0,26.0,,9.0,,,16.0,8.0,8.0,,3.0,1,,0,2.0,,,,,,,,1.0,,15.0,,,6.63,7.07,UEFA Eurocopa,UEFA,UEFA
SEL-EURO-2020-8513113,Semifinals,2021-06-19,Portugal,1,Alemania,2,4,,,7.0,2.0,3.0,2.0,1.0,,,,,,,,,,2.0,6.0,2.0,6.0,46.0,,,43.0,85.7,360.0,420.0,,,25.0,,,,15.0,,,,38.9,7.0,18.0,,7.0,,,10.0,5.0,5.0,,16.0,4,,0,5.0,,,,,,,,0.0,,5.0,,,,,12.0,7.0,3.0,2.0,1.0,,,,,,,,,,3.0,3.0,1.0,5.0,57.0,,,57.0,90.2,524.0,581.0,,,31.0,,,,5.0,,,,26.7,4.0,15.0,,8.0,,,11.0,8.0,3.0,,15.0,2,,0,0.0,,,,,,,,2.0,,15.0,,,6.67,7.06,UEFA Eurocopa,UEFA,UEFA
SEL-EURO-2020-8513125,Semifinals,2021-06-19,España,1,Polonia,1,1,,,12.0,5.0,7.0,0.0,1.0,,,,,,,,,,5.0,7.0,1.0,4.0,56.0,,,76.0,88.0,623.0,708.0,,,41.0,,,,17.0,,,,18.5,5.0,27.0,,7.0,,,8.0,6.0,2.0,,10.0,1,,0,1.0,,,,,,,,2.0,,16.0,,,,,5.0,2.0,3.0,0.0,2.0,,,,,,,,,,2.0,1.0,2.0,9.0,47.0,,,24.0,59.0,128.0,217.0,,,24.0,,,,14.0,,,,33.3,3.0,9.0,,15.0,,,22.0,11.0,11.0,,31.0,1,,0,4.0,,,,,,,,4.0,,17.0,,,6.79,6.95,UEFA Eurocopa,UEFA,UEFA
SEL-EURO-2020-8513128,Quarterfinals,2021-06-20,Italia,1,Gales,1,0,,,23.0,6.0,11.0,6.0,1.0,,,,,,,,,,2.0,7.0,3.0,10.0,55.0,,,69.0,91.6,545.0,595.0,,,25.0,,,,11.0,,,,44.4,8.0,18.0,,4.0,,,12.0,7.0,5.0,,7.0,0,,1,1.0,,,,,,,,1.0,0.0,14.0,,,,,3.0,1.0,2.0,0.0,0.0,,,,,,,,,,2.0,1.0,0.0,2.0,30.0,,,31.0,75.0,198.0,264.0,,,22.0,,,,14.0,,,,50.0,1.0,2.0,,8.0,,,11.0,3.0,8.0,,14.0,1,,0,5.0,,,,,,,,2.0,1.0,12.0,,,7.25,6.57,UEFA Eurocopa,UEFA,UEFA
SEL-EURO-2020-8513127,Quarterfinals,2021-06-20,Suiza,1,Turquía,3,1,,,23.0,10.0,6.0,7.0,1.0,,,,,,,,,,2.0,8.0,0.0,15.0,62.0,,,50.0,86.9,419.0,482.0,,,27.0,,,,20.0,,,,5.3,1.0,19.0,,11.0,,,14.0,9.0,5.0,,14.0,1,,0,5.0,,,,,,,,1.0,,14.0,,,,,19.0,6.0,9.0,4.0,0.0,,,,,,,,,,1.0,8.0,1.0,10.0,60.0,,,50.0,86.1,408.0,474.0,,,15.0,,,,13.0,,,,47.1,8.0,17.0,,10.0,,,22.0,10.0,12.0,,20.0,3,,0,7.0,,,,,,,,3.0,,20.0,,,7.49,6.89,UEFA Eurocopa,UEFA,UEFA
SEL-EURO-2020-8602462,Quarterfinals,2021-06-21,Macedonia del Norte,1,Países Bajos,0,3,,,13.0,1.0,7.0,5.0,1.0,,,,,,,,,,2.0,5.0,3.0,3.0,34.0,,,41.0,83.1,339.0,408.0,,,31.0,,,,12.0,,,,40.0,6.0,15.0,,21.0,,,18.0,12.0,6.0,,12.0,3,,0,3.0,,,,,,,,4.0,,8.0,,,,,17.0,7.0,7.0,3.0,1.0,,,,,,,,,,6.0,7.0,2.0,16.0,67.0,,,59.0,85.5,515.0,602.0,,,23.0,,,,8.0,,,,23.1,3.0,13.0,,13.0,,,26.0,15.0,11.0,,10.0,0,,1,1.0,,,,,,,,0.0,,13.0,,,6.54,7.64,UEFA Eurocopa,UEFA,UEFA
SEL-EURO-2020-8513133,Quarterfinals,2021-06-21,Ucrania,1,Austria,0,1,,,5.0,1.0,2.0,2.0,0.0,,,,,,,,,,0.0,4.0,1.0,4.0,47.0,,,50.0,82.0,373.0,455.0,,,23.0,,,,10.0,,,,10.5,2.0,19.0,,10.0,,,11.0,8.0,3.0,,15.0,1,,0,3.0,,,,,,,,,,10.0,,,,,18.0,4.0,8.0,6.0,0.0,,,,,,,,,,2.0,9.0,2.0,8.0,58.0,,,50.0,79.8,363.0,455.0,,,20.0,,,,9.0,,,,47.4,9.0,19.0,,7.0,,,15.0,9.0,6.0,,19.0,0,,1,2.0,,,,,,,,,,11.0,,,6.75,7.24,UEFA Eurocopa,UEFA,UEFA
SEL-EURO-2020-8513132,Quarterfinals,2021-06-21,Finlandia,1,Bélgica,0,2,,,7.0,1.0,1.0,5.0,0.0,,,,,,,,,,0.0,0.0,0.0,8.0,38.0,,,40.0,83.6,377.0,451.0,,,26.0,,,,10.0,,,,33.3,2.0,6.0,,16.0,,,10.0,5.0,5.0,,32.0,2,,0,7.0,,,,,,,,,,6.0,,,,,17.0,7.0,7.0,3.0,1.0,,,,,,,,,,2.0,5.0,2.0,12.0,70.0,,,60.0,89.8,613.0,683.0,,,25.0,,,,6.0,,,,27.8,5.0,18.0,,3.0,,,17.0,5.0,12.0,,10.0,0,,1,1.0,,,,,,,,,,10.0,,,6.71,7.47,UEFA Eurocopa,UEFA,UEFA
SEL-EURO-2020-8513131,Quarterfinals,2021-06-21,Rusia,1,Dinamarca,1,4,,,6.0,2.0,3.0,1.0,0.0,,,,,,,,,,1.0,1.0,3.0,7.0,39.0,,,36.0,66.8,185.0,277.0,,,24.0,,,,16.0,,,,25.0,1.0,4.0,,8.0,,,24.0,13.0,11.0,,30.0,4,,0,6.0,,,,,,,,2.0,,15.0,,,,,16.0,10.0,2.0,4.0,0.0,,,,,,,,,,3.0,7.0,0.0,12.0,51.0,,,64.0,81.9,408.0,498.0,,,31.0,,,,14.0,,,,13.6,3.0,22.0,,10.0,,,7.0,3.0,4.0,,16.0,1,,0,1.0,,,,,,,,1.0,,16.0,,,6.65,7.07,UEFA Eurocopa,UEFA,UEFA
SEL-EURO-2020-8602463,Quarterfinals,2021-06-22,Croacia,1,Escocia,3,1,,,11.0,6.0,3.0,2.0,0.0,,,,,,,,,,1.0,5.0,4.0,11.0,37.0,,,66.0,88.3,567.0,642.0,,,32.0,,,,7.0,,,,33.3,3.0,9.0,,10.0,,,6.0,4.0,2.0,,22.0,1,,0,2.0,,,,,,,,1.0,,10.0,,,,,11.0,3.0,6.0,2.0,0.0,,,,,,,,,,2.0,7.0,1.0,2.0,51.0,,,34.0,78.6,242.0,308.0,,,28.0,,,,9.0,,,,22.7,5.0,22.0,,10.0,,,12.0,7.0,5.0,,12.0,3,,0,3.0,,,,,,,,1.0,,8.0,,,7.19,6.65,UEFA Eurocopa,UEFA,UEFA
SEL-EURO-2020-8513134,Quarterfinals,2021-06-22,República Checa,1,Inglaterra,0,1,,,7.0,1.0,4.0,2.0,0.0,,,,,,,,,,0.0,4.0,2.0,2.0,43.0,,,44.0,78.6,323.0,411.0,,,18.0,,,,10.0,,,,6.2,1.0,16.0,,9.0,,,15.0,11.0,4.0,,17.0,1,,0,3.0,,,,,,,,1.0,,10.0,,,,,5.0,3.0,2.0,0.0,1.0,,,,,,,,,,3.0,6.0,5.0,9.0,43.0,,,56.0,83.9,443.0,528.0,,,32.0,,,,10.0,,,,6.7,1.0,15.0,,14.0,,,6.0,3.0,3.0,,12.0,0,,1,1.0,,,,,,,,0.0,,11.0,,,6.67,7.05,UEFA Eurocopa,UEFA,UEFA
SEL-EURO-2020-8602465,Quarterfinals,2021-06-23,Eslovaquia,1,España,0,5,,,3.0,0.0,2.0,1.0,0.0,,,,,,,,,,0.0,0.0,1.0,2.0,30.0,,,34.0,78.6,271.0,345.0,,,23.0,,,,7.0,,,,,0.0,0.0,,12.0,,,16.0,10.0,6.0,,20.0,5,,0,6.0,,,,,,,,2.0,,14.0,,,,,19.0,9.0,6.0,4.0,1.0,,,,,,,,,,4.0,7.0,0.0,7.0,43.0,,,66.0,89.8,598.0,666.0,,,27.0,,,,14.0,,,,35.0,7.0,20.0,,8.0,,,12.0,6.0,6.0,,1.0,0,,1,0.0,,,,,,,,2.0,,7.0,,,6.2,7.35,UEFA Eurocopa,UEFA,UEFA
SEL-EURO-2020-8513130,Quarterfinals,2021-06-23,Suecia,1,Polonia,3,2,,,11.0,4.0,4.0,3.0,0.0,,,,,,,,,,2.0,6.0,0.0,6.0,52.0,,,33.0,56.0,141.0,252.0,,,14.0,,,,13.0,,,,15.4,2.0,13.0,,9.0,,,12.0,7.0,5.0,,42.0,2,,0,4.0,,,,,,,,1.0,,13.0,,,,,18.0,6.0,6.0,6.0,2.0,,,,,,,,,,3.0,10.0,1.0,6.0,56.0,,,67.0,80.3,387.0,482.0,,,25.0,,,,12.0,,,,18.8,9.0,48.0,,8.0,,,9.0,4.0,5.0,,20.0,3,,0,1.0,,,,,,,,2.0,,13.0,,,6.92,6.85,UEFA Eurocopa,UEFA,UEFA
SEL-EURO-2020-8602466,Quarterfinals,2021-06-23,Alemania,1,Hungría,2,2,,,18.0,7.0,6.0,5.0,1.0,,,,,,,,,,2.0,6.0,2.0,9.0,103.0,,,75.0,91.0,656.0,721.0,,,39.0,,,,10.0,,,,25.0,7.0,28.0,,9.0,,,12.0,6.0,6.0,,4.0,2,,0,2.0,,,,,,,,2.0,,8.0,,,,,9.0,4.0,4.0,1.0,1.0,,,,,,,,,,2.0,1.0,0.0,3.0,27.0,,,25.0,71.2,168.0,236.0,,,14.0,,,,6.0,,,,14.3,1.0,7.0,,8.0,,,18.0,13.0,5.0,,26.0,2,,0,4.0,,,,,,,,3.0,,10.0,,,7.12,6.75,UEFA Eurocopa,UEFA,UEFA
SEL-EURO-2020-8513116,Quarterfinals,2021-06-23,Portugal,1,Francia,2,2,,,10.0,5.0,5.0,0.0,0.0,,,,,,,,,,3.0,0.0,0.0,9.0,49.0,,,48.0,90.9,492.0,541.0,,,25.0,,,,13.0,,,,11.1,1.0,9.0,,2.0,,,22.0,12.0,10.0,,7.0,2,,0,3.0,,,,,,,,0.0,,9.0,,,,,11.0,5.0,5.0,1.0,1.0,,,,,,,,,,3.0,1.0,2.0,4.0,64.0,,,52.0,93.6,554.0,592.0,,,27.0,,,,7.0,,,,,0.0,6.0,,8.0,,,14.0,8.0,6.0,,9.0,2,,0,3.0,,,,,,,,4.0,,15.0,,,6.83,6.7,UEFA Eurocopa,UEFA,UEFA
SEL-EURO-2020-8513128,Quarterfinals,2021-06-20,Italia,1,Gales,1,0,,,23.0,6.0,11.0,6.0,1.0,,,,,,,,,,2.0,7.0,3.0,10.0,55.0,,,69.0,91.6,545.0,595.0,,,25.0,,,,11.0,,,,44.4,8.0,18.0,,4.0,,,12.0,7.0,5.0,,7.0,0,,1,1.0,,,,,,,,1.0,0.0,14.0,,,,,3.0,1.0,2.0,0.0,0.0,,,,,,,,,,2.0,1.0,0.0,2.0,30.0,,,31.0,75.0,198.0,264.0,,,22.0,,,,14.0,,,,50.0,1.0,2.0,,8.0,,,11.0,3.0,8.0,,14.0,1,,0,5.0,,,,,,,,2.0,1.0,12.0,,,7.25,6.57,UEFA Eurocopa,UEFA,UEFA
SEL-EURO-2020-8513127,Quarterfinals,2021-06-20,Suiza,1,Turquía,3,1,,,23.0,10.0,6.0,7.0,1.0,,,,,,,,,,2.0,8.0,0.0,15.0,62.0,,,50.0,86.9,419.0,482.0,,,27.0,,,,20.0,,,,5.3,1.0,19.0,,11.0,,,14.0,9.0,5.0,,14.0,1,,0,5.0,,,,,,,,1.0,,14.0,,,,,19.0,6.0,9.0,4.0,0.0,,,,,,,,,,1.0,8.0,1.0,10.0,60.0,,,50.0,86.1,408.0,474.0,,,15.0,,,,13.0,,,,47.1,8.0,17.0,,10.0,,,22.0,10.0,12.0,,20.0,3,,0,7.0,,,,,,,,3.0,,20.0,,,7.49,6.89,UEFA Eurocopa,UEFA,UEFA
SEL-EURO-2020-8602462,Quarterfinals,2021-06-21,Macedonia del Norte,1,Países Bajos,0,3,,,13.0,1.0,7.0,5.0,1.0,,,,,,,,,,2.0,5.0,3.0,3.0,34.0,,,41.0,83.1,339.0,408.0,,,31.0,,,,12.0,,,,40.0,6.0,15.0,,21.0,,,18.0,12.0,6.0,,12.0,3,,0,3.0,,,,,,,,4.0,,8.0,,,,,17.0,7.0,7.0,3.0,1.0,,,,,,,,,,6.0,7.0,2.0,16.0,67.0,,,59.0,85.5,515.0,602.0,,,23.0,,,,8.0,,,,23.1,3.0,13.0,,13.0,,,26.0,15.0,11.0,,10.0,0,,1,1.0,,,,,,,,0.0,,13.0,,,6.54,7.64,UEFA Eurocopa,UEFA,UEFA
SEL-EURO-2020-8513133,Quarterfinals,2021-06-21,Ucrania,1,Austria,0,1,,,5.0,1.0,2.0,2.0,0.0,,,,,,,,,,0.0,4.0,1.0,4.0,47.0,,,50.0,82.0,373.0,455.0,,,23.0,,,,10.0,,,,10.5,2.0,19.0,,10.0,,,11.0,8.0,3.0,,15.0,1,,0,3.0,,,,,,,,,,10.0,,,,,18.0,4.0,8.0,6.0,0.0,,,,,,,,,,2.0,9.0,2.0,8.0,58.0,,,50.0,79.8,363.0,455.0,,,20.0,,,,9.0,,,,47.4,9.0,19.0,,7.0,,,15.0,9.0,6.0,,19.0,0,,1,2.0,,,,,,,,,,11.0,,,6.75,7.24,UEFA Eurocopa,UEFA,UEFA
SEL-EURO-2020-8513132,Quarterfinals,2021-06-21,Finlandia,1,Bélgica,0,2,,,7.0,1.0,1.0,5.0,0.0,,,,,,,,,,0.0,0.0,0.0,8.0,38.0,,,40.0,83.6,377.0,451.0,,,26.0,,,,10.0,,,,33.3,2.0,6.0,,16.0,,,10.0,5.0,5.0,,32.0,2,,0,7.0,,,,,,,,,,6.0,,,,,17.0,7.0,7.0,3.0,1.0,,,,,,,,,,2.0,5.0,2.0,12.0,70.0,,,60.0,89.8,613.0,683.0,,,25.0,,,,6.0,,,,27.8,5.0,18.0,,3.0,,,17.0,5.0,12.0,,10.0,0,,1,1.0,,,,,,,,,,10.0,,,6.71,7.47,UEFA Eurocopa,UEFA,UEFA
SEL-EURO-2020-8513131,Quarterfinals,2021-06-21,Rusia,1,Dinamarca,1,4,,,6.0,2.0,3.0,1.0,0.0,,,,,,,,,,1.0,1.0,3.0,7.0,39.0,,,36.0,66.8,185.0,277.0,,,24.0,,,,16.0,,,,25.0,1.0,4.0,,8.0,,,24.0,13.0,11.0,,30.0,4,,0,6.0,,,,,,,,2.0,,15.0,,,,,16.0,10.0,2.0,4.0,0.0,,,,,,,,,,3.0,7.0,0.0,12.0,51.0,,,64.0,81.9,408.0,498.0,,,31.0,,,,14.0,,,,13.6,3.0,22.0,,10.0,,,7.0,3.0,4.0,,16.0,1,,0,1.0,,,,,,,,1.0,,16.0,,,6.65,7.07,UEFA Eurocopa,UEFA,UEFA
SEL-EURO-2020-8602463,Quarterfinals,2021-06-22,Croacia,1,Escocia,3,1,,,11.0,6.0,3.0,2.0,0.0,,,,,,,,,,1.0,5.0,4.0,11.0,37.0,,,66.0,88.3,567.0,642.0,,,32.0,,,,7.0,,,,33.3,3.0,9.0,,10.0,,,6.0,4.0,2.0,,22.0,1,,0,2.0,,,,,,,,1.0,,10.0,,,,,11.0,3.0,6.0,2.0,0.0,,,,,,,,,,2.0,7.0,1.0,2.0,51.0,,,34.0,78.6,242.0,308.0,,,28.0,,,,9.0,,,,22.7,5.0,22.0,,10.0,,,12.0,7.0,5.0,,12.0,3,,0,3.0,,,,,,,,1.0,,8.0,,,7.19,6.65,UEFA Eurocopa,UEFA,UEFA
SEL-EURO-2020-8513134,Quarterfinals,2021-06-22,República Checa,1,Inglaterra,0,1,,,7.0,1.0,4.0,2.0,0.0,,,,,,,,,,0.0,4.0,2.0,2.0,43.0,,,44.0,78.6,323.0,411.0,,,18.0,,,,10.0,,,,6.2,1.0,16.0,,9.0,,,15.0,11.0,4.0,,17.0,1,,0,3.0,,,,,,,,1.0,,10.0,,,,,5.0,3.0,2.0,0.0,1.0,,,,,,,,,,3.0,6.0,5.0,9.0,43.0,,,56.0,83.9,443.0,528.0,,,32.0,,,,10.0,,,,6.7,1.0,15.0,,14.0,,,6.0,3.0,3.0,,12.0,0,,1,1.0,,,,,,,,0.0,,11.0,,,6.67,7.05,UEFA Eurocopa,UEFA,UEFA
SEL-EURO-2020-8602465,Quarterfinals,2021-06-23,Eslovaquia,1,España,0,5,,,3.0,0.0,2.0,1.0,0.0,,,,,,,,,,0.0,0.0,1.0,2.0,30.0,,,34.0,78.6,271.0,345.0,,,23.0,,,,7.0,,,,,0.0,0.0,,12.0,,,16.0,10.0,6.0,,20.0,5,,0,6.0,,,,,,,,2.0,,14.0,,,,,19.0,9.0,6.0,4.0,1.0,,,,,,,,,,4.0,7.0,0.0,7.0,43.0,,,66.0,89.8,598.0,666.0,,,27.0,,,,14.0,,,,35.0,7.0,20.0,,8.0,,,12.0,6.0,6.0,,1.0,0,,1,0.0,,,,,,,,2.0,,7.0,,,6.2,7.35,UEFA Eurocopa,UEFA,UEFA
SEL-EURO-2020-8513130,Quarterfinals,2021-06-23,Suecia,1,Polonia,3,2,,,11.0,4.0,4.0,3.0,0.0,,,,,,,,,,2.0,6.0,0.0,6.0,52.0,,,33.0,56.0,141.0,252.0,,,14.0,,,,13.0,,,,15.4,2.0,13.0,,9.0,,,12.0,7.0,5.0,,42.0,2,,0,4.0,,,,,,,,1.0,,13.0,,,,,18.0,6.0,6.0,6.0,2.0,,,,,,,,,,3.0,10.0,1.0,6.0,56.0,,,67.0,80.3,387.0,482.0,,,25.0,,,,12.0,,,,18.8,9.0,48.0,,8.0,,,9.0,4.0,5.0,,20.0,3,,0,1.0,,,,,,,,2.0,,13.0,,,6.92,6.85,UEFA Eurocopa,UEFA,UEFA
SEL-EURO-2020-8602466,Quarterfinals,2021-06-23,Alemania,1,Hungría,2,2,,,18.0,7.0,6.0,5.0,1.0,,,,,,,,,,2.0,6.0,2.0,9.0,103.0,,,75.0,91.0,656.0,721.0,,,39.0,,,,10.0,,,,25.0,7.0,28.0,,9.0,,,12.0,6.0,6.0,,4.0,2,,0,2.0,,,,,,,,2.0,,8.0,,,,,9.0,4.0,4.0,1.0,1.0,,,,,,,,,,2.0,1.0,0.0,3.0,27.0,,,25.0,71.2,168.0,236.0,,,14.0,,,,6.0,,,,14.3,1.0,7.0,,8.0,,,18.0,13.0,5.0,,26.0,2,,0,4.0,,,,,,,,3.0,,10.0,,,7.12,6.75,UEFA Eurocopa,UEFA,UEFA
SEL-EURO-2020-8513116,Quarterfinals,2021-06-23,Portugal,1,Francia,2,2,,,10.0,5.0,5.0,0.0,0.0,,,,,,,,,,3.0,0.0,0.0,9.0,49.0,,,48.0,90.9,492.0,541.0,,,25.0,,,,13.0,,,,11.1,1.0,9.0,,2.0,,,22.0,12.0,10.0,,7.0,2,,0,3.0,,,,,,,,0.0,,9.0,,,,,11.0,5.0,5.0,1.0,1.0,,,,,,,,,,3.0,1.0,2.0,4.0,64.0,,,52.0,93.6,554.0,592.0,,,27.0,,,,7.0,,,,,0.0,6.0,,8.0,,,14.0,8.0,6.0,,9.0,2,,0,3.0,,,,,,,,4.0,,15.0,,,6.83,6.7,UEFA Eurocopa,UEFA,UEFA
SEL-EURO-2020-8513119,Semifinals,2021-06-16,Finlandia,1,Rusia,0,1,,,11.0,1.0,4.0,6.0,0.0,,,,,,,,,,,1.0,2.0,6.0,50.0,,,41.0,80.3,327.0,407.0,,,27.0,,,,12.0,,,,46.2,6.0,13.0,,15.0,,,18.0,8.0,10.0,,30.0,1,,0,2.0,,,,,,,,2.0,,12.0,,,,,14.0,3.0,8.0,3.0,0.0,,,,,,,,,,,4.0,2.0,8.0,65.0,,,59.0,82.8,481.0,581.0,,,33.0,,,,11.0,,,,36.8,7.0,19.0,,3.0,,,11.0,10.0,1.0,,12.0,0,,1,1.0,,,,,,,,3.0,,12.0,,,6.95,7.15,UEFA Eurocopa,UEFA,UEFA
SEL-EURO-2020-8513115,Semifinals,2021-06-16,Turquía,1,Gales,0,2,,,18.0,6.0,6.0,6.0,0.0,,,,,,,,,,1.0,10.0,1.0,5.0,70.0,,,63.0,83.9,431.0,514.0,,,24.0,,,,8.0,,,,32.1,9.0,28.0,,8.0,,,7.0,5.0,2.0,,18.0,2,,0,5.0,,,,,,,,2.0,,18.0,,,,,16.0,7.0,6.0,3.0,0.0,,,,,,,,,,6.0,7.0,0.0,11.0,46.0,,,37.0,76.2,231.0,303.0,,,28.0,,,,17.0,,,,31.2,5.0,16.0,,12.0,,,10.0,3.0,7.0,,26.0,0,,1,5.0,,,,,,,,2.0,,8.0,,,6.76,7.66,UEFA Eurocopa,UEFA,UEFA
SEL-EURO-2020-8513126,Semifinals,2021-06-16,Italia,1,Suiza,3,0,,,13.0,3.0,7.0,3.0,0.0,,,,,,,,,,5.0,3.0,2.0,4.0,56.0,,,49.0,85.6,451.0,527.0,,,26.0,,,,11.0,,,,25.0,2.0,8.0,,18.0,,,12.0,8.0,4.0,,10.0,0,,1,1.0,,,,,,,,0.0,,10.0,,,,,6.0,1.0,4.0,1.0,0.0,,,,,,,,,,0.0,2.0,4.0,8.0,53.0,,,51.0,86.9,472.0,543.0,,,24.0,,,,9.0,,,,18.2,2.0,11.0,,14.0,,,14.0,8.0,6.0,,20.0,3,,0,0.0,,,,,,,,2.0,,12.0,,,7.05,6.6,UEFA Eurocopa,UEFA,UEFA
SEL-EURO-2020-8602446,Semifinals,2021-06-17,Ucrania,1,Macedonia del Norte,2,1,,,17.0,8.0,6.0,3.0,0.0,,,,,,,,,,6.0,5.0,3.0,6.0,47.0,,,52.0,86.7,390.0,450.0,,,19.0,,,,8.0,,,,55.6,5.0,9.0,,10.0,,,14.0,8.0,6.0,,13.0,1,,0,4.0,,,,,,,,1.0,,9.0,,,,,13.0,5.0,6.0,2.0,1.0,,,,,,,,,,2.0,5.0,1.0,13.0,39.0,,,48.0,84.5,338.0,400.0,,,33.0,,,,8.0,,,,21.4,3.0,14.0,,10.0,,,16.0,8.0,8.0,,9.0,2,,0,7.0,,,,,,,,2.0,,9.0,,,7.09,6.94,UEFA Eurocopa,UEFA,UEFA
SEL-EURO-2020-8513118,Semifinals,2021-06-17,Dinamarca,1,Bélgica,1,2,,,21.0,5.0,8.0,8.0,1.0,,,,,,,,,,1.0,2.0,2.0,15.0,68.0,,,47.0,84.9,415.0,489.0,,,17.0,,,,14.0,,,,42.1,8.0,19.0,,12.0,,,13.0,6.0,7.0,,8.0,2,,0,2.0,,,,,,,,3.0,,8.0,,,,,6.0,5.0,1.0,0.0,0.0,,,,,,,,,,2.0,4.0,2.0,12.0,40.0,,,53.0,84.6,479.0,566.0,,,32.0,,,,6.0,,,,20.0,1.0,5.0,,7.0,,,12.0,5.0,7.0,,16.0,1,,0,4.0,,,,,,,,1.0,,14.0,,,6.95,6.75,UEFA Eurocopa,UEFA,UEFA
SEL-EURO-2020-8513123,Semifinals,2021-06-17,Países Bajos,1,Austria,2,0,,,14.0,4.0,6.0,4.0,0.0,,,,,,,,,,5.0,2.0,1.0,10.0,50.0,,,47.0,79.0,379.0,480.0,,,21.0,,,,9.0,,,,20.0,1.0,5.0,,9.0,,,14.0,8.0,6.0,,9.0,0,,1,1.0,,,,,,,,1.0,,13.0,,,,,9.0,1.0,6.0,2.0,0.0,,,,,,,,,,1.0,5.0,0.0,6.0,50.0,,,53.0,82.3,437.0,531.0,,,16.0,,,,13.0,,,,23.8,5.0,21.0,,9.0,,,16.0,9.0,7.0,,4.0,2,,0,1.0,,,,,,,,2.0,,9.0,,,7.07,6.59,UEFA Eurocopa,UEFA,UEFA
SEL-EURO-2020-8602448,Semifinals,2021-06-18,Suecia,1,Eslovaquia,1,0,,,13.0,4.0,5.0,4.0,0.0,,,,,,,,,,2.0,7.0,1.0,14.0,60.0,,,42.0,83.6,361.0,432.0,,,16.0,,,,6.0,,,,22.7,5.0,22.0,,6.0,,,10.0,4.0,6.0,,23.0,0,,1,0.0,,,,,,,,1.0,,16.0,,,,,10.0,0.0,5.0,5.0,0.0,,,,,,,,,,0.0,6.0,3.0,9.0,37.0,,,58.0,88.2,537.0,609.0,,,29.0,,,,16.0,,,,23.8,5.0,21.0,,4.0,,,10.0,8.0,2.0,,21.0,1,,0,3.0,,,,,,,,3.0,,7.0,,,7.07,6.85,UEFA Eurocopa,UEFA,UEFA
SEL-EURO-2020-8513117,Semifinals,2021-06-18,Croacia,1,República Checa,1,1,,,11.0,2.0,6.0,3.0,0.0,,,,,,,,,,1.0,4.0,1.0,10.0,31.0,,,49.0,81.6,351.0,430.0,,,31.0,,,,12.0,,,,18.8,3.0,16.0,,11.0,,,7.0,3.0,4.0,,14.0,1,,0,0.0,,,,,,,,1.0,,7.0,,,,,11.0,1.0,7.0,3.0,0.0,,,,,,,,,,1.0,4.0,2.0,7.0,53.0,,,51.0,78.7,351.0,446.0,,,24.0,,,,7.0,,,,30.0,6.0,20.0,,4.0,,,12.0,7.0,5.0,,13.0,1,,0,1.0,,,,,,,,3.0,,12.0,,,6.8,6.88,UEFA Eurocopa,UEFA,UEFA
SEL-EURO-2020-8602445,Semifinals,2021-06-18,Inglaterra,1,Escocia,0,0,,,9.0,1.0,6.0,2.0,1.0,,,,,,,,,,3.0,6.0,2.0,11.0,55.0,,,60.0,89.1,498.0,559.0,,,27.0,,,,12.0,,,,33.3,5.0,15.0,,2.0,,,12.0,10.0,2.0,,8.0,0,,1,1.0,,,,,,,,0.0,,13.0,,,,,11.0,2.0,3.0,6.0,0.0,,,,,,,,,,0.0,5.0,0.0,4.0,53.0,,,40.0,81.5,299.0,367.0,,,31.0,,,,10.0,,,,25.0,4.0,16.0,,5.0,,,15.0,9.0,6.0,,16.0,0,,1,1.0,,,,,,,,2.0,,14.0,,,7.13,6.9,UEFA Eurocopa,UEFA,UEFA
SEL-EURO-2020-8602455,Semifinals,2021-06-19,Hungría,1,Francia,1,1,,,5.0,3.0,1.0,1.0,0.0,,,,,,,,,,1.0,1.0,0.0,5.0,25.0,,,34.0,80.9,267.0,330.0,,,13.0,,,,15.0,,,,,0.0,6.0,,4.0,,,16.0,12.0,4.0,,21.0,1,,0,3.0,,,,,,,,1.0,,17.0,,,,,15.0,4.0,10.0,1.0,1.0,,,,,,,,,,4.0,3.0,1.0,10.0,89.0,,,66.0,90.6,589.0,650.0,,,46.0,,,,17.0,,,,23.1,6.0,26.0,,9.0,,,16.0,8.0,8.0,,3.0,1,,0,2.0,,,,,,,,1.0,,15.0,,,6.63,7.07,UEFA Eurocopa,UEFA,UEFA
SEL-EURO-2020-8513113,Semifinals,2021-06-19,Portugal,1,Alemania,2,4,,,7.0,2.0,3.0,2.0,1.0,,,,,,,,,,2.0,6.0,2.0,6.0,46.0,,,43.0,85.7,360.0,420.0,,,25.0,,,,15.0,,,,38.9,7.0,18.0,,7.0,,,10.0,5.0,5.0,,16.0,4,,0,5.0,,,,,,,,0.0,,5.0,,,,,12.0,7.0,3.0,2.0,1.0,,,,,,,,,,3.0,3.0,1.0,5.0,57.0,,,57.0,90.2,524.0,581.0,,,31.0,,,,5.0,,,,26.7,4.0,15.0,,8.0,,,11.0,8.0,3.0,,15.0,2,,0,0.0,,,,,,,,2.0,,15.0,,,6.67,7.06,UEFA Eurocopa,UEFA,UEFA
SEL-EURO-2020-8513125,Semifinals,2021-06-19,España,1,Polonia,1,1,,,12.0,5.0,7.0,0.0,1.0,,,,,,,,,,5.0,7.0,1.0,4.0,56.0,,,76.0,88.0,623.0,708.0,,,41.0,,,,17.0,,,,18.5,5.0,27.0,,7.0,,,8.0,6.0,2.0,,10.0,1,,0,1.0,,,,,,,,2.0,,16.0,,,,,5.0,2.0,3.0,0.0,2.0,,,,,,,,,,2.0,1.0,2.0,9.0,47.0,,,24.0,59.0,128.0,217.0,,,24.0,,,,14.0,,,,33.3,3.0,9.0,,15.0,,,22.0,11.0,11.0,,31.0,1,,0,4.0,,,,,,,,4.0,,17.0,,,6.79,6.95,UEFA Eurocopa,UEFA,UEFA
SEL-EURO-2020-8513121,Final,2021-06-11,Turquía,1,Italia,0,3,,,3.0,0.0,1.0,2.0,0.0,,,,,,,,,,1.0,2.0,2.0,6.0,40.0,,,37.0,78.3,282.0,360.0,,,24.0,,,,8.0,,,,25.0,2.0,8.0,,17.0,,,11.0,6.0,5.0,,26.0,3,,0,6.0,,,,,,,,2.0,,10.0,,,,,24.0,8.0,11.0,5.0,0.0,,,,,,,,,,2.0,8.0,4.0,10.0,77.0,,,63.0,87.0,536.0,616.0,,,20.0,,,,10.0,,,,24.0,6.0,25.0,,13.0,,,5.0,4.0,1.0,,4.0,0,,1,0.0,,,,,,,,0.0,,8.0,,,6.54,7.43,UEFA Eurocopa,UEFA,UEFA
SEL-EURO-2020-8513111,Final,2021-06-12,Gales,1,Suiza,1,1,,,9.0,2.0,1.0,6.0,0.0,,,,,,,,,,0.0,4.0,0.0,2.0,37.0,,,36.0,82.0,232.0,283.0,,,26.0,,,,9.0,,,,27.8,5.0,18.0,,9.0,,,7.0,3.0,4.0,,28.0,1,,0,3.0,,,,,,,,1.0,,6.0,,,,,18.0,4.0,7.0,7.0,0.0,,,,,,,,,,4.0,12.0,4.0,8.0,55.0,,,64.0,88.2,458.0,519.0,,,21.0,,,,6.0,,,,36.0,9.0,25.0,,6.0,,,11.0,8.0,3.0,,10.0,1,,0,1.0,,,,,,,,2.0,,9.0,,,6.81,7.13,UEFA Eurocopa,UEFA,UEFA
SEL-EURO-2020-8513122,Final,2021-06-12,Dinamarca,1,Finlandia,0,1,,,22.0,6.0,10.0,6.0,0.0,,,,,,,,,,1.0,9.0,0.0,3.0,80.0,,,70.0,85.3,540.0,633.0,,,19.0,,,,12.0,,,,17.6,6.0,34.0,,8.0,,,10.0,4.0,6.0,,5.0,1,,0,0.0,,,,,,,,0.0,,11.0,,,,,1.0,1.0,0.0,0.0,0.0,,,,,,,,,,1.0,0.0,1.0,2.0,25.0,,,30.0,67.8,192.0,283.0,,,17.0,,,,9.0,,,,16.7,1.0,6.0,,22.0,,,17.0,7.0,10.0,,33.0,0,,1,6.0,,,,,,,,2.0,,12.0,,,6.9,7.16,UEFA Eurocopa,UEFA,UEFA
SEL-EURO-2020-8513112,Final,2021-06-12,Bélgica,1,Rusia,3,0,,,9.0,4.0,3.0,2.0,0.0,,,,,,,,,,3.0,2.0,0.0,12.0,45.0,,,66.0,89.7,647.0,721.0,,,22.0,,,,10.0,,,,,0.0,9.0,,9.0,,,8.0,7.0,1.0,,14.0,0,,1,1.0,,,,,,,,,,9.0,,,,,5.0,1.0,3.0,1.0,0.0,,,,,,,,,,0.0,4.0,4.0,4.0,38.0,,,34.0,74.3,263.0,354.0,,,22.0,,,,8.0,,,,18.8,3.0,16.0,,7.0,,,23.0,17.0,6.0,,16.0,3,,0,1.0,,,,,,,,,,11.0,,,7.09,6.31,UEFA Eurocopa,UEFA,UEFA
SEL-EURO-2020-8513120,Final,2021-06-13,Inglaterra,1,Croacia,1,0,,,8.0,2.0,4.0,2.0,1.0,,,,,,,,,,2.0,1.0,2.0,6.0,54.0,,,50.0,84.1,381.0,453.0,,,17.0,,,,9.0,,,,20.0,1.0,5.0,,11.0,,,11.0,3.0,8.0,,7.0,0,,1,2.0,,,,,,,,1.0,,9.0,,,,,8.0,2.0,5.0,1.0,0.0,,,,,,,,,,0.0,1.0,2.0,6.0,44.0,,,50.0,84.0,384.0,457.0,,,24.0,,,,8.0,,,,16.7,2.0,12.0,,3.0,,,18.0,7.0,11.0,,10.0,1,,0,1.0,,,,,,,,3.0,,10.0,,,6.95,6.77,UEFA Eurocopa,UEFA,UEFA
SEL-EURO-2020-8602459,Final,2021-06-13,Austria,1,Macedonia del Norte,3,1,,,10.0,6.0,2.0,2.0,0.0,,,,,,,,,,5.0,4.0,1.0,6.0,68.0,,,63.0,83.8,466.0,556.0,,,39.0,,,,16.0,,,,33.3,6.0,18.0,,8.0,,,18.0,13.0,5.0,,6.0,1,,0,1.0,,,,,,,,1.0,,13.0,,,,,7.0,2.0,3.0,2.0,0.0,,,,,,,,,,1.0,0.0,0.0,7.0,57.0,,,37.0,72.4,241.0,333.0,,,30.0,,,,13.0,,,,25.0,1.0,4.0,,8.0,,,22.0,11.0,11.0,,19.0,3,,0,3.0,,,,,,,,2.0,,16.0,,,6.83,6.58,UEFA Eurocopa,UEFA,UEFA
SEL-EURO-2020-8513129,Final,2021-06-13,Países Bajos,1,Ucrania,3,2,,,15.0,7.0,4.0,4.0,0.0,,,,,,,,,,3.0,5.0,2.0,13.0,77.0,,,62.0,89.7,593.0,661.0,,,21.0,,,,8.0,,,,28.6,4.0,14.0,,6.0,,,10.0,6.0,4.0,,8.0,2,,0,3.0,,,,,,,,0.0,,8.0,,,,,7.0,5.0,1.0,1.0,0.0,,,,,,,,,,1.0,1.0,1.0,7.0,25.0,,,38.0,81.9,339.0,414.0,,,23.0,,,,7.0,,,,42.9,3.0,7.0,,14.0,,,28.0,12.0,16.0,,21.0,3,,0,4.0,,,,,,,,1.0,,8.0,,,6.89,6.88,UEFA Eurocopa,UEFA,UEFA
SEL-EURO-2020-8602458,Final,2021-06-14,Escocia,1,República Checa,0,2,,,19.0,4.0,4.0,11.0,1.0,,,,,,,,,,2.0,6.0,1.0,15.0,76.0,,,58.0,76.0,358.0,471.0,,,27.0,,,,6.0,,,,37.0,10.0,27.0,,12.0,,,9.0,5.0,4.0,,10.0,2,,0,5.0,,,,,,,,,,6.0,,,,,10.0,7.0,3.0,0.0,0.0,,,,,,,,,,2.0,6.0,2.0,7.0,47.0,,,42.0,69.3,241.0,348.0,,,20.0,,,,6.0,,,,36.8,7.0,19.0,,12.0,,,14.0,6.0,8.0,,30.0,0,,1,5.0,,,,,,,,,,6.0,,,6.81,7.3,UEFA Eurocopa,UEFA,UEFA
SEL-EURO-2020-8602452,Final,2021-06-14,Polonia,1,Eslovaquia,1,2,,,17.0,3.0,10.0,4.0,0.0,,,,,,,,,,1.0,5.0,0.0,9.0,74.0,,,57.0,85.9,457.0,532.0,,,20.0,,,,13.0,,,,25.7,9.0,35.0,,6.0,,,11.0,3.0,8.0,,7.0,2,,0,1.0,,,,,,,,2.0,1.0,15.0,,,,,11.0,2.0,4.0,5.0,1.0,,,,,,,,,,0.0,2.0,1.0,9.0,29.0,,,43.0,81.7,335.0,410.0,,,21.0,,,,15.0,,,,50.0,5.0,10.0,,19.0,,,10.0,6.0,4.0,,31.0,1,,0,2.0,,,,,,,,1.0,0.0,13.0,,,6.77,7.0,UEFA Eurocopa,UEFA,UEFA
SEL-EURO-2020-8513124,Final,2021-06-14,España,1,Suecia,0,0,,,17.0,5.0,8.0,4.0,0.0,,,,,,,,,,5.0,6.0,2.0,6.0,79.0,,,85.0,90.4,829.0,917.0,,,44.0,,,,11.0,,,,24.1,7.0,29.0,,3.0,,,12.0,7.0,5.0,,6.0,0,,1,0.0,,,,,,,,0.0,,7.0,,,,,4.0,1.0,2.0,1.0,1.0,,,,,,,,,,2.0,1.0,1.0,3.0,36.0,,,15.0,54.9,89.0,162.0,,,11.0,,,,6.0,,,,,0.0,4.0,,21.0,,,5.0,2.0,3.0,,37.0,0,,1,5.0,,,,,,,,1.0,,11.0,,,7.32,6.89,UEFA Eurocopa,UEFA,UEFA
SEL-EURO-2020-8602461,Final,2021-06-15,Hungría,1,Portugal,0,3,,,5.0,3.0,2.0,0.0,0.0,,,,,,,,,,0.0,0.0,2.0,14.0,39.0,,,30.0,75.4,221.0,293.0,,,24.0,,,,15.0,,,,44.4,4.0,9.0,,15.0,,,14.0,8.0,6.0,,26.0,3,,0,4.0,,,,,,,,2.0,,10.0,,,,,11.0,7.0,4.0,0.0,0.0,,,,,,,,,,3.0,6.0,1.0,7.0,95.0,,,70.0,88.5,594.0,671.0,,,54.0,,,,10.0,,,,14.8,4.0,27.0,,2.0,,,30.0,19.0,11.0,,7.0,0,,1,3.0,,,,,,,,1.0,,15.0,,,6.55,7.42,UEFA Eurocopa,UEFA,UEFA
SEL-EURO-2020-8513114,Final,2021-06-15,Francia,1,Alemania,1,0,,,4.0,1.0,2.0,1.0,1.0,,,,,,,,,,0.0,3.0,5.0,10.0,37.0,,,38.0,82.5,358.0,434.0,,,34.0,,,,10.0,,,,16.7,1.0,6.0,,15.0,,,18.0,10.0,8.0,,24.0,0,,1,1.0,,,,,,,,0.0,,7.0,,,,,10.0,1.0,6.0,3.0,0.0,,,,,,,,,,1.0,5.0,2.0,1.0,89.0,,,62.0,89.2,617.0,692.0,,,31.0,,,,6.0,,,,26.1,6.0,23.0,,7.0,,,15.0,12.0,3.0,,4.0,1,,0,1.0,,,,,,,,1.0,,10.0,,,7.21,6.76,UEFA Eurocopa,UEFA,UEFA
SEL-EURO-2024-11873905,Ronda 1,2024-06-14,Alemania,1,Escocia,5,1,,,20.0,10.0,5.0,5.0,0.0,,,,,,,,,,1.0,5.0,4.0,6.0,68.0,,31.0,73.0,94.1,643.0,683.0,,,19.0,,,,8.0,,,,23.8,5.0,21.0,,2.0,,,10.0,9.0,1.0,,16.0,1,,0,0.0,,,,,,,,2.0,0.0,15.0,,,,,1.0,0.0,1.0,0.0,0.0,,,,,,,,,,0.0,0.0,0.0,5.0,26.0,,2.0,27.0,75.3,189.0,251.0,,,18.0,,,,15.0,,,,12.5,1.0,8.0,,6.0,,,15.0,8.0,7.0,,22.0,5,,0,5.0,,,,,,,,1.0,1.0,9.0,,,7.31,6.11,UEFA Eurocopa,UEFA,UEFA
SEL-EURO-2024-11873897,Ronda 1,2024-06-15,Hungría,1,Suiza,1,3,,,6.0,2.0,3.0,1.0,0.0,,,,,,,,,,3.0,2.0,3.0,4.0,43.0,,10.0,50.0,83.3,365.0,438.0,,,37.0,,,,12.0,,,,25.0,5.0,20.0,,5.0,,,16.0,11.0,5.0,,23.0,3,,0,4.0,,,,,0.0,,1.0,2.0,,9.0,,,,,15.0,7.0,3.0,5.0,0.0,,,,,,,,,,3.0,6.0,2.0,5.0,59.0,,32.0,50.0,84.1,380.0,452.0,,,21.0,,,,9.0,,,,20.0,2.0,10.0,,6.0,,,13.0,9.0,4.0,,17.0,1,,0,1.0,,,,,1.0,,0.0,2.0,,13.0,,,6.8,7.06,UEFA Eurocopa,UEFA,UEFA
SEL-EURO-2024-11873907,Ronda 1,2024-06-15,España,1,Croacia,3,0,,,11.0,5.0,3.0,3.0,0.0,,,,,,,,,,4.0,5.0,2.0,12.0,41.0,,21.0,47.0,83.8,383.0,457.0,,,20.0,,,,11.0,,,,44.4,4.0,9.0,,5.0,,,14.0,10.0,4.0,,10.0,0,,1,5.0,,,1.0,,,,,1.0,,14.0,,,,,16.0,5.0,8.0,3.0,0.0,,,,,,,,,,3.0,0.0,0.0,10.0,45.0,,27.0,53.0,88.2,456.0,517.0,,,21.0,,,,13.0,,,,28.6,4.0,14.0,,9.0,,,14.0,10.0,4.0,,4.0,3,,0,2.0,,,0.0,,,,,0.0,,13.0,,,7.49,6.69,UEFA Eurocopa,UEFA,UEFA
SEL-EURO-2024-11873898,Ronda 1,2024-06-15,Italia,1,Albania,2,1,,,17.0,5.0,5.0,7.0,1.0,,,,,,,,,,5.0,5.0,2.0,9.0,72.0,,34.0,68.0,92.3,747.0,809.0,,,21.0,,,,7.0,,,,46.7,7.0,15.0,,15.0,,,9.0,5.0,4.0,,6.0,1,,0,0.0,,,,,,,1.0,2.0,,7.0,,,,,8.0,1.0,5.0,2.0,0.0,,,,,,,,,,2.0,3.0,1.0,2.0,25.0,,7.0,32.0,84.1,313.0,372.0,,,17.0,,,,7.0,,,,22.2,2.0,9.0,,13.0,,,8.0,5.0,3.0,,15.0,2,,0,3.0,,,,,,,0.0,2.0,,7.0,,,7.28,6.67,UEFA Eurocopa,UEFA,UEFA
SEL-EURO-2024-12198302,Ronda 1,2024-06-16,Polonia,1,Países Bajos,1,2,,,12.0,7.0,4.0,1.0,0.0,,,,,,,,,,2.0,3.0,2.0,7.0,28.0,,17.0,34.0,78.6,232.0,295.0,,,12.0,,,,8.0,,,,23.5,4.0,17.0,,7.0,,,15.0,9.0,6.0,,26.0,2,,0,2.0,,,,,0.0,,,0.0,,10.0,,,,,21.0,4.0,14.0,3.0,0.0,,,,,,,,,,3.0,6.0,0.0,14.0,68.0,,44.0,66.0,88.8,514.0,579.0,,,24.0,,,,10.0,,,,28.6,6.0,21.0,,3.0,,,14.0,11.0,3.0,,21.0,1,,0,6.0,,,,,2.0,,,1.0,,8.0,,,6.76,7.41,UEFA Eurocopa,UEFA,UEFA
SEL-EURO-2024-11873971,Ronda 1,2024-06-16,Eslovenia,1,Dinamarca,1,1,,,11.0,2.0,7.0,2.0,1.0,,,,,,,,,,2.0,5.0,3.0,3.0,43.0,,12.0,32.0,77.5,241.0,311.0,,,30.0,,,,9.0,,,,35.7,5.0,14.0,,13.0,,,14.0,7.0,7.0,,30.0,1,,0,3.0,,,,,0.0,,1.0,2.0,,12.0,,,,,16.0,4.0,6.0,6.0,0.0,,,,,,,,,,2.0,9.0,1.0,1.0,53.0,,33.0,68.0,88.6,583.0,658.0,,,17.0,,,,11.0,,,,36.0,9.0,25.0,,5.0,,,7.0,2.0,5.0,,17.0,1,,0,1.0,,,,,1.0,,1.0,1.0,,9.0,,,6.96,7.12,UEFA Eurocopa,UEFA,UEFA
SEL-EURO-2024-11873969,Ronda 1,2024-06-16,Serbia,1,Inglaterra,0,1,,,6.0,1.0,2.0,3.0,0.0,,,,,,,,,,0.0,2.0,0.0,8.0,37.0,,11.0,47.0,86.9,438.0,504.0,,,20.0,,,,7.0,,,,10.5,2.0,19.0,,5.0,,,13.0,10.0,3.0,,17.0,1,,0,2.0,,,,,1.0,,1.0,2.0,,19.0,,,,,5.0,3.0,1.0,1.0,1.0,,,,,,,,,,2.0,1.0,1.0,8.0,64.0,,12.0,53.0,89.6,527.0,588.0,,,30.0,,,,19.0,,,,22.2,2.0,9.0,,8.0,,,9.0,6.0,3.0,,22.0,0,,1,1.0,,,,,0.0,,1.0,0.0,,8.0,,,6.74,7.14,UEFA Eurocopa,UEFA,UEFA
SEL-EURO-2024-12198226,Ronda 1,2024-06-17,Rumania,1,Ucrania,3,0,,,9.0,5.0,2.0,2.0,1.0,,,,,,,,,,1.0,4.0,1.0,11.0,36.0,,10.0,29.0,71.7,170.0,237.0,,,15.0,,,,8.0,,,,9.1,1.0,11.0,,6.0,,,8.0,3.0,5.0,,31.0,0,,1,3.0,,,,,,,,1.0,,9.0,,,,,13.0,2.0,5.0,6.0,1.0,,,,,,,,,,0.0,8.0,1.0,7.0,68.0,,19.0,71.0,87.3,516.0,591.0,,,18.0,,,,9.0,,,,4.3,1.0,23.0,,5.0,,,17.0,11.0,6.0,,7.0,3,,0,2.0,,,,,,,,1.0,,8.0,,,7.27,6.51,UEFA Eurocopa,UEFA,UEFA
SEL-EURO-2024-11873978,Ronda 1,2024-06-17,Bélgica,1,Eslovaquia,0,1,,,16.0,5.0,6.0,5.0,0.0,,,,,,,,,,4.0,5.0,2.0,8.0,58.0,,34.0,60.0,85.2,488.0,573.0,,,22.0,,,,10.0,,,,28.6,4.0,14.0,,2.0,,,14.0,7.0,7.0,,15.0,1,,0,3.0,,,,,,,,3.0,,14.0,,,,,10.0,4.0,4.0,2.0,0.0,,,,,,,,,,1.0,7.0,1.0,6.0,41.0,,15.0,40.0,77.1,283.0,367.0,,,25.0,,,,13.0,,,,35.3,6.0,17.0,,9.0,,,8.0,4.0,4.0,,19.0,0,,1,5.0,,,,,,,,1.0,,10.0,,,6.85,7.21,UEFA Eurocopa,UEFA,UEFA
SEL-EURO-2024-11873975,Ronda 1,2024-06-17,Austria,1,Francia,0,1,,,6.0,3.0,2.0,1.0,0.0,,,,,,,,,,2.0,6.0,0.0,4.0,68.0,,19.0,52.0,84.2,401.0,476.0,,,14.0,,,,10.0,,,,14.8,4.0,27.0,,3.0,,,27.0,13.0,14.0,,19.0,1,,0,3.0,,,,,0.0,,0.0,5.0,,18.0,,,,,14.0,3.0,6.0,5.0,0.0,,,,,,,,,,2.0,2.0,1.0,12.0,33.0,,35.0,48.0,86.1,390.0,453.0,,,24.0,,,,18.0,,,,16.7,2.0,12.0,,6.0,,,15.0,7.0,8.0,,31.0,0,,1,3.0,,,,,1.0,,1.0,2.0,,11.0,,,6.76,7.19,UEFA Eurocopa,UEFA,UEFA
SEL-EURO-2024-12198159,Ronda 1,2024-06-18,Turquía,1,Georgia,3,1,,,22.0,8.0,7.0,7.0,1.0,,,,,,,,,,5.0,5.0,2.0,3.0,72.0,,24.0,56.0,89.2,511.0,573.0,,,13.0,,,,7.0,,,,23.5,4.0,17.0,,6.0,,,18.0,15.0,3.0,,18.0,1,,0,3.0,,,,,1.0,,1.0,2.0,,10.0,,,,,14.0,5.0,6.0,3.0,2.0,,,,,,,,,,5.0,5.0,1.0,6.0,34.0,,22.0,44.0,85.9,379.0,441.0,,,21.0,,,,10.0,,,,30.0,6.0,20.0,,8.0,,,23.0,16.0,7.0,,27.0,3,,0,5.0,,,,,3.0,,0.0,1.0,,7.0,,,7.34,6.9,UEFA Eurocopa,UEFA,UEFA
SEL-EURO-2024-11873989,Ronda 1,2024-06-18,Portugal,1,República Checa,2,1,,,19.0,8.0,4.0,7.0,0.0,,,,,,,,,,4.0,13.0,3.0,10.0,75.0,,35.0,73.0,87.8,618.0,704.0,,,28.0,,,,7.0,,,,13.8,4.0,29.0,,4.0,,,10.0,8.0,2.0,,7.0,1,,0,0.0,,,,,0.0,,,2.0,,6.0,,,,,5.0,1.0,2.0,2.0,0.0,,,,,,,,,,0.0,0.0,1.0,4.0,37.0,,8.0,27.0,65.8,169.0,257.0,,,12.0,,,,5.0,,,,12.5,1.0,8.0,,11.0,,,16.0,10.0,6.0,,31.0,2,,0,7.0,,,,,1.0,,,1.0,,9.0,,,7.15,6.74,UEFA Eurocopa,UEFA,UEFA
SEL-EURO-2024-11873906,Ronda 2,2024-06-19,Croacia,1,Albania,2,2,,,22.0,10.0,7.0,5.0,0.0,,,,,,,,,,5.0,3.0,0.0,16.0,80.0,,36.0,67.0,90.2,572.0,634.0,,,12.0,,,,11.0,,,,31.0,9.0,29.0,,14.0,,,17.0,12.0,5.0,,7.0,2,,0,5.0,,,,,0.0,,0.0,1.0,,15.0,,,,,15.0,7.0,2.0,6.0,0.0,,,,,,,,,,4.0,1.0,4.0,3.0,28.0,,19.0,33.0,79.4,247.0,311.0,,,29.0,,,,14.0,,,,33.3,4.0,12.0,,9.0,,,11.0,7.0,4.0,,26.0,2,,0,8.0,,,,,2.0,,1.0,3.0,,11.0,,,7.36,6.95,UEFA Eurocopa,UEFA,UEFA
SEL-EURO-2024-11873900,Ronda 2,2024-06-19,Alemania,1,Hungría,2,0,,,19.0,7.0,5.0,7.0,0.0,,,,,,,,,,3.0,11.0,0.0,4.0,73.0,,36.0,70.0,93.0,668.0,718.0,,,22.0,,,,10.0,,,,14.8,4.0,27.0,,6.0,,,17.0,11.0,6.0,,20.0,0,,1,3.0,,,,,0.0,,,2.0,,12.0,,,,,11.0,4.0,4.0,3.0,0.0,,,,,,,,,,4.0,7.0,1.0,4.0,29.0,,16.0,30.0,80.5,248.0,308.0,,,16.0,,,,12.0,,,,7.1,1.0,14.0,,5.0,,,13.0,6.0,7.0,,31.0,2,,0,5.0,,,,,1.0,,,2.0,,10.0,,,7.62,6.65,UEFA Eurocopa,UEFA,UEFA
SEL-EURO-2024-11873903,Ronda 2,2024-06-19,Escocia,1,Suiza,1,1,,,12.0,3.0,5.0,4.0,1.0,,,,,,,,,,2.0,5.0,0.0,2.0,41.0,,25.0,48.0,76.7,287.0,374.0,,,23.0,,,,11.0,,,,39.1,9.0,23.0,,2.0,,,8.0,5.0,3.0,,18.0,1,,0,3.0,,,,,0.0,,,3.0,,11.0,,,,,11.0,4.0,6.0,1.0,0.0,,,,,,,,,,2.0,8.0,5.0,5.0,51.0,,17.0,52.0,81.9,344.0,420.0,,,29.0,,,,11.0,,,,13.3,2.0,15.0,,8.0,,,9.0,5.0,4.0,,24.0,1,,0,2.0,,,,,1.0,,,2.0,,11.0,,,6.88,6.9,UEFA Eurocopa,UEFA,UEFA
SEL-EURO-2024-11873974,Ronda 2,2024-06-20,Eslovenia,1,Serbia,1,1,,,11.0,4.0,4.0,3.0,1.0,,,,,,,,,,2.0,4.0,,7.0,43.0,,16.0,39.0,77.7,269.0,346.0,,,24.0,,,,8.0,,,,25.0,4.0,16.0,,6.0,,,19.0,13.0,6.0,,36.0,1,,0,3.0,,,,,1.0,,3.0,2.0,,13.0,,,,,15.0,4.0,3.0,8.0,1.0,,,,,,,,,,3.0,9.0,,8.0,64.0,,24.0,61.0,87.7,462.0,527.0,,,25.0,,,,13.0,,,,27.3,9.0,33.0,,5.0,,,17.0,10.0,7.0,,15.0,1,,0,3.0,,,,,2.0,,3.0,4.0,,8.0,,,7.06,6.95,UEFA Eurocopa,UEFA,UEFA
SEL-EURO-2024-11873970,Ronda 2,2024-06-20,Dinamarca,1,Inglaterra,1,1,,,16.0,7.0,4.0,5.0,0.0,,,,,,,,,,1.0,4.0,4.0,4.0,56.0,,21.0,51.0,86.9,476.0,548.0,,,17.0,,,,5.0,,,,31.2,5.0,16.0,,11.0,,,18.0,12.0,6.0,,11.0,1,,0,3.0,,,,,,,0.0,3.0,,13.0,,,,,12.0,4.0,7.0,1.0,1.0,,,,,,,,,,4.0,2.0,0.0,11.0,48.0,,13.0,49.0,86.2,455.0,528.0,,,30.0,,,,13.0,,,,22.2,2.0,9.0,,7.0,,,10.0,7.0,3.0,,16.0,1,,0,6.0,,,,,,,1.0,1.0,,5.0,,,7.0,7.06,UEFA Eurocopa,UEFA,UEFA
SEL-EURO-2024-11873901,Ronda 2,2024-06-20,España,1,Italia,1,0,,,20.0,9.0,8.0,3.0,2.0,,,,,,,,,,6.0,5.0,,14.0,56.0,,28.0,57.0,91.0,537.0,590.0,,,22.0,,,,14.0,,,,29.4,5.0,17.0,,9.0,,,16.0,8.0,8.0,,11.0,0,,1,1.0,,,,,,,,3.0,,17.0,,,,,4.0,1.0,3.0,0.0,0.0,,,,,,,,,,1.0,2.0,,2.0,39.0,,12.0,43.0,82.7,364.0,440.0,,,18.0,,,,16.0,,,,33.3,4.0,12.0,,9.0,,,32.0,16.0,16.0,,15.0,1,,0,8.0,,,,,,,,2.0,,14.0,,,7.36,6.85,UEFA Eurocopa,UEFA,UEFA
SEL-EURO-2024-12198231,Ronda 2,2024-06-21,Eslovaquia,1,Ucrania,1,2,,,14.0,5.0,4.0,5.0,0.0,,,,,,,,,,2.0,4.0,2.0,10.0,46.0,,17.0,56.0,89.9,480.0,534.0,,,15.0,,,,12.0,,,,21.1,4.0,19.0,,5.0,,,9.0,8.0,1.0,,15.0,2,,0,3.0,,,,,,,0.0,0.0,,9.0,,,,,13.0,5.0,3.0,5.0,1.0,,,,,,,,,,3.0,4.0,5.0,5.0,34.0,,24.0,44.0,87.8,368.0,419.0,,,23.0,,,,9.0,,,,17.6,3.0,17.0,,8.0,,,19.0,11.0,8.0,,19.0,1,,0,4.0,,,,,,,1.0,1.0,,12.0,,,6.87,7.2,UEFA Eurocopa,UEFA,UEFA
SEL-EURO-2024-12198303,Ronda 2,2024-06-21,Polonia,1,Austria,1,3,,,15.0,3.0,5.0,7.0,0.0,,,,,,,,,,2.0,4.0,0.0,9.0,33.0,,13.0,47.0,79.7,311.0,390.0,,,11.0,,,,14.0,,,,33.3,6.0,18.0,,6.0,,,7.0,5.0,2.0,,21.0,3,,0,6.0,,,,,,,1.0,4.0,,15.0,,,,,15.0,9.0,2.0,4.0,0.0,,,,,,,,,,3.0,3.0,2.0,5.0,57.0,,24.0,53.0,84.2,373.0,443.0,,,14.0,,,,15.0,,,,22.2,4.0,18.0,,16.0,,,11.0,5.0,6.0,,19.0,1,,0,2.0,,,,,,,0.0,2.0,,15.0,,,6.75,7.29,UEFA Eurocopa,UEFA,UEFA
SEL-EURO-2024-11873991,Ronda 2,2024-06-21,Países Bajos,1,Francia,0,0,,,8.0,4.0,0.0,4.0,0.0,,,,,,,,,,1.0,3.0,4.0,0.0,33.0,,12.0,37.0,88.4,352.0,398.0,,,12.0,,,,8.0,,,,37.5,3.0,8.0,,3.0,,,8.0,7.0,1.0,,23.0,0,,1,3.0,,,,,,,1.0,1.0,,13.0,,,,,15.0,3.0,7.0,5.0,0.0,,,,,,,,,,2.0,6.0,0.0,9.0,71.0,,20.0,63.0,92.3,609.0,660.0,,,19.0,,,,12.0,,,,20.0,4.0,20.0,,2.0,,,13.0,7.0,6.0,,9.0,0,,1,4.0,,,,,,,0.0,0.0,,8.0,,,6.89,7.34,UEFA Eurocopa,UEFA,UEFA
SEL-EURO-2024-12198160,Ronda 2,2024-06-22,Georgia,1,República Checa,1,1,,,5.0,1.0,3.0,1.0,0.0,,,,,,,,,,2.0,5.0,0.0,9.0,39.0,,13.0,38.0,79.4,246.0,310.0,,,19.0,,,,15.0,,,,,0.0,16.0,,5.0,,,19.0,13.0,6.0,,45.0,1,,0,11.0,,,,,5.0,,3.0,4.0,,12.0,,,,,27.0,12.0,8.0,7.0,1.0,,,,,,,,,,4.0,11.0,1.0,3.0,86.0,,27.0,62.0,87.2,430.0,493.0,,,15.0,,,,12.0,,,,20.0,9.0,45.0,,3.0,,,22.0,16.0,6.0,,19.0,1,,0,0.0,,,,,1.0,,1.0,5.0,,17.0,,,7.15,7.05,UEFA Eurocopa,UEFA,UEFA
SEL-EURO-2024-11873984,Ronda 2,2024-06-22,Turquía,1,Portugal,0,3,,,11.0,3.0,4.0,4.0,0.0,,,,,,,,,,1.0,9.0,0.0,10.0,47.0,,13.0,44.0,86.1,373.0,433.0,,,18.0,,,,7.0,,,,12.5,2.0,16.0,,8.0,,,21.0,10.0,11.0,,13.0,3,,0,1.0,,,,,,,,3.0,,16.0,,,,,12.0,3.0,7.0,2.0,0.0,,,,,,,,,,3.0,1.0,4.0,8.0,44.0,,33.0,56.0,89.2,505.0,566.0,,,18.0,,,,16.0,,,,42.9,6.0,14.0,,9.0,,,15.0,6.0,9.0,,18.0,0,,1,3.0,,,,,,,,2.0,,8.0,,,6.52,7.25,UEFA Eurocopa,UEFA,UEFA
SEL-EURO-2024-11873980,Ronda 2,2024-06-22,Bélgica,1,Rumania,2,0,,,20.0,9.0,5.0,6.0,0.0,,,,,,,,,,3.0,7.0,5.0,10.0,50.0,,42.0,55.0,84.7,365.0,431.0,,,32.0,,,,11.0,,,,7.7,1.0,13.0,,7.0,,,18.0,12.0,6.0,,22.0,0,,1,4.0,,,,,1.0,,0.0,1.0,,9.0,,,,,14.0,5.0,7.0,2.0,0.0,,,,,,,,,,2.0,7.0,1.0,1.0,32.0,,19.0,45.0,81.2,286.0,352.0,,,21.0,,,,9.0,,,,33.3,4.0,12.0,,4.0,,,21.0,9.0,12.0,,24.0,2,,0,7.0,,,,,1.0,,1.0,2.0,,11.0,,,7.49,6.78,UEFA Eurocopa,UEFA,UEFA
SEL-EURO-2024-11873899,Ronda 3,2024-06-23,Escocia,1,Hungría,0,1,,,4.0,0.0,1.0,3.0,0.0,,,,,,,,,,0.0,2.0,3.0,7.0,50.0,,16.0,58.0,82.0,411.0,501.0,,,25.0,,,,13.0,,,,31.6,6.0,19.0,,6.0,,,12.0,5.0,7.0,,26.0,1,,0,4.0,,,,,2.0,,2.0,1.0,,16.0,,,,,14.0,5.0,7.0,2.0,2.0,,,,,,,,,,3.0,6.0,5.0,3.0,41.0,,21.0,42.0,72.5,259.0,357.0,,,23.0,,,,15.0,,,,10.5,2.0,19.0,,6.0,,,20.0,9.0,11.0,,15.0,0,,1,0.0,,,,,0.0,,0.0,5.0,,13.0,,,6.88,6.89,UEFA Eurocopa,UEFA,UEFA
SEL-EURO-2024-11873902,Ronda 3,2024-06-23,Suiza,1,Alemania,1,1,,,4.0,3.0,1.0,0.0,0.0,,,,,,,,,,1.0,2.0,2.0,3.0,38.0,,10.0,34.0,79.2,262.0,331.0,,,18.0,,,,11.0,,,,,0.0,7.0,,8.0,,,17.0,9.0,8.0,,16.0,1,,0,2.0,,,,,2.0,,1.0,3.0,,14.0,,,,,18.0,3.0,10.0,5.0,1.0,,,,,,,,,,3.0,9.0,2.0,10.0,60.0,,39.0,66.0,89.8,571.0,636.0,,,20.0,,,,13.0,,,,29.6,8.0,27.0,,7.0,,,17.0,9.0,8.0,,11.0,1,,0,2.0,,,,,0.0,,0.0,1.0,,12.0,,,6.92,7.05,UEFA Eurocopa,UEFA,UEFA
SEL-EURO-2024-11873904,Ronda 3,2024-06-24,Albania,1,España,0,1,,,10.0,4.0,3.0,3.0,0.0,,,,,,,,,,0.0,2.0,1.0,12.0,41.0,,11.0,41.0,83.5,340.0,407.0,,,21.0,,,,15.0,,,,15.4,2.0,13.0,,13.0,,,17.0,9.0,8.0,,24.0,1,,0,2.0,,,,,1.0,,2.0,2.0,,6.0,,,,,16.0,3.0,9.0,4.0,0.0,,,,,,,,,,2.0,6.0,2.0,6.0,62.0,,31.0,59.0,89.8,518.0,577.0,,,31.0,,,,5.0,,,,30.4,7.0,23.0,,5.0,,,16.0,12.0,4.0,,20.0,0,,1,4.0,,,,,0.0,,0.0,1.0,,15.0,,,6.93,7.45,UEFA Eurocopa,UEFA,UEFA
SEL-EURO-2024-11873896,Ronda 3,2024-06-24,Croacia,1,Italia,1,1,,,6.0,4.0,0.0,2.0,0.0,,,,,,,,,,3.0,2.0,0.0,9.0,40.0,,21.0,47.0,88.3,445.0,504.0,,,20.0,,,,5.0,,,,16.7,2.0,12.0,,14.0,,,15.0,12.0,3.0,,28.0,1,,0,2.0,,,0.0,,0.0,,2.0,6.0,,18.0,,,,,12.0,3.0,2.0,7.0,0.0,,,,,,,,,,3.0,11.0,2.0,5.0,50.0,,26.0,53.0,86.1,490.0,569.0,,,32.0,,,,17.0,,,,25.0,6.0,24.0,,1.0,,,13.0,4.0,9.0,,13.0,1,,0,3.0,,,1.0,,1.0,,0.0,2.0,,6.0,,,7.05,7.04,UEFA Eurocopa,UEFA,UEFA
SEL-EURO-2024-12198304,Ronda 3,2024-06-25,Francia,1,Polonia,1,1,,,19.0,8.0,3.0,8.0,0.0,,,,,,,,,,5.0,11.0,1.0,14.0,59.0,,57.0,58.0,87.8,481.0,548.0,,,21.0,,,,14.0,,,,30.0,6.0,20.0,,6.0,,,17.0,15.0,2.0,,12.0,1,,0,2.0,,,,,0.0,,,1.0,,12.0,,,,,10.0,3.0,5.0,2.0,0.0,,,,,,,,,,2.0,3.0,0.0,7.0,40.0,,8.0,42.0,84.7,343.0,405.0,,,14.0,,,,12.0,,,,20.0,2.0,10.0,,10.0,,,19.0,10.0,9.0,,31.0,1,,0,7.0,,,,,1.0,,,3.0,,15.0,,,7.3,6.96,UEFA Eurocopa,UEFA,UEFA
SEL-EURO-2024-11873977,Ronda 3,2024-06-25,Países Bajos,1,Austria,2,3,,,11.0,2.0,6.0,3.0,1.0,,,,,,,,,,4.0,5.0,1.0,9.0,56.0,,21.0,52.0,83.6,358.0,428.0,,,17.0,,,,15.0,,,,21.7,5.0,23.0,,4.0,,,18.0,13.0,5.0,,5.0,3,,0,3.0,,,,,0.0,,,0.0,,10.0,,,,,9.0,5.0,1.0,3.0,0.0,,,,,,,,,,2.0,2.0,1.0,7.0,54.0,,15.0,48.0,78.5,317.0,404.0,,,33.0,,,,10.0,,,,37.5,3.0,8.0,,10.0,,,23.0,16.0,7.0,,14.0,2,,0,0.0,,,,,2.0,,,3.0,,16.0,,,6.7,6.8,UEFA Eurocopa,UEFA,UEFA
SEL-EURO-2024-11873968,Ronda 3,2024-06-25,Dinamarca,1,Serbia,0,0,,,10.0,3.0,5.0,2.0,0.0,,,,,,,,,,1.0,8.0,0.0,3.0,56.0,,19.0,53.0,84.3,474.0,562.0,,,25.0,,,,5.0,,,,14.3,3.0,21.0,,10.0,,,10.0,5.0,5.0,,20.0,0,,1,1.0,,,,,0.0,,,2.0,,11.0,,,,,5.0,1.0,3.0,1.0,0.0,,,,,,,,,,0.0,2.0,3.0,2.0,43.0,,10.0,47.0,82.0,400.0,488.0,,,30.0,,,,10.0,,,,38.9,7.0,18.0,,8.0,,,14.0,7.0,7.0,,25.0,0,,1,3.0,,,,,1.0,,,2.0,,5.0,,,7.02,6.9,UEFA Eurocopa,UEFA,UEFA
SEL-EURO-2024-11873967,Ronda 3,2024-06-25,Inglaterra,1,Eslovenia,0,0,,,12.0,4.0,4.0,4.0,0.0,,,,,,,,,,1.0,6.0,2.0,5.0,72.0,,28.0,73.0,91.4,682.0,746.0,,,31.0,,,,9.0,,,,44.4,8.0,18.0,,3.0,,,5.0,3.0,2.0,,5.0,0,,1,1.0,,,,,,,,3.0,,11.0,,,,,4.0,1.0,2.0,1.0,0.0,,,,,,,,,,0.0,0.0,0.0,4.0,36.0,,6.0,27.0,73.8,203.0,275.0,,,13.0,,,,10.0,,,,25.0,1.0,4.0,,4.0,,,15.0,10.0,5.0,,24.0,0,,1,3.0,,,,,,,,2.0,,9.0,,,7.13,6.95,UEFA Eurocopa,UEFA,UEFA
SEL-EURO-2024-11873983,Ronda 3,2024-06-26,Eslovaquia,1,Rumania,1,1,,,13.0,4.0,7.0,2.0,0.0,,,,,,,,,,1.0,5.0,3.0,2.0,53.0,,22.0,58.0,78.7,344.0,437.0,,,20.0,,,,10.0,,,,35.0,7.0,20.0,,8.0,,,10.0,5.0,5.0,,23.0,1,,0,4.0,,,,,,,1.0,1.0,,11.0,,,,,9.0,5.0,4.0,0.0,0.0,,,,,,,,,,1.0,1.0,1.0,7.0,43.0,,10.0,42.0,69.7,225.0,323.0,,,16.0,,,,10.0,,,,,0.0,6.0,,7.0,,,10.0,7.0,3.0,,29.0,1,,0,3.0,,,,,,,2.0,3.0,,10.0,,,6.98,6.92,UEFA Eurocopa,UEFA,UEFA
SEL-EURO-2024-12198234,Ronda 3,2024-06-26,Ucrania,1,Bélgica,0,0,,,13.0,4.0,5.0,4.0,0.0,,,,,,,,,,0.0,3.0,2.0,4.0,38.0,,16.0,40.0,83.7,313.0,374.0,,,22.0,,,,8.0,,,,40.0,4.0,10.0,,11.0,,,18.0,9.0,9.0,,20.0,0,,1,4.0,,,,,,,,1.0,,9.0,,,,,12.0,4.0,4.0,4.0,0.0,,,,,,,,,,1.0,7.0,0.0,8.0,40.0,,19.0,60.0,87.4,493.0,564.0,,,27.0,,,,9.0,,,,11.1,1.0,9.0,,2.0,,,4.0,3.0,1.0,,10.0,0,,1,4.0,,,,,,,,1.0,,8.0,,,7.21,7.13,UEFA Eurocopa,UEFA,UEFA
SEL-EURO-2024-11873986,Ronda 3,2024-06-26,República Checa,1,Turquía,1,2,,,12.0,7.0,3.0,2.0,0.0,,,,,,,,,,4.0,3.0,0.0,7.0,48.0,,25.0,32.0,69.9,160.0,229.0,,,28.0,,,,7.0,,,,31.2,5.0,16.0,,2.0,,,9.0,6.0,3.0,,19.0,2,,0,3.0,,,,,0.0,,,7.0,2.0,16.0,,,,,18.0,5.0,6.0,7.0,0.0,,,,,,,,,,1.0,7.0,1.0,12.0,61.0,,33.0,68.0,87.3,447.0,512.0,,,25.0,,,,15.0,,,,15.4,2.0,13.0,,4.0,,,15.0,11.0,4.0,,19.0,1,,0,5.0,,,,,1.0,,,11.0,0.0,9.0,,,6.45,7.16,UEFA Eurocopa,UEFA,UEFA
SEL-EURO-2024-12198161,Ronda 3,2024-06-26,Georgia,1,Portugal,2,0,,,7.0,3.0,3.0,1.0,0.0,,,,,,,,,,3.0,1.0,0.0,9.0,25.0,,11.0,28.0,76.3,206.0,270.0,,,15.0,,,,10.0,,,,,0.0,7.0,,4.0,,,21.0,13.0,8.0,,26.0,0,,1,5.0,,,,,1.0,,,1.0,,6.0,,,,,22.0,5.0,9.0,8.0,0.0,,,,,,,,,,4.0,11.0,1.0,13.0,102.0,,30.0,72.0,93.0,642.0,690.0,,,12.0,,,,6.0,,,,21.1,8.0,38.0,,8.0,,,18.0,10.0,8.0,,10.0,2,,0,1.0,,,,,0.0,,,3.0,,11.0,,,7.2,7.02,UEFA Eurocopa,UEFA,UEFA
SEL-GOLD_CUP-2021-9615040,Final,2021-07-10,México,1,Trinidad y Tobago,0,0,,,30.0,7.0,13.0,10.0,1.0,,,,,,,,,,2.0,15.0,4.0,9.0,96.0,,,83.0,90.1,626.0,695.0,,,51.0,,,,6.0,,,,18.6,8.0,43.0,,4.0,,,7.0,3.0,4.0,,2.0,0,,1,0.0,,,,,,,,1.0,,8.0,,,,,4.0,0.0,3.0,1.0,0.0,,,,,,,,,,0.0,1.0,0.0,6.0,23.0,,,17.0,48.3,73.0,151.0,,,14.0,,,,7.0,,,,20.0,1.0,5.0,,18.0,,,12.0,7.0,5.0,,42.0,0,,1,7.0,,,,,,,,1.0,,6.0,,,7.35,7.04,CONCACAF Gold Cup,CONCACAF,CONCACAF
SEL-GOLD_CUP-2021-9528269,Final,2021-07-11,Canadá,1,Martinique,4,1,,,14.0,5.0,7.0,2.0,0.0,,,,,,,,,,4.0,6.0,1.0,6.0,73.0,,,65.0,89.4,533.0,596.0,,,30.0,,,,16.0,,,,23.8,5.0,21.0,,21.0,,,11.0,6.0,5.0,,11.0,1,,0,1.0,,,,,,,,6.0,,22.0,,,,,5.0,2.0,2.0,1.0,0.0,,,,,,,,,,0.0,2.0,0.0,7.0,41.0,,,35.0,72.9,229.0,314.0,,,17.0,,,,21.0,,,,25.0,2.0,8.0,,15.0,,,13.0,10.0,3.0,,19.0,4,,0,1.0,,,,,,,,3.0,,16.0,,,7.15,6.4,CONCACAF Gold Cup,CONCACAF,Desconocido
SEL-GOLD_CUP-2021-9615038,Final,2021-07-11,USA,1,Haití,1,0,,,13.0,5.0,5.0,3.0,2.0,,,,,,,,,,3.0,5.0,4.0,5.0,43.0,,,63.0,89.6,532.0,594.0,,,27.0,,,,14.0,,,,25.0,6.0,24.0,,9.0,,,9.0,8.0,1.0,,10.0,0,,1,3.0,,,,,,,,2.0,,14.0,,,,,10.0,3.0,5.0,2.0,0.0,,,,,,,,,,0.0,0.0,0.0,4.0,39.0,,,37.0,81.6,284.0,348.0,,,34.0,,,,14.0,,,,9.1,1.0,11.0,,15.0,,,10.0,7.0,3.0,,18.0,1,,0,4.0,,,,,,,,1.0,,14.0,,,7.15,6.9,CONCACAF Gold Cup,CONCACAF,CONCACAF
SEL-GOLD_CUP-2021-9622642,Final,2021-07-11,El Salvador,1,Guatemala,2,0,,,21.0,6.0,11.0,4.0,0.0,,,,,,,,,,1.0,10.0,2.0,11.0,92.0,,,69.0,86.1,494.0,574.0,,,33.0,,,,11.0,,,,24.1,7.0,29.0,,13.0,,,17.0,5.0,12.0,,5.0,0,,1,1.0,,,,,,,,1.0,,9.0,,,,,4.0,1.0,3.0,0.0,0.0,,,,,,,,,,0.0,0.0,2.0,4.0,40.0,,,31.0,65.3,171.0,262.0,,,26.0,,,,9.0,,,,,0.0,4.0,,13.0,,,21.0,14.0,7.0,,30.0,2,,0,4.0,,,,,,,,2.0,,11.0,,,7.31,6.62,CONCACAF Gold Cup,CONCACAF,CONCACAF
SEL-GOLD_CUP-2021-9528265,Final,2021-07-12,Jamaica,1,Suriname,2,0,,,7.0,6.0,1.0,0.0,0.0,,,,,,,,,,1.0,3.0,2.0,5.0,47.0,,,47.0,82.4,314.0,381.0,,,31.0,,,,12.0,,,,10.0,1.0,10.0,,8.0,,,11.0,6.0,5.0,,22.0,0,,1,3.0,,,,,,,,1.0,,15.0,,,,,10.0,3.0,4.0,3.0,0.0,,,,,,,,,,1.0,5.0,1.0,9.0,51.0,,,53.0,84.2,356.0,423.0,,,25.0,,,,15.0,,,,7.1,1.0,14.0,,10.0,,,11.0,4.0,7.0,,15.0,2,,0,4.0,,,,,,,,3.0,,12.0,,,7.02,6.68,CONCACAF Gold Cup,CONCACAF,Desconocido
SEL-GOLD_CUP-2021-9615033,Final,2021-07-12,Costa Rica,1,Guadeloupe,3,1,,,10.0,5.0,3.0,2.0,0.0,,,,,,,,,,2.0,4.0,1.0,0.0,56.0,,,62.0,86.0,518.0,602.0,,,30.0,,,,11.0,,,,25.0,3.0,12.0,,11.0,,,14.0,8.0,6.0,,12.0,1,,0,2.0,,,,,,,,4.0,0.0,19.0,,,,,8.0,3.0,4.0,1.0,0.0,,,,,,,,,,1.0,2.0,2.0,9.0,36.0,,,38.0,80.3,289.0,360.0,,,27.0,,,,19.0,,,,9.1,1.0,11.0,,18.0,,,12.0,9.0,3.0,,14.0,3,,0,2.0,,,,,,,,2.0,1.0,11.0,,,6.93,6.55,CONCACAF Gold Cup,CONCACAF,Desconocido
SEL-GOLD_CUP-2021-9528255,Final,2021-07-13,Catar,1,Panamá,3,3,,,15.0,6.0,5.0,4.0,0.0,,,,,,,,,,5.0,2.0,1.0,3.0,51.0,,,46.0,86.3,364.0,422.0,,,27.0,,,,12.0,,,,25.0,3.0,12.0,,10.0,,,13.0,9.0,4.0,,21.0,3,,0,3.0,,,,,,,,1.0,,8.0,,,,,11.0,6.0,3.0,2.0,0.0,,,,,,,,,,2.0,5.0,1.0,11.0,56.0,,,54.0,89.8,449.0,500.0,,,34.0,,,,8.0,,,,8.0,2.0,25.0,,7.0,,,5.0,4.0,1.0,,9.0,3,,0,3.0,,,,,,,,0.0,,12.0,,,6.94,6.8,CONCACAF Gold Cup,AFC,CONCACAF
SEL-GOLD_CUP-2021-9528266,Final,2021-07-13,Honduras,1,Grenada,4,0,,,11.0,4.0,5.0,2.0,0.0,,,,,,,,,,4.0,3.0,1.0,5.0,57.0,,,57.0,84.0,373.0,444.0,,,24.0,,,,5.0,,,,20.0,3.0,15.0,,7.0,,,7.0,6.0,1.0,,16.0,0,,1,2.0,,,,,,,,,,13.0,,,,,10.0,3.0,7.0,0.0,0.0,,,,,,,,,,1.0,3.0,0.0,5.0,51.0,,,43.0,75.4,255.0,338.0,,,23.0,,,,11.0,,,,28.6,4.0,14.0,,11.0,,,9.0,6.0,3.0,,10.0,4,,0,0.0,,,,,,,,,,5.0,,,7.17,6.45,CONCACAF Gold Cup,CONCACAF,Desconocido
SEL-GOLD_CUP-2021-9615037,Semifinals,2021-07-14,Trinidad y Tobago,1,El Salvador,0,2,,,9.0,2.0,4.0,3.0,0.0,,,,,,,,,,0.0,4.0,1.0,11.0,40.0,,,41.0,73.3,239.0,326.0,,,23.0,,,,24.0,,,,14.3,2.0,14.0,,11.0,,,7.0,6.0,1.0,,14.0,2,,0,6.0,,,,,,,,2.0,,15.0,,,,,19.0,8.0,5.0,6.0,1.0,,,,,,,,,,4.0,4.0,2.0,9.0,56.0,,,59.0,83.9,400.0,477.0,,,33.0,,,,14.0,,,,7.7,1.0,13.0,,20.0,,,16.0,9.0,7.0,,25.0,0,,1,2.0,,,,,,,,1.0,,24.0,,,6.63,7.25,CONCACAF Gold Cup,CONCACAF,CONCACAF
SEL-GOLD_CUP-2021-9622641,Semifinals,2021-07-14,Guatemala,1,México,0,3,,,4.0,1.0,1.0,2.0,0.0,,,,,,,,,,0.0,3.0,1.0,7.0,40.0,,,30.0,74.1,206.0,278.0,,,25.0,,,,13.0,,,,25.0,2.0,8.0,,11.0,,,19.0,13.0,6.0,,19.0,3,,0,5.0,,,,,,,,2.0,,15.0,,,,,17.0,8.0,7.0,2.0,0.0,,,,,,,,,,9.0,5.0,1.0,13.0,72.0,,,70.0,90.2,610.0,676.0,,,23.0,,,,15.0,,,,20.0,3.0,15.0,,12.0,,,20.0,11.0,9.0,,8.0,0,,1,1.0,,,,,,,,0.0,,13.0,,,6.33,7.49,CONCACAF Gold Cup,CONCACAF,CONCACAF
SEL-GOLD_CUP-2021-9615034,Semifinals,2021-07-15,Haití,1,Canadá,1,4,,,10.0,4.0,4.0,2.0,0.0,,,,,,,,,,3.0,4.0,1.0,10.0,41.0,,,42.0,82.1,298.0,363.0,,,39.0,,,,12.0,,,,13.3,2.0,15.0,,17.0,,,18.0,14.0,4.0,,10.0,4,,0,0.0,,,,,,,,1.0,1.0,14.0,,,,,12.0,4.0,5.0,3.0,2.0,,,,,,,,,,2.0,3.0,3.0,9.0,53.0,,,58.0,86.4,452.0,523.0,,,26.0,,,,14.0,,,,40.0,4.0,10.0,,13.0,,,30.0,17.0,13.0,,9.0,1,,0,3.0,,,,,,,,1.0,0.0,12.0,,,6.31,7.1,CONCACAF Gold Cup,CONCACAF,CONCACAF
SEL-GOLD_CUP-2021-9528270,Semifinals,2021-07-15,Martinique,1,USA,1,6,,,13.0,5.0,5.0,3.0,0.0,,,,,,,,,,3.0,0.0,1.0,8.0,39.0,,,35.0,76.3,225.0,295.0,,,19.0,,,,16.0,,,,33.3,1.0,3.0,,17.0,,,20.0,11.0,9.0,,30.0,6,,0,7.0,,,,,,,,,,13.0,,,,,22.0,12.0,5.0,5.0,1.0,,,,,,,,,,6.0,14.0,2.0,10.0,66.0,,,65.0,86.5,443.0,512.0,,,38.0,,,,13.0,,,,38.2,13.0,34.0,,8.0,,,15.0,7.0,8.0,,6.0,1,,0,4.0,,,,,,,,,,17.0,,,6.52,7.45,CONCACAF Gold Cup,Desconocido,CONCACAF
SEL-GOLD_CUP-2021-9615032,Semifinals,2021-07-16,Guadeloupe,1,Jamaica,1,2,,,6.0,3.0,3.0,0.0,0.0,,,,,,,,,,0.0,3.0,0.0,7.0,48.0,,,45.0,79.4,259.0,326.0,,,33.0,,,,20.0,,,,8.3,1.0,12.0,,7.0,,,14.0,9.0,5.0,,13.0,2,,0,5.0,,,,,,,,1.0,,20.0,,,,,17.0,7.0,7.0,3.0,0.0,,,,,,,,,,2.0,2.0,1.0,9.0,66.0,,,55.0,82.3,321.0,390.0,,,37.0,,,,20.0,,,,33.3,4.0,12.0,,4.0,,,10.0,7.0,3.0,,9.0,1,,0,3.0,,,,,,,,3.0,,20.0,,,6.65,6.81,CONCACAF Gold Cup,Desconocido,CONCACAF
SEL-GOLD_CUP-2021-9528257,Semifinals,2021-07-16,Suriname,1,Costa Rica,1,2,,,16.0,2.0,8.0,6.0,1.0,,,,,,,,,,0.0,3.0,0.0,10.0,49.0,,,50.0,81.9,322.0,393.0,,,15.0,,,,16.0,,,,22.2,2.0,9.0,,15.0,,,13.0,7.0,6.0,,14.0,2,,0,1.0,,,,,,,,2.0,0.0,11.0,,,,,11.0,3.0,8.0,0.0,0.0,,,,,,,,,,5.0,2.0,2.0,5.0,45.0,,,50.0,81.8,314.0,384.0,,,27.0,,,,11.0,,,,15.4,2.0,13.0,,14.0,,,12.0,8.0,4.0,,18.0,1,,0,1.0,,,,,,,,4.0,1.0,17.0,,,6.68,6.77,CONCACAF Gold Cup,Desconocido,CONCACAF
SEL-GOLD_CUP-2021-9528256,Semifinals,2021-07-17,Grenada,1,Catar,0,4,,,5.0,2.0,2.0,1.0,0.0,,,,,,,,,,0.0,0.0,2.0,5.0,45.0,,,37.0,80.5,260.0,323.0,,,22.0,,,,6.0,,,,100.0,2.0,2.0,,6.0,,,8.0,8.0,0.0,,12.0,4,,0,5.0,,,,,,,,2.0,,12.0,,,,,21.0,9.0,9.0,3.0,1.0,,,,,,,,,,6.0,6.0,2.0,4.0,77.0,,,63.0,89.3,501.0,561.0,,,36.0,,,,11.0,,,,43.8,7.0,16.0,,13.0,,,9.0,4.0,5.0,,2.0,0,,1,2.0,,,,,,,,0.0,,6.0,,,6.28,7.42,CONCACAF Gold Cup,Desconocido,AFC
SEL-GOLD_CUP-2021-9528260,Semifinals,2021-07-17,Panamá,1,Honduras,2,3,,,18.0,6.0,7.0,5.0,1.0,,,,,,,,,,3.0,9.0,1.0,7.0,43.0,,,54.0,81.7,264.0,323.0,,,27.0,,,,11.0,,,,34.6,9.0,26.0,,12.0,,,15.0,9.0,6.0,,14.0,3,,0,6.0,,,,,,,,3.0,,12.0,,,,,12.0,9.0,2.0,1.0,0.0,,,,,,,,,,2.0,9.0,1.0,7.0,47.0,,,46.0,75.7,209.0,276.0,,,22.0,,,,12.0,,,,26.1,6.0,23.0,,10.0,,,12.0,9.0,3.0,,18.0,2,,0,4.0,,,,,,,,2.0,,12.0,,,6.9,6.94,CONCACAF Gold Cup,CONCACAF,CONCACAF
SEL-GOLD_CUP-2021-9615035,Quarterfinals,2021-07-18,Martinique,1,Haití,1,2,,,13.0,5.0,5.0,3.0,0.0,,,,,,,,,,1.0,5.0,4.0,5.0,44.0,,,43.0,80.1,282.0,352.0,,,20.0,,,,8.0,,,,16.7,2.0,12.0,,8.0,,,7.0,2.0,5.0,,14.0,2,,0,6.0,,,,,,,,3.0,2.0,12.0,,,,,17.0,8.0,6.0,3.0,0.0,,,,,,,,,,2.0,1.0,3.0,5.0,41.0,,,57.0,88.4,425.0,481.0,,,38.0,,,,12.0,,,,16.7,1.0,6.0,,10.0,,,14.0,7.0,7.0,,6.0,1,,0,4.0,,,,,,,,0.0,0.0,9.0,,,6.64,7.26,CONCACAF Gold Cup,Desconocido,CONCACAF
SEL-GOLD_CUP-2021-9528263,Quarterfinals,2021-07-18,USA,1,Canadá,1,0,,,6.0,1.0,4.0,1.0,0.0,,,,,,,,,,1.0,1.0,,1.0,46.0,,,46.0,83.5,350.0,419.0,,,18.0,,,,8.0,,,,54.5,6.0,11.0,,7.0,,,18.0,10.0,8.0,,14.0,0,,1,3.0,,,,,,,,,,10.0,,,,,14.0,3.0,6.0,5.0,0.0,,,,,,,,,,0.0,3.0,,6.0,66.0,,,54.0,89.2,445.0,499.0,,,41.0,,,,9.0,,,,22.2,4.0,18.0,,5.0,,,17.0,9.0,8.0,,10.0,1,,0,0.0,,,,,,,,,,10.0,,,7.0,6.84,CONCACAF Gold Cup,CONCACAF,CONCACAF
SEL-GOLD_CUP-2021-9622643,Quarterfinals,2021-07-18,Guatemala,1,Trinidad y Tobago,1,1,,,16.0,3.0,8.0,5.0,0.0,,,,,,,,,,1.0,11.0,2.0,9.0,45.0,,,52.0,87.7,356.0,406.0,,,35.0,,,,14.0,,,,25.0,6.0,24.0,,9.0,,,11.0,9.0,2.0,,13.0,1,,0,3.0,,,,,,,,0.0,,14.0,,,,,7.0,4.0,3.0,0.0,1.0,,,,,,,,,,1.0,7.0,0.0,5.0,41.0,,,48.0,82.1,321.0,391.0,,,25.0,,,,13.0,,,,11.1,1.0,9.0,,6.0,,,7.0,6.0,1.0,,18.0,1,,0,2.0,,,,,,,,2.0,,14.0,,,6.97,6.82,CONCACAF Gold Cup,CONCACAF,CONCACAF
SEL-GOLD_CUP-2021-9528261,Quarterfinals,2021-07-18,México,1,El Salvador,1,0,,,16.0,6.0,3.0,7.0,0.0,,,,,,,,,,2.0,4.0,1.0,12.0,59.0,,,54.0,84.1,366.0,435.0,,,34.0,,,,18.0,,,,9.1,1.0,11.0,,11.0,,,15.0,9.0,6.0,,13.0,0,,1,2.0,,,,,,,,4.0,,22.0,,,,,11.0,2.0,7.0,2.0,1.0,,,,,,,,,,0.0,3.0,1.0,10.0,46.0,,,46.0,81.9,308.0,376.0,,,32.0,,,,20.0,,,,14.3,1.0,7.0,,10.0,,,18.0,10.0,8.0,,20.0,1,,0,5.0,,,,,,,,2.0,,19.0,,,7.12,6.84,CONCACAF Gold Cup,CONCACAF,CONCACAF
SEL-GOLD_CUP-2021-9528259,Quarterfinals,2021-07-20,Costa Rica,1,Jamaica,1,0,,,5.0,1.0,2.0,2.0,0.0,,,,,,,,,,0.0,3.0,0.0,2.0,39.0,,,44.0,82.1,298.0,363.0,,,22.0,,,,18.0,,,,12.5,2.0,16.0,,10.0,,,17.0,9.0,8.0,,16.0,0,,1,5.0,,,,,,,,0.0,1.0,22.0,,,,,18.0,5.0,8.0,5.0,1.0,,,,,,,,,,1.0,6.0,1.0,9.0,70.0,,,56.0,84.2,390.0,463.0,,,30.0,,,,20.0,,,,28.6,4.0,14.0,,16.0,,,18.0,9.0,9.0,,14.0,1,,0,0.0,,,,,,,,1.0,0.0,18.0,,,6.93,6.91,CONCACAF Gold Cup,CONCACAF,CONCACAF
SEL-GOLD_CUP-2021-9615039,Quarterfinals,2021-07-20,Suriname,1,Guadeloupe,2,1,,,22.0,11.0,8.0,3.0,2.0,,,,,,,,,,7.0,8.0,3.0,6.0,62.0,,,61.0,88.8,419.0,472.0,,,39.0,,,,11.0,,,,31.2,5.0,16.0,,6.0,,,15.0,8.0,7.0,,3.0,1,,0,2.0,,,,,,,,2.0,0.0,14.0,,,,,13.0,3.0,7.0,3.0,2.0,,,,,,,,,,3.0,3.0,0.0,8.0,33.0,,,39.0,84.3,252.0,299.0,,,26.0,,,,14.0,,,,44.4,4.0,9.0,,11.0,,,18.0,6.0,12.0,,11.0,2,,0,9.0,,,,,,,,4.0,2.0,11.0,,,6.94,6.9,CONCACAF Gold Cup,Desconocido,Desconocido
SEL-GOLD_CUP-2021-9528262,Quarterfinals,2021-07-20,Honduras,1,Catar,0,2,,,8.0,0.0,6.0,2.0,0.0,,,,,,,,,,0.0,6.0,4.0,8.0,60.0,,,59.0,89.6,430.0,480.0,,,25.0,,,,7.0,,,,16.7,4.0,24.0,,7.0,,,5.0,4.0,1.0,,18.0,2,,0,4.0,,,,,,,,1.0,,14.0,,,,,19.0,6.0,7.0,6.0,0.0,,,,,,,,,,5.0,5.0,0.0,6.0,50.0,,,41.0,80.8,273.0,338.0,,,34.0,,,,13.0,,,,23.5,4.0,17.0,,6.0,,,13.0,7.0,6.0,,21.0,0,,1,0.0,,,,,,,,0.0,,7.0,,,6.63,7.35,CONCACAF Gold Cup,CONCACAF,AFC
SEL-GOLD_CUP-2021-9528267,Quarterfinals,2021-07-20,Panamá,1,Grenada,3,1,,,15.0,7.0,5.0,3.0,0.0,,,,,,,,,,2.0,3.0,1.0,7.0,92.0,,,68.0,85.5,494.0,578.0,,,34.0,,,,9.0,,,,46.7,7.0,15.0,,12.0,,,16.0,11.0,5.0,,13.0,1,,0,2.0,,,,,,,,0.0,,14.0,,,,,6.0,3.0,0.0,3.0,0.0,,,,,,,,,,1.0,3.0,2.0,3.0,48.0,,,32.0,70.5,191.0,271.0,,,31.0,,,,13.0,,,,,0.0,6.0,,15.0,,,19.0,9.0,10.0,,13.0,3,,0,3.0,,,,,,,,2.0,,9.0,,,7.11,6.5,CONCACAF Gold Cup,CONCACAF,Desconocido
SEL-GOLD_CUP-2023-11232152,Ronda 1,2023-06-24,USA,1,Jamaica,1,1,,,13.0,4.0,7.0,2.0,0.0,,,,,,,,,,4.0,5.0,0.0,5.0,74.0,,,68.0,81.6,478.0,586.0,,,30.0,,,,12.0,,,,14.8,4.0,27.0,,9.0,,,22.0,13.0,9.0,,14.0,1,,0,2.0,,,,,,,,0.0,,12.0,,,,,6.0,3.0,1.0,2.0,0.0,,,,,,,,,,3.0,2.0,1.0,13.0,55.0,,,32.0,63.2,182.0,288.0,,,29.0,,,,11.0,,,,16.7,1.0,6.0,,9.0,,,21.0,13.0,8.0,,29.0,1,,0,3.0,,,,,,,,3.0,,12.0,,,6.69,6.79,CONCACAF Gold Cup,CONCACAF,CONCACAF
SEL-GOLD_CUP-2023-11347198,Ronda 1,2023-06-25,Trinidad y Tobago,1,Saint Kitts And Nevis,3,0,,,14.0,4.0,5.0,5.0,0.0,,,,,,,,,,1.0,8.0,,11.0,65.0,,,66.0,88.1,476.0,540.0,,,25.0,,,,9.0,,,,28.6,4.0,14.0,,5.0,,,7.0,5.0,2.0,,15.0,0,,1,1.0,,,,,,,,0.0,,15.0,,,,,10.0,1.0,3.0,6.0,0.0,,,,,,,,,,0.0,8.0,,2.0,38.0,,,34.0,72.3,196.0,271.0,,,21.0,,,,14.0,,,,27.8,5.0,18.0,,8.0,,,19.0,10.0,9.0,,16.0,3,,0,2.0,,,,,,,,2.0,,9.0,,,7.11,6.45,CONCACAF Gold Cup,CONCACAF,Desconocido
SEL-GOLD_CUP-2023-11232149,Ronda 1,2023-06-25,Haití,1,Catar,2,1,,,15.0,3.0,8.0,4.0,1.0,,,,,,,,,,2.0,4.0,2.0,12.0,59.0,,,50.0,74.9,262.0,350.0,,,25.0,,,,14.0,,,,10.5,2.0,19.0,,12.0,,,18.0,10.0,8.0,,16.0,1,,0,1.0,,,,,,,,3.0,,16.0,,,,,10.0,2.0,4.0,4.0,1.0,,,,,,,,,,3.0,1.0,2.0,8.0,45.0,,,50.0,73.8,268.0,363.0,,,28.0,,,,15.0,,,,7.7,1.0,13.0,,6.0,,,12.0,10.0,2.0,,26.0,2,,0,1.0,,,,,,,,5.0,,17.0,,,6.85,6.52,CONCACAF Gold Cup,CONCACAF,AFC
SEL-GOLD_CUP-2023-11232148,Ronda 1,2023-06-25,México,1,Honduras,4,0,,,17.0,6.0,5.0,6.0,0.0,,,,,,,,,,4.0,4.0,1.0,8.0,47.0,,,54.0,87.1,440.0,505.0,,,23.0,,,,12.0,,,,35.7,5.0,14.0,,8.0,,,17.0,10.0,7.0,,13.0,0,,1,1.0,,,,,,,,2.0,,13.0,,,,,6.0,1.0,2.0,3.0,0.0,,,,,,,,,,0.0,5.0,1.0,7.0,68.0,,,46.0,82.5,345.0,418.0,,,29.0,,,,13.0,,,,7.1,1.0,14.0,,13.0,,,16.0,11.0,5.0,,11.0,4,,0,2.0,,,,,,,,2.0,,13.0,,,7.43,6.31,CONCACAF Gold Cup,CONCACAF,CONCACAF
SEL-GOLD_CUP-2023-11232150,Ronda 1,2023-06-26,El Salvador,1,Martinique,1,2,,,22.0,10.0,10.0,2.0,0.0,,,,,,,,,,3.0,7.0,5.0,12.0,64.0,,,65.0,85.5,389.0,455.0,,,28.0,,,,14.0,,,,30.4,7.0,23.0,,6.0,,,12.0,6.0,6.0,,7.0,2,,0,2.0,,,,,,,,0.0,0.0,7.0,,,,,7.0,4.0,1.0,2.0,0.0,,,,,,,,,,3.0,4.0,0.0,4.0,47.0,,,35.0,70.7,176.0,249.0,,,28.0,,,,6.0,,,,11.1,1.0,9.0,,9.0,,,16.0,13.0,3.0,,24.0,1,,0,8.0,,,,,,,,2.0,1.0,15.0,,,6.7,6.93,CONCACAF Gold Cup,CONCACAF,Desconocido
SEL-GOLD_CUP-2023-11232171,Ronda 1,2023-06-26,Costa Rica,1,Panamá,1,2,,,6.0,4.0,1.0,1.0,0.0,,,,,,,,,,3.0,1.0,1.0,9.0,40.0,,,39.0,83.0,323.0,389.0,,,10.0,,,,13.0,,,,25.0,1.0,4.0,,15.0,,,13.0,11.0,2.0,,13.0,2,,0,8.0,,,,,,,,2.0,,14.0,,,,,15.0,10.0,4.0,1.0,0.0,,,,,,,,,,3.0,5.0,0.0,10.0,62.0,,,61.0,89.3,543.0,608.0,,,45.0,,,,14.0,,,,40.0,8.0,20.0,,6.0,,,20.0,14.0,6.0,,7.0,1,,0,3.0,,,,,,,,1.0,,13.0,,,6.65,7.15,CONCACAF Gold Cup,CONCACAF,CONCACAF
SEL-GOLD_CUP-2023-11232156,Ronda 1,2023-06-27,Canadá,1,Guadeloupe,2,2,,,18.0,6.0,8.0,4.0,0.0,,,,,,,,,,1.0,5.0,2.0,11.0,59.0,,,56.0,83.6,363.0,434.0,,,18.0,,,,17.0,,,,28.6,6.0,21.0,,10.0,,,12.0,5.0,7.0,,10.0,2,,0,3.0,,,,,,,,2.0,,13.0,,,,,9.0,4.0,4.0,1.0,0.0,,,,,,,,,,3.0,2.0,1.0,13.0,32.0,,,44.0,77.4,274.0,354.0,,,22.0,,,,13.0,,,,30.8,4.0,13.0,,10.0,,,15.0,11.0,4.0,,24.0,2,,0,4.0,,,,,,,,2.0,,17.0,,,6.86,6.75,CONCACAF Gold Cup,CONCACAF,Desconocido
SEL-GOLD_CUP-2023-11232146,Ronda 1,2023-06-27,Guatemala,1,Cuba,1,0,,,17.0,7.0,5.0,5.0,1.0,,,,,,,,,,1.0,2.0,1.0,11.0,49.0,,,53.0,76.6,259.0,338.0,,,33.0,,,,18.0,,,,27.8,5.0,18.0,,9.0,,,18.0,9.0,9.0,,13.0,0,,1,1.0,,,,,,,,3.0,,17.0,,,,,6.0,1.0,3.0,2.0,0.0,,,,,,,,,,0.0,3.0,2.0,11.0,40.0,,,47.0,74.6,232.0,311.0,,,24.0,,,,15.0,,,,11.1,1.0,9.0,,14.0,,,19.0,10.0,9.0,,16.0,1,,0,6.0,,,,,,,,5.0,,21.0,,,7.02,6.75,CONCACAF Gold Cup,CONCACAF,CONCACAF
SEL-GOLD_CUP-2023-11347199,Ronda 2,2023-06-28,Jamaica,1,Trinidad y Tobago,4,1,,,13.0,6.0,7.0,0.0,0.0,,,,,,,,,,6.0,2.0,2.0,9.0,56.0,,,53.0,88.0,389.0,442.0,,,27.0,,,,13.0,,,,8.3,1.0,12.0,,5.0,,,27.0,19.0,8.0,,4.0,1,,0,0.0,,,,,,,,3.0,,17.0,,,,,3.0,1.0,2.0,0.0,0.0,,,,,,,,,,1.0,0.0,0.0,7.0,31.0,,,47.0,86.3,333.0,386.0,,,17.0,,,,16.0,,,,11.1,1.0,9.0,,5.0,,,21.0,8.0,13.0,,7.0,4,,0,2.0,,,,,,,,3.0,,15.0,,,7.1,6.14,CONCACAF Gold Cup,CONCACAF,CONCACAF
SEL-GOLD_CUP-2023-11232166,Ronda 2,2023-06-28,Saint Kitts And Nevis,1,USA,0,6,,,2.0,0.0,1.0,1.0,0.0,,,,,,,,,,0.0,1.0,1.0,7.0,37.0,,,34.0,71.3,204.0,286.0,,,24.0,,,,16.0,,,,50.0,1.0,2.0,,16.0,,,16.0,8.0,8.0,,20.0,6,,0,9.0,,,,,,,,3.0,,9.0,,,,,34.0,15.0,12.0,7.0,0.0,,,,,,,,,,11.0,8.0,3.0,7.0,75.0,,,66.0,86.1,464.0,539.0,,,19.0,,,,8.0,,,,44.4,12.0,27.0,,12.0,,,13.0,5.0,8.0,,5.0,0,,1,0.0,,,,,,,,0.0,,16.0,,,6.25,7.71,CONCACAF Gold Cup,Desconocido,CONCACAF
SEL-GOLD_CUP-2023-11232154,Ronda 2,2023-06-29,Catar,1,Honduras,1,1,,,5.0,3.0,1.0,1.0,0.0,,,,,,,,,,2.0,1.0,2.0,3.0,37.0,,,35.0,68.2,210.0,308.0,,,16.0,,,,18.0,,,,11.1,1.0,9.0,,10.0,,,18.0,11.0,7.0,,30.0,1,,0,3.0,,,,,,,,4.0,1.0,13.0,,,,,17.0,4.0,8.0,5.0,0.0,,,,,,,,,,2.0,6.0,1.0,12.0,67.0,,,65.0,82.6,466.0,564.0,,,34.0,,,,13.0,,,,27.6,8.0,29.0,,5.0,,,12.0,9.0,3.0,,9.0,1,,0,2.0,,,,,,,,2.0,1.0,18.0,,,6.68,6.75,CONCACAF Gold Cup,AFC,CONCACAF
SEL-GOLD_CUP-2023-11232164,Ronda 2,2023-06-29,Haití,1,México,1,3,,,6.0,2.0,3.0,1.0,0.0,,,,,,,,,,1.0,6.0,0.0,5.0,35.0,,,35.0,72.0,198.0,275.0,,,24.0,,,,7.0,,,,18.8,3.0,16.0,,10.0,,,11.0,6.0,5.0,,34.0,3,,0,8.0,,,,,,,,1.0,,10.0,,,,,32.0,10.0,11.0,11.0,1.0,,,,,,,,,,5.0,9.0,2.0,3.0,67.0,,,65.0,85.9,437.0,509.0,,,30.0,,,,9.0,,,,35.5,11.0,31.0,,4.0,,,16.0,9.0,7.0,,20.0,1,,0,1.0,,,,,,,,1.0,,9.0,,,6.63,7.12,CONCACAF Gold Cup,CONCACAF,CONCACAF
SEL-GOLD_CUP-2023-11232170,Ronda 2,2023-06-30,Martinique,1,Panamá,1,2,,,7.0,3.0,4.0,0.0,0.0,,,,,,,,,,1.0,2.0,2.0,8.0,28.0,,,30.0,72.0,183.0,254.0,,,15.0,,,,16.0,,,,18.2,2.0,11.0,,11.0,,,13.0,7.0,6.0,,26.0,2,,0,3.0,,,,,,,,1.0,,11.0,,,,,16.0,5.0,7.0,4.0,0.0,,,,,,,,,,2.0,9.0,3.0,5.0,69.0,,,70.0,87.8,503.0,573.0,,,47.0,,,,10.0,,,,22.0,9.0,41.0,,3.0,,,17.0,14.0,3.0,,15.0,1,,0,2.0,,,,,,,,1.0,,16.0,,,6.6,7.15,CONCACAF Gold Cup,Desconocido,CONCACAF
SEL-GOLD_CUP-2023-11232158,Ronda 2,2023-06-30,El Salvador,1,Costa Rica,0,0,,,9.0,2.0,3.0,4.0,1.0,,,,,,,,,,1.0,2.0,0.0,4.0,53.0,,,48.0,82.7,326.0,394.0,,,23.0,,,,18.0,,,,,0.0,14.0,,7.0,,,26.0,18.0,8.0,,35.0,0,,1,3.0,,,,,,,,1.0,,12.0,,,,,12.0,3.0,7.0,2.0,0.0,,,,,,,,,,1.0,3.0,3.0,19.0,51.0,,,52.0,83.3,365.0,438.0,,,19.0,,,,12.0,,,,12.5,2.0,16.0,,6.0,,,28.0,21.0,7.0,,17.0,0,,1,2.0,,,,,,,,2.0,,19.0,,,6.84,7.1,CONCACAF Gold Cup,CONCACAF,CONCACAF
SEL-GOLD_CUP-2023-11232165,Ronda 2,2023-07-01,Cuba,1,Guadeloupe,1,4,,,13.0,2.0,8.0,3.0,0.0,,,,,,,,,,1.0,5.0,2.0,5.0,50.0,,,57.0,86.8,356.0,410.0,,,22.0,,,,11.0,,,,28.6,4.0,14.0,,2.0,,,10.0,7.0,3.0,,14.0,4,,0,4.0,,,,,,,,2.0,1.0,16.0,,,,,17.0,8.0,5.0,4.0,1.0,,,,,,,,,,3.0,4.0,1.0,12.0,38.0,,,43.0,82.3,260.0,316.0,,,23.0,,,,15.0,,,,7.7,1.0,13.0,,5.0,,,14.0,13.0,1.0,,14.0,1,,0,1.0,,,,,,,,2.0,0.0,12.0,,,6.32,7.07,CONCACAF Gold Cup,CONCACAF,Desconocido
SEL-GOLD_CUP-2023-11232172,Ronda 2,2023-07-01,Guatemala,1,Canadá,0,0,,,11.0,2.0,5.0,4.0,0.0,,,,,,,,,,1.0,6.0,2.0,3.0,30.0,,,44.0,77.1,262.0,340.0,,,25.0,,,,10.0,,,,20.0,4.0,20.0,,11.0,,,16.0,11.0,5.0,,12.0,0,,1,3.0,,,,,,,,1.0,,11.0,,,,,9.0,3.0,3.0,3.0,0.0,,,,,,,,,,1.0,3.0,0.0,8.0,64.0,,,56.0,82.8,355.0,429.0,,,23.0,,,,10.0,,,,14.3,4.0,28.0,,8.0,,,14.0,8.0,6.0,,17.0,0,,1,2.0,,,,,,,,5.0,,12.0,,,6.85,6.98,CONCACAF Gold Cup,CONCACAF,CONCACAF
SEL-GOLD_CUP-2023-11232160,Ronda 3,2023-07-02,Jamaica,1,Saint Kitts And Nevis,5,0,,,18.0,6.0,7.0,5.0,0.0,,,,,,,,,,4.0,7.0,3.0,12.0,67.0,,,67.0,86.2,431.0,500.0,,,22.0,,,,9.0,,,,28.6,4.0,14.0,,7.0,,,16.0,11.0,5.0,,7.0,0,,1,2.0,,,,,,,,0.0,,7.0,,,,,9.0,2.0,3.0,4.0,0.0,,,,,,,,,,0.0,1.0,0.0,6.0,39.0,,,33.0,69.8,171.0,245.0,,,23.0,,,,7.0,,,,40.0,2.0,5.0,,8.0,,,27.0,13.0,14.0,,20.0,5,,0,2.0,,,,,,,,2.0,,9.0,,,7.13,6.22,CONCACAF Gold Cup,CONCACAF,Desconocido
SEL-GOLD_CUP-2023-11347197,Ronda 3,2023-07-02,USA,1,Trinidad y Tobago,6,0,,,23.0,8.0,11.0,4.0,1.0,,,,,,,,,,7.0,5.0,1.0,9.0,83.0,,,66.0,88.5,555.0,627.0,,,25.0,,,,7.0,,,,36.8,7.0,19.0,,5.0,,,13.0,8.0,5.0,,4.0,0,,1,3.0,,,,,,,,1.0,,11.0,,,,,9.0,3.0,6.0,0.0,1.0,,,,,,,,,,1.0,4.0,0.0,10.0,25.0,,,34.0,77.1,243.0,315.0,,,22.0,,,,11.0,,,,44.4,4.0,9.0,,9.0,,,21.0,10.0,11.0,,12.0,6,,0,2.0,,,,,,,,1.0,,7.0,,,7.35,6.12,CONCACAF Gold Cup,CONCACAF,CONCACAF
SEL-GOLD_CUP-2023-11232153,Ronda 3,2023-07-02,Honduras,1,Haití,2,1,,,20.0,7.0,7.0,6.0,0.0,,,,,,,,,,2.0,1.0,,13.0,68.0,,,55.0,89.5,374.0,418.0,,,35.0,,,,12.0,,,,26.1,6.0,23.0,,8.0,,,16.0,11.0,5.0,,21.0,1,,0,6.0,,,,,,,,1.0,,5.0,,,,,18.0,7.0,10.0,1.0,1.0,,,,,,,,,,3.0,9.0,,7.0,47.0,,,45.0,83.6,280.0,335.0,,,21.0,,,,4.0,,,,20.0,5.0,25.0,,6.0,,,20.0,14.0,6.0,,12.0,2,,0,5.0,,,,,,,,1.0,,12.0,,,7.35,6.85,CONCACAF Gold Cup,CONCACAF,CONCACAF
SEL-GOLD_CUP-2023-11232161,Ronda 3,2023-07-02,México,1,Catar,0,1,,,25.0,6.0,12.0,7.0,1.0,,,,,,,,,,5.0,8.0,1.0,15.0,83.0,,,77.0,90.0,585.0,650.0,,,17.0,,,,19.0,,,,30.0,12.0,40.0,,16.0,,,15.0,8.0,7.0,,6.0,1,,0,0.0,,,,,,,,2.0,,11.0,,,,,1.0,1.0,0.0,0.0,0.0,,,,,,,,,,0.0,0.0,3.0,7.0,22.0,,,23.0,61.5,126.0,205.0,,,21.0,,,,11.0,,,,25.0,1.0,4.0,,7.0,,,28.0,19.0,9.0,,50.0,0,,1,6.0,,,,,,,,8.0,,20.0,,,6.91,7.05,CONCACAF Gold Cup,CONCACAF,AFC
SEL-GOLD_CUP-2023-11232169,Ronda 3,2023-07-04,Canadá,1,Cuba,4,2,,,14.0,9.0,4.0,1.0,0.0,,,,,,,,,,6.0,5.0,4.0,13.0,43.0,,,62.0,91.2,479.0,525.0,,,18.0,,,,16.0,,,,36.8,7.0,19.0,,7.0,,,24.0,16.0,8.0,,5.0,2,,0,0.0,,,,,,,,1.0,,10.0,,,,,9.0,2.0,4.0,3.0,0.0,,,,,,,,,,2.0,5.0,3.0,11.0,22.0,,,38.0,86.4,286.0,331.0,,,32.0,,,,9.0,,,,33.3,3.0,9.0,,5.0,,,22.0,19.0,3.0,,13.0,4,,0,5.0,,,,,,,,2.0,,19.0,,,6.98,6.38,CONCACAF Gold Cup,CONCACAF,CONCACAF
SEL-GOLD_CUP-2023-11232159,Ronda 3,2023-07-04,Guadeloupe,1,Guatemala,2,3,,,17.0,8.0,6.0,3.0,0.0,,,,,,,,,,3.0,3.0,0.0,10.0,53.0,,,48.0,78.7,262.0,333.0,,,27.0,,,,20.0,,,,11.1,1.0,9.0,,12.0,,,7.0,4.0,3.0,,16.0,3,,0,1.0,,,,,,,,4.0,1.0,10.0,,,,,10.0,4.0,6.0,0.0,0.0,,,,,,,,,,1.0,1.0,3.0,1.0,55.0,,,52.0,78.6,271.0,345.0,,,23.0,,,,10.0,,,,31.2,5.0,16.0,,12.0,,,20.0,8.0,12.0,,15.0,2,,0,6.0,,,,,,,,3.0,0.0,22.0,,,6.58,6.85,CONCACAF Gold Cup,Desconocido,CONCACAF
SEL-GOLD_CUP-2023-11232151,Ronda 3,2023-07-04,Costa Rica,1,Martinique,6,4,,,14.0,8.0,3.0,3.0,0.0,,,,,,,,,,6.0,4.0,4.0,11.0,43.0,,,56.0,82.5,334.0,405.0,,,16.0,,,,10.0,,,,44.4,4.0,9.0,,7.0,,,18.0,10.0,8.0,,23.0,4,,0,2.0,,,,,,,,3.0,,13.0,,,,,14.0,6.0,5.0,3.0,0.0,,,,,,,,,,4.0,5.0,2.0,9.0,52.0,,,44.0,78.5,238.0,303.0,,,25.0,,,,10.0,,,,8.0,2.0,25.0,,8.0,,,13.0,8.0,5.0,,9.0,6,,0,1.0,,,,,,,,3.0,,10.0,,,6.82,6.24,CONCACAF Gold Cup,CONCACAF,Desconocido
SEL-GOLD_CUP-2023-11232168,Ronda 3,2023-07-04,Panamá,1,El Salvador,2,2,,,14.0,2.0,10.0,2.0,1.0,,,,,,,,,,5.0,6.0,1.0,18.0,53.0,,,59.0,87.1,365.0,419.0,,,23.0,,,,14.0,,,,26.7,4.0,15.0,,8.0,,,15.0,11.0,4.0,,18.0,2,,0,1.0,,,,,,,,4.0,,18.0,,,,,8.0,3.0,4.0,1.0,0.0,,,,,,,,,,3.0,7.0,0.0,7.0,28.0,,,41.0,79.6,223.0,280.0,,,19.0,,,,18.0,,,,18.8,3.0,16.0,,7.0,,,15.0,8.0,7.0,,19.0,2,,0,0.0,,,,,,,,2.0,,14.0,,,6.97,6.58,CONCACAF Gold Cup,CONCACAF,CONCACAF
SEL-GOLD_CUP-2025-13755485,Ronda 1,2025-06-14,México,1,Dominican Republic,3,2,,,15.0,9.0,4.0,2.0,0.0,,,,,,,,,,4.0,5.0,1.0,6.0,62.0,,24.0,62.0,86.0,499.0,580.0,,,32.0,,,,12.0,,,,30.8,4.0,13.0,,7.0,,,20.0,14.0,6.0,,29.0,2,,0,3.0,,,,,,,1.0,2.0,,9.0,,,,,12.0,5.0,4.0,3.0,0.0,,,,,,,,,,1.0,2.0,2.0,10.0,43.0,,24.0,38.0,83.4,286.0,343.0,,,23.0,,,,9.0,,,,6.7,1.0,15.0,,8.0,,,15.0,14.0,1.0,,23.0,3,,0,5.0,,,,,,,0.0,3.0,,12.0,,,7.21,6.74,CONCACAF Gold Cup,CONCACAF,Desconocido
SEL-GOLD_CUP-2025-13755508,Ronda 1,2025-06-15,USA,1,Trinidad y Tobago,5,0,,,22.0,12.0,6.0,4.0,0.0,,,,,,,,,,8.0,10.0,3.0,9.0,41.0,,42.0,70.0,91.0,537.0,590.0,,,29.0,,,,9.0,,,,40.0,6.0,15.0,,7.0,,,16.0,11.0,5.0,,13.0,0,,1,2.0,,,,,,,,0.0,,10.0,,,,,3.0,2.0,0.0,1.0,0.0,,,,,,,,,,0.0,4.0,1.0,8.0,20.0,,4.0,30.0,79.6,203.0,255.0,,,7.0,,,,10.0,,,,,0.0,6.0,,9.0,,,12.0,7.0,5.0,,22.0,5,,0,7.0,,,,,,,,1.0,,9.0,,,7.83,6.09,CONCACAF Gold Cup,CONCACAF,CONCACAF
SEL-GOLD_CUP-2025-13755509,Ronda 1,2025-06-15,Haití,1,Arabia Saudita,0,1,,,12.0,5.0,6.0,1.0,0.0,,,,,,,,,,0.0,11.0,7.0,7.0,55.0,,19.0,57.0,75.4,248.0,329.0,,,21.0,,,,13.0,,,,3.7,1.0,27.0,,11.0,,,22.0,16.0,6.0,,19.0,1,,0,3.0,,,,,,,0.0,4.0,,15.0,,,,,7.0,4.0,1.0,2.0,0.0,,,,,,,,,,2.0,1.0,4.0,3.0,52.0,,13.0,43.0,66.8,177.0,265.0,,,14.0,,,,14.0,,,,,0.0,0.0,,9.0,,,21.0,12.0,9.0,,38.0,0,,1,4.0,,,,,,,2.0,1.0,,13.0,,,6.95,6.95,CONCACAF Gold Cup,CONCACAF,AFC
SEL-GOLD_CUP-2025-13755493,Ronda 1,2025-06-15,Costa Rica,1,Suriname,4,3,,,19.0,9.0,3.0,7.0,0.0,,,,,,,,,,3.0,9.0,5.0,6.0,54.0,,18.0,53.0,81.5,287.0,352.0,,,37.0,,,,15.0,,,,10.3,3.0,29.0,,14.0,,,17.0,8.0,9.0,,14.0,3,,0,3.0,,,,,1.0,,,1.0,,17.0,,,,,9.0,6.0,2.0,1.0,1.0,,,,,,,,,,5.0,2.0,1.0,7.0,33.0,,16.0,47.0,80.4,266.0,331.0,,,20.0,,,,16.0,,,,25.0,2.0,8.0,,3.0,,,16.0,9.0,7.0,,46.0,4,,0,5.0,,,,,0.0,,,2.0,,17.0,,,6.87,6.77,CONCACAF Gold Cup,CONCACAF,Desconocido
SEL-GOLD_CUP-2025-13755502,Ronda 1,2025-06-16,Panamá,1,Guadeloupe,5,2,,,22.0,8.0,6.0,8.0,0.0,,,,,,,,,,8.0,6.0,2.0,6.0,62.0,,40.0,63.0,89.8,570.0,635.0,,,30.0,,,,7.0,,,,53.8,7.0,13.0,,5.0,,,17.0,13.0,4.0,,12.0,2,,0,4.0,,,,,0.0,,,1.0,,9.0,,,,,15.0,6.0,6.0,3.0,0.0,,,,,,,,,,2.0,2.0,3.0,1.0,38.0,,18.0,37.0,86.0,312.0,363.0,,,13.0,,,,8.0,,,,27.3,3.0,11.0,,11.0,,,16.0,9.0,7.0,,11.0,5,,0,2.0,,,,,2.0,,,0.0,,8.0,,,7.23,6.45,CONCACAF Gold Cup,CONCACAF,Desconocido
SEL-GOLD_CUP-2025-13755503,Ronda 1,2025-06-16,Jamaica,1,Guatemala,0,1,,,15.0,2.0,8.0,5.0,0.0,,,,,,,,,,1.0,2.0,0.0,11.0,62.0,,17.0,54.0,83.3,369.0,443.0,,,42.0,,,,15.0,,,,25.0,4.0,16.0,,6.0,,,17.0,8.0,9.0,,14.0,1,,0,3.0,,,,,0.0,,0.0,1.0,,11.0,,,,,11.0,4.0,3.0,4.0,0.0,,,,,,,,,,1.0,3.0,3.0,3.0,36.0,,13.0,46.0,83.5,313.0,375.0,,,15.0,,,,11.0,,,,30.0,3.0,10.0,,11.0,,,15.0,8.0,7.0,,21.0,0,,1,2.0,,,,,1.0,,1.0,0.0,,15.0,,,6.95,7.02,CONCACAF Gold Cup,CONCACAF,CONCACAF
SEL-GOLD_CUP-2025-13755497,Ronda 1,2025-06-17,Curazao,1,El Salvador,0,0,,,6.0,3.0,2.0,1.0,1.0,,,,,,,,,,2.0,4.0,1.0,7.0,64.0,,12.0,60.0,83.4,382.0,458.0,,,16.0,,,,17.0,,,,10.0,1.0,10.0,,12.0,,,13.0,6.0,7.0,,27.0,0,,1,2.0,,,,,,,,2.0,,19.0,,,,,6.0,1.0,4.0,1.0,0.0,,,,,,,,,,0.0,3.0,2.0,5.0,49.0,,7.0,40.0,69.0,211.0,306.0,,,17.0,,,,19.0,,,,10.0,1.0,10.0,,11.0,,,25.0,17.0,8.0,,15.0,0,,1,3.0,,,,,,,,2.0,,17.0,,,6.85,6.91,CONCACAF Gold Cup,CONCACAF,CONCACAF
SEL-GOLD_CUP-2025-13755496,Ronda 1,2025-06-17,Canadá,1,Honduras,6,0,,,20.0,8.0,10.0,2.0,0.0,,,,,,,,,,9.0,3.0,5.0,7.0,61.0,,30.0,54.0,80.8,332.0,411.0,,,21.0,,,,12.0,,,,40.0,6.0,15.0,,6.0,,,28.0,15.0,13.0,,18.0,0,,1,2.0,,,,,0.0,,,,,12.0,,,,,7.0,4.0,2.0,1.0,0.0,,,,,,,,,,3.0,3.0,0.0,6.0,52.0,,11.0,46.0,78.2,280.0,358.0,,,32.0,,,,12.0,,,,12.5,1.0,8.0,,10.0,,,18.0,11.0,7.0,,30.0,6,,0,2.0,,,,,1.0,,,,,12.0,,,7.82,6.06,CONCACAF Gold Cup,CONCACAF,CONCACAF
SEL-GOLD_CUP-2025-13755495,Ronda 2,2025-06-18,Costa Rica,1,Dominican Republic,2,1,,,13.0,6.0,4.0,3.0,0.0,,,,,,,,,,2.0,5.0,2.0,6.0,52.0,,23.0,51.0,81.3,300.0,369.0,,,23.0,,,,16.0,,,,22.7,5.0,22.0,,11.0,,,15.0,11.0,4.0,,40.0,1,,0,4.0,,,,,0.0,,1.0,4.0,,8.0,,,,,15.0,5.0,8.0,2.0,0.0,,,,,,,,,,2.0,6.0,2.0,6.0,59.0,,22.0,49.0,75.5,268.0,355.0,,,19.0,,,,8.0,,,,18.2,4.0,22.0,,8.0,,,23.0,14.0,9.0,,22.0,2,,0,4.0,,,,,1.0,,0.0,4.0,,17.0,,,7.28,6.89,CONCACAF Gold Cup,CONCACAF,Desconocido
SEL-GOLD_CUP-2025-13755487,Ronda 2,2025-06-18,Suriname,1,México,0,2,,,5.0,2.0,2.0,1.0,0.0,,,,,,,,,,1.0,3.0,1.0,8.0,37.0,,19.0,40.0,83.1,305.0,367.0,,,21.0,,,,18.0,,,,14.3,1.0,7.0,,13.0,,,15.0,5.0,10.0,,18.0,2,,0,4.0,,,,,2.0,,,0.0,,13.0,,,,,16.0,6.0,5.0,5.0,0.0,,,,,,,,,,3.0,5.0,1.0,9.0,68.0,,27.0,60.0,88.0,493.0,560.0,,,31.0,,,,13.0,,,,47.1,8.0,17.0,,13.0,,,27.0,16.0,11.0,,16.0,0,,1,2.0,,,,,0.0,,,1.0,,18.0,,,6.62,7.5,CONCACAF Gold Cup,Desconocido,CONCACAF
SEL-GOLD_CUP-2025-13755511,Ronda 2,2025-06-19,Trinidad y Tobago,1,Haití,1,1,,,9.0,2.0,6.0,1.0,1.0,,,,,,,,,,3.0,3.0,0.0,8.0,54.0,,14.0,52.0,78.3,256.0,327.0,,,19.0,,,,11.0,,,,33.3,4.0,12.0,,8.0,,,18.0,7.0,11.0,,30.0,1,,0,2.0,,,,,,,,1.0,0.0,14.0,,,,,16.0,3.0,8.0,5.0,0.0,,,,,,,,,,3.0,4.0,2.0,6.0,65.0,,30.0,48.0,74.5,219.0,294.0,,,25.0,,,,13.0,,,,20.0,3.0,15.0,,10.0,,,19.0,12.0,7.0,,16.0,1,,0,1.0,,,,,,,,2.0,1.0,11.0,,,6.77,6.69,CONCACAF Gold Cup,CONCACAF,CONCACAF
SEL-GOLD_CUP-2025-13755512,Ronda 2,2025-06-19,Arabia Saudita,1,USA,0,1,,,3.0,1.0,0.0,2.0,0.0,,,,,,,,,,0.0,2.0,3.0,4.0,36.0,,6.0,33.0,78.0,202.0,259.0,,,21.0,,,,10.0,,,,14.3,1.0,7.0,,6.0,,,16.0,10.0,6.0,,27.0,1,,0,2.0,,,,,0.0,,,1.0,,7.0,,,,,5.0,3.0,0.0,2.0,0.0,,,,,,,,,,2.0,4.0,3.0,5.0,65.0,,18.0,67.0,87.5,467.0,534.0,,,28.0,,,,7.0,,,,40.0,6.0,15.0,,4.0,,,19.0,10.0,9.0,,19.0,0,,1,1.0,,,,,2.0,,,2.0,,10.0,,,6.65,7.17,CONCACAF Gold Cup,AFC,CONCACAF
SEL-GOLD_CUP-2025-13755510,Ronda 2,2025-06-20,Jamaica,1,Guadeloupe,2,1,,,7.0,4.0,1.0,2.0,2.0,,,,,,,,,,2.0,4.0,1.0,16.0,59.0,,23.0,48.0,78.1,289.0,370.0,,,31.0,,,,13.0,,,,25.0,3.0,12.0,,4.0,,,15.0,9.0,6.0,,19.0,1,,0,4.0,,,,,1.0,,,4.0,,14.0,,,,,16.0,5.0,5.0,6.0,0.0,,,,,,,,,,3.0,6.0,1.0,7.0,71.0,,29.0,52.0,79.2,304.0,384.0,,,40.0,,,,14.0,,,,36.4,8.0,22.0,,3.0,,,13.0,9.0,4.0,,24.0,2,,0,2.0,,,,,2.0,,,4.0,,13.0,,,7.07,6.89,CONCACAF Gold Cup,CONCACAF,Desconocido
SEL-GOLD_CUP-2025-13755504,Ronda 2,2025-06-20,Guatemala,1,Panamá,0,1,,,3.0,1.0,2.0,0.0,0.0,,,,,,,,,,0.0,2.0,2.0,3.0,33.0,,6.0,32.0,81.3,269.0,331.0,,,21.0,,,,8.0,,,,16.7,1.0,6.0,,5.0,,,9.0,3.0,6.0,,21.0,1,,0,7.0,,,,,1.0,,1.0,4.0,,10.0,,,,,21.0,8.0,8.0,5.0,0.0,,,,,,,,,,2.0,7.0,0.0,7.0,82.0,,27.0,68.0,91.7,653.0,712.0,,,45.0,,,,10.0,,,,8.7,2.0,23.0,,7.0,,,12.0,6.0,6.0,,9.0,0,,1,1.0,,,,,1.0,,0.0,0.0,,8.0,,,6.66,7.51,CONCACAF Gold Cup,CONCACAF,CONCACAF
SEL-GOLD_CUP-2025-13755499,Ronda 2,2025-06-21,Curazao,1,Canadá,1,1,,,6.0,2.0,3.0,1.0,0.0,,,,,,,,,,4.0,2.0,3.0,7.0,35.0,,12.0,47.0,73.3,217.0,296.0,,,21.0,,,,15.0,,,,33.3,3.0,9.0,,12.0,,,19.0,9.0,10.0,,18.0,1,,0,2.0,,,,,,,2.0,3.0,,13.0,,,,,6.0,3.0,1.0,2.0,0.0,,,,,,,,,,2.0,3.0,1.0,7.0,60.0,,14.0,53.0,75.4,242.0,321.0,,,18.0,,,,13.0,,,,,0.0,17.0,,10.0,,,16.0,8.0,8.0,,10.0,1,,0,1.0,,,,,,,0.0,1.0,,15.0,,,6.71,6.78,CONCACAF Gold Cup,CONCACAF,CONCACAF
SEL-GOLD_CUP-2025-13755498,Ronda 2,2025-06-21,Honduras,1,El Salvador,2,0,,,8.0,3.0,4.0,1.0,0.0,,,,,,,,,,2.0,1.0,2.0,6.0,45.0,,15.0,38.0,81.6,248.0,304.0,,,23.0,,,,17.0,,,,,0.0,6.0,,4.0,,,20.0,13.0,7.0,,21.0,0,,1,1.0,,,,,,,,1.0,,14.0,,,,,7.0,1.0,3.0,3.0,0.0,,,,,,,,,,0.0,6.0,1.0,11.0,52.0,,18.0,62.0,88.1,436.0,495.0,,,24.0,,,,14.0,,,,30.8,8.0,26.0,,2.0,,,10.0,4.0,6.0,,15.0,2,,0,1.0,,,,,,,,1.0,,17.0,,,7.08,6.64,CONCACAF Gold Cup,CONCACAF,CONCACAF
SEL-GOLD_CUP-2025-13755514,Ronda 3,2025-06-22,Arabia Saudita,1,Trinidad y Tobago,1,1,,,14.0,4.0,8.0,2.0,3.0,,,,,,,,,,5.0,3.0,1.0,7.0,87.0,,24.0,66.0,81.6,429.0,526.0,,,43.0,,,,12.0,,,,16.7,3.0,18.0,,7.0,,,31.0,23.0,8.0,,37.0,1,,0,2.0,,,,,1.0,,,1.0,,13.0,,,,,6.0,3.0,2.0,1.0,1.0,,,,,,,,,,1.0,4.0,0.0,11.0,49.0,,11.0,34.0,67.9,182.0,268.0,,,27.0,,,,13.0,,,,23.1,3.0,13.0,,13.0,,,30.0,15.0,15.0,,37.0,1,,0,2.0,,,,,1.0,,,1.0,,12.0,,,7.05,6.82,CONCACAF Gold Cup,AFC,CONCACAF
SEL-GOLD_CUP-2025-13755513,Ronda 3,2025-06-22,USA,1,Haití,2,1,,,18.0,6.0,7.0,5.0,1.0,,,,,,,,,,6.0,6.0,3.0,11.0,55.0,,27.0,66.0,89.6,541.0,604.0,,,21.0,,,,11.0,,,,14.3,2.0,14.0,,5.0,,,17.0,11.0,6.0,,17.0,1,,0,2.0,,,,,,,,1.0,,8.0,,,,,9.0,3.0,2.0,4.0,0.0,,,,,,,,,,0.0,5.0,0.0,4.0,39.0,,16.0,34.0,78.3,242.0,309.0,,,22.0,,,,8.0,,,,33.3,4.0,12.0,,10.0,,,17.0,7.0,10.0,,14.0,2,,0,4.0,,,,,,,,0.0,,11.0,,,7.15,6.77,CONCACAF Gold Cup,CONCACAF,CONCACAF
SEL-GOLD_CUP-2025-13755491,Ronda 3,2025-06-22,Dominican Republic,1,Suriname,0,0,,,17.0,3.0,8.0,6.0,2.0,,,,,,,,,,2.0,7.0,1.0,4.0,44.0,,21.0,32.0,72.5,182.0,251.0,,,17.0,,,,12.0,,,,55.6,10.0,18.0,,5.0,,,17.0,11.0,6.0,,26.0,0,,1,5.0,,,,,1.0,,,2.0,1.0,10.0,,,,,15.0,5.0,5.0,5.0,1.0,,,,,,,,,,2.0,8.0,1.0,21.0,65.0,,34.0,68.0,89.4,506.0,566.0,,,10.0,,,,10.0,,,,19.0,4.0,21.0,,7.0,,,10.0,4.0,6.0,,19.0,0,,1,2.0,,,,,1.0,,,4.0,0.0,12.0,,,6.87,7.25,CONCACAF Gold Cup,Desconocido,Desconocido
SEL-GOLD_CUP-2025-13755494,Ronda 3,2025-06-22,México,1,Costa Rica,0,0,,,13.0,4.0,5.0,4.0,0.0,,,,,,,,,,3.0,3.0,1.0,11.0,51.0,,19.0,70.0,87.5,503.0,575.0,,,19.0,,,,7.0,,,,11.1,2.0,18.0,,10.0,,,22.0,15.0,7.0,,21.0,0,,1,0.0,,,,,0.0,,,2.0,,14.0,,,,,6.0,0.0,6.0,0.0,1.0,,,,,,,,,,1.0,3.0,0.0,5.0,48.0,,6.0,30.0,75.8,185.0,244.0,,,19.0,,,,14.0,,,,16.7,1.0,6.0,,10.0,,,26.0,11.0,15.0,,29.0,0,,1,4.0,,,,,1.0,,,5.0,,7.0,,,7.02,6.95,CONCACAF Gold Cup,CONCACAF,CONCACAF
SEL-GOLD_CUP-2025-13755506,Ronda 3,2025-06-24,Guadeloupe,1,Guatemala,2,3,,,9.0,3.0,4.0,2.0,0.0,,,,,,,,,,3.0,8.0,1.0,9.0,57.0,,16.0,54.0,85.6,309.0,361.0,,,36.0,,,,11.0,,,,17.2,5.0,29.0,,7.0,,,12.0,7.0,5.0,,16.0,3,,0,2.0,,,,,1.0,,0.0,2.0,,10.0,,,,,11.0,5.0,3.0,3.0,0.0,,,,,,,,,,4.0,5.0,2.0,8.0,42.0,,15.0,46.0,82.8,264.0,319.0,,,17.0,,,,9.0,,,,22.2,2.0,9.0,,8.0,,,20.0,13.0,7.0,,36.0,2,,0,1.0,,,,,1.0,,1.0,2.0,,12.0,,,6.62,7.05,CONCACAF Gold Cup,Desconocido,CONCACAF
SEL-GOLD_CUP-2025-13755507,Ronda 3,2025-06-24,Panamá,1,Jamaica,4,1,,,8.0,4.0,1.0,3.0,0.0,,,,,,,,,,3.0,2.0,2.0,9.0,45.0,,14.0,65.0,88.2,509.0,577.0,,,31.0,,,,14.0,,,,42.9,3.0,7.0,,4.0,,,12.0,9.0,3.0,,18.0,1,,0,4.0,,,,,,,2.0,2.0,,11.0,,,,,15.0,5.0,7.0,3.0,1.0,,,,,,,,,,4.0,4.0,0.0,3.0,52.0,,24.0,35.0,81.9,240.0,293.0,,,26.0,,,,11.0,,,,25.0,4.0,16.0,,5.0,,,10.0,3.0,7.0,,18.0,4,,0,0.0,,,,,,,0.0,2.0,,15.0,,,7.19,6.35,CONCACAF Gold Cup,CONCACAF,CONCACAF
SEL-GOLD_CUP-2025-13755501,Ronda 3,2025-06-24,Canadá,1,El Salvador,2,0,,,14.0,4.0,5.0,5.0,0.0,,,,,,,,,,4.0,12.0,1.0,3.0,65.0,,29.0,81.0,89.7,427.0,476.0,,,10.0,,,,18.0,,,,16.1,5.0,31.0,,6.0,,,7.0,3.0,4.0,,6.0,0,,1,0.0,,,0.0,,,,0.0,2.0,0.0,11.0,,,,,2.0,0.0,1.0,1.0,1.0,,,,,,,,,,1.0,1.0,3.0,1.0,20.0,,3.0,19.0,59.5,72.0,121.0,,,5.0,,,,11.0,,,,100.0,2.0,2.0,,5.0,,,11.0,4.0,7.0,,33.0,2,,0,2.0,,,1.0,,,,2.0,4.0,2.0,19.0,,,7.26,6.35,CONCACAF Gold Cup,CONCACAF,CONCACAF
SEL-GOLD_CUP-2025-13755505,Ronda 3,2025-06-24,Honduras,1,Curazao,2,1,,,9.0,2.0,5.0,2.0,2.0,,,,,,,,,,3.0,4.0,,3.0,60.0,,17.0,46.0,78.9,318.0,403.0,,,25.0,,,,16.0,,,,15.4,2.0,13.0,,9.0,,,13.0,7.0,6.0,,29.0,1,,0,3.0,,,,,,,,1.0,,10.0,,,,,10.0,3.0,4.0,3.0,0.0,,,,,,,,,,4.0,4.0,,6.0,52.0,,18.0,54.0,81.2,379.0,467.0,,,42.0,,,,10.0,,,,18.8,3.0,16.0,,14.0,,,15.0,9.0,6.0,,18.0,2,,0,0.0,,,,,,,,4.0,,16.0,,,6.76,6.78,CONCACAF Gold Cup,CONCACAF,CONCACAF
SEL-NATIONS_LEAGUE-2018-19-7697193,Final,2018-09-06,Kazajistán,1,Georgia,0,2,,,,,,,,,,,,,,,,,,,,,,,,,,,,,,,,,,,,,,,,,,,,,,,,,,2,,0,,,,,,,,,,,,,,,,,,,,,,,,,,,,,,,,,,,,,,,,,,,,,,,,,,,,,,,,,,,,,,,0,,1,,,,,,,,,,,,,,,,UEFA Nations League,UEFA,UEFA
SEL-NATIONS_LEAGUE-2018-19-7697184,Final,2018-09-06,Armenia,1,Liechtenstein,2,1,,,,,,,,,,,,,,,,,,,,,,,,,,,,,,,,,,,,,,,,,,,,,,,,,,1,,0,,,,,,,,,,,,,,,,,,,,,,,,,,,,,,,,,,,,,,,,,,,,,,,,,,,,,,,,,,,,,,,2,,0,,,,,,,,,,,,,,,,UEFA Nations League,UEFA,UEFA
SEL-NATIONS_LEAGUE-2018-19-7697166,Final,2018-09-06,Alemania,1,Francia,0,0,,,9.0,6.0,3.0,0.0,0.0,,,,,,,,,,,10.0,2.0,,,,,60.0,,,,,,,,,,8.0,,,,,,,,,,,,,,,,0,,1,4.0,,,,,,,,1.0,0.0,13.0,,,,,6.0,4.0,2.0,0.0,0.0,,,,,,,,,,,2.0,1.0,,,,,40.0,,,,,,,,,,15.0,,,,,,,,,,,,,,,,0,,1,6.0,,,,,,,,0.0,0.0,7.0,,,,,UEFA Nations League,UEFA,UEFA
SEL-NATIONS_LEAGUE-2018-19-7697173,Final,2018-09-06,República Checa,1,Ucrania,1,2,,,7.0,4.0,3.0,0.0,0.0,,,,,,,,,,,4.0,4.0,,,,,36.0,,,,,,,,,,9.0,,,,,,,,,,,,,,,,2,,0,9.0,,,,,,,,2.0,0.0,21.0,,,,,21.0,11.0,10.0,0.0,0.0,,,,,,,,,,,5.0,1.0,,,,,64.0,,,,,,,,,,25.0,,,,,,,,,,,,,,,,1,,0,3.0,,,,,,,,0.0,0.0,8.0,,,,,UEFA Nations League,UEFA,UEFA
SEL-NATIONS_LEAGUE-2018-19-7697176,Final,2018-09-06,Gales,1,Irlanda,4,1,,,12.0,8.0,4.0,0.0,0.0,,,,,,,,,,,4.0,4.0,,,,,67.0,,,,,,,,,,17.0,,,,,,,,,,,,,,,,1,,0,2.0,,,,,,,,0.0,0.0,16.0,,,,,5.0,3.0,2.0,0.0,0.0,,,,,,,,,,,3.0,4.0,,,,,33.0,,,,,,,,,,20.0,,,,,,,,,,,,,,,,4,,0,4.0,,,,,,,,1.0,0.0,13.0,,,,,UEFA Nations League,UEFA,UEFA
SEL-NATIONS_LEAGUE-2018-19-7697181,Final,2018-09-06,Noruega,1,Chipre,2,0,,,12.0,3.0,9.0,0.0,0.0,,,,,,,,,,,13.0,4.0,,,,,57.0,,,,,,,,,,13.0,,,,,,,,,,,,,,,,0,,1,2.0,,,,,,,,1.0,0.0,21.0,,,,,4.0,2.0,2.0,0.0,0.0,,,,,,,,,,,2.0,4.0,,,,,43.0,,,,,,,,,,25.0,,,,,,,,,,,,,,,,2,,0,1.0,,,,,,,,2.0,0.0,9.0,,,,,UEFA Nations League,UEFA,UEFA
SEL-NATIONS_LEAGUE-2018-19-7697182,Final,2018-09-06,Eslovenia,1,Bulgaria,1,2,,,9.0,5.0,4.0,0.0,0.0,,,,,,,,,,,8.0,3.0,,,,,56.0,,,,,,,,,,17.0,,,,,,,,,,,,,,,,2,,0,1.0,,,,,,,,2.0,0.0,14.0,,,,,6.0,3.0,3.0,0.0,0.0,,,,,,,,,,,0.0,3.0,,,,,44.0,,,,,,,,,,17.0,,,,,,,,,,,,,,,,1,,0,4.0,,,,,,,,2.0,0.0,14.0,,,,,UEFA Nations League,UEFA,UEFA
SEL-NATIONS_LEAGUE-2018-19-7697195,Final,2018-09-06,Letonia,1,Andorra,0,0,,,,,,,,,,,,,,,,,,,,,,,,,,,,,,,,,,,,,,,,,,,,,,,,,,0,,1,,,,,,,,,,,,,,,,,,,,,,,,,,,,,,,,,,,,,,,,,,,,,,,,,,,,,,,,,,,,,,,0,,1,,,,,,,,,,,,,,,,UEFA Nations League,UEFA,UEFA
SEL-NATIONS_LEAGUE-2018-19-7697183,Final,2018-09-06,Gibraltar,1,Macedonia del Norte,0,2,,,,,,,,,,,,,,,,,,,,,,,,,,,,,,,,,,,,,,,,,,,,,,,,,,2,,0,,,,,,,,,,,,,,,,,,,,,,,,,,,,,,,,,,,,,,,,,,,,,,,,,,,,,,,,,,,,,,,0,,1,,,,,,,,,,,,,,,,UEFA Nations League,UEFA,UEFA
SEL-NATIONS_LEAGUE-2018-19-7697192,Final,2018-09-07,Azerbaiyán,1,Kosovo,0,0,,,,,,,,,,,,,,,,,,,,,,,,,,,,,,,,,,,,,,,,,,,,,,,,,,0,,1,,,,,,,,,,,,,,,,,,,,,,,,,,,,,,,,,,,,,,,,,,,,,,,,,,,,,,,,,,,,,,,0,,1,,,,,,,,,,,,,,,,UEFA Nations League,UEFA,UEFA
SEL-NATIONS_LEAGUE-2018-19-7697169,Final,2018-09-07,Italia,1,Polonia,1,1,,,9.0,2.0,7.0,0.0,0.0,,,,,,,,,,,7.0,2.0,,,,,60.0,,,,,,,,,,20.0,,,,,,,,,,,,,,,,1,,0,3.0,,,,,,,,1.0,0.0,9.0,,,,,6.0,4.0,2.0,0.0,0.0,,,,,,,,,,,6.0,2.0,,,,,40.0,,,,,,,,,,11.0,,,,,,,,,,,,,,,,1,,0,1.0,,,,,,,,3.0,0.0,18.0,,,,,UEFA Nations League,UEFA,UEFA
SEL-NATIONS_LEAGUE-2018-19-7697174,Final,2018-09-07,Turquía,1,Rusia,1,2,,,10.0,7.0,3.0,0.0,0.0,,,,,,,,,,,6.0,1.0,,,,,62.0,,,,,,,,,,21.0,,,,,,,,,,,,,,,,2,,0,2.0,,,,,,,,1.0,0.0,8.0,,,,,9.0,4.0,5.0,0.0,0.0,,,,,,,,,,,3.0,2.0,,,,,38.0,,,,,,,,,,9.0,,,,,,,,,,,,,,,,1,,0,6.0,,,,,,,,2.0,0.0,19.0,,,,,UEFA Nations League,UEFA,UEFA
SEL-NATIONS_LEAGUE-2018-19-7697177,Final,2018-09-07,Albania,1,Israel,1,0,,,9.0,5.0,4.0,0.0,0.0,,,,,,,,,,,5.0,1.0,,,,,46.0,,,,,,,,,,17.0,,,,,,,,,,,,,,,,0,,1,6.0,,,,,,,,2.0,0.0,12.0,,,,,12.0,6.0,6.0,0.0,0.0,,,,,,,,,,,5.0,4.0,,,,,54.0,,,,,,,,,,13.0,,,,,,,,,,,,,,,,1,,0,4.0,,,,,,,,1.0,0.0,13.0,,,,,UEFA Nations League,UEFA,UEFA
SEL-NATIONS_LEAGUE-2018-19-7697197,Final,2018-09-07,Lituania,1,Serbia,0,1,,,5.0,2.0,3.0,0.0,0.0,,,,,,,,,,,5.0,1.0,,,,,36.0,,,,,,,,,,12.0,,,,,,,,,,,,,,,,1,,0,9.0,,,,,,,,1.0,0.0,10.0,,,,,20.0,11.0,9.0,0.0,0.0,,,,,,,,,,,14.0,3.0,,,,,64.0,,,,,,,,,,11.0,,,,,,,,,,,,,,,,0,,1,2.0,,,,,,,,2.0,0.0,9.0,,,,,UEFA Nations League,UEFA,UEFA
SEL-NATIONS_LEAGUE-2018-19-7697196,Final,2018-09-07,Rumania,1,Montenegro,0,0,,,15.0,2.0,13.0,0.0,0.0,,,,,,,,,,,4.0,0.0,,,,,64.0,,,,,,,,,,15.0,,,,,,,,,,,,,,,,0,,1,2.0,,,,,,,,3.0,0.0,28.0,,,,,3.0,2.0,1.0,0.0,0.0,,,,,,,,,,,2.0,1.0,,,,,36.0,,,,,,,,,,28.0,,,,,,,,,,,,,,,,0,,1,2.0,,,,,,,,3.0,1.0,14.0,,,,,UEFA Nations League,UEFA,UEFA
SEL-NATIONS_LEAGUE-2018-19-7697191,Final,2018-09-07,Islas Feroe,1,Malta,3,1,,,,,,,,,,,,,,,,,,,,,,,,,,,,,,,,,,,,,,,,,,,,,,,,,,1,,0,,,,,,,,,,,,,,,,,,,,,,,,,,,,,,,,,,,,,,,,,,,,,,,,,,,,,,,,,,,,,,,3,,0,,,,,,,,,,,,,,,,UEFA Nations League,UEFA,UEFA
SEL-NATIONS_LEAGUE-2018-19-7697175,Final,2018-09-08,Irlanda del Norte,1,Bosnia,1,2,,,14.0,8.0,6.0,0.0,0.0,,,,,,,,,,,18.0,1.0,,,,,66.0,,,,,,,,,,16.0,,,,,,,,,,,,,,,,2,,0,1.0,,,,,,,,0.0,0.0,10.0,,,,,5.0,3.0,2.0,0.0,0.0,,,,,,,,,,,1.0,2.0,,,,,34.0,,,,,,,,,,11.0,,,,,,,,,,,,,,,,1,,0,7.0,,,,,,,,4.0,0.0,14.0,,,,,UEFA Nations League,UEFA,UEFA
SEL-NATIONS_LEAGUE-2018-19-7697167,Final,2018-09-08,Suiza,1,Islandia,6,0,,,17.0,8.0,9.0,0.0,0.0,,,,,,,,,,,4.0,7.0,,,,,59.0,,,,,,,,,,12.0,,,,,,,,,,,,,,,,0,,1,1.0,,,,,,,,3.0,0.0,15.0,,,,,2.0,1.0,1.0,0.0,0.0,,,,,,,,,,,1.0,0.0,,,,,41.0,,,,,,,,,,22.0,,,,,,,,,,,,,,,,6,,0,2.0,,,,,,,,1.0,0.0,12.0,,,,,UEFA Nations League,UEFA,UEFA
SEL-NATIONS_LEAGUE-2018-19-7697180,Final,2018-09-08,Finlandia,1,Hungría,1,0,,,6.0,2.0,4.0,0.0,0.0,,,,,,,,,,,0.0,1.0,,,,,44.0,,,,,,,,,,16.0,,,,,,,,,,,,,,,,0,,1,3.0,,,,,,,,1.0,0.0,15.0,,,,,12.0,3.0,9.0,0.0,0.0,,,,,,,,,,,4.0,0.0,,,,,56.0,,,,,,,,,,16.0,,,,,,,,,,,,,,,,1,,0,1.0,,,,,,,,4.0,0.0,16.0,,,,,UEFA Nations League,UEFA,UEFA
SEL-NATIONS_LEAGUE-2018-19-7697190,Final,2018-09-08,Bielorrusia,1,San Marino,5,0,,,,,,,,,,,,,,,,,,,,,,,,,,,,,,,,,,,,,,,,,,,,,,,,,,0,,1,,,,,,,,,,,,,,,,,,,,,,,,,,,,,,,,,,,,,,,,,,,,,,,,,,,,,,,,,,,,,,,5,,0,,,,,,,,,,,,,,,,UEFA Nations League,UEFA,UEFA
SEL-NATIONS_LEAGUE-2018-19-7697170,Final,2018-09-08,Inglaterra,1,España,1,2,,,8.0,5.0,3.0,0.0,0.0,,,,,,,,,,,4.0,3.0,,,,,43.0,,,,,,,,,,12.0,,,,,,,,,,,,,,,,2,,0,2.0,,,,,,,,4.0,0.0,16.0,,,,,8.0,4.0,4.0,0.0,0.0,,,,,,,,,,,1.0,3.0,,,,,57.0,,,,,,,,,,19.0,,,,,,,,,,,,,,,,1,,0,4.0,,,,,,,,1.0,0.0,9.0,,,,,UEFA Nations League,UEFA,UEFA
SEL-NATIONS_LEAGUE-2018-19-7697179,Final,2018-09-08,Estonia,1,Grecia,0,1,,,4.0,1.0,3.0,0.0,0.0,,,,,,,,,,,4.0,0.0,,,,,42.0,,,,,,,,,,10.0,,,,,,,,,,,,,,,,1,,0,5.0,,,,,,,,2.0,0.0,18.0,,,,,11.0,6.0,5.0,0.0,0.0,,,,,,,,,,,2.0,2.0,,,,,58.0,,,,,,,,,,18.0,,,,,,,,,,,,,,,,0,,1,1.0,,,,,,,,0.0,0.0,8.0,,,,,UEFA Nations League,UEFA,UEFA
SEL-NATIONS_LEAGUE-2018-19-7697189,Final,2018-09-08,Luxemburgo,1,Moldavia,4,0,,,,,,,,,,,,,,,,,,,,,,,,,,,,,,,,,,,,,,,,,,,,,,,,,,0,,1,,,,,,,,,,,,,,,,,,,,,,,,,,,,,,,,,,,,,,,,,,,,,,,,,,,,,,,,,,,,,,,4,,0,,,,,,,,,,,,,,,,UEFA Nations League,UEFA,UEFA
SEL-NATIONS_LEAGUE-2018-19-7697172,Semifinals,2018-09-09,Ucrania,1,Eslovaquia,1,0,,,10.0,6.0,4.0,0.0,0.0,,,,,,,,,,,9.0,0.0,,,,,50.0,,,,,,,,,,15.0,,,,,,,,,,,,,,,,0,,1,2.0,,,,,,,,2.0,0.0,7.0,,,,,9.0,2.0,7.0,0.0,0.0,,,,,,,,,,,4.0,5.0,,,,,50.0,,,,,,,,,,7.0,,,,,,,,,,,,,,,,1,,0,5.0,,,,,,,,2.0,0.0,10.0,,,,,UEFA Nations League,UEFA,UEFA
SEL-NATIONS_LEAGUE-2018-19-7697178,Semifinals,2018-09-09,Dinamarca,1,Gales,2,0,,,14.0,6.0,8.0,0.0,0.0,,,,,,,,,,,6.0,1.0,,,,,49.0,,,,,,,,,,9.0,,,,,,,,,,,,,,,,0,,1,2.0,,,,,,,,1.0,0.0,18.0,,,,,8.0,2.0,6.0,0.0,0.0,,,,,,,,,,,1.0,1.0,,,,,51.0,,,,,,,,,,19.0,,,,,,,,,,,,,,,,2,,0,4.0,,,,,,,,2.0,0.0,8.0,,,,,UEFA Nations League,UEFA,UEFA
SEL-NATIONS_LEAGUE-2018-19-7697187,Semifinals,2018-09-09,Bulgaria,1,Noruega,1,0,,,2.0,1.0,1.0,0.0,0.0,,,,,,,,,,,3.0,3.0,,,,,45.0,,,,,,,,,,28.0,,,,,,,,,,,,,,,,0,,1,4.0,,,,,,,,3.0,0.0,11.0,,,,,6.0,4.0,2.0,0.0,0.0,,,,,,,,,,,12.0,0.0,,,,,55.0,,,,,,,,,,14.0,,,,,,,,,,,,,,,,1,,0,0.0,,,,,,,,4.0,1.0,28.0,,,,,UEFA Nations League,UEFA,UEFA
SEL-NATIONS_LEAGUE-2018-19-7697194,Semifinals,2018-09-09,Georgia,1,Letonia,1,0,,,9.0,5.0,4.0,0.0,0.0,,,,,,,,,,,6.0,2.0,,,,,65.0,,,,,,,,,,13.0,,,,,,,,,,,,,,,,0,,1,2.0,,,,,,,,1.0,0.0,14.0,,,,,3.0,2.0,1.0,0.0,0.0,,,,,,,,,,,4.0,3.0,,,,,35.0,,,,,,,,,,16.0,,,,,,,,,,,,,,,,1,,0,4.0,,,,,,,,3.0,0.0,10.0,,,,,UEFA Nations League,UEFA,UEFA
SEL-NATIONS_LEAGUE-2018-19-7697185,Semifinals,2018-09-09,Macedonia del Norte,1,Armenia,2,0,,,,,,,,,,,,,,,,,,,,,,,,,,,,,,,,,,,,,,,,,,,,,,,,,,0,,1,,,,,,,,,,,,,,,,,,,,,,,,,,,,,,,,,,,,,,,,,,,,,,,,,,,,,,,,,,,,,,,2,,0,,,,,,,,,,,,,,,,UEFA Nations League,UEFA,UEFA
SEL-NATIONS_LEAGUE-2018-19-7697168,Semifinals,2018-09-09,Francia,1,Países Bajos,2,1,,,12.0,8.0,4.0,0.0,0.0,,,,,,,,,,,4.0,2.0,,,,,56.0,,,,,,,,,,13.0,,,,,,,,,,,,,,,,1,,0,0.0,,,,,,,,2.0,0.0,8.0,,,,,5.0,1.0,4.0,0.0,0.0,,,,,,,,,,,2.0,1.0,,,,,44.0,,,,,,,,,,10.0,,,,,,,,,,,,,,,,2,,0,6.0,,,,,,,,0.0,0.0,12.0,,,,,UEFA Nations League,UEFA,UEFA
SEL-NATIONS_LEAGUE-2018-19-7697186,Semifinals,2018-09-09,Chipre,1,Eslovenia,2,1,,,9.0,6.0,3.0,0.0,0.0,,,,,,,,,,,4.0,3.0,,,,,53.0,,,,,,,,,,25.0,,,,,,,,,,,,,,,,1,,0,2.0,,,,,,,,2.0,0.0,16.0,,,,,8.0,3.0,5.0,0.0,0.0,,,,,,,,,,,2.0,3.0,,,,,47.0,,,,,,,,,,19.0,,,,,,,,,,,,,,,,2,,0,5.0,,,,,,,,4.0,0.0,22.0,,,,,UEFA Nations League,UEFA,UEFA
SEL-NATIONS_LEAGUE-2018-19-7697188,Semifinals,2018-09-09,Liechtenstein,1,Gibraltar,2,0,,,,,,,,,,,,,,,,,,,,,,,,,,,,,,,,,,,,,,,,,,,,,,,,,,0,,1,,,,,,,,,,,,,,,,,,,,,,,,,,,,,,,,,,,,,,,,,,,,,,,,,,,,,,,,,,,,,,,2,,0,,,,,,,,,,,,,,,,UEFA Nations League,UEFA,UEFA
SEL-NATIONS_LEAGUE-2018-19-7697200,Semifinals,2018-09-10,Portugal,1,Italia,1,0,,,8.0,5.0,3.0,0.0,0.0,,,,,,,,,,,6.0,2.0,,,,,54.0,,,,,,,,,,15.0,,,,,,,,,,,,,,,,0,,1,2.0,,,,,,,,2.0,0.0,16.0,,,,,7.0,2.0,5.0,0.0,0.0,,,,,,,,,,,11.0,3.0,,,,,46.0,,,,,,,,,,18.0,,,,,,,,,,,,,,,,1,,0,4.0,,,,,,,,3.0,0.0,12.0,,,,,UEFA Nations League,UEFA,UEFA
SEL-NATIONS_LEAGUE-2018-19-7697202,Semifinals,2018-09-10,Suecia,1,Turquía,2,3,,,11.0,6.0,5.0,0.0,0.0,,,,,,,,,,,4.0,2.0,,,,,38.0,,,,,,,,,,11.0,,,,,,,,,,,,,,,,3,,0,2.0,,,,,,,,,,13.0,,,,,7.0,5.0,2.0,0.0,0.0,,,,,,,,,,,5.0,8.0,,,,,62.0,,,,,,,,,,15.0,,,,,,,,,,,,,,,,2,,0,4.0,,,,,,,,,,3.0,,,,,UEFA Nations League,UEFA,UEFA
SEL-NATIONS_LEAGUE-2018-19-7697205,Semifinals,2018-09-10,Escocia,1,Albania,2,0,,,11.0,6.0,5.0,0.0,0.0,,,,,,,,,,,8.0,3.0,,,,,55.0,,,,,,,,,,24.0,,,,,,,,,,,,,,,,0,,1,2.0,,,,,,,,2.0,0.0,12.0,,,,,5.0,2.0,3.0,0.0,0.0,,,,,,,,,,,3.0,2.0,,,,,45.0,,,,,,,,,,15.0,,,,,,,,,,,,,,,,2,,0,5.0,,,,,,,,3.0,0.0,22.0,,,,,UEFA Nations League,UEFA,UEFA
SEL-NATIONS_LEAGUE-2018-19-7697207,Semifinals,2018-09-10,Montenegro,1,Lituania,2,0,,,8.0,6.0,2.0,0.0,0.0,,,,,,,,,,,5.0,3.0,,,,,59.0,,,,,,,,,,14.0,,,,,,,,,,,,,,,,0,,1,4.0,,,,,,,,2.0,0.0,14.0,,,,,7.0,4.0,3.0,0.0,0.0,,,,,,,,,,,2.0,0.0,,,,,41.0,,,,,,,,,,17.0,,,,,,,,,,,,,,,,2,,0,4.0,,,,,,,,3.0,0.0,14.0,,,,,UEFA Nations League,UEFA,UEFA
SEL-NATIONS_LEAGUE-2018-19-7697206,Semifinals,2018-09-10,Serbia,1,Rumania,2,2,,,10.0,5.0,5.0,0.0,0.0,,,,,,,,,,,10.0,0.0,,,,,63.0,,,,,,,,,,13.0,,,,,,,,,,,,,,,,2,,0,2.0,,,,,,,,1.0,0.0,8.0,,,,,9.0,4.0,5.0,0.0,0.0,,,,,,,,,,,4.0,2.0,,,,,37.0,,,,,,,,,,8.0,,,,,,,,,,,,,,,,2,,0,3.0,,,,,,,,2.0,0.0,11.0,,,,,UEFA Nations League,UEFA,UEFA
SEL-NATIONS_LEAGUE-2018-19-7697204,Semifinals,2018-09-10,Andorra,1,Kazajistán,1,1,,,,,,,,,,,,,,,,,,,,,,,,,,,,,,,,,,,,,,,,,,,,,,,,,,1,,0,,,,,,,,,,,,,,,,,,,,,,,,,,,,,,,,,,,,,,,,,,,,,,,,,,,,,,,,,,,,,,,1,,0,,,,,,,,,,,,,,,,UEFA Nations League,UEFA,UEFA
SEL-NATIONS_LEAGUE-2018-19-7697213,Semifinals,2018-09-10,Kosovo,1,Islas Feroe,2,0,,,,,,,,,,,,,,,,,,,,,,,,,,,,,,,,,,,,,,,,,,,,,,,,,,0,,1,,,,,,,,,,,,,,,,,,,,,,,,,,,,,,,,,,,,,,,,,,,,,,,,,,,,,,,,,,,,,,,2,,0,,,,,,,,,,,,,,,,UEFA Nations League,UEFA,UEFA
SEL-NATIONS_LEAGUE-2018-19-7697215,Semifinals,2018-09-10,Malta,1,Azerbaiyán,1,1,,,,,,,,,,,,,,,,,,,,,,,,,,,,,,,,,,,,,,,,,,,,,,,,,,1,,0,,,,,,,,,,,,,,,,,,,,,,,,,,,,,,,,,,,,,,,,,,,,,,,,,,,,,,,,,,,,,,,1,,0,,,,,,,,,,,,,,,,UEFA Nations League,UEFA,UEFA
SEL-NATIONS_LEAGUE-2018-19-7697199,Semifinals,2018-09-11,Islandia,1,Bélgica,0,3,,,3.0,2.0,1.0,0.0,0.0,,,,,,,,,,,4.0,1.0,,,,,31.0,,,,,,,,,,9.0,,,,,,,,,,,,,,,,3,,0,1.0,,,,,,,,1.0,0.0,7.0,,,,,10.0,4.0,6.0,0.0,0.0,,,,,,,,,,,9.0,1.0,,,,,69.0,,,,,,,,,,8.0,,,,,,,,,,,,,,,,0,,1,2.0,,,,,,,,0.0,0.0,8.0,,,,,UEFA Nations League,UEFA,UEFA
SEL-NATIONS_LEAGUE-2018-19-7697201,Semifinals,2018-09-11,España,1,Croacia,6,0,,,13.0,8.0,5.0,0.0,0.0,,,,,,,,,,,8.0,1.0,,,,,69.0,,,,,,,,,,12.0,,,,,,,,,,,,,,,,0,,1,2.0,,,,,,,,0.0,0.0,12.0,,,,,4.0,2.0,2.0,0.0,0.0,,,,,,,,,,,0.0,3.0,,,,,31.0,,,,,,,,,,13.0,,,,,,,,,,,,,,,,6,,0,3.0,,,,,,,,2.0,0.0,9.0,,,,,UEFA Nations League,UEFA,UEFA
SEL-NATIONS_LEAGUE-2018-19-7697203,Semifinals,2018-09-11,Bosnia,1,Austria,1,0,,,2.0,1.0,1.0,0.0,0.0,,,,,,,,,,,4.0,0.0,,,,,45.0,,,,,,,,,,12.0,,,,,,,,,,,,,,,,0,,1,1.0,,,,,,,,1.0,0.0,12.0,,,,,7.0,1.0,6.0,0.0,0.0,,,,,,,,,,,7.0,2.0,,,,,55.0,,,,,,,,,,12.0,,,,,,,,,,,,,,,,1,,0,0.0,,,,,,,,2.0,0.0,10.0,,,,,UEFA Nations League,UEFA,UEFA
SEL-NATIONS_LEAGUE-2018-19-7697211,Semifinals,2018-09-11,Finlandia,1,Estonia,1,0,,,9.0,4.0,5.0,0.0,0.0,,,,,,,,,,,8.0,1.0,,,,,49.0,,,,,,,,,,15.0,,,,,,,,,,,,,,,,0,,1,2.0,,,,,,,,0.0,0.0,10.0,,,,,12.0,2.0,10.0,0.0,0.0,,,,,,,,,,,9.0,3.0,,,,,51.0,,,,,,,,,,11.0,,,,,,,,,,,,,,,,1,,0,3.0,,,,,,,,2.0,0.0,12.0,,,,,UEFA Nations League,UEFA,UEFA
SEL-NATIONS_LEAGUE-2018-19-7697210,Semifinals,2018-09-11,Hungría,1,Grecia,2,1,,,8.0,7.0,1.0,0.0,0.0,,,,,,,,,,,1.0,5.0,,,,,40.0,,,,,,,,,,16.0,,,,,,,,,,,,,,,,1,,0,5.0,,,,,,,,1.0,0.0,26.0,,,,,11.0,6.0,5.0,0.0,0.0,,,,,,,,,,,6.0,2.0,,,,,60.0,,,,,,,,,,31.0,,,,,,,,,,,,,,,,2,,0,5.0,,,,,,,,3.0,0.0,14.0,,,,,UEFA Nations League,UEFA,UEFA
SEL-NATIONS_LEAGUE-2018-19-7697212,Semifinals,2018-09-11,Moldavia,1,Bielorrusia,0,0,,,,,,,,,,,,,,,,,,,,,,,,,,,,,,,,,,,,,,,,,,,,,,,,,,0,,1,,,,,,,,,,,,,,,,,,,,,,,,,,,,,,,,,,,,,,,,,,,,,,,,,,,,,,,,,,,,,,,0,,1,,,,,,,,,,,,,,,,UEFA Nations League,UEFA,UEFA
SEL-NATIONS_LEAGUE-2018-19-7697208,Semifinals,2018-09-11,San Marino,1,Luxemburgo,0,3,,,,,,,,,,,,,,,,,,,,,,,,,,,,,,,,,,,,,,,,,,,,,,,,,,3,,0,,,,,,,,,,,,,,,,,,,,,,,,,,,,,,,,,,,,,,,,,,,,,,,,,,,,,,,,,,,,,,,0,,1,,,,,,,,,,,,,,,,UEFA Nations League,UEFA,UEFA
SEL-NATIONS_LEAGUE-2018-19-7697219,Ronda 3,2018-10-11,Polonia,1,Portugal,2,3,,,5.0,3.0,2.0,0.0,0.0,,,,,,,,,,,4.0,3.0,,,,,46.0,,,,,,,,,,15.0,,,,,,,,,,,,,,,,3,,0,5.0,,,,,,,,2.0,0.0,15.0,,,,,12.0,7.0,5.0,0.0,0.0,,,,,,,,,,,6.0,4.0,,,,,54.0,,,,,,,,,,18.0,,,,,,,,,,,,,,,,2,,0,1.0,,,,,,,,4.0,0.0,11.0,,,,,UEFA Nations League,UEFA,UEFA
SEL-NATIONS_LEAGUE-2018-19-7697234,Ronda 3,2018-10-11,Israel,1,Escocia,2,1,,,20.0,9.0,11.0,0.0,0.0,,,,,,,,,,,6.0,4.0,,,,,,,,,,,,,,,11.0,,,,,,,,,,,,,,,,1,,0,1.0,,,,,,,,2.0,0.0,12.0,,,,,5.0,2.0,3.0,0.0,0.0,,,,,,,,,,,3.0,3.0,,,,,,,,,,,,,,,16.0,,,,,,,,,,,,,,,,2,,0,7.0,,,,,,,,2.0,1.0,8.0,,,,,UEFA Nations League,UEFA,UEFA
SEL-NATIONS_LEAGUE-2018-19-7697244,Ronda 3,2018-10-11,Lituania,1,Rumania,1,2,,,7.0,4.0,3.0,0.0,0.0,,,,,,,,,,,2.0,2.0,,,,,47.0,,,,,,,,,,19.0,,,,,,,,,,,,,,,,2,,0,6.0,,,,,,,,1.0,0.0,9.0,,,,,11.0,8.0,3.0,0.0,0.0,,,,,,,,,,,6.0,2.0,,,,,53.0,,,,,,,,,,11.0,,,,,,,,,,,,,,,,1,,0,2.0,,,,,,,,3.0,0.0,17.0,,,,,UEFA Nations League,UEFA,UEFA
SEL-NATIONS_LEAGUE-2018-19-7697242,Ronda 3,2018-10-11,Montenegro,1,Serbia,0,2,,,7.0,2.0,5.0,0.0,0.0,,,,,,,,,,,6.0,1.0,,,,,54.0,,,,,,,,,,20.0,,,,,,,,,,,,,,,,2,,0,2.0,,,,,,,,3.0,0.0,14.0,,,,,8.0,4.0,4.0,0.0,0.0,,,,,,,,,,,0.0,0.0,,,,,46.0,,,,,,,,,,15.0,,,,,,,,,,,,,,,,0,,1,2.0,,,,,,,,2.0,0.0,20.0,,,,,UEFA Nations League,UEFA,UEFA
SEL-NATIONS_LEAGUE-2018-19-7697252,Ronda 3,2018-10-11,Islas Feroe,1,Azerbaiyán,0,3,,,,,,,,,,,,,,,,,,,,,,,,,,,,,,,,,,,,,,,,,,,,,,,,,,3,,0,,,,,,,,,,,,,,,,,,,,,,,,,,,,,,,,,,,,,,,,,,,,,,,,,,,,,,,,,,,,,,,0,,1,,,,,,,,,,,,,,,,UEFA Nations League,UEFA,UEFA
SEL-NATIONS_LEAGUE-2018-19-7697255,Ronda 3,2018-10-11,Kosovo,1,Malta,3,1,,,,,,,,,,,,,,,,,,,,,,,,,,,,,,,,,,,,,,,,,,,,,,,,,,1,,0,,,,,,,,,,,,,,,,,,,,,,,,,,,,,,,,,,,,,,,,,,,,,,,,,,,,,,,,,,,,,,,3,,0,,,,,,,,,,,,,,,,UEFA Nations League,UEFA,UEFA
SEL-NATIONS_LEAGUE-2018-19-7697222,Ronda 3,2018-10-11,Rusia,1,Suecia,0,0,,,7.0,1.0,6.0,0.0,0.0,,,,,,,,,,,5.0,1.0,,,,,58.0,,,,,,,,,,11.0,,,,,,,,,,,,,,,,0,,1,2.0,,,,,,,,3.0,0.0,14.0,,,,,6.0,2.0,4.0,0.0,0.0,,,,,,,,,,,6.0,1.0,,,,,42.0,,,,,,,,,,15.0,,,,,,,,,,,,,,,,0,,1,1.0,,,,,,,,1.0,0.0,10.0,,,,,UEFA Nations League,UEFA,UEFA
SEL-NATIONS_LEAGUE-2018-19-7697214,Ronda 3,2018-10-12,Bélgica,1,Suiza,2,1,,,14.0,7.0,7.0,0.0,0.0,,,,,,,,,,,5.0,0.0,,,,,49.0,,,,,,,,,,9.0,,,,,,,,,,,,,,,,1,,0,4.0,,,,,,,,,,12.0,,,,,9.0,5.0,4.0,0.0,0.0,,,,,,,,,,,3.0,4.0,,,,,51.0,,,,,,,,,,12.0,,,,,,,,,,,,,,,,2,,0,5.0,,,,,,,,,,5.0,,,,,UEFA Nations League,UEFA,UEFA
SEL-NATIONS_LEAGUE-2018-19-7697220,Ronda 3,2018-10-12,Croacia,1,Inglaterra,0,0,,,6.0,3.0,3.0,0.0,0.0,,,,,,,,,,,2.0,3.0,,,,,42.0,,,,,,,,,,16.0,,,,,,,,,,,,,,,,0,,1,2.0,,,,,,,,3.0,0.0,15.0,,,,,5.0,2.0,3.0,0.0,0.0,,,,,,,,,,,4.0,2.0,,,,,58.0,,,,,,,,,,18.0,,,,,,,,,,,,,,,,0,,1,3.0,,,,,,,,3.0,0.0,14.0,,,,,UEFA Nations League,UEFA,UEFA
SEL-NATIONS_LEAGUE-2018-19-7697223,Ronda 3,2018-10-12,Austria,1,Irlanda del Norte,1,0,,,7.0,3.0,4.0,0.0,0.0,,,,,,,,,,,7.0,3.0,,,,,63.0,,,,,,,,,,16.0,,,,,,,,,,,,,,,,0,,1,2.0,,,,,,,,0.0,0.0,10.0,,,,,6.0,2.0,4.0,0.0,0.0,,,,,,,,,,,4.0,3.0,,,,,37.0,,,,,,,,,,13.0,,,,,,,,,,,,,,,,1,,0,2.0,,,,,,,,2.0,0.0,13.0,,,,,UEFA Nations League,UEFA,UEFA
SEL-NATIONS_LEAGUE-2018-19-7697233,Ronda 3,2018-10-12,Estonia,1,Finlandia,0,1,,,7.0,3.0,4.0,0.0,0.0,,,,,,,,,,,1.0,1.0,,,,,31.0,,,,,,,,,,21.0,,,,,,,,,,,,,,,,1,,0,5.0,,,,,,,,2.0,0.0,18.0,,,,,15.0,6.0,9.0,0.0,0.0,,,,,,,,,,,5.0,0.0,,,,,69.0,,,,,,,,,,19.0,,,,,,,,,,,,,,,,0,,1,3.0,,,,,,,,3.0,0.0,21.0,,,,,UEFA Nations League,UEFA,UEFA
SEL-NATIONS_LEAGUE-2018-19-7697232,Ronda 3,2018-10-12,Grecia,1,Hungría,1,0,,,5.0,2.0,3.0,0.0,0.0,,,,,,,,,,,7.0,2.0,,,,,62.0,,,,,,,,,,20.0,,,,,,,,,,,,,,,,0,,1,3.0,,,,,,,,3.0,0.0,16.0,,,,,7.0,3.0,4.0,0.0,0.0,,,,,,,,,,,3.0,1.0,,,,,38.0,,,,,,,,,,18.0,,,,,,,,,,,,,,,,1,,0,1.0,,,,,,,,5.0,0.0,19.0,,,,,UEFA Nations League,UEFA,UEFA
SEL-NATIONS_LEAGUE-2018-19-7697251,Ronda 3,2018-10-12,Bielorrusia,1,Luxemburgo,1,0,,,,,,,,,,,,,,,,,,,,,,,,,,,,,,,,,,,,,,,,,,,,,,,,,,0,,1,,,,,,,,,,,,,,,,,,,,,,,,,,,,,,,,,,,,,,,,,,,,,,,,,,,,,,,,,,,,,,,1,,0,,,,,,,,,,,,,,,,UEFA Nations League,UEFA,UEFA
SEL-NATIONS_LEAGUE-2018-19-7697256,Ronda 3,2018-10-12,Moldavia,1,San Marino,2,0,,,,,,,,,,,,,,,,,,,,,,,,,,,,,,,,,,,,,,,,,,,,,,,,,,0,,1,,,,,,,,,,,,,,,,,,,,,,,,,,,,,,,,,,,,,,,,,,,,,,,,,,,,,,,,,,,,,,,2,,0,,,,,,,,,,,,,,,,UEFA Nations League,UEFA,UEFA
SEL-NATIONS_LEAGUE-2018-19-7697221,Ronda 3,2018-10-13,Eslovaquia,1,República Checa,1,2,,,10.0,5.0,5.0,0.0,0.0,,,,,,,,,,,7.0,3.0,,,,,61.0,,,,,,,,,,20.0,,,,,,,,,,,,,,,,2,,0,1.0,,,,,,,,3.0,0.0,12.0,,,,,7.0,3.0,4.0,0.0,0.0,,,,,,,,,,,5.0,2.0,,,,,39.0,,,,,,,,,,15.0,,,,,,,,,,,,,,,,1,,0,4.0,,,,,,,,3.0,0.0,18.0,,,,,UEFA Nations League,UEFA,UEFA
SEL-NATIONS_LEAGUE-2018-19-7697238,Ronda 3,2018-10-13,Noruega,1,Eslovenia,1,0,,,11.0,5.0,6.0,0.0,0.0,,,,,,,,,,,6.0,2.0,,,,,62.0,,,,,,,,,,15.0,,,,,,,,,,,,,,,,0,,1,0.0,,,,,,,,1.0,0.0,12.0,,,,,3.0,0.0,3.0,0.0,0.0,,,,,,,,,,,3.0,1.0,,,,,38.0,,,,,,,,,,14.0,,,,,,,,,,,,,,,,1,,0,4.0,,,,,,,,1.0,0.0,14.0,,,,,UEFA Nations League,UEFA,UEFA
SEL-NATIONS_LEAGUE-2018-19-7697241,Ronda 3,2018-10-13,Georgia,1,Andorra,3,0,,,,,,,,,,,,,,,,,,,,,,,,,,,,,,,,,,,,,,,,,,,,,,,,,,0,,1,,,,,,,,,,,,,,,,,,,,,,,,,,,,,,,,,,,,,,,,,,,,,,,,,,,,,,,,,,,,,,,3,,0,,,,,,,,,,,,,,,,UEFA Nations League,UEFA,UEFA
SEL-NATIONS_LEAGUE-2018-19-7697243,Ronda 3,2018-10-13,Letonia,1,Kazajistán,1,1,,,,,,,,,,,,,,,,,,,,,,,,,,,,,,,,,,,,,,,,,,,,,,,,,,1,,0,,,,,,,,,,,,,,,,,,,,,,,,,,,,,,,,,,,,,,,,,,,,,,,,,,,,,,,,,,,,,,,1,,0,,,,,,,,,,,,,,,,UEFA Nations League,UEFA,UEFA
SEL-NATIONS_LEAGUE-2018-19-7697259,Ronda 3,2018-10-13,Armenia,1,Gibraltar,0,1,,,,,,,,,,,,,,,,,,,,,,,,,,,,,,,,,,,,,,,,,,,,,,,,,,1,,0,,,,,,,,,,,,,,,,,,,,,,,,,,,,,,,,,,,,,,,,,,,,,,,,,,,,,,,,,,,,,,,0,,1,,,,,,,,,,,,,,,,UEFA Nations League,UEFA,UEFA
SEL-NATIONS_LEAGUE-2018-19-7697216,Ronda 3,2018-10-13,Países Bajos,1,Alemania,3,0,,,13.0,6.0,7.0,0.0,0.0,,,,,,,,,,,4.0,2.0,,,,,50.0,,,,,,,,,,12.0,,,,,,,,,,,,,,,,0,,1,4.0,,,,,,,,,,16.0,,,,,11.0,4.0,7.0,0.0,0.0,,,,,,,,,,,12.0,1.0,,,,,50.0,,,,,,,,,,18.0,,,,,,,,,,,,,,,,3,,0,3.0,,,,,,,,,,11.0,,,,,UEFA Nations League,UEFA,UEFA
SEL-NATIONS_LEAGUE-2018-19-7697231,Ronda 3,2018-10-13,Irlanda,1,Dinamarca,0,0,,,4.0,1.0,3.0,0.0,0.0,,,,,,,,,,,4.0,2.0,,,,,34.0,,,,,,,,,,16.0,,,,,,,,,,,,,,,,0,,1,2.0,,,,,,,,4.0,0.0,12.0,,,,,12.0,3.0,9.0,0.0,0.0,,,,,,,,,,,3.0,3.0,,,,,66.0,,,,,,,,,,14.0,,,,,,,,,,,,,,,,0,,1,1.0,,,,,,,,1.0,0.0,13.0,,,,,UEFA Nations League,UEFA,UEFA
SEL-NATIONS_LEAGUE-2018-19-7697239,Ronda 3,2018-10-13,Bulgaria,1,Chipre,2,1,,,5.0,3.0,2.0,0.0,0.0,,,,,,,,,,,8.0,9.0,,,,,58.0,,,,,,,,,,29.0,,,,,,,,,,,,,,,,1,,0,2.0,,,,,,,,2.0,0.0,15.0,,,,,5.0,3.0,2.0,0.0,0.0,,,,,,,,,,,2.0,4.0,,,,,42.0,,,,,,,,,,24.0,,,,,,,,,,,,,,,,2,,0,2.0,,,,,,,,3.0,0.0,25.0,,,,,UEFA Nations League,UEFA,UEFA
SEL-NATIONS_LEAGUE-2018-19-7697260,Ronda 3,2018-10-13,Macedonia del Norte,1,Liechtenstein,4,1,,,,,,,,,,,,,,,,,,,,,,,,,,,,,,,,,,,,,,,,,,,,,,,,,,1,,0,,,,,,,,,,,,,,,,,,,,,,,,,,,,,,,,,,,,,,,,,,,,,,,,,,,,,,,,,,,,,,,4,,0,,,,,,,,,,,,,,,,UEFA Nations League,UEFA,UEFA
SEL-NATIONS_LEAGUE-2018-19-7697247,Ronda 4,2018-10-14,Rumania,1,Serbia,0,0,,,5.0,5.0,0.0,0.0,0.0,,,,,,,,,,,3.0,0.0,,,,,34.0,,,,,,,,,,21.0,,,,,,,,,,,,,,,,0,,1,3.0,,,,,,,,2.0,1.0,9.0,,,,,10.0,3.0,7.0,0.0,0.0,,,,,,,,,,,11.0,5.0,,,,,66.0,,,,,,,,,,9.0,,,,,,,,,,,,,,,,0,,1,5.0,,,,,,,,3.0,0.0,16.0,,,,,UEFA Nations League,UEFA,UEFA
SEL-NATIONS_LEAGUE-2018-19-7697227,Ronda 4,2018-10-14,Rusia,1,Turquía,2,0,,,11.0,5.0,6.0,0.0,0.0,,,,,,,,,,,7.0,4.0,,,,,43.0,,,,,,,,,,12.0,,,,,,,,,,,,,,,,0,,1,4.0,,,,,,,,1.0,0.0,11.0,,,,,9.0,4.0,5.0,0.0,0.0,,,,,,,,,,,4.0,0.0,,,,,57.0,,,,,,,,,,15.0,,,,,,,,,,,,,,,,2,,0,3.0,,,,,,,,2.0,0.0,12.0,,,,,UEFA Nations League,UEFA,UEFA
SEL-NATIONS_LEAGUE-2018-19-7697253,Ronda 4,2018-10-14,Azerbaiyán,1,Malta,1,1,,,,,,,,,,,,,,,,,,,,,,,,,,,,,,,,,,,,,,,,,,,,,,,,,,1,,0,,,,,,,,,,,,,,,,,,,,,,,,,,,,,,,,,,,,,,,,,,,,,,,,,,,,,,,,,,,,,,,1,,0,,,,,,,,,,,,,,,,UEFA Nations League,UEFA,UEFA
SEL-NATIONS_LEAGUE-2018-19-7697258,Ronda 4,2018-10-14,Islas Feroe,1,Kosovo,1,1,,,,,,,,,,,,,,,,,,,,,,,,,,,,,,,,,,,,,,,,,,,,,,,,,,1,,0,,,,,,,,,,,,,,,,,,,,,,,,,,,,,,,,,,,,,,,,,,,,,,,,,,,,,,,,,,,,,,,1,,0,,,,,,,,,,,,,,,,UEFA Nations League,UEFA,UEFA
SEL-NATIONS_LEAGUE-2018-19-7697218,Ronda 4,2018-10-14,Polonia,1,Italia,0,1,,,5.0,3.0,2.0,0.0,0.0,,,,,,,,,,,1.0,3.0,,,,,32.0,,,,,,,,,,18.0,,,,,,,,,,,,,,,,1,,0,5.0,,,,,,,,0.0,0.0,15.0,,,,,13.0,6.0,7.0,0.0,0.0,,,,,,,,,,,8.0,6.0,,,,,68.0,,,,,,,,,,18.0,,,,,,,,,,,,,,,,0,,1,3.0,,,,,,,,1.0,0.0,12.0,,,,,UEFA Nations League,UEFA,UEFA
SEL-NATIONS_LEAGUE-2018-19-7888071,Ronda 4,2018-10-14,Israel,1,Albania,2,0,,,9.0,5.0,4.0,0.0,0.0,,,,,,,,,,,5.0,1.0,,,,,31.0,,,,,,,,,,19.0,,,,,,,,,,,,,,,,0,,1,7.0,,,,,,,,2.0,0.0,16.0,,,,,16.0,7.0,9.0,0.0,0.0,,,,,,,,,,,10.0,2.0,,,,,69.0,,,,,,,,,,17.0,,,,,,,,,,,,,,,,2,,0,3.0,,,,,,,,3.0,0.0,17.0,,,,,UEFA Nations League,UEFA,UEFA
SEL-NATIONS_LEAGUE-2018-19-7697248,Ronda 4,2018-10-14,Lituania,1,Montenegro,1,4,,,10.0,6.0,4.0,0.0,0.0,,,,,,,,,,,3.0,1.0,,,,,43.0,,,,,,,,,,10.0,,,,,,,,,,,,,,,,4,,0,4.0,,,,,,,,1.0,0.0,14.0,,,,,11.0,8.0,3.0,0.0,0.0,,,,,,,,,,,8.0,2.0,,,,,57.0,,,,,,,,,,15.0,,,,,,,,,,,,,,,,1,,0,5.0,,,,,,,,1.0,0.0,8.0,,,,,UEFA Nations League,UEFA,UEFA
SEL-NATIONS_LEAGUE-2018-19-7697267,Ronda 4,2018-10-15,Islandia,1,Suiza,1,2,,,11.0,9.0,2.0,0.0,0.0,,,,,,,,,,,6.0,2.0,,,,,41.0,,,,,,,,,,14.0,,,,,,,,,,,,,,,,2,,0,3.0,,,,,,,,1.0,0.0,15.0,,,,,10.0,5.0,5.0,0.0,0.0,,,,,,,,,,,4.0,1.0,,,,,59.0,,,,,,,,,,17.0,,,,,,,,,,,,,,,,1,,0,8.0,,,,,,,,2.0,0.0,13.0,,,,,UEFA Nations League,UEFA,UEFA
SEL-NATIONS_LEAGUE-2018-19-7697264,Ronda 4,2018-10-15,España,1,Inglaterra,2,3,,,20.0,10.0,10.0,0.0,0.0,,,,,,,,,,,12.0,3.0,,,,,60.0,,,,,,,,,,13.0,,,,,,,,,,,,,,,,3,,0,1.0,,,,,,,,4.0,0.0,14.0,,,,,4.0,4.0,0.0,0.0,0.0,,,,,,,,,,,0.0,3.0,,,,,40.0,,,,,,,,,,17.0,,,,,,,,,,,,,,,,2,,0,8.0,,,,,,,,3.0,0.0,10.0,,,,,UEFA Nations League,UEFA,UEFA
SEL-NATIONS_LEAGUE-2018-19-7697261,Ronda 4,2018-10-15,Bosnia,1,Irlanda del Norte,2,0,,,11.0,5.0,6.0,0.0,0.0,,,,,,,,,,,5.0,2.0,,,,,53.0,,,,,,,,,,15.0,,,,,,,,,,,,,,,,0,,1,3.0,,,,,,,,2.0,0.0,13.0,,,,,8.0,3.0,5.0,0.0,0.0,,,,,,,,,,,2.0,1.0,,,,,47.0,,,,,,,,,,15.0,,,,,,,,,,,,,,,,2,,0,3.0,,,,,,,,2.0,0.0,14.0,,,,,UEFA Nations League,UEFA,UEFA
SEL-NATIONS_LEAGUE-2018-19-7697262,Ronda 4,2018-10-15,Estonia,1,Hungría,3,3,,,8.0,6.0,2.0,0.0,0.0,,,,,,,,,,,4.0,2.0,,,,,45.0,,,,,,,,,,16.0,,,,,,,,,,,,,,,,3,,0,2.0,,,,,,,,3.0,0.0,20.0,,,,,6.0,5.0,1.0,0.0,0.0,,,,,,,,,,,3.0,0.0,,,,,55.0,,,,,,,,,,22.0,,,,,,,,,,,,,,,,3,,0,4.0,,,,,,,,2.0,0.0,16.0,,,,,UEFA Nations League,UEFA,UEFA
SEL-NATIONS_LEAGUE-2018-19-7697270,Ronda 4,2018-10-15,Finlandia,1,Grecia,2,0,,,14.0,6.0,8.0,0.0,0.0,,,,,,,,,,,5.0,2.0,,,,,47.0,,,,,,,,,,14.0,,,,,,,,,,,,,,,,0,,1,0.0,,,,,,,,0.0,0.0,14.0,,,,,5.0,0.0,5.0,0.0,0.0,,,,,,,,,,,3.0,0.0,,,,,53.0,,,,,,,,,,16.0,,,,,,,,,,,,,,,,2,,0,4.0,,,,,,,,1.0,0.0,14.0,,,,,UEFA Nations League,UEFA,UEFA
SEL-NATIONS_LEAGUE-2018-19-7697273,Ronda 4,2018-10-15,Bielorrusia,1,Moldavia,0,0,,,,,,,,,,,,,,,,,,,,,,,,,,,,,,,,,,,,,,,,,,,,,,,,,,0,,1,,,,,,,,,,,,,,,,,,,,,,,,,,,,,,,,,,,,,,,,,,,,,,,,,,,,,,,,,,,,,,,0,,1,,,,,,,,,,,,,,,,UEFA Nations League,UEFA,UEFA
SEL-NATIONS_LEAGUE-2018-19-7697276,Ronda 4,2018-10-15,Luxemburgo,1,San Marino,3,0,,,,,,,,,,,,,,,,,,,,,,,,,,,,,,,,,,,,,,,,,,,,,,,,,,0,,1,,,,,,,,,,,,,,,,,,,,,,,,,,,,,,,,,,,,,,,,,,,,,,,,,,,,,,,,,,,,,,,3,,0,,,,,,,,,,,,,,,,UEFA Nations League,UEFA,UEFA
SEL-NATIONS_LEAGUE-2018-19-7697281,Ronda 4,2018-10-16,Kazajistán,1,Andorra,4,0,,,,,,,,,,,,,,,,,,,,,,,,,,,,,,,,,,,,,,,,,,,,,,,,,,0,,1,,,,,,,,,,,,,,,,,,,,,,,,,,,,,,,,,,,,,,,,,,,,,,,,,,,,,,,,,,,,,,,4,,0,,,,,,,,,,,,,,,,UEFA Nations League,UEFA,UEFA
SEL-NATIONS_LEAGUE-2018-19-7697274,Ronda 4,2018-10-16,Armenia,1,Macedonia del Norte,4,0,,,,,,,,,,,,,,,,,,,,,,,,,,,,,,,,,,,,,,,,,,,,,,,,,,0,,1,,,,,,,,,,,,,,,,,,,,,,,,,,,,,,,,,,,,,,,,,,,,,,,,,,,,,,,,,,,,,,,4,,0,,,,,,,,,,,,,,,,UEFA Nations League,UEFA,UEFA
SEL-NATIONS_LEAGUE-2018-19-7697265,Ronda 4,2018-10-16,Francia,1,Alemania,2,1,,,8.0,4.0,4.0,0.0,0.0,,,,,,,,,,,5.0,0.0,,,,,43.0,,,,,,,,,,13.0,,,,,,,,,,,,,,,,1,,0,2.0,,,,,,,,0.0,0.0,10.0,,,,,5.0,3.0,2.0,0.0,0.0,,,,,,,,,,,8.0,1.0,,,,,57.0,,,,,,,,,,10.0,,,,,,,,,,,,,,,,2,,0,2.0,,,,,,,,1.0,0.0,12.0,,,,,UEFA Nations League,UEFA,UEFA
SEL-NATIONS_LEAGUE-2018-19-7697266,Ronda 4,2018-10-16,Ucrania,1,República Checa,1,0,,,11.0,3.0,8.0,0.0,0.0,,,,,,,,,,,3.0,2.0,,,,,52.0,,,,,,,,,,17.0,,,,,,,,,,,,,,,,0,,1,6.0,,,,,,,,1.0,0.0,12.0,,,,,11.0,6.0,5.0,0.0,0.0,,,,,,,,,,,7.0,2.0,,,,,48.0,,,,,,,,,,14.0,,,,,,,,,,,,,,,,1,,0,2.0,,,,,,,,2.0,0.0,15.0,,,,,UEFA Nations League,UEFA,UEFA
SEL-NATIONS_LEAGUE-2018-19-7697269,Ronda 4,2018-10-16,Irlanda,1,Gales,0,1,,,7.0,5.0,2.0,0.0,0.0,,,,,,,,,,,6.0,1.0,,,,,45.0,,,,,,,,,,7.0,,,,,,,,,,,,,,,,1,,0,2.0,,,,,,,,3.0,0.0,12.0,,,,,6.0,3.0,3.0,0.0,0.0,,,,,,,,,,,4.0,2.0,,,,,55.0,,,,,,,,,,13.0,,,,,,,,,,,,,,,,0,,1,5.0,,,,,,,,1.0,0.0,5.0,,,,,UEFA Nations League,UEFA,UEFA
SEL-NATIONS_LEAGUE-2018-19-7697278,Ronda 4,2018-10-16,Noruega,1,Bulgaria,1,0,,,7.0,1.0,6.0,0.0,0.0,,,,,,,,,,,6.0,2.0,,,,,53.0,,,,,,,,,,18.0,,,,,,,,,,,,,,,,0,,1,2.0,,,,,,,,1.0,0.0,17.0,,,,,4.0,2.0,2.0,0.0,0.0,,,,,,,,,,,1.0,2.0,,,,,47.0,,,,,,,,,,19.0,,,,,,,,,,,,,,,,1,,0,0.0,,,,,,,,6.0,0.0,16.0,,,,,UEFA Nations League,UEFA,UEFA
SEL-NATIONS_LEAGUE-2018-19-7697277,Ronda 4,2018-10-16,Eslovenia,1,Chipre,1,1,,,17.0,6.0,11.0,0.0,0.0,,,,,,,,,,,6.0,7.0,,,,,71.0,,,,,,,,,,13.0,,,,,,,,,,,,,,,,1,,0,1.0,,,,,,,,2.0,1.0,17.0,,,,,5.0,2.0,3.0,0.0,0.0,,,,,,,,,,,0.0,1.0,,,,,29.0,,,,,,,,,,24.0,,,,,,,,,,,,,,,,1,,0,5.0,,,,,,,,2.0,2.0,12.0,,,,,UEFA Nations League,UEFA,UEFA
SEL-NATIONS_LEAGUE-2018-19-7697279,Ronda 4,2018-10-16,Letonia,1,Georgia,0,3,,,,,,,,,,,,,,,,,,,,,,,,,,,,,,,,,,,,,,,,,,,,,,,,,,3,,0,,,,,,,,,,,,,,,,,,,,,,,,,,,,,,,,,,,,,,,,,,,,,,,,,,,,,,,,,,,,,,,0,,1,,,,,,,,,,,,,,,,UEFA Nations League,UEFA,UEFA
SEL-NATIONS_LEAGUE-2018-19-7697275,Ronda 4,2018-10-16,Gibraltar,1,Liechtenstein,2,1,,,,,,,,,,,,,,,,,,,,,,,,,,,,,,,,,,,,,,,,,,,,,,,,,,1,,0,,,,,,,,,,,,,,,,,,,,,,,,,,,,,,,,,,,,,,,,,,,,,,,,,,,,,,,,,,,,,,,2,,0,,,,,,,,,,,,,,,,UEFA Nations League,UEFA,UEFA
SEL-NATIONS_LEAGUE-2018-19-7697286,Ronda 5,2018-11-15,Kazajistán,1,Letonia,1,1,,,,,,,,,,,,,,,,,,,,,,,,,,,,,,,,,,,,,,,,,,,,,,,,,,1,,0,,,,,,,,,,,,,,,,,,,,,,,,,,,,,,,,,,,,,,,,,,,,,,,,,,,,,,,,,,,,,,,1,,0,,,,,,,,,,,,,,,,UEFA Nations League,UEFA,UEFA
SEL-NATIONS_LEAGUE-2018-19-7697306,Ronda 5,2018-11-15,Bélgica,1,Islandia,2,0,,,11.0,6.0,5.0,0.0,0.0,,,,,,,,,,,8.0,0.0,,,,,65.0,,,,,,,,,,6.0,,,,,,,,,,,,,,,,0,,1,2.0,,,,,,,,2.0,0.0,12.0,,,,,6.0,2.0,4.0,0.0,0.0,,,,,,,,,,,1.0,1.0,,,,,35.0,,,,,,,,,,12.0,,,,,,,,,,,,,,,,2,,0,4.0,,,,,,,,1.0,0.0,5.0,,,,,UEFA Nations League,UEFA,UEFA
SEL-NATIONS_LEAGUE-2018-19-7697300,Ronda 5,2018-11-15,Croacia,1,España,3,2,,,9.0,6.0,3.0,0.0,0.0,,,,,,,,,,,5.0,0.0,,,,,33.0,,,,,,,,,,15.0,,,,,,,,,,,,,,,,2,,0,3.0,,,,,,,,2.0,0.0,10.0,,,,,8.0,5.0,3.0,0.0,0.0,,,,,,,,,,,3.0,4.0,,,,,67.0,,,,,,,,,,10.0,,,,,,,,,,,,,,,,3,,0,3.0,,,,,,,,2.0,0.0,11.0,,,,,UEFA Nations League,UEFA,UEFA
SEL-NATIONS_LEAGUE-2018-19-7697299,Ronda 5,2018-11-15,Austria,1,Bosnia,0,0,,,8.0,1.0,7.0,0.0,0.0,,,,,,,,,,,6.0,1.0,,,,,56.0,,,,,,,,,,18.0,,,,,,,,,,,,,,,,0,,1,4.0,,,,,,,,2.0,0.0,8.0,,,,,12.0,4.0,8.0,0.0,0.0,,,,,,,,,,,5.0,4.0,,,,,44.0,,,,,,,,,,9.0,,,,,,,,,,,,,,,,0,,1,1.0,,,,,,,,3.0,0.0,14.0,,,,,UEFA Nations League,UEFA,UEFA
SEL-NATIONS_LEAGUE-2018-19-7697290,Ronda 5,2018-11-15,Grecia,1,Finlandia,1,0,,,9.0,1.0,8.0,0.0,0.0,,,,,,,,,,,3.0,2.0,,,,,60.0,,,,,,,,,,16.0,,,,,,,,,,,,,,,,0,,1,0.0,,,,,,,,0.0,0.0,10.0,,,,,2.0,0.0,2.0,0.0,0.0,,,,,,,,,,,2.0,1.0,,,,,40.0,,,,,,,,,,12.0,,,,,,,,,,,,,,,,1,,0,1.0,,,,,,,,1.0,0.0,15.0,,,,,UEFA Nations League,UEFA,UEFA
SEL-NATIONS_LEAGUE-2018-19-7697287,Ronda 5,2018-11-15,Hungría,1,Estonia,2,0,,,15.0,8.0,7.0,0.0,0.0,,,,,,,,,,,4.0,0.0,,,,,60.0,,,,,,,,,,16.0,,,,,,,,,,,,,,,,0,,1,1.0,,,,,,,,1.0,0.0,16.0,,,,,4.0,1.0,3.0,0.0,0.0,,,,,,,,,,,3.0,2.0,,,,,40.0,,,,,,,,,,16.0,,,,,,,,,,,,,,,,2,,0,6.0,,,,,,,,3.0,0.0,14.0,,,,,UEFA Nations League,UEFA,UEFA
SEL-NATIONS_LEAGUE-2018-19-7697285,Ronda 5,2018-11-15,Andorra,1,Georgia,1,1,,,,,,,,,,,,,,,,,,,,,,,,,,,,,,,,,,,,,,,,,,,,,,,,,,1,,0,,,,,,,,,,,,,,,,,,,,,,,,,,,,,,,,,,,,,,,,,,,,,,,,,,,,,,,,,,,,,,,1,,0,,,,,,,,,,,,,,,,UEFA Nations League,UEFA,UEFA
SEL-NATIONS_LEAGUE-2018-19-7697282,Ronda 5,2018-11-15,Luxemburgo,1,Bielorrusia,0,2,,,,,,,,,,,,,,,,,,,,,,,,,,,,,,,,,,,,,,,,,,,,,,,,,,2,,0,,,,,,,,,,,,,,,,,,,,,,,,,,,,,,,,,,,,,,,,,,,,,,,,,,,,,,,,,,,,,,,0,,1,,,,,,,,,,,,,,,,UEFA Nations League,UEFA,UEFA
SEL-NATIONS_LEAGUE-2018-19-7697280,Ronda 5,2018-11-15,San Marino,1,Moldavia,0,1,,,,,,,,,,,,,,,,,,,,,,,,,,,,,,,,,,,,,,,,,,,,,,,,,,1,,0,,,,,,,,,,,,,,,,,,,,,,,,,,,,,,,,,,,,,,,,,,,,,,,,,,,,,,,,,,,,,,,0,,1,,,,,,,,,,,,,,,,UEFA Nations League,UEFA,UEFA
SEL-NATIONS_LEAGUE-2018-19-7697305,Ronda 5,2018-11-16,Países Bajos,1,Francia,2,0,,,14.0,11.0,3.0,0.0,0.0,,,,,,,,,,,8.0,4.0,,,,,64.0,,,,,,,,,,13.0,,,,,,,,,,,,,,,,0,,1,2.0,,,,,,,,1.0,0.0,9.0,,,,,5.0,2.0,3.0,0.0,0.0,,,,,,,,,,,2.0,0.0,,,,,36.0,,,,,,,,,,13.0,,,,,,,,,,,,,,,,2,,0,9.0,,,,,,,,4.0,0.0,13.0,,,,,UEFA Nations League,UEFA,UEFA
SEL-NATIONS_LEAGUE-2018-19-7697302,Ronda 5,2018-11-16,Eslovaquia,1,Ucrania,4,1,,,9.0,4.0,5.0,0.0,0.0,,,,,,,,,,,4.0,5.0,,,,,44.0,,,,,,,,,,12.0,,,,,,,,,,,,,,,,1,,0,6.0,,,,,,,,1.0,0.0,15.0,,,,,11.0,7.0,4.0,0.0,0.0,,,,,,,,,,,2.0,2.0,,,,,56.0,,,,,,,,,,20.0,,,,,,,,,,,,,,,,4,,0,0.0,,,,,,,,3.0,0.0,10.0,,,,,UEFA Nations League,UEFA,UEFA
SEL-NATIONS_LEAGUE-2018-19-7697297,Ronda 5,2018-11-16,Gales,1,Dinamarca,1,2,,,14.0,7.0,7.0,0.0,0.0,,,,,,,,,,,6.0,0.0,,,,,53.0,,,,,,,,,,14.0,,,,,,,,,,,,,,,,2,,0,1.0,,,,,,,,4.0,0.0,10.0,,,,,7.0,3.0,4.0,0.0,0.0,,,,,,,,,,,5.0,2.0,,,,,47.0,,,,,,,,,,10.0,,,,,,,,,,,,,,,,1,,0,6.0,,,,,,,,5.0,0.0,12.0,,,,,UEFA Nations League,UEFA,UEFA
SEL-NATIONS_LEAGUE-2018-19-7697292,Ronda 5,2018-11-16,Chipre,1,Bulgaria,1,1,,,5.0,3.0,2.0,0.0,0.0,,,,,,,,,,,1.0,2.0,,,,,35.0,,,,,,,,,,14.0,,,,,,,,,,,,,,,,1,,0,5.0,,,,,,,,2.0,0.0,16.0,,,,,13.0,6.0,7.0,0.0,0.0,,,,,,,,,,,10.0,3.0,,,,,65.0,,,,,,,,,,18.0,,,,,,,,,,,,,,,,1,,0,2.0,,,,,,,,1.0,0.0,11.0,,,,,UEFA Nations League,UEFA,UEFA
SEL-NATIONS_LEAGUE-2018-19-7697293,Ronda 5,2018-11-16,Eslovenia,1,Noruega,1,1,,,2.0,2.0,0.0,0.0,0.0,,,,,,,,,,,3.0,2.0,,,,,38.0,,,,,,,,,,12.0,,,,,,,,,,,,,,,,1,,0,3.0,,,,,,,,1.0,0.0,16.0,,,,,13.0,4.0,9.0,0.0,0.0,,,,,,,,,,,8.0,0.0,,,,,62.0,,,,,,,,,,18.0,,,,,,,,,,,,,,,,1,,0,1.0,,,,,,,,2.0,0.0,12.0,,,,,UEFA Nations League,UEFA,UEFA
SEL-NATIONS_LEAGUE-2018-19-7697268,Ronda 5,2018-11-16,Gibraltar,1,Armenia,2,6,,,,,,,,,,,,,,,,,,,,,,,,,,,,,,,,,,,,,,,,,,,,,,,,,,6,,0,,,,,,,,,,,,,,,,,,,,,,,,,,,,,,,,,,,,,,,,,,,,,,,,,,,,,,,,,,,,,,,2,,0,,,,,,,,,,,,,,,,UEFA Nations League,UEFA,UEFA
SEL-NATIONS_LEAGUE-2018-19-7697263,Ronda 5,2018-11-16,Liechtenstein,1,Macedonia del Norte,0,2,,,,,,,,,,,,,,,,,,,,,,,,,,,,,,,,,,,,,,,,,,,,,,,,,,2,,0,,,,,,,,,,,,,,,,,,,,,,,,,,,,,,,,,,,,,,,,,,,,,,,,,,,,,,,,,,,,,,,0,,1,,,,,,,,,,,,,,,,UEFA Nations League,UEFA,UEFA
SEL-NATIONS_LEAGUE-2018-19-7697289,Ronda 5,2018-11-17,Serbia,1,Montenegro,2,1,,,12.0,4.0,8.0,0.0,0.0,,,,,,,,,,,6.0,1.0,,,,,50.0,,,,,,,,,,16.0,,,,,,,,,,,,,,,,1,,0,4.0,,,,,,,,2.0,0.0,17.0,,,,,7.0,5.0,2.0,0.0,0.0,,,,,,,,,,,4.0,2.0,,,,,50.0,,,,,,,,,,18.0,,,,,,,,,,,,,,,,2,,0,2.0,,,,,,,,4.0,0.0,14.0,,,,,UEFA Nations League,UEFA,UEFA
SEL-NATIONS_LEAGUE-2018-19-7697296,Ronda 5,2018-11-17,Turquía,1,Suecia,0,1,,,9.0,3.0,6.0,0.0,0.0,,,,,,,,,,,7.0,2.0,,,,,57.0,,,,,,,,,,17.0,,,,,,,,,,,,,,,,1,,0,2.0,,,,,,,,1.0,0.0,14.0,,,,,7.0,3.0,4.0,0.0,0.0,,,,,,,,,,,7.0,1.0,,,,,43.0,,,,,,,,,,16.0,,,,,,,,,,,,,,,,0,,1,3.0,,,,,,,,2.0,0.0,16.0,,,,,UEFA Nations League,UEFA,UEFA
SEL-NATIONS_LEAGUE-2018-19-7697271,Ronda 5,2018-11-17,Azerbaiyán,1,Islas Feroe,2,0,,,,,,,,,,,,,,,,,,,,,,,,,,,,,,,,,,,,,,,,,,,,,,,,,,0,,1,,,,,,,,,,,,,,,,,,,,,,,,,,,,,,,,,,,,,,,,,,,,,,,,,,,,,,,,,,,,,,,2,,0,,,,,,,,,,,,,,,,UEFA Nations League,UEFA,UEFA
SEL-NATIONS_LEAGUE-2018-19-7697272,Ronda 5,2018-11-17,Malta,1,Kosovo,0,5,,,,,,,,,,,,,,,,,,,,,,,,,,,,,,,,,,,,,,,,,,,,,,,,,,5,,0,,,,,,,,,,,,,,,,,,,,,,,,,,,,,,,,,,,,,,,,,,,,,,,,,,,,,,,,,,,,,,,0,,1,,,,,,,,,,,,,,,,UEFA Nations League,UEFA,UEFA
SEL-NATIONS_LEAGUE-2018-19-7697307,Ronda 5,2018-11-17,Italia,1,Portugal,0,0,,,11.0,3.0,8.0,0.0,0.0,,,,,,,,,,,4.0,4.0,,,,,65.0,,,,,,,,,,11.0,,,,,,,,,,,,,,,,0,,1,1.0,,,,,,,,3.0,0.0,10.0,,,,,5.0,1.0,4.0,0.0,0.0,,,,,,,,,,,3.0,0.0,,,,,35.0,,,,,,,,,,14.0,,,,,,,,,,,,,,,,0,,1,3.0,,,,,,,,3.0,0.0,11.0,,,,,UEFA Nations League,UEFA,UEFA
SEL-NATIONS_LEAGUE-2018-19-7697295,Ronda 5,2018-11-17,Albania,1,Escocia,0,4,,,4.0,0.0,4.0,0.0,0.0,,,,,,,,,,,3.0,2.0,,,,,60.0,,,,,,,,,,25.0,,,,,,,,,,,,,,,,4,,0,1.0,,,,,,,,3.0,1.0,10.0,,,,,11.0,6.0,5.0,0.0,0.0,,,,,,,,,,,6.0,3.0,,,,,40.0,,,,,,,,,,12.0,,,,,,,,,,,,,,,,0,,1,0.0,,,,,,,,4.0,0.0,22.0,,,,,UEFA Nations League,UEFA,UEFA
SEL-NATIONS_LEAGUE-2018-19-7697288,Ronda 5,2018-11-17,Rumania,1,Lituania,3,0,,,12.0,7.0,5.0,0.0,0.0,,,,,,,,,,,1.0,3.0,,,,,59.0,,,,,,,,,,18.0,,,,,,,,,,,,,,,,0,,1,0.0,,,,,,,,4.0,0.0,15.0,,,,,3.0,0.0,3.0,0.0,0.0,,,,,,,,,,,3.0,0.0,,,,,41.0,,,,,,,,,,18.0,,,,,,,,,,,,,,,,3,,0,4.0,,,,,,,,2.0,1.0,18.0,,,,,UEFA Nations League,UEFA,UEFA
SEL-NATIONS_LEAGUE-2018-19-7697301,Ronda 6,2018-11-18,Inglaterra,1,Croacia,2,1,,,10.0,7.0,3.0,0.0,0.0,,,,,,,,,,,9.0,3.0,,,,,65.0,,,,,,,,,,13.0,,,,,,,,,,,,,,,,1,,0,2.0,,,,,,,,1.0,0.0,9.0,,,,,10.0,4.0,6.0,0.0,0.0,,,,,,,,,,,4.0,2.0,,,,,35.0,,,,,,,,,,12.0,,,,,,,,,,,,,,,,2,,0,5.0,,,,,,,,3.0,0.0,11.0,,,,,UEFA Nations League,UEFA,UEFA
SEL-NATIONS_LEAGUE-2018-19-7697298,Ronda 6,2018-11-18,Irlanda del Norte,1,Austria,1,2,,,5.0,2.0,3.0,0.0,0.0,,,,,,,,,,,5.0,2.0,,,,,55.0,,,,,,,,,,13.0,,,,,,,,,,,,,,,,2,,0,1.0,,,,,,,,1.0,0.0,9.0,,,,,8.0,3.0,5.0,0.0,0.0,,,,,,,,,,,1.0,2.0,,,,,45.0,,,,,,,,,,11.0,,,,,,,,,,,,,,,,1,,0,1.0,,,,,,,,2.0,0.0,11.0,,,,,UEFA Nations League,UEFA,UEFA
SEL-NATIONS_LEAGUE-2018-19-7697284,Ronda 6,2018-11-18,Moldavia,1,Luxemburgo,1,1,,,,,,,,,,,,,,,,,,,,,,,,,,,,,,,,,,,,,,,,,,,,,,,,,,1,,0,,,,,,,,,,,,,,,,,,,,,,,,,,,,,,,,,,,,,,,,,,,,,,,,,,,,,,,,,,,,,,,1,,0,,,,,,,,,,,,,,,,UEFA Nations League,UEFA,UEFA
SEL-NATIONS_LEAGUE-2018-19-7697283,Ronda 6,2018-11-18,San Marino,1,Bielorrusia,0,2,,,,,,,,,,,,,,,,,,,,,,,,,,,,,,,,,,,,,,,,,,,,,,,,,,2,,0,,,,,,,,,,,,,,,,,,,,,,,,,,,,,,,,,,,,,,,,,,,,,,,,,,,,,,,,,,,,,,,0,,1,,,,,,,,,,,,,,,,UEFA Nations League,UEFA,UEFA
SEL-NATIONS_LEAGUE-2018-19-7697304,Ronda 6,2018-11-18,Suiza,1,Bélgica,5,2,,,12.0,9.0,3.0,0.0,0.0,,,,,,,,,,,7.0,3.0,,,,,55.0,,,,,,,,,,7.0,,,,,,,,,,,,,,,,2,,0,5.0,,,,,,,,3.0,0.0,8.0,,,,,11.0,7.0,4.0,0.0,0.0,,,,,,,,,,,5.0,2.0,,,,,45.0,,,,,,,,,,11.0,,,,,,,,,,,,,,,,5,,0,4.0,,,,,,,,0.0,0.0,5.0,,,,,UEFA Nations League,UEFA,UEFA
SEL-NATIONS_LEAGUE-2018-19-7697291,Ronda 6,2018-11-18,Grecia,1,Estonia,0,1,,,20.0,10.0,10.0,0.0,0.0,,,,,,,,,,,15.0,4.0,,,,,70.0,,,,,,,,,,23.0,,,,,,,,,,,,,,,,1,,0,3.0,,,,,,,,2.0,0.0,11.0,,,,,4.0,3.0,1.0,0.0,0.0,,,,,,,,,,,0.0,4.0,,,,,30.0,,,,,,,,,,15.0,,,,,,,,,,,,,,,,0,,1,8.0,,,,,,,,3.0,0.0,19.0,,,,,UEFA Nations League,UEFA,UEFA
SEL-NATIONS_LEAGUE-2018-19-7697294,Ronda 6,2018-11-18,Hungría,1,Finlandia,2,0,,,12.0,7.0,5.0,0.0,0.0,,,,,,,,,,,2.0,0.0,,,,,49.0,,,,,,,,,,18.0,,,,,,,,,,,,,,,,0,,1,2.0,,,,,,,,3.0,0.0,17.0,,,,,6.0,2.0,4.0,0.0,0.0,,,,,,,,,,,2.0,2.0,,,,,51.0,,,,,,,,,,17.0,,,,,,,,,,,,,,,,2,,0,5.0,,,,,,,,2.0,0.0,16.0,,,,,UEFA Nations League,UEFA,UEFA
SEL-NATIONS_LEAGUE-2018-19-7697229,Ronda 6,2018-11-19,Andorra,1,Letonia,0,0,,,,,,,,,,,,,,,,,,,,,,,,,,,,,,,,,,,,,,,,,,,,,,,,,,0,,1,,,,,,,,,,,,,,,,,,,,,,,,,,,,,,,,,,,,,,,,,,,,,,,,,,,,,,,,,,,,,,,0,,1,,,,,,,,,,,,,,,,UEFA Nations League,UEFA,UEFA
SEL-NATIONS_LEAGUE-2018-19-7697230,Ronda 6,2018-11-19,Georgia,1,Kazajistán,2,1,,,,,,,,,,,,,,,,,,,,,,,,,,,,,,,,,,,,,,,,,,,,,,,,,,1,,0,,,,,,,,,,,,,,,,,,,,,,,,,,,,,,,,,,,,,,,,,,,,,,,,,,,,,,,,,,,,,,,2,,0,,,,,,,,,,,,,,,,UEFA Nations League,UEFA,UEFA
SEL-NATIONS_LEAGUE-2018-19-7697254,Ronda 6,2018-11-19,Alemania,1,Países Bajos,2,2,,,10.0,5.0,5.0,0.0,0.0,,,,,,,,,,,5.0,2.0,,,,,45.0,,,,,,,,,,11.0,,,,,,,,,,,,,,,,2,,0,2.0,,,,,,,,3.0,0.0,14.0,,,,,4.0,4.0,0.0,0.0,0.0,,,,,,,,,,,4.0,1.0,,,,,55.0,,,,,,,,,,16.0,,,,,,,,,,,,,,,,2,,0,3.0,,,,,,,,1.0,0.0,10.0,,,,,UEFA Nations League,UEFA,UEFA
SEL-NATIONS_LEAGUE-2018-19-7697250,Ronda 6,2018-11-19,República Checa,1,Eslovaquia,1,0,,,5.0,2.0,3.0,0.0,0.0,,,,,,,,,,,7.0,2.0,,,,,43.0,,,,,,,,,,15.0,,,,,,,,,,,,,,,,0,,1,2.0,,,,,,,,2.0,0.0,13.0,,,,,5.0,2.0,3.0,0.0,0.0,,,,,,,,,,,6.0,1.0,,,,,57.0,,,,,,,,,,15.0,,,,,,,,,,,,,,,,1,,0,1.0,,,,,,,,2.0,0.0,14.0,,,,,UEFA Nations League,UEFA,UEFA
SEL-NATIONS_LEAGUE-2018-19-7697246,Ronda 6,2018-11-19,Dinamarca,1,Irlanda,0,0,,,13.0,1.0,12.0,0.0,0.0,,,,,,,,,,,2.0,3.0,,,,,70.0,,,,,,,,,,13.0,,,,,,,,,,,,,,,,0,,1,0.0,,,,,,,,0.0,0.0,7.0,,,,,1.0,0.0,1.0,0.0,0.0,,,,,,,,,,,0.0,3.0,,,,,30.0,,,,,,,,,,10.0,,,,,,,,,,,,,,,,0,,1,1.0,,,,,,,,1.0,0.0,10.0,,,,,UEFA Nations League,UEFA,UEFA
SEL-NATIONS_LEAGUE-2018-19-7697236,Ronda 6,2018-11-19,Bulgaria,1,Eslovenia,1,1,,,11.0,6.0,5.0,0.0,0.0,,,,,,,,,,,2.0,3.0,,,,,54.0,,,,,,,,,,22.0,,,,,,,,,,,,,,,,1,,0,1.0,,,,,,,,2.0,0.0,14.0,,,,,7.0,2.0,5.0,0.0,0.0,,,,,,,,,,,1.0,1.0,,,,,46.0,,,,,,,,,,17.0,,,,,,,,,,,,,,,,1,,0,5.0,,,,,,,,2.0,0.0,21.0,,,,,UEFA Nations League,UEFA,UEFA
SEL-NATIONS_LEAGUE-2018-19-7697235,Ronda 6,2018-11-19,Chipre,1,Noruega,0,2,,,6.0,1.0,3.0,2.0,0.0,,,,,,,,,,0.0,1.0,2.0,2.0,51.0,,,49.0,81.0,387.0,478.0,,,30.0,,,,22.0,,,,12.5,1.0,8.0,,18.0,,,10.0,4.0,6.0,,17.0,2,,0,3.0,,,,,,,,0.0,1.0,10.0,,,,,17.0,5.0,8.0,4.0,0.0,,,,,,,,,,4.0,6.0,2.0,3.0,64.0,,,51.0,81.3,408.0,502.0,,,36.0,,,,10.0,,,,26.7,4.0,15.0,,9.0,,,14.0,11.0,3.0,,12.0,0,,1,1.0,,,,,,,,3.0,1.0,23.0,,,,,UEFA Nations League,UEFA,UEFA
SEL-NATIONS_LEAGUE-2018-19-7697224,Ronda 6,2018-11-19,Liechtenstein,1,Armenia,2,2,,,,,,,,,,,,,,,,,,,,,,,,,,,,,,,,,,,,,,,,,,,,,,,,,,2,,0,,,,,,,,,,,,,,,,,,,,,,,,,,,,,,,,,,,,,,,,,,,,,,,,,,,,,,,,,,,,,,,2,,0,,,,,,,,,,,,,,,,UEFA Nations League,UEFA,UEFA
SEL-NATIONS_LEAGUE-2018-19-7697228,Ronda 6,2018-11-19,Macedonia del Norte,1,Gibraltar,4,0,,,,,,,,,,,,,,,,,,,,,,,,,,,,,,,,,,,,,,,,,,,,,,,,,,0,,1,,,,,,,,,,,,,,,,,,,,,,,,,,,,,,,,,,,,,,,,,,,,,,,,,,,,,,,,,,,,,,,4,,0,,,,,,,,,,,,,,,,UEFA Nations League,UEFA,UEFA
SEL-NATIONS_LEAGUE-2018-19-7697257,Ronda 6,2018-11-20,Portugal,1,Polonia,1,1,,,2.0,1.0,1.0,0.0,0.0,,,,,,,,,,,5.0,2.0,,,,,51.0,,,,,,,,,,12.0,,,,,,,,,,,,,,,,1,,0,1.0,,,,,,,,2.0,1.0,10.0,,,,,8.0,2.0,6.0,0.0,0.0,,,,,,,,,,,5.0,0.0,,,,,49.0,,,,,,,,,,12.0,,,,,,,,,,,,,,,,1,,0,0.0,,,,,,,,3.0,0.0,12.0,,,,,UEFA Nations League,UEFA,UEFA
SEL-NATIONS_LEAGUE-2018-19-7697249,Ronda 6,2018-11-20,Suecia,1,Rusia,2,0,,,11.0,5.0,6.0,0.0,0.0,,,,,,,,,,,4.0,5.0,,,,,61.0,,,,,,,,,,9.0,,,,,,,,,,,,,,,,0,,1,3.0,,,,,,,,0.0,0.0,10.0,,,,,6.0,3.0,3.0,0.0,0.0,,,,,,,,,,,0.0,2.0,,,,,39.0,,,,,,,,,,15.0,,,,,,,,,,,,,,,,2,,0,3.0,,,,,,,,1.0,0.0,7.0,,,,,UEFA Nations League,UEFA,UEFA
SEL-NATIONS_LEAGUE-2018-19-7697245,Ronda 6,2018-11-20,Escocia,1,Israel,3,2,,,9.0,4.0,5.0,0.0,0.0,,,,,,,,,,,5.0,3.0,,,,,47.0,,,,,,,,,,14.0,,,,,,,,,,,,,,,,2,,0,1.0,,,,,,,,2.0,0.0,7.0,,,,,5.0,3.0,2.0,0.0,0.0,,,,,,,,,,,8.0,2.0,,,,,53.0,,,,,,,,,,10.0,,,,,,,,,,,,,,,,3,,0,1.0,,,,,,,,3.0,0.0,12.0,,,,,UEFA Nations League,UEFA,UEFA
SEL-NATIONS_LEAGUE-2018-19-7697240,Ronda 6,2018-11-20,Montenegro,1,Rumania,0,1,,,5.0,1.0,4.0,0.0,0.0,,,,,,,,,,,4.0,6.0,,,,,51.0,,,,,,,,,,25.0,,,,,,,,,,,,,,,,1,,0,6.0,,,,,,,,6.0,0.0,12.0,,,,,13.0,7.0,6.0,0.0,0.0,,,,,,,,,,,7.0,4.0,,,,,49.0,,,,,,,,,,18.0,,,,,,,,,,,,,,,,0,,1,1.0,,,,,,,,3.0,0.0,21.0,,,,,UEFA Nations League,UEFA,UEFA
SEL-NATIONS_LEAGUE-2018-19-7697237,Ronda 6,2018-11-20,Serbia,1,Lituania,4,1,,,10.0,5.0,5.0,0.0,0.0,,,,,,,,,,,6.0,2.0,,,,,73.0,,,,,,,,,,9.0,,,,,,,,,,,,,,,,1,,0,3.0,,,,,,,,0.0,0.0,5.0,,,,,6.0,4.0,2.0,0.0,0.0,,,,,,,,,,,2.0,1.0,,,,,27.0,,,,,,,,,,7.0,,,,,,,,,,,,,,,,4,,0,2.0,,,,,,,,1.0,0.0,8.0,,,,,UEFA Nations League,UEFA,UEFA
SEL-NATIONS_LEAGUE-2018-19-7697226,Ronda 6,2018-11-20,Kosovo,1,Azerbaiyán,4,0,,,,,,,,,,,,,,,,,,,,,,,,,,,,,,,,,,,,,,,,,,,,,,,,,,0,,1,,,,,,,,,,,,,,,,,,,,,,,,,,,,,,,,,,,,,,,,,,,,,,,,,,,,,,,,,,,,,,,4,,0,,,,,,,,,,,,,,,,UEFA Nations League,UEFA,UEFA
SEL-NATIONS_LEAGUE-2018-19-7697225,Ronda 6,2018-11-20,Malta,1,Islas Feroe,1,1,,,,,,,,,,,,,,,,,,,,,,,,,,,,,,,,,,,,,,,,,,,,,,,,,,1,,0,,,,,,,,,,,,,,,,,,,,,,,,,,,,,,,,,,,,,,,,,,,,,,,,,,,,,,,,,,,,,,,1,,0,,,,,,,,,,,,,,,,UEFA Nations League,UEFA,UEFA
SEL-NATIONS_LEAGUE-2018-19-7697172,Semifinals,2018-09-09,Ucrania,1,Eslovaquia,1,0,,,10.0,6.0,4.0,0.0,0.0,,,,,,,,,,,9.0,0.0,,,,,50.0,,,,,,,,,,15.0,,,,,,,,,,,,,,,,0,,1,2.0,,,,,,,,2.0,0.0,7.0,,,,,9.0,2.0,7.0,0.0,0.0,,,,,,,,,,,4.0,5.0,,,,,50.0,,,,,,,,,,7.0,,,,,,,,,,,,,,,,1,,0,5.0,,,,,,,,2.0,0.0,10.0,,,,,UEFA Nations League,UEFA,UEFA
SEL-NATIONS_LEAGUE-2018-19-7697178,Semifinals,2018-09-09,Dinamarca,1,Gales,2,0,,,14.0,6.0,8.0,0.0,0.0,,,,,,,,,,,6.0,1.0,,,,,49.0,,,,,,,,,,9.0,,,,,,,,,,,,,,,,0,,1,2.0,,,,,,,,1.0,0.0,18.0,,,,,8.0,2.0,6.0,0.0,0.0,,,,,,,,,,,1.0,1.0,,,,,51.0,,,,,,,,,,19.0,,,,,,,,,,,,,,,,2,,0,4.0,,,,,,,,2.0,0.0,8.0,,,,,UEFA Nations League,UEFA,UEFA
SEL-NATIONS_LEAGUE-2018-19-7697187,Semifinals,2018-09-09,Bulgaria,1,Noruega,1,0,,,2.0,1.0,1.0,0.0,0.0,,,,,,,,,,,3.0,3.0,,,,,45.0,,,,,,,,,,28.0,,,,,,,,,,,,,,,,0,,1,4.0,,,,,,,,3.0,0.0,11.0,,,,,6.0,4.0,2.0,0.0,0.0,,,,,,,,,,,12.0,0.0,,,,,55.0,,,,,,,,,,14.0,,,,,,,,,,,,,,,,1,,0,0.0,,,,,,,,4.0,1.0,28.0,,,,,UEFA Nations League,UEFA,UEFA
SEL-NATIONS_LEAGUE-2018-19-7697194,Semifinals,2018-09-09,Georgia,1,Letonia,1,0,,,9.0,5.0,4.0,0.0,0.0,,,,,,,,,,,6.0,2.0,,,,,65.0,,,,,,,,,,13.0,,,,,,,,,,,,,,,,0,,1,2.0,,,,,,,,1.0,0.0,14.0,,,,,3.0,2.0,1.0,0.0,0.0,,,,,,,,,,,4.0,3.0,,,,,35.0,,,,,,,,,,16.0,,,,,,,,,,,,,,,,1,,0,4.0,,,,,,,,3.0,0.0,10.0,,,,,UEFA Nations League,UEFA,UEFA
SEL-NATIONS_LEAGUE-2018-19-7697185,Semifinals,2018-09-09,Macedonia del Norte,1,Armenia,2,0,,,,,,,,,,,,,,,,,,,,,,,,,,,,,,,,,,,,,,,,,,,,,,,,,,0,,1,,,,,,,,,,,,,,,,,,,,,,,,,,,,,,,,,,,,,,,,,,,,,,,,,,,,,,,,,,,,,,,2,,0,,,,,,,,,,,,,,,,UEFA Nations League,UEFA,UEFA
SEL-NATIONS_LEAGUE-2018-19-7697168,Semifinals,2018-09-09,Francia,1,Países Bajos,2,1,,,12.0,8.0,4.0,0.0,0.0,,,,,,,,,,,4.0,2.0,,,,,56.0,,,,,,,,,,13.0,,,,,,,,,,,,,,,,1,,0,0.0,,,,,,,,2.0,0.0,8.0,,,,,5.0,1.0,4.0,0.0,0.0,,,,,,,,,,,2.0,1.0,,,,,44.0,,,,,,,,,,10.0,,,,,,,,,,,,,,,,2,,0,6.0,,,,,,,,0.0,0.0,12.0,,,,,UEFA Nations League,UEFA,UEFA
SEL-NATIONS_LEAGUE-2018-19-7697186,Semifinals,2018-09-09,Chipre,1,Eslovenia,2,1,,,9.0,6.0,3.0,0.0,0.0,,,,,,,,,,,4.0,3.0,,,,,53.0,,,,,,,,,,25.0,,,,,,,,,,,,,,,,1,,0,2.0,,,,,,,,2.0,0.0,16.0,,,,,8.0,3.0,5.0,0.0,0.0,,,,,,,,,,,2.0,3.0,,,,,47.0,,,,,,,,,,19.0,,,,,,,,,,,,,,,,2,,0,5.0,,,,,,,,4.0,0.0,22.0,,,,,UEFA Nations League,UEFA,UEFA
SEL-NATIONS_LEAGUE-2018-19-7697188,Semifinals,2018-09-09,Liechtenstein,1,Gibraltar,2,0,,,,,,,,,,,,,,,,,,,,,,,,,,,,,,,,,,,,,,,,,,,,,,,,,,0,,1,,,,,,,,,,,,,,,,,,,,,,,,,,,,,,,,,,,,,,,,,,,,,,,,,,,,,,,,,,,,,,,2,,0,,,,,,,,,,,,,,,,UEFA Nations League,UEFA,UEFA
SEL-NATIONS_LEAGUE-2018-19-7697200,Semifinals,2018-09-10,Portugal,1,Italia,1,0,,,8.0,5.0,3.0,0.0,0.0,,,,,,,,,,,6.0,2.0,,,,,54.0,,,,,,,,,,15.0,,,,,,,,,,,,,,,,0,,1,2.0,,,,,,,,2.0,0.0,16.0,,,,,7.0,2.0,5.0,0.0,0.0,,,,,,,,,,,11.0,3.0,,,,,46.0,,,,,,,,,,18.0,,,,,,,,,,,,,,,,1,,0,4.0,,,,,,,,3.0,0.0,12.0,,,,,UEFA Nations League,UEFA,UEFA
SEL-NATIONS_LEAGUE-2018-19-7697202,Semifinals,2018-09-10,Suecia,1,Turquía,2,3,,,11.0,6.0,5.0,0.0,0.0,,,,,,,,,,,4.0,2.0,,,,,38.0,,,,,,,,,,11.0,,,,,,,,,,,,,,,,3,,0,2.0,,,,,,,,,,13.0,,,,,7.0,5.0,2.0,0.0,0.0,,,,,,,,,,,5.0,8.0,,,,,62.0,,,,,,,,,,15.0,,,,,,,,,,,,,,,,2,,0,4.0,,,,,,,,,,3.0,,,,,UEFA Nations League,UEFA,UEFA
SEL-NATIONS_LEAGUE-2018-19-7697205,Semifinals,2018-09-10,Escocia,1,Albania,2,0,,,11.0,6.0,5.0,0.0,0.0,,,,,,,,,,,8.0,3.0,,,,,55.0,,,,,,,,,,24.0,,,,,,,,,,,,,,,,0,,1,2.0,,,,,,,,2.0,0.0,12.0,,,,,5.0,2.0,3.0,0.0,0.0,,,,,,,,,,,3.0,2.0,,,,,45.0,,,,,,,,,,15.0,,,,,,,,,,,,,,,,2,,0,5.0,,,,,,,,3.0,0.0,22.0,,,,,UEFA Nations League,UEFA,UEFA
SEL-NATIONS_LEAGUE-2018-19-7697207,Semifinals,2018-09-10,Montenegro,1,Lituania,2,0,,,8.0,6.0,2.0,0.0,0.0,,,,,,,,,,,5.0,3.0,,,,,59.0,,,,,,,,,,14.0,,,,,,,,,,,,,,,,0,,1,4.0,,,,,,,,2.0,0.0,14.0,,,,,7.0,4.0,3.0,0.0,0.0,,,,,,,,,,,2.0,0.0,,,,,41.0,,,,,,,,,,17.0,,,,,,,,,,,,,,,,2,,0,4.0,,,,,,,,3.0,0.0,14.0,,,,,UEFA Nations League,UEFA,UEFA
SEL-NATIONS_LEAGUE-2018-19-7697206,Semifinals,2018-09-10,Serbia,1,Rumania,2,2,,,10.0,5.0,5.0,0.0,0.0,,,,,,,,,,,10.0,0.0,,,,,63.0,,,,,,,,,,13.0,,,,,,,,,,,,,,,,2,,0,2.0,,,,,,,,1.0,0.0,8.0,,,,,9.0,4.0,5.0,0.0,0.0,,,,,,,,,,,4.0,2.0,,,,,37.0,,,,,,,,,,8.0,,,,,,,,,,,,,,,,2,,0,3.0,,,,,,,,2.0,0.0,11.0,,,,,UEFA Nations League,UEFA,UEFA
SEL-NATIONS_LEAGUE-2018-19-7697204,Semifinals,2018-09-10,Andorra,1,Kazajistán,1,1,,,,,,,,,,,,,,,,,,,,,,,,,,,,,,,,,,,,,,,,,,,,,,,,,,1,,0,,,,,,,,,,,,,,,,,,,,,,,,,,,,,,,,,,,,,,,,,,,,,,,,,,,,,,,,,,,,,,,1,,0,,,,,,,,,,,,,,,,UEFA Nations League,UEFA,UEFA
SEL-NATIONS_LEAGUE-2018-19-7697213,Semifinals,2018-09-10,Kosovo,1,Islas Feroe,2,0,,,,,,,,,,,,,,,,,,,,,,,,,,,,,,,,,,,,,,,,,,,,,,,,,,0,,1,,,,,,,,,,,,,,,,,,,,,,,,,,,,,,,,,,,,,,,,,,,,,,,,,,,,,,,,,,,,,,,2,,0,,,,,,,,,,,,,,,,UEFA Nations League,UEFA,UEFA
SEL-NATIONS_LEAGUE-2018-19-7697215,Semifinals,2018-09-10,Malta,1,Azerbaiyán,1,1,,,,,,,,,,,,,,,,,,,,,,,,,,,,,,,,,,,,,,,,,,,,,,,,,,1,,0,,,,,,,,,,,,,,,,,,,,,,,,,,,,,,,,,,,,,,,,,,,,,,,,,,,,,,,,,,,,,,,1,,0,,,,,,,,,,,,,,,,UEFA Nations League,UEFA,UEFA
SEL-NATIONS_LEAGUE-2018-19-7697199,Semifinals,2018-09-11,Islandia,1,Bélgica,0,3,,,3.0,2.0,1.0,0.0,0.0,,,,,,,,,,,4.0,1.0,,,,,31.0,,,,,,,,,,9.0,,,,,,,,,,,,,,,,3,,0,1.0,,,,,,,,1.0,0.0,7.0,,,,,10.0,4.0,6.0,0.0,0.0,,,,,,,,,,,9.0,1.0,,,,,69.0,,,,,,,,,,8.0,,,,,,,,,,,,,,,,0,,1,2.0,,,,,,,,0.0,0.0,8.0,,,,,UEFA Nations League,UEFA,UEFA
SEL-NATIONS_LEAGUE-2018-19-7697201,Semifinals,2018-09-11,España,1,Croacia,6,0,,,13.0,8.0,5.0,0.0,0.0,,,,,,,,,,,8.0,1.0,,,,,69.0,,,,,,,,,,12.0,,,,,,,,,,,,,,,,0,,1,2.0,,,,,,,,0.0,0.0,12.0,,,,,4.0,2.0,2.0,0.0,0.0,,,,,,,,,,,0.0,3.0,,,,,31.0,,,,,,,,,,13.0,,,,,,,,,,,,,,,,6,,0,3.0,,,,,,,,2.0,0.0,9.0,,,,,UEFA Nations League,UEFA,UEFA
SEL-NATIONS_LEAGUE-2018-19-7697203,Semifinals,2018-09-11,Bosnia,1,Austria,1,0,,,2.0,1.0,1.0,0.0,0.0,,,,,,,,,,,4.0,0.0,,,,,45.0,,,,,,,,,,12.0,,,,,,,,,,,,,,,,0,,1,1.0,,,,,,,,1.0,0.0,12.0,,,,,7.0,1.0,6.0,0.0,0.0,,,,,,,,,,,7.0,2.0,,,,,55.0,,,,,,,,,,12.0,,,,,,,,,,,,,,,,1,,0,0.0,,,,,,,,2.0,0.0,10.0,,,,,UEFA Nations League,UEFA,UEFA
SEL-NATIONS_LEAGUE-2018-19-7697211,Semifinals,2018-09-11,Finlandia,1,Estonia,1,0,,,9.0,4.0,5.0,0.0,0.0,,,,,,,,,,,8.0,1.0,,,,,49.0,,,,,,,,,,15.0,,,,,,,,,,,,,,,,0,,1,2.0,,,,,,,,0.0,0.0,10.0,,,,,12.0,2.0,10.0,0.0,0.0,,,,,,,,,,,9.0,3.0,,,,,51.0,,,,,,,,,,11.0,,,,,,,,,,,,,,,,1,,0,3.0,,,,,,,,2.0,0.0,12.0,,,,,UEFA Nations League,UEFA,UEFA
SEL-NATIONS_LEAGUE-2018-19-7697210,Semifinals,2018-09-11,Hungría,1,Grecia,2,1,,,8.0,7.0,1.0,0.0,0.0,,,,,,,,,,,1.0,5.0,,,,,40.0,,,,,,,,,,16.0,,,,,,,,,,,,,,,,1,,0,5.0,,,,,,,,1.0,0.0,26.0,,,,,11.0,6.0,5.0,0.0,0.0,,,,,,,,,,,6.0,2.0,,,,,60.0,,,,,,,,,,31.0,,,,,,,,,,,,,,,,2,,0,5.0,,,,,,,,3.0,0.0,14.0,,,,,UEFA Nations League,UEFA,UEFA
SEL-NATIONS_LEAGUE-2018-19-7697212,Semifinals,2018-09-11,Moldavia,1,Bielorrusia,0,0,,,,,,,,,,,,,,,,,,,,,,,,,,,,,,,,,,,,,,,,,,,,,,,,,,0,,1,,,,,,,,,,,,,,,,,,,,,,,,,,,,,,,,,,,,,,,,,,,,,,,,,,,,,,,,,,,,,,,0,,1,,,,,,,,,,,,,,,,UEFA Nations League,UEFA,UEFA
SEL-NATIONS_LEAGUE-2018-19-7697208,Semifinals,2018-09-11,San Marino,1,Luxemburgo,0,3,,,,,,,,,,,,,,,,,,,,,,,,,,,,,,,,,,,,,,,,,,,,,,,,,,3,,0,,,,,,,,,,,,,,,,,,,,,,,,,,,,,,,,,,,,,,,,,,,,,,,,,,,,,,,,,,,,,,,0,,1,,,,,,,,,,,,,,,,UEFA Nations League,UEFA,UEFA
SEL-NATIONS_LEAGUE-2018-19-7697193,Final,2018-09-06,Kazajistán,1,Georgia,0,2,,,,,,,,,,,,,,,,,,,,,,,,,,,,,,,,,,,,,,,,,,,,,,,,,,2,,0,,,,,,,,,,,,,,,,,,,,,,,,,,,,,,,,,,,,,,,,,,,,,,,,,,,,,,,,,,,,,,,0,,1,,,,,,,,,,,,,,,,UEFA Nations League,UEFA,UEFA
SEL-NATIONS_LEAGUE-2018-19-7697184,Final,2018-09-06,Armenia,1,Liechtenstein,2,1,,,,,,,,,,,,,,,,,,,,,,,,,,,,,,,,,,,,,,,,,,,,,,,,,,1,,0,,,,,,,,,,,,,,,,,,,,,,,,,,,,,,,,,,,,,,,,,,,,,,,,,,,,,,,,,,,,,,,2,,0,,,,,,,,,,,,,,,,UEFA Nations League,UEFA,UEFA
SEL-NATIONS_LEAGUE-2018-19-7697166,Final,2018-09-06,Alemania,1,Francia,0,0,,,9.0,6.0,3.0,0.0,0.0,,,,,,,,,,,10.0,2.0,,,,,60.0,,,,,,,,,,8.0,,,,,,,,,,,,,,,,0,,1,4.0,,,,,,,,1.0,0.0,13.0,,,,,6.0,4.0,2.0,0.0,0.0,,,,,,,,,,,2.0,1.0,,,,,40.0,,,,,,,,,,15.0,,,,,,,,,,,,,,,,0,,1,6.0,,,,,,,,0.0,0.0,7.0,,,,,UEFA Nations League,UEFA,UEFA
SEL-NATIONS_LEAGUE-2018-19-7697173,Final,2018-09-06,República Checa,1,Ucrania,1,2,,,7.0,4.0,3.0,0.0,0.0,,,,,,,,,,,4.0,4.0,,,,,36.0,,,,,,,,,,9.0,,,,,,,,,,,,,,,,2,,0,9.0,,,,,,,,2.0,0.0,21.0,,,,,21.0,11.0,10.0,0.0,0.0,,,,,,,,,,,5.0,1.0,,,,,64.0,,,,,,,,,,25.0,,,,,,,,,,,,,,,,1,,0,3.0,,,,,,,,0.0,0.0,8.0,,,,,UEFA Nations League,UEFA,UEFA
SEL-NATIONS_LEAGUE-2018-19-7697176,Final,2018-09-06,Gales,1,Irlanda,4,1,,,12.0,8.0,4.0,0.0,0.0,,,,,,,,,,,4.0,4.0,,,,,67.0,,,,,,,,,,17.0,,,,,,,,,,,,,,,,1,,0,2.0,,,,,,,,0.0,0.0,16.0,,,,,5.0,3.0,2.0,0.0,0.0,,,,,,,,,,,3.0,4.0,,,,,33.0,,,,,,,,,,20.0,,,,,,,,,,,,,,,,4,,0,4.0,,,,,,,,1.0,0.0,13.0,,,,,UEFA Nations League,UEFA,UEFA
SEL-NATIONS_LEAGUE-2018-19-7697181,Final,2018-09-06,Noruega,1,Chipre,2,0,,,12.0,3.0,9.0,0.0,0.0,,,,,,,,,,,13.0,4.0,,,,,57.0,,,,,,,,,,13.0,,,,,,,,,,,,,,,,0,,1,2.0,,,,,,,,1.0,0.0,21.0,,,,,4.0,2.0,2.0,0.0,0.0,,,,,,,,,,,2.0,4.0,,,,,43.0,,,,,,,,,,25.0,,,,,,,,,,,,,,,,2,,0,1.0,,,,,,,,2.0,0.0,9.0,,,,,UEFA Nations League,UEFA,UEFA
SEL-NATIONS_LEAGUE-2018-19-7697182,Final,2018-09-06,Eslovenia,1,Bulgaria,1,2,,,9.0,5.0,4.0,0.0,0.0,,,,,,,,,,,8.0,3.0,,,,,56.0,,,,,,,,,,17.0,,,,,,,,,,,,,,,,2,,0,1.0,,,,,,,,2.0,0.0,14.0,,,,,6.0,3.0,3.0,0.0,0.0,,,,,,,,,,,0.0,3.0,,,,,44.0,,,,,,,,,,17.0,,,,,,,,,,,,,,,,1,,0,4.0,,,,,,,,2.0,0.0,14.0,,,,,UEFA Nations League,UEFA,UEFA
SEL-NATIONS_LEAGUE-2018-19-7697195,Final,2018-09-06,Letonia,1,Andorra,0,0,,,,,,,,,,,,,,,,,,,,,,,,,,,,,,,,,,,,,,,,,,,,,,,,,,0,,1,,,,,,,,,,,,,,,,,,,,,,,,,,,,,,,,,,,,,,,,,,,,,,,,,,,,,,,,,,,,,,,0,,1,,,,,,,,,,,,,,,,UEFA Nations League,UEFA,UEFA
SEL-NATIONS_LEAGUE-2018-19-7697183,Final,2018-09-06,Gibraltar,1,Macedonia del Norte,0,2,,,,,,,,,,,,,,,,,,,,,,,,,,,,,,,,,,,,,,,,,,,,,,,,,,2,,0,,,,,,,,,,,,,,,,,,,,,,,,,,,,,,,,,,,,,,,,,,,,,,,,,,,,,,,,,,,,,,,0,,1,,,,,,,,,,,,,,,,UEFA Nations League,UEFA,UEFA
SEL-NATIONS_LEAGUE-2018-19-7697192,Final,2018-09-07,Azerbaiyán,1,Kosovo,0,0,,,,,,,,,,,,,,,,,,,,,,,,,,,,,,,,,,,,,,,,,,,,,,,,,,0,,1,,,,,,,,,,,,,,,,,,,,,,,,,,,,,,,,,,,,,,,,,,,,,,,,,,,,,,,,,,,,,,,0,,1,,,,,,,,,,,,,,,,UEFA Nations League,UEFA,UEFA
SEL-NATIONS_LEAGUE-2018-19-7697169,Final,2018-09-07,Italia,1,Polonia,1,1,,,9.0,2.0,7.0,0.0,0.0,,,,,,,,,,,7.0,2.0,,,,,60.0,,,,,,,,,,20.0,,,,,,,,,,,,,,,,1,,0,3.0,,,,,,,,1.0,0.0,9.0,,,,,6.0,4.0,2.0,0.0,0.0,,,,,,,,,,,6.0,2.0,,,,,40.0,,,,,,,,,,11.0,,,,,,,,,,,,,,,,1,,0,1.0,,,,,,,,3.0,0.0,18.0,,,,,UEFA Nations League,UEFA,UEFA
SEL-NATIONS_LEAGUE-2018-19-7697174,Final,2018-09-07,Turquía,1,Rusia,1,2,,,10.0,7.0,3.0,0.0,0.0,,,,,,,,,,,6.0,1.0,,,,,62.0,,,,,,,,,,21.0,,,,,,,,,,,,,,,,2,,0,2.0,,,,,,,,1.0,0.0,8.0,,,,,9.0,4.0,5.0,0.0,0.0,,,,,,,,,,,3.0,2.0,,,,,38.0,,,,,,,,,,9.0,,,,,,,,,,,,,,,,1,,0,6.0,,,,,,,,2.0,0.0,19.0,,,,,UEFA Nations League,UEFA,UEFA
SEL-NATIONS_LEAGUE-2018-19-7697177,Final,2018-09-07,Albania,1,Israel,1,0,,,9.0,5.0,4.0,0.0,0.0,,,,,,,,,,,5.0,1.0,,,,,46.0,,,,,,,,,,17.0,,,,,,,,,,,,,,,,0,,1,6.0,,,,,,,,2.0,0.0,12.0,,,,,12.0,6.0,6.0,0.0,0.0,,,,,,,,,,,5.0,4.0,,,,,54.0,,,,,,,,,,13.0,,,,,,,,,,,,,,,,1,,0,4.0,,,,,,,,1.0,0.0,13.0,,,,,UEFA Nations League,UEFA,UEFA
SEL-NATIONS_LEAGUE-2018-19-7697197,Final,2018-09-07,Lituania,1,Serbia,0,1,,,5.0,2.0,3.0,0.0,0.0,,,,,,,,,,,5.0,1.0,,,,,36.0,,,,,,,,,,12.0,,,,,,,,,,,,,,,,1,,0,9.0,,,,,,,,1.0,0.0,10.0,,,,,20.0,11.0,9.0,0.0,0.0,,,,,,,,,,,14.0,3.0,,,,,64.0,,,,,,,,,,11.0,,,,,,,,,,,,,,,,0,,1,2.0,,,,,,,,2.0,0.0,9.0,,,,,UEFA Nations League,UEFA,UEFA
SEL-NATIONS_LEAGUE-2018-19-7697196,Final,2018-09-07,Rumania,1,Montenegro,0,0,,,15.0,2.0,13.0,0.0,0.0,,,,,,,,,,,4.0,0.0,,,,,64.0,,,,,,,,,,15.0,,,,,,,,,,,,,,,,0,,1,2.0,,,,,,,,3.0,0.0,28.0,,,,,3.0,2.0,1.0,0.0,0.0,,,,,,,,,,,2.0,1.0,,,,,36.0,,,,,,,,,,28.0,,,,,,,,,,,,,,,,0,,1,2.0,,,,,,,,3.0,1.0,14.0,,,,,UEFA Nations League,UEFA,UEFA
SEL-NATIONS_LEAGUE-2018-19-7697191,Final,2018-09-07,Islas Feroe,1,Malta,3,1,,,,,,,,,,,,,,,,,,,,,,,,,,,,,,,,,,,,,,,,,,,,,,,,,,1,,0,,,,,,,,,,,,,,,,,,,,,,,,,,,,,,,,,,,,,,,,,,,,,,,,,,,,,,,,,,,,,,,3,,0,,,,,,,,,,,,,,,,UEFA Nations League,UEFA,UEFA
SEL-NATIONS_LEAGUE-2018-19-7697175,Final,2018-09-08,Irlanda del Norte,1,Bosnia,1,2,,,14.0,8.0,6.0,0.0,0.0,,,,,,,,,,,18.0,1.0,,,,,66.0,,,,,,,,,,16.0,,,,,,,,,,,,,,,,2,,0,1.0,,,,,,,,0.0,0.0,10.0,,,,,5.0,3.0,2.0,0.0,0.0,,,,,,,,,,,1.0,2.0,,,,,34.0,,,,,,,,,,11.0,,,,,,,,,,,,,,,,1,,0,7.0,,,,,,,,4.0,0.0,14.0,,,,,UEFA Nations League,UEFA,UEFA
SEL-NATIONS_LEAGUE-2018-19-7697167,Final,2018-09-08,Suiza,1,Islandia,6,0,,,17.0,8.0,9.0,0.0,0.0,,,,,,,,,,,4.0,7.0,,,,,59.0,,,,,,,,,,12.0,,,,,,,,,,,,,,,,0,,1,1.0,,,,,,,,3.0,0.0,15.0,,,,,2.0,1.0,1.0,0.0,0.0,,,,,,,,,,,1.0,0.0,,,,,41.0,,,,,,,,,,22.0,,,,,,,,,,,,,,,,6,,0,2.0,,,,,,,,1.0,0.0,12.0,,,,,UEFA Nations League,UEFA,UEFA
SEL-NATIONS_LEAGUE-2018-19-7697180,Final,2018-09-08,Finlandia,1,Hungría,1,0,,,6.0,2.0,4.0,0.0,0.0,,,,,,,,,,,0.0,1.0,,,,,44.0,,,,,,,,,,16.0,,,,,,,,,,,,,,,,0,,1,3.0,,,,,,,,1.0,0.0,15.0,,,,,12.0,3.0,9.0,0.0,0.0,,,,,,,,,,,4.0,0.0,,,,,56.0,,,,,,,,,,16.0,,,,,,,,,,,,,,,,1,,0,1.0,,,,,,,,4.0,0.0,16.0,,,,,UEFA Nations League,UEFA,UEFA
SEL-NATIONS_LEAGUE-2018-19-7697190,Final,2018-09-08,Bielorrusia,1,San Marino,5,0,,,,,,,,,,,,,,,,,,,,,,,,,,,,,,,,,,,,,,,,,,,,,,,,,,0,,1,,,,,,,,,,,,,,,,,,,,,,,,,,,,,,,,,,,,,,,,,,,,,,,,,,,,,,,,,,,,,,,5,,0,,,,,,,,,,,,,,,,UEFA Nations League,UEFA,UEFA
SEL-NATIONS_LEAGUE-2018-19-7697170,Final,2018-09-08,Inglaterra,1,España,1,2,,,8.0,5.0,3.0,0.0,0.0,,,,,,,,,,,4.0,3.0,,,,,43.0,,,,,,,,,,12.0,,,,,,,,,,,,,,,,2,,0,2.0,,,,,,,,4.0,0.0,16.0,,,,,8.0,4.0,4.0,0.0,0.0,,,,,,,,,,,1.0,3.0,,,,,57.0,,,,,,,,,,19.0,,,,,,,,,,,,,,,,1,,0,4.0,,,,,,,,1.0,0.0,9.0,,,,,UEFA Nations League,UEFA,UEFA
SEL-NATIONS_LEAGUE-2018-19-7697179,Final,2018-09-08,Estonia,1,Grecia,0,1,,,4.0,1.0,3.0,0.0,0.0,,,,,,,,,,,4.0,0.0,,,,,42.0,,,,,,,,,,10.0,,,,,,,,,,,,,,,,1,,0,5.0,,,,,,,,2.0,0.0,18.0,,,,,11.0,6.0,5.0,0.0,0.0,,,,,,,,,,,2.0,2.0,,,,,58.0,,,,,,,,,,18.0,,,,,,,,,,,,,,,,0,,1,1.0,,,,,,,,0.0,0.0,8.0,,,,,UEFA Nations League,UEFA,UEFA
SEL-NATIONS_LEAGUE-2018-19-7697189,Final,2018-09-08,Luxemburgo,1,Moldavia,4,0,,,,,,,,,,,,,,,,,,,,,,,,,,,,,,,,,,,,,,,,,,,,,,,,,,0,,1,,,,,,,,,,,,,,,,,,,,,,,,,,,,,,,,,,,,,,,,,,,,,,,,,,,,,,,,,,,,,,,4,,0,,,,,,,,,,,,,,,,UEFA Nations League,UEFA,UEFA
SEL-NATIONS_LEAGUE-2020-21-8600839,Final,2020-09-03,Letonia,1,Andorra,0,0,,,16.0,4.0,8.0,4.0,2.0,,,,,,,,,,2.0,4.0,0.0,12.0,69.0,,,67.0,74.8,324.0,433.0,,,43.0,,,,13.0,,,,18.5,5.0,27.0,,12.0,,,19.0,11.0,8.0,,17.0,0,,1,0.0,,,,,,,,0.0,1.0,17.0,,,,,7.0,0.0,5.0,2.0,0.0,,,,,,,,,,0.0,1.0,1.0,3.0,44.0,,,33.0,50.7,111.0,219.0,,,19.0,,,,17.0,,,,,0.0,8.0,,21.0,,,24.0,11.0,13.0,,31.0,0,,1,4.0,,,,,,,,5.0,0.0,13.0,,,7.09,6.93,UEFA Nations League,UEFA,UEFA
SEL-NATIONS_LEAGUE-2020-21-8600763,Final,2020-09-03,Alemania,1,España,1,1,,,10.0,7.0,3.0,0.0,1.0,,,,,,,,,,2.0,6.0,4.0,7.0,33.0,,,41.0,83.4,393.0,471.0,,,30.0,,,,10.0,,,,28.6,2.0,7.0,,17.0,,,15.0,12.0,3.0,,18.0,1,,0,4.0,,,,,,,,,,12.0,,,,,12.0,5.0,6.0,1.0,0.0,,,,,,,,,,2.0,4.0,3.0,9.0,85.0,,,59.0,89.7,601.0,670.0,,,53.0,,,,11.0,,,,31.8,7.0,22.0,,12.0,,,10.0,7.0,3.0,,4.0,1,,0,7.0,,,,,,,,,,10.0,,,7.15,7.19,UEFA Nations League,UEFA,UEFA
SEL-NATIONS_LEAGUE-2020-21-8600731,Final,2020-09-03,Ucrania,1,Suiza,2,1,,,14.0,4.0,8.0,2.0,1.0,,,,,,,,,,2.0,2.0,1.0,11.0,34.0,,,44.0,83.7,376.0,449.0,,,32.0,,,,16.0,,,,,0.0,4.0,,11.0,,,17.0,11.0,6.0,,34.0,1,,0,0.0,,,,,,,,1.0,,7.0,,,,,9.0,1.0,6.0,2.0,1.0,,,,,,,,,,1.0,5.0,5.0,5.0,83.0,,,56.0,88.2,479.0,543.0,,,44.0,,,,7.0,,,,10.0,3.0,30.0,,5.0,,,12.0,11.0,1.0,,2.0,2,,0,2.0,,,,,,,,2.0,,17.0,,,7.12,6.49,UEFA Nations League,UEFA,UEFA
SEL-NATIONS_LEAGUE-2020-21-8600813,Final,2020-09-03,Rusia,1,Serbia,3,1,,,9.0,4.0,1.0,4.0,0.0,,,,,,,,,,3.0,3.0,3.0,3.0,55.0,,,38.0,75.1,269.0,358.0,,,29.0,,,,12.0,,,,12.5,3.0,24.0,,14.0,,,12.0,8.0,4.0,,15.0,1,,0,5.0,,,,,,,,0.0,,16.0,,,,,15.0,6.0,6.0,3.0,0.0,,,,,,,,,,2.0,4.0,1.0,11.0,42.0,,,62.0,84.7,520.0,614.0,,,30.0,,,,16.0,,,,20.0,2.0,10.0,,8.0,,,9.0,5.0,4.0,,28.0,3,,0,1.0,,,,,,,,2.0,,12.0,,,6.97,6.73,UEFA Nations League,UEFA,UEFA
SEL-NATIONS_LEAGUE-2020-21-8600810,Final,2020-09-03,Turquía,1,Hungría,0,1,,,10.0,4.0,5.0,1.0,0.0,,,,,,,,,,0.0,3.0,3.0,12.0,62.0,,,60.0,85.6,494.0,577.0,,,32.0,,,,19.0,,,,26.7,4.0,15.0,,5.0,,,15.0,9.0,6.0,,15.0,1,,0,4.0,,,,,,,,2.0,,13.0,,,,,14.0,5.0,4.0,5.0,2.0,,,,,,,,,,2.0,5.0,2.0,10.0,51.0,,,40.0,81.2,307.0,378.0,,,34.0,,,,13.0,,,,46.7,7.0,15.0,,12.0,,,17.0,11.0,6.0,,9.0,0,,1,4.0,,,,,,,,3.0,,19.0,,,6.97,7.14,UEFA Nations League,UEFA,UEFA
SEL-NATIONS_LEAGUE-2020-21-8600814,Final,2020-09-03,Bulgaria,1,Irlanda,1,1,,,10.0,4.0,4.0,2.0,0.0,,,,,,,,,,1.0,1.0,2.0,1.0,35.0,,,38.0,80.4,292.0,363.0,,,21.0,,,,16.0,,,,20.0,1.0,5.0,,9.0,,,13.0,7.0,6.0,,20.0,1,,0,2.0,,,,,,,,0.0,,15.0,,,,,14.0,3.0,8.0,3.0,0.0,,,,,,,,,,1.0,5.0,2.0,12.0,75.0,,,62.0,87.3,507.0,581.0,,,50.0,,,,15.0,,,,27.3,6.0,22.0,,5.0,,,8.0,5.0,3.0,,2.0,1,,0,3.0,,,,,,,,1.0,,16.0,,,6.88,6.95,UEFA Nations League,UEFA,UEFA
SEL-NATIONS_LEAGUE-2020-21-8600816,Final,2020-09-03,Finlandia,1,Gales,0,1,,,7.0,0.0,5.0,2.0,1.0,,,,,,,,,,1.0,3.0,1.0,6.0,58.0,,,54.0,85.7,480.0,560.0,,,22.0,,,,14.0,,,,26.3,5.0,19.0,,4.0,,,9.0,5.0,4.0,,8.0,1,,0,1.0,,,,,,,,3.0,,14.0,,,,,3.0,1.0,2.0,0.0,0.0,,,,,,,,,,2.0,0.0,0.0,8.0,55.0,,,46.0,86.1,416.0,483.0,,,29.0,,,,14.0,,,,,0.0,11.0,,13.0,,,13.0,8.0,5.0,,22.0,0,,1,0.0,,,,,,,,4.0,,14.0,,,6.64,7.14,UEFA Nations League,UEFA,UEFA
SEL-NATIONS_LEAGUE-2020-21-8600843,Final,2020-09-03,Moldavia,1,Kosovo,1,1,,,4.0,2.0,2.0,0.0,0.0,,,,,,,,,,1.0,1.0,2.0,6.0,51.0,,,28.0,71.0,184.0,259.0,,,30.0,,,,17.0,,,,30.0,3.0,10.0,,18.0,,,10.0,4.0,6.0,,50.0,1,,0,3.0,,,,,,,,1.0,,18.0,,,,,19.0,5.0,10.0,4.0,0.0,,,,,,,,,,0.0,6.0,4.0,3.0,69.0,,,72.0,85.9,556.0,647.0,,,42.0,,,,17.0,,,,12.9,4.0,31.0,,4.0,,,11.0,6.0,5.0,,6.0,1,,0,1.0,,,,,,,,1.0,,18.0,,,6.91,6.92,UEFA Nations League,UEFA,UEFA
SEL-NATIONS_LEAGUE-2020-21-8600844,Final,2020-09-03,Eslovenia,1,Grecia,0,0,,,5.0,1.0,2.0,2.0,0.0,,,,,,,,,,1.0,2.0,3.0,3.0,39.0,,,39.0,79.1,287.0,363.0,,,23.0,,,,12.0,,,,18.2,2.0,11.0,,11.0,,,16.0,11.0,5.0,,28.0,0,,1,5.0,,,,,,,,3.0,,18.0,,,,,12.0,5.0,5.0,2.0,0.0,,,,,,,,,,2.0,6.0,3.0,5.0,59.0,,,61.0,86.3,486.0,563.0,,,38.0,,,,15.0,,,,23.8,5.0,21.0,,6.0,,,14.0,12.0,2.0,,17.0,0,,1,1.0,,,,,,,,1.0,,12.0,,,6.9,7.18,UEFA Nations League,UEFA,UEFA
SEL-NATIONS_LEAGUE-2020-21-8600846,Final,2020-09-03,Islas Feroe,1,Malta,3,2,,,12.0,7.0,4.0,1.0,1.0,,,,,,,,,,7.0,4.0,3.0,3.0,43.0,,,55.0,83.0,385.0,464.0,,,26.0,,,,20.0,,,,30.8,4.0,13.0,,7.0,,,13.0,10.0,3.0,,18.0,2,,0,4.0,,,,,,,,3.0,,13.0,,,,,7.0,6.0,0.0,1.0,0.0,,,,,,,,,,1.0,7.0,0.0,7.0,42.0,,,45.0,76.7,287.0,374.0,,,43.0,,,,13.0,,,,22.7,5.0,22.0,,3.0,,,15.0,10.0,5.0,,12.0,3,,0,4.0,,,,,,,,2.0,,20.0,,,6.79,6.83,UEFA Nations League,UEFA,UEFA
SEL-NATIONS_LEAGUE-2020-21-8600835,Final,2020-09-04,Lituania,1,Kazajistán,0,2,,,17.0,3.0,12.0,2.0,0.0,,,,,,,,,,1.0,3.0,1.0,9.0,66.0,,,59.0,80.0,400.0,500.0,,,37.0,,,,16.0,,,,18.2,4.0,22.0,,18.0,,,16.0,12.0,4.0,,13.0,2,,0,3.0,,,,,,,,4.0,,13.0,,,,,11.0,5.0,5.0,1.0,0.0,,,,,,,,,,2.0,2.0,2.0,16.0,42.0,,,41.0,70.9,251.0,354.0,,,24.0,,,,13.0,,,,28.6,4.0,14.0,,12.0,,,15.0,9.0,6.0,,26.0,0,,1,3.0,,,,,,,,2.0,,16.0,,,6.81,7.08,UEFA Nations League,UEFA,UEFA
SEL-NATIONS_LEAGUE-2020-21-8600730,Final,2020-09-04,Italia,1,Bosnia,1,1,,,20.0,4.0,12.0,4.0,1.0,,,,,,,,,,1.0,7.0,2.0,5.0,84.0,,,61.0,85.5,525.0,614.0,,,29.0,,,,10.0,,,,20.8,5.0,24.0,,13.0,,,14.0,10.0,4.0,,2.0,1,,0,3.0,,,,,,,,3.0,,7.0,,,,,9.0,4.0,4.0,1.0,1.0,,,,,,,,,,2.0,2.0,0.0,11.0,31.0,,,39.0,76.8,304.0,396.0,,,29.0,,,,7.0,,,,33.3,3.0,9.0,,18.0,,,5.0,3.0,2.0,,28.0,1,,0,3.0,,,,,,,,2.0,,12.0,,,7.15,6.84,UEFA Nations League,UEFA,UEFA
SEL-NATIONS_LEAGUE-2020-21-8600742,Final,2020-09-04,Países Bajos,1,Polonia,1,0,,,14.0,4.0,6.0,4.0,1.0,,,,,,,,,,4.0,5.0,4.0,15.0,84.0,,,64.0,87.8,548.0,624.0,,,24.0,,,,22.0,,,,23.1,6.0,26.0,,14.0,,,13.0,7.0,6.0,,15.0,0,,1,1.0,,,,,,,,3.0,,13.0,,,,,2.0,1.0,1.0,0.0,0.0,,,,,,,,,,0.0,4.0,4.0,4.0,32.0,,,36.0,76.8,271.0,353.0,,,18.0,,,,13.0,,,,14.3,2.0,14.0,,19.0,,,8.0,3.0,5.0,,21.0,1,,0,3.0,,,,,,,,5.0,,23.0,,,7.43,6.52,UEFA Nations League,UEFA,UEFA
SEL-NATIONS_LEAGUE-2020-21-8600794,Final,2020-09-04,Noruega,1,Austria,1,2,,,3.0,1.0,2.0,0.0,0.0,,,,,,,,,,2.0,1.0,3.0,6.0,54.0,,,40.0,70.9,271.0,382.0,,,35.0,,,,12.0,,,,36.4,4.0,11.0,,17.0,,,12.0,4.0,8.0,,16.0,2,,0,4.0,,,,,,,,4.0,,18.0,,,,,17.0,6.0,6.0,5.0,0.0,,,,,,,,,,3.0,4.0,0.0,6.0,72.0,,,60.0,79.9,452.0,566.0,,,40.0,,,,17.0,,,,28.6,4.0,14.0,,14.0,,,22.0,11.0,11.0,,11.0,1,,0,0.0,,,,,,,,2.0,,13.0,,,6.57,7.11,UEFA Nations League,UEFA,UEFA
SEL-NATIONS_LEAGUE-2020-21-8600767,Final,2020-09-04,Rumania,1,Irlanda del Norte,1,1,,,18.0,9.0,7.0,2.0,2.0,,,,,,,,,,4.0,4.0,2.0,6.0,52.0,,,73.0,85.9,532.0,619.0,,,35.0,,,,16.0,,,,35.3,6.0,17.0,,6.0,,,14.0,6.0,8.0,,10.0,1,,0,2.0,,,,,,,,2.0,0.0,19.0,,,,,7.0,3.0,2.0,2.0,0.0,,,,,,,,,,1.0,0.0,1.0,1.0,53.0,,,27.0,61.6,138.0,224.0,,,22.0,,,,19.0,,,,23.1,3.0,13.0,,7.0,,,16.0,10.0,6.0,,17.0,1,,0,8.0,,,,,,,,3.0,1.0,18.0,,,6.98,6.72,UEFA Nations League,UEFA,UEFA
SEL-NATIONS_LEAGUE-2020-21-8600758,Final,2020-09-04,Escocia,1,Israel,1,1,,,10.0,2.0,2.0,6.0,0.0,,,,,,,,,,1.0,5.0,2.0,6.0,65.0,,,49.0,85.6,439.0,513.0,,,28.0,,,,11.0,,,,28.6,4.0,14.0,,10.0,,,9.0,6.0,3.0,,11.0,1,,0,2.0,,,,,,,,1.0,,13.0,,,,,5.0,3.0,0.0,2.0,0.0,,,,,,,,,,1.0,4.0,5.0,7.0,42.0,,,51.0,85.8,466.0,543.0,,,41.0,,,,13.0,,,,18.8,3.0,16.0,,10.0,,,13.0,5.0,8.0,,16.0,1,,0,1.0,,,,,,,,1.0,,12.0,,,6.79,6.86,UEFA Nations League,UEFA,UEFA
SEL-NATIONS_LEAGUE-2020-21-8600777,Final,2020-09-04,Eslovaquia,1,República Checa,1,3,,,5.0,2.0,1.0,2.0,0.0,,,,,,,,,,1.0,0.0,2.0,6.0,34.0,,,41.0,80.3,318.0,396.0,,,33.0,,,,22.0,,,,,0.0,3.0,,13.0,,,9.0,6.0,3.0,,37.0,3,,0,2.0,,,,,,,,3.0,,19.0,,,,,21.0,5.0,13.0,3.0,1.0,,,,,,,,,,3.0,6.0,0.0,4.0,62.0,,,59.0,87.7,472.0,538.0,,,35.0,,,,19.0,,,,23.7,9.0,38.0,,12.0,,,10.0,7.0,3.0,,0.0,1,,0,1.0,,,,,,,,1.0,,22.0,,,6.45,7.25,UEFA Nations League,UEFA,UEFA
SEL-NATIONS_LEAGUE-2020-21-8600840,Final,2020-09-04,Bielorrusia,1,Albania,0,2,,,4.0,2.0,1.0,1.0,0.0,,,,,,,,,,,4.0,4.0,3.0,46.0,,,50.0,74.6,332.0,445.0,,,33.0,,,,10.0,,,,10.0,2.0,20.0,,16.0,,,24.0,13.0,11.0,,12.0,2,,0,2.0,,,,,,,,1.0,,14.0,,,,,11.0,4.0,6.0,1.0,0.0,,,,,,,,,,,3.0,2.0,11.0,65.0,,,50.0,76.2,342.0,449.0,,,32.0,,,,14.0,,,,33.3,4.0,12.0,,15.0,,,9.0,5.0,4.0,,19.0,0,,1,2.0,,,,,,,,1.0,,10.0,,,6.69,7.16,UEFA Nations League,UEFA,UEFA
SEL-NATIONS_LEAGUE-2020-21-8600818,Final,2020-09-05,Macedonia del Norte,1,Armenia,2,1,,,9.0,4.0,4.0,1.0,0.0,,,,,,,,,,3.0,1.0,3.0,12.0,50.0,,,53.0,80.3,338.0,421.0,,,27.0,,,,17.0,,,,14.3,1.0,7.0,,9.0,,,17.0,14.0,3.0,,28.0,1,,0,4.0,,,,,,,,2.0,,14.0,,,,,16.0,5.0,9.0,2.0,0.0,,,,,,,,,,3.0,13.0,2.0,6.0,59.0,,,47.0,77.3,265.0,343.0,,,33.0,,,,14.0,,,,30.0,9.0,30.0,,11.0,,,17.0,9.0,8.0,,6.0,2,,0,2.0,,,,,,,,3.0,,18.0,,,7.03,6.44,UEFA Nations League,UEFA,UEFA
SEL-NATIONS_LEAGUE-2020-21-8600841,Final,2020-09-05,Gibraltar,1,San Marino,1,0,,,12.0,3.0,6.0,3.0,0.0,,,,,,,,,,1.0,3.0,6.0,7.0,67.0,,,68.0,85.5,464.0,543.0,,,35.0,,,,18.0,,,,30.4,7.0,23.0,,9.0,,,11.0,7.0,4.0,,7.0,0,,1,0.0,,,,,,,,1.0,,12.0,,,,,5.0,0.0,3.0,2.0,0.0,,,,,,,,,,1.0,0.0,1.0,3.0,43.0,,,32.0,68.7,182.0,265.0,,,20.0,,,,11.0,,,,,0.0,3.0,,6.0,,,16.0,8.0,8.0,,23.0,1,,0,2.0,,,,,,,,2.0,,19.0,,,7.19,6.57,UEFA Nations League,UEFA,UEFA
SEL-NATIONS_LEAGUE-2020-21-8600790,Final,2020-09-05,Islandia,1,Inglaterra,0,1,,,2.0,0.0,2.0,0.0,0.0,,,,,,,,,,1.0,1.0,3.0,1.0,38.0,,,22.0,67.0,142.0,212.0,,,21.0,,,,8.0,,,,15.4,2.0,13.0,,12.0,,,17.0,11.0,6.0,,32.0,1,,0,3.0,,,,,,,,2.0,1.0,12.0,,,,,13.0,4.0,6.0,3.0,0.0,,,,,,,,,,2.0,7.0,4.0,17.0,90.0,,,78.0,88.8,684.0,770.0,,,43.0,,,,11.0,,,,36.4,8.0,22.0,,6.0,,,6.0,4.0,2.0,,10.0,0,,1,0.0,,,,,,,,3.0,1.0,8.0,,,6.52,7.12,UEFA Nations League,UEFA,UEFA
SEL-NATIONS_LEAGUE-2020-21-8600822,Final,2020-09-05,Azerbaiyán,1,Luxemburgo,1,2,,,2.0,2.0,0.0,0.0,0.0,,,,,,,,,,0.0,0.0,,7.0,36.0,,,34.0,72.8,227.0,312.0,,,16.0,,,,12.0,,,,33.3,1.0,3.0,,18.0,,,18.0,10.0,8.0,,35.0,2,,0,6.0,,,,,,,,3.0,1.0,19.0,,,,,19.0,7.0,5.0,7.0,1.0,,,,,,,,,,3.0,9.0,,14.0,93.0,,,66.0,84.9,494.0,582.0,,,46.0,,,,17.0,,,,9.1,2.0,22.0,,7.0,,,9.0,7.0,2.0,,4.0,1,,0,1.0,,,,,,,,0.0,0.0,13.0,,,6.65,7.0,UEFA Nations League,UEFA,UEFA
SEL-NATIONS_LEAGUE-2020-21-8600820,Final,2020-09-05,Chipre,1,Montenegro,0,2,,,9.0,2.0,7.0,0.0,0.0,,,,,,,,,,1.0,1.0,0.0,8.0,51.0,,,45.0,82.9,349.0,421.0,,,22.0,,,,14.0,,,,16.7,2.0,12.0,,13.0,,,11.0,8.0,3.0,,12.0,2,,0,2.0,,,,,,,,3.0,,15.0,,,,,10.0,4.0,5.0,1.0,1.0,,,,,,,,,,2.0,6.0,2.0,7.0,58.0,,,55.0,85.2,433.0,508.0,,,31.0,,,,14.0,,,,30.8,4.0,13.0,,9.0,,,17.0,13.0,4.0,,10.0,0,,1,2.0,,,,,,,,4.0,,14.0,,,6.61,7.04,UEFA Nations League,UEFA,UEFA
SEL-NATIONS_LEAGUE-2020-21-8600817,Final,2020-09-05,Estonia,1,Georgia,0,1,,,3.0,0.0,2.0,1.0,0.0,,,,,,,,,,0.0,3.0,2.0,3.0,57.0,,,40.0,78.0,297.0,381.0,,,31.0,,,,11.0,,,,11.1,1.0,9.0,,11.0,,,21.0,10.0,11.0,,17.0,1,,0,1.0,,,,,,,,3.0,,15.0,,,,,13.0,3.0,8.0,2.0,1.0,,,,,,,,,,2.0,5.0,1.0,20.0,42.0,,,60.0,85.8,479.0,558.0,,,48.0,,,,15.0,,,,17.4,4.0,23.0,,8.0,,,14.0,9.0,5.0,,14.0,0,,1,0.0,,,,,,,,2.0,,13.0,,,6.51,7.2,UEFA Nations League,UEFA,UEFA
SEL-NATIONS_LEAGUE-2020-21-8600732,Final,2020-09-05,Dinamarca,1,Bélgica,0,2,,,8.0,1.0,4.0,3.0,0.0,,,,,,,,,,0.0,7.0,2.0,3.0,55.0,,,51.0,84.4,437.0,518.0,,,32.0,,,,10.0,,,,31.6,6.0,19.0,,19.0,,,8.0,5.0,3.0,,8.0,2,,0,3.0,,,,,,,,2.0,,13.0,,,,,11.0,5.0,4.0,2.0,1.0,,,,,,,,,,3.0,4.0,2.0,9.0,40.0,,,49.0,84.0,432.0,514.0,,,35.0,,,,13.0,,,,22.2,2.0,9.0,,7.0,,,12.0,10.0,2.0,,21.0,0,,1,1.0,,,,,,,,1.0,,10.0,,,6.65,7.25,UEFA Nations League,UEFA,UEFA
SEL-NATIONS_LEAGUE-2020-21-8600740,Final,2020-09-05,Portugal,1,Croacia,4,1,,,27.0,11.0,11.0,5.0,3.0,,,,,,,,,,3.0,8.0,2.0,12.0,62.0,,,57.0,88.8,522.0,588.0,,,30.0,,,,7.0,,,,35.7,5.0,14.0,,16.0,,,26.0,15.0,11.0,,19.0,1,,0,1.0,,,,,,,,0.0,,11.0,,,,,5.0,2.0,2.0,1.0,0.0,,,,,,,,,,1.0,4.0,1.0,17.0,39.0,,,43.0,82.8,356.0,430.0,,,18.0,,,,9.0,,,,9.5,2.0,21.0,,14.0,,,15.0,8.0,7.0,,21.0,4,,0,7.0,,,,,,,,2.0,,8.0,,,7.49,6.48,UEFA Nations League,UEFA,UEFA
SEL-NATIONS_LEAGUE-2020-21-8600734,Final,2020-09-05,Suecia,1,Francia,0,1,,,9.0,2.0,5.0,2.0,0.0,,,,,,,,,,0.0,5.0,0.0,5.0,57.0,,,51.0,83.9,460.0,548.0,,,30.0,,,,8.0,,,,19.0,4.0,21.0,,12.0,,,11.0,8.0,3.0,,15.0,1,,0,0.0,,,,,,,,1.0,,14.0,,,,,7.0,1.0,4.0,2.0,0.0,,,,,,,,,,2.0,5.0,5.0,8.0,45.0,,,49.0,83.3,440.0,528.0,,,38.0,,,,13.0,,,,27.8,5.0,18.0,,13.0,,,11.0,7.0,4.0,,17.0,0,,1,3.0,,,,,,,,1.0,,9.0,,,6.71,7.15,UEFA Nations League,UEFA,UEFA
SEL-NATIONS_LEAGUE-2020-21-8600819,Semifinals,2020-09-06,Gales,1,Bulgaria,1,0,,,8.0,3.0,3.0,2.0,1.0,,,,,,,,,,1.0,5.0,0.0,12.0,61.0,,,51.0,88.8,474.0,534.0,,,36.0,,,,12.0,,,,10.5,2.0,19.0,,11.0,,,10.0,5.0,5.0,,6.0,0,,1,0.0,,,,,,,,2.0,,16.0,,,,,2.0,0.0,2.0,0.0,0.0,,,,,,,,,,0.0,1.0,2.0,7.0,49.0,,,49.0,87.0,460.0,529.0,,,20.0,,,,15.0,,,,30.0,3.0,10.0,,5.0,,,11.0,8.0,3.0,,11.0,1,,0,2.0,,,,,,,,1.0,,13.0,,,6.99,6.61,UEFA Nations League,UEFA,UEFA
SEL-NATIONS_LEAGUE-2020-21-8600847,Semifinals,2020-09-06,Andorra,1,Islas Feroe,0,1,,,6.0,0.0,5.0,1.0,0.0,,,,,,,,,,,2.0,2.0,4.0,40.0,,,26.0,60.6,114.0,188.0,,,19.0,,,,16.0,,,,11.8,2.0,17.0,,9.0,,,9.0,6.0,3.0,,20.0,1,,0,2.0,,,,,,,,3.0,,16.0,,,,,12.0,3.0,5.0,4.0,0.0,,,,,,,,,,,6.0,2.0,7.0,69.0,,,74.0,86.0,480.0,558.0,,,32.0,,,,15.0,,,,22.6,7.0,31.0,,9.0,,,9.0,6.0,3.0,,17.0,0,,1,0.0,,,,,,,,2.0,,16.0,,,6.57,7.17,UEFA Nations League,UEFA,UEFA
SEL-NATIONS_LEAGUE-2020-21-8600811,Semifinals,2020-09-06,Hungría,1,Rusia,2,3,,,10.0,6.0,2.0,2.0,0.0,,,,,,,,,,3.0,7.0,2.0,6.0,57.0,,,60.0,83.6,484.0,579.0,,,53.0,,,,9.0,,,,22.2,4.0,18.0,,10.0,,,9.0,7.0,2.0,,12.0,3,,0,0.0,,,,,,,,1.0,,13.0,,,,,6.0,3.0,3.0,0.0,0.0,,,,,,,,,,3.0,0.0,3.0,5.0,42.0,,,40.0,75.6,297.0,393.0,,,34.0,,,,11.0,,,,16.7,1.0,6.0,,9.0,,,17.0,13.0,4.0,,26.0,2,,0,4.0,,,,,,,,1.0,,10.0,,,6.55,7.02,UEFA Nations League,UEFA,UEFA
SEL-NATIONS_LEAGUE-2020-21-8600815,Semifinals,2020-09-06,Irlanda,1,Finlandia,0,1,,,13.0,4.0,7.0,2.0,0.0,,,,,,,,,,3.0,3.0,2.0,5.0,60.0,,,52.0,88.2,487.0,552.0,,,28.0,,,,7.0,,,,24.0,6.0,25.0,,9.0,,,14.0,9.0,5.0,,15.0,1,,0,6.0,,,,,,,,2.0,,2.0,,,,,12.0,7.0,5.0,0.0,0.0,,,,,,,,,,2.0,6.0,1.0,9.0,43.0,,,48.0,82.3,424.0,515.0,,,25.0,,,,2.0,,,,50.0,6.0,12.0,,8.0,,,12.0,8.0,4.0,,17.0,0,,1,4.0,,,,,,,,1.0,,7.0,,,6.9,7.13,UEFA Nations League,UEFA,UEFA
SEL-NATIONS_LEAGUE-2020-21-8600851,Semifinals,2020-09-06,Eslovenia,1,Moldavia,1,0,,,14.0,5.0,5.0,4.0,1.0,,,,,,,,,,1.0,4.0,3.0,10.0,50.0,,,60.0,86.8,505.0,582.0,,,38.0,,,,18.0,,,,5.6,1.0,18.0,,7.0,,,12.0,6.0,6.0,,10.0,0,,1,0.0,,,,,,,,2.0,,20.0,,,,,4.0,0.0,3.0,1.0,0.0,,,,,,,,,,0.0,2.0,2.0,4.0,57.0,,,40.0,77.1,296.0,384.0,,,40.0,,,,18.0,,,,45.5,5.0,11.0,,11.0,,,14.0,7.0,7.0,,26.0,1,,0,4.0,,,,,,,,3.0,,19.0,,,7.17,6.75,UEFA Nations League,UEFA,UEFA
SEL-NATIONS_LEAGUE-2020-21-8600733,Semifinals,2020-09-06,España,1,Ucrania,4,0,,,25.0,10.0,12.0,3.0,1.0,,,,,,,,,,4.0,9.0,3.0,4.0,70.0,,,70.0,93.6,722.0,771.0,,,37.0,,,,7.0,,,,24.0,6.0,25.0,,7.0,,,14.0,9.0,5.0,,2.0,0,,1,2.0,,,,,,,,1.0,,15.0,,,,,4.0,2.0,2.0,0.0,0.0,,,,,,,,,,0.0,2.0,1.0,4.0,23.0,,,30.0,81.2,273.0,336.0,,,17.0,,,,15.0,,,,20.0,1.0,5.0,,11.0,,,10.0,7.0,3.0,,15.0,4,,0,6.0,,,,,,,,2.0,,8.0,,,7.45,6.26,UEFA Nations League,UEFA,UEFA
SEL-NATIONS_LEAGUE-2020-21-8600769,Semifinals,2020-09-06,Suiza,1,Alemania,1,1,,,20.0,6.0,12.0,2.0,1.0,,,,,,,,,,5.0,4.0,2.0,9.0,42.0,,,47.0,82.1,413.0,503.0,,,23.0,,,,19.0,,,,35.3,6.0,17.0,,19.0,,,14.0,7.0,7.0,,12.0,1,,0,3.0,,,,,,,,1.0,,11.0,,,,,14.0,4.0,5.0,5.0,0.0,,,,,,,,,,1.0,4.0,2.0,10.0,50.0,,,53.0,85.5,484.0,566.0,,,21.0,,,,10.0,,,,7.1,1.0,14.0,,11.0,,,17.0,10.0,7.0,,15.0,1,,0,5.0,,,,,,,,2.0,,19.0,,,7.13,7.05,UEFA Nations League,UEFA,UEFA
SEL-NATIONS_LEAGUE-2020-21-8600812,Semifinals,2020-09-06,Serbia,1,Turquía,0,0,,,9.0,1.0,5.0,3.0,0.0,,,,,,,,,,1.0,6.0,,10.0,38.0,,,42.0,78.8,304.0,386.0,,,39.0,,,,16.0,,,,27.3,6.0,22.0,,11.0,,,9.0,7.0,2.0,,15.0,0,,1,4.0,,,,,,,,4.0,1.0,16.0,,,,,14.0,4.0,7.0,3.0,0.0,,,,,,,,,,1.0,3.0,,7.0,58.0,,,58.0,85.1,473.0,556.0,,,24.0,,,,16.0,,,,18.2,4.0,22.0,,9.0,,,23.0,12.0,11.0,,17.0,0,,1,1.0,,,,,,,,2.0,0.0,16.0,,,6.78,7.11,UEFA Nations League,UEFA,UEFA
SEL-NATIONS_LEAGUE-2020-21-8600838,Semifinals,2020-09-06,Kosovo,1,Grecia,1,2,,,10.0,5.0,4.0,1.0,0.0,,,,,,,,,,2.0,5.0,5.0,8.0,67.0,,,54.0,83.7,441.0,527.0,,,53.0,,,,13.0,,,,27.8,5.0,18.0,,13.0,,,9.0,5.0,4.0,,10.0,2,,0,2.0,,,,,,,,3.0,,18.0,,,,,13.0,4.0,6.0,3.0,0.0,,,,,,,,,,2.0,3.0,3.0,6.0,61.0,,,46.0,78.8,364.0,462.0,,,22.0,,,,18.0,,,,,0.0,10.0,,18.0,,,13.0,8.0,5.0,,17.0,1,,0,4.0,,,,,,,,2.0,,13.0,,,6.74,6.93,UEFA Nations League,UEFA,UEFA
SEL-NATIONS_LEAGUE-2020-21-8600845,Semifinals,2020-09-06,Malta,1,Letonia,1,1,,,10.0,2.0,7.0,1.0,1.0,,,,,,,,,,1.0,3.0,2.0,10.0,36.0,,,54.0,80.9,335.0,414.0,,,40.0,,,,15.0,,,,18.8,3.0,16.0,,9.0,,,8.0,6.0,2.0,,26.0,1,,0,3.0,,,,,,,,2.0,,11.0,,,,,9.0,3.0,5.0,1.0,0.0,,,,,,,,,,3.0,4.0,2.0,7.0,67.0,,,46.0,76.6,268.0,350.0,,,18.0,,,,11.0,,,,19.2,5.0,26.0,,9.0,,,21.0,13.0,8.0,,19.0,1,,0,1.0,,,,,,,,3.0,,17.0,,,6.84,6.91,UEFA Nations League,UEFA,UEFA
SEL-NATIONS_LEAGUE-2020-21-8600834,Semifinals,2020-09-07,Kazajistán,1,Bielorrusia,1,2,,,10.0,3.0,7.0,0.0,1.0,,,,,,,,,,1.0,2.0,2.0,18.0,48.0,,,47.0,77.3,341.0,441.0,,,31.0,,,,9.0,,,,28.6,4.0,14.0,,8.0,,,8.0,6.0,2.0,,19.0,2,,0,4.0,,,,,,,,3.0,,17.0,,,,,15.0,6.0,8.0,1.0,0.0,,,,,,,,,,2.0,5.0,1.0,15.0,68.0,,,53.0,80.9,398.0,492.0,,,26.0,,,,17.0,,,,31.8,7.0,22.0,,12.0,,,16.0,9.0,7.0,,10.0,1,,0,2.0,,,,,,,,1.0,,10.0,,,6.63,7.01,UEFA Nations League,UEFA,UEFA
SEL-NATIONS_LEAGUE-2020-21-8600876,Semifinals,2020-09-07,Bosnia,1,Polonia,1,2,,,6.0,2.0,3.0,1.0,0.0,,,,,,,,,,1.0,2.0,3.0,4.0,36.0,,,45.0,78.0,284.0,364.0,,,25.0,,,,18.0,,,,25.0,4.0,16.0,,12.0,,,9.0,5.0,4.0,,10.0,2,,0,3.0,,,,,,,,1.0,,25.0,,,,,14.0,5.0,7.0,2.0,0.0,,,,,,,,,,1.0,5.0,1.0,11.0,54.0,,,55.0,82.7,367.0,444.0,,,27.0,,,,25.0,,,,41.2,7.0,17.0,,9.0,,,16.0,12.0,4.0,,11.0,1,,0,1.0,,,,,,,,2.0,,18.0,,,6.58,7.15,UEFA Nations League,UEFA,UEFA
SEL-NATIONS_LEAGUE-2020-21-8600871,Semifinals,2020-09-07,Países Bajos,1,Italia,0,1,,,11.0,3.0,3.0,5.0,0.0,,,,,,,,,,0.0,6.0,2.0,11.0,48.0,,,43.0,78.7,321.0,408.0,,,26.0,,,,15.0,,,,31.8,7.0,22.0,,11.0,,,25.0,13.0,12.0,,10.0,1,,0,3.0,,,,,,,,3.0,,14.0,,,,,18.0,4.0,11.0,3.0,0.0,,,,,,,,,,3.0,5.0,4.0,14.0,49.0,,,57.0,87.0,489.0,562.0,,,46.0,,,,14.0,,,,41.7,5.0,12.0,,15.0,,,15.0,11.0,4.0,,24.0,0,,1,3.0,,,,,,,,3.0,,16.0,,,6.86,7.32,UEFA Nations League,UEFA,UEFA
SEL-NATIONS_LEAGUE-2020-21-8600877,Semifinals,2020-09-07,Austria,1,Rumania,2,3,,,20.0,5.0,10.0,5.0,1.0,,,,,,,,,,4.0,8.0,5.0,5.0,74.0,,,63.0,80.9,389.0,481.0,,,32.0,,,,20.0,,,,40.7,11.0,27.0,,12.0,,,12.0,4.0,8.0,,8.0,3,,0,1.0,,,,,,,,0.0,,13.0,,,,,13.0,4.0,6.0,3.0,1.0,,,,,,,,,,3.0,4.0,1.0,14.0,42.0,,,37.0,65.1,188.0,289.0,,,27.0,,,,12.0,,,,50.0,3.0,6.0,,8.0,,,10.0,7.0,3.0,,26.0,2,,0,3.0,,,,,,,,3.0,,21.0,,,6.75,6.9,UEFA Nations League,UEFA,UEFA
SEL-NATIONS_LEAGUE-2020-21-8600886,Semifinals,2020-09-07,Irlanda del Norte,1,Noruega,1,5,,,8.0,3.0,4.0,1.0,0.0,,,,,,,,,,1.0,4.0,1.0,1.0,68.0,,,56.0,82.3,446.0,542.0,,,38.0,,,,13.0,,,,18.8,3.0,16.0,,7.0,,,4.0,4.0,0.0,,7.0,5,,0,3.0,,,,,,,,2.0,,8.0,,,,,12.0,8.0,3.0,1.0,0.0,,,,,,,,,,4.0,0.0,1.0,5.0,55.0,,,44.0,79.3,340.0,429.0,,,31.0,,,,8.0,,,,50.0,4.0,8.0,,5.0,,,9.0,6.0,3.0,,13.0,1,,0,2.0,,,,,,,,1.0,,13.0,,,6.25,7.34,UEFA Nations League,UEFA,UEFA
SEL-NATIONS_LEAGUE-2020-21-8600836,Semifinals,2020-09-07,República Checa,1,Escocia,1,2,,,19.0,4.0,11.0,4.0,3.0,,,,,,,,,,4.0,8.0,1.0,3.0,53.0,,,51.0,77.7,299.0,385.0,,,31.0,,,,12.0,,,,17.2,5.0,29.0,,20.0,,,9.0,6.0,3.0,,9.0,2,,0,1.0,,,,,,,,2.0,,17.0,,,,,6.0,3.0,1.0,2.0,0.0,,,,,,,,,,2.0,0.0,9.0,5.0,50.0,,,49.0,79.2,319.0,403.0,,,28.0,,,,17.0,,,,33.3,2.0,6.0,,9.0,,,13.0,6.0,7.0,,23.0,1,,0,3.0,,,,,,,,4.0,,13.0,,,6.68,6.95,UEFA Nations League,UEFA,UEFA
SEL-NATIONS_LEAGUE-2020-21-8600837,Semifinals,2020-09-07,Israel,1,Eslovaquia,1,1,,,20.0,6.0,9.0,5.0,1.0,,,,,,,,,,2.0,7.0,0.0,14.0,57.0,,,65.0,90.8,580.0,639.0,,,22.0,,,,14.0,,,,21.7,5.0,23.0,,7.0,,,8.0,7.0,1.0,,7.0,1,,0,2.0,,,,,,,,2.0,,14.0,,,,,6.0,3.0,3.0,0.0,0.0,,,,,,,,,,2.0,2.0,3.0,5.0,36.0,,,35.0,79.3,276.0,348.0,,,32.0,,,,13.0,,,,42.9,3.0,7.0,,6.0,,,12.0,6.0,6.0,,30.0,1,,0,5.0,,,,,,,,1.0,,16.0,,,6.97,6.92,UEFA Nations League,UEFA,UEFA
SEL-NATIONS_LEAGUE-2020-21-8600848,Semifinals,2020-09-07,Albania,1,Lituania,0,1,,,9.0,1.0,2.0,6.0,0.0,,,,,,,,,,0.0,6.0,0.0,11.0,52.0,,,57.0,80.3,376.0,468.0,,,37.0,,,,18.0,,,,15.0,3.0,20.0,,7.0,,,13.0,6.0,7.0,,8.0,1,,0,3.0,,,,,,,,3.0,1.0,14.0,,,,,8.0,4.0,2.0,2.0,0.0,,,,,,,,,,1.0,3.0,4.0,8.0,47.0,,,43.0,74.7,268.0,359.0,,,22.0,,,,13.0,,,,,0.0,7.0,,8.0,,,13.0,8.0,5.0,,18.0,0,,1,1.0,,,,,,,,3.0,0.0,20.0,,,6.72,6.87,UEFA Nations League,UEFA,UEFA
SEL-NATIONS_LEAGUE-2020-21-8600850,Semifinals,2020-09-08,Armenia,1,Estonia,2,0,,,14.0,5.0,4.0,5.0,0.0,,,,,,,,,,0.0,4.0,4.0,9.0,73.0,,,50.0,74.9,302.0,403.0,,,40.0,,,,9.0,,,,33.3,3.0,9.0,,5.0,,,16.0,10.0,6.0,,5.0,0,,1,2.0,,,,,,,,3.0,,9.0,,,,,9.0,2.0,6.0,1.0,0.0,,,,,,,,,,1.0,1.0,3.0,16.0,53.0,,,50.0,74.6,296.0,397.0,,,33.0,,,,8.0,,,,29.4,5.0,17.0,,13.0,,,19.0,15.0,4.0,,6.0,2,,0,3.0,,,,,,,,0.0,,9.0,,,6.95,6.75,UEFA Nations League,UEFA,UEFA
SEL-NATIONS_LEAGUE-2020-21-8600849,Semifinals,2020-09-08,Georgia,1,Macedonia del Norte,1,1,,,13.0,6.0,5.0,2.0,0.0,,,,,,,,,,3.0,5.0,1.0,13.0,58.0,,,54.0,84.1,413.0,491.0,,,30.0,,,,18.0,,,,19.0,4.0,21.0,,15.0,,,18.0,15.0,3.0,,9.0,1,,0,0.0,,,,,,,,3.0,0.0,16.0,,,,,2.0,1.0,0.0,1.0,0.0,,,,,,,,,,1.0,2.0,2.0,8.0,57.0,,,46.0,81.5,357.0,438.0,,,25.0,,,,15.0,,,,,0.0,6.0,,20.0,,,23.0,14.0,9.0,,16.0,1,,0,5.0,,,,,,,,3.0,1.0,18.0,,,6.86,6.78,UEFA Nations League,UEFA,UEFA
SEL-NATIONS_LEAGUE-2020-21-8600853,Semifinals,2020-09-08,Bélgica,1,Islandia,5,1,,,20.0,11.0,5.0,4.0,1.0,,,,,,,,,,3.0,7.0,2.0,14.0,102.0,,,75.0,90.3,709.0,785.0,,,38.0,,,,5.0,,,,20.8,5.0,24.0,,5.0,,,13.0,11.0,2.0,,4.0,1,,0,2.0,,,,,,,,0.0,,8.0,,,,,5.0,3.0,2.0,0.0,0.0,,,,,,,,,,1.0,3.0,3.0,6.0,30.0,,,25.0,71.3,186.0,261.0,,,23.0,,,,8.0,,,,22.2,2.0,9.0,,11.0,,,14.0,8.0,6.0,,30.0,5,,0,6.0,,,,,,,,1.0,,5.0,,,7.4,6.38,UEFA Nations League,UEFA,UEFA
SEL-NATIONS_LEAGUE-2020-21-8600861,Semifinals,2020-09-08,Dinamarca,1,Inglaterra,0,0,,,11.0,2.0,8.0,1.0,0.0,,,,,,,,,,2.0,4.0,0.0,9.0,66.0,,,46.0,81.6,368.0,451.0,,,20.0,,,,16.0,,,,21.1,4.0,19.0,,8.0,,,9.0,6.0,3.0,,16.0,0,,1,1.0,,,,,,,,1.0,,11.0,,,,,6.0,2.0,1.0,3.0,0.0,,,,,,,,,,2.0,6.0,2.0,9.0,67.0,,,54.0,82.0,437.0,533.0,,,41.0,,,,11.0,,,,18.8,3.0,16.0,,8.0,,,10.0,8.0,2.0,,16.0,0,,1,2.0,,,,,,,,0.0,,17.0,,,7.08,6.87,UEFA Nations League,UEFA,UEFA
SEL-NATIONS_LEAGUE-2020-21-8600882,Semifinals,2020-09-08,Francia,1,Croacia,4,2,,,13.0,6.0,4.0,3.0,1.0,,,,,,,,,,7.0,5.0,1.0,5.0,48.0,,,43.0,80.0,337.0,421.0,,,34.0,,,,14.0,,,,21.4,3.0,14.0,,9.0,,,22.0,15.0,7.0,,11.0,2,,0,2.0,,,,,,,,3.0,,13.0,,,,,11.0,4.0,4.0,3.0,1.0,,,,,,,,,,2.0,5.0,4.0,4.0,48.0,,,57.0,86.1,478.0,555.0,,,27.0,,,,13.0,,,,11.8,2.0,17.0,,11.0,,,17.0,9.0,8.0,,14.0,4,,0,3.0,,,,,,,,3.0,,15.0,,,6.97,6.67,UEFA Nations League,UEFA,UEFA
SEL-NATIONS_LEAGUE-2020-21-8600875,Semifinals,2020-09-08,Suecia,1,Portugal,0,2,,,8.0,1.0,5.0,2.0,0.0,,,,,,,,,,0.0,3.0,1.0,8.0,49.0,,,33.0,80.0,256.0,320.0,,,18.0,,,,14.0,,,,13.3,2.0,15.0,,13.0,,,9.0,4.0,5.0,,23.0,2,,0,6.0,,,,,,,,2.0,1.0,8.0,,,,,21.0,8.0,8.0,5.0,1.0,,,,,,,,,,4.0,9.0,3.0,14.0,58.0,,,67.0,88.5,594.0,671.0,,,34.0,,,,7.0,,,,18.2,4.0,22.0,,8.0,,,9.0,4.0,5.0,,23.0,0,,1,1.0,,,,,,,,2.0,0.0,14.0,,,6.67,7.34,UEFA Nations League,UEFA,UEFA
SEL-NATIONS_LEAGUE-2020-21-8600832,Semifinals,2020-09-08,Chipre,1,Azerbaiyán,0,1,,,10.0,1.0,6.0,3.0,1.0,,,,,,,,,,0.0,2.0,2.0,12.0,44.0,,,52.0,81.4,385.0,473.0,,,24.0,,,,16.0,,,,25.0,3.0,12.0,,9.0,,,15.0,10.0,5.0,,15.0,1,,0,3.0,,,,,,,,1.0,,12.0,,,,,13.0,4.0,6.0,3.0,0.0,,,,,,,,,,3.0,3.0,1.0,9.0,43.0,,,48.0,80.6,354.0,439.0,,,28.0,,,,9.0,,,,50.0,5.0,10.0,,18.0,,,10.0,5.0,5.0,,11.0,0,,1,1.0,,,,,,,,3.0,,17.0,,,6.85,6.95,UEFA Nations League,UEFA,UEFA
SEL-NATIONS_LEAGUE-2020-21-8600842,Semifinals,2020-09-08,Luxemburgo,1,Montenegro,0,1,,,21.0,7.0,10.0,4.0,1.0,,,,,,,,,,1.0,4.0,1.0,10.0,83.0,,,62.0,85.7,486.0,567.0,,,33.0,,,,14.0,,,,12.5,1.0,8.0,,7.0,,,10.0,7.0,3.0,,3.0,1,,0,4.0,,,,,,,,6.0,1.0,18.0,,,,,10.0,5.0,3.0,2.0,0.0,,,,,,,,,,1.0,2.0,0.0,10.0,42.0,,,38.0,75.5,262.0,347.0,,,30.0,,,,16.0,,,,50.0,3.0,6.0,,14.0,,,13.0,5.0,8.0,,16.0,0,,1,7.0,,,,,,,,2.0,0.0,16.0,,,6.8,7.25,UEFA Nations League,UEFA,UEFA
SEL-NATIONS_LEAGUE-2020-21-8600833,Semifinals,2020-09-08,San Marino,1,Liechtenstein,0,2,,,8.0,2.0,3.0,3.0,0.0,,,,,,,,,,0.0,2.0,2.0,6.0,47.0,,,47.0,69.8,233.0,334.0,,,23.0,,,,18.0,,,,10.0,1.0,10.0,,11.0,,,20.0,10.0,10.0,,22.0,2,,0,0.0,,,,,,,,5.0,,15.0,,,,,12.0,2.0,8.0,2.0,0.0,,,,,,,,,,3.0,6.0,1.0,9.0,64.0,,,53.0,74.0,276.0,373.0,,,31.0,,,,12.0,,,,5.9,1.0,17.0,,9.0,,,17.0,9.0,8.0,,10.0,0,,1,2.0,,,,,,,,3.0,,19.0,,,6.31,7.07,UEFA Nations League,UEFA,UEFA
SEL-NATIONS_LEAGUE-2020-21-8600863,Ronda 3,2020-10-10,Luxemburgo,1,Chipre,2,0,,,12.0,4.0,4.0,4.0,0.0,,,,,,,,,,2.0,6.0,4.0,2.0,46.0,,,45.0,74.8,294.0,393.0,,,34.0,,,,10.0,,,,33.3,3.0,9.0,,12.0,,,31.0,18.0,13.0,,27.0,0,,1,3.0,,,,,,,,2.0,,21.0,,,,,13.0,3.0,6.0,4.0,1.0,,,,,,,,,,4.0,5.0,5.0,16.0,53.0,,,55.0,77.6,363.0,468.0,,,21.0,,,,20.0,,,,17.4,4.0,23.0,,11.0,,,14.0,7.0,7.0,,8.0,2,,0,2.0,,,,,,,,2.0,,10.0,,,7.35,6.6,UEFA Nations League,UEFA,UEFA
SEL-NATIONS_LEAGUE-2020-21-8600870,Ronda 3,2020-10-10,Montenegro,1,Azerbaiyán,2,0,,,9.0,6.0,3.0,0.0,0.0,,,,,,,,,,2.0,3.0,4.0,7.0,44.0,,,44.0,69.1,230.0,333.0,,,19.0,,,,15.0,,,,20.0,2.0,10.0,,16.0,,,19.0,14.0,5.0,,17.0,0,,1,0.0,,,,,,,,2.0,,20.0,,,,,7.0,0.0,5.0,2.0,0.0,,,,,,,,,,0.0,4.0,2.0,14.0,63.0,,,56.0,71.1,302.0,425.0,,,18.0,,,,20.0,,,,36.4,4.0,11.0,,12.0,,,28.0,20.0,8.0,,12.0,2,,0,4.0,,,,,,,,3.0,,19.0,,,6.84,6.61,UEFA Nations League,UEFA,UEFA
SEL-NATIONS_LEAGUE-2020-21-8600872,Ronda 3,2020-10-10,Islas Feroe,1,Letonia,1,1,,,5.0,3.0,1.0,1.0,0.0,,,,,,,,,,0.0,4.0,2.0,11.0,66.0,,,53.0,72.1,321.0,445.0,,,32.0,,,,11.0,,,,20.8,5.0,24.0,,12.0,,,10.0,5.0,5.0,,23.0,1,,0,0.0,,,,,,,,1.0,,14.0,,,,,13.0,1.0,7.0,5.0,0.0,,,,,,,,,,2.0,7.0,1.0,6.0,56.0,,,47.0,67.0,258.0,385.0,,,26.0,,,,13.0,,,,12.5,3.0,24.0,,10.0,,,18.0,9.0,9.0,,37.0,1,,0,2.0,,,,,,,,3.0,,11.0,,,6.83,6.98,UEFA Nations League,UEFA,UEFA
SEL-NATIONS_LEAGUE-2020-21-8600859,Ronda 3,2020-10-10,Liechtenstein,1,Gibraltar,0,1,,,21.0,6.0,9.0,6.0,1.0,,,,,,,,,,2.0,6.0,,9.0,70.0,,,68.0,83.6,483.0,578.0,,,30.0,,,,14.0,,,,25.9,7.0,27.0,,11.0,,,14.0,10.0,4.0,,17.0,1,,0,3.0,,,,,,,,4.0,,10.0,,,,,10.0,4.0,4.0,2.0,0.0,,,,,,,,,,2.0,3.0,,12.0,48.0,,,32.0,69.4,197.0,284.0,,,34.0,,,,10.0,,,,25.0,2.0,8.0,,8.0,,,10.0,5.0,5.0,,31.0,0,,1,6.0,,,,,,,,7.0,,15.0,,,6.93,7.17,UEFA Nations League,UEFA,UEFA
SEL-NATIONS_LEAGUE-2020-21-8600751,Ronda 3,2020-10-10,España,1,Suiza,1,0,,,12.0,2.0,5.0,5.0,1.0,,,,,,,,,,3.0,8.0,0.0,16.0,74.0,,,60.0,86.5,592.0,684.0,,,55.0,,,,9.0,,,,36.8,7.0,19.0,,13.0,,,15.0,7.0,8.0,,7.0,0,,1,1.0,,,,,,,,1.0,,10.0,,,,,4.0,1.0,0.0,3.0,0.0,,,,,,,,,,1.0,3.0,6.0,9.0,30.0,,,40.0,80.4,366.0,455.0,,,20.0,,,,9.0,,,,23.1,3.0,13.0,,15.0,,,19.0,7.0,12.0,,13.0,1,,0,1.0,,,,,,,,2.0,,11.0,,,7.21,6.74,UEFA Nations League,UEFA,UEFA
SEL-NATIONS_LEAGUE-2020-21-8600754,Ronda 3,2020-10-10,Ucrania,1,Alemania,1,2,,,9.0,3.0,5.0,1.0,0.0,,,,,,,,,,1.0,0.0,2.0,10.0,41.0,,,27.0,78.1,235.0,301.0,,,14.0,,,,16.0,,,,,0.0,6.0,,7.0,,,14.0,4.0,10.0,,20.0,2,,0,10.0,,,,,,,,1.0,,8.0,,,,,17.0,12.0,4.0,1.0,0.0,,,,,,,,,,6.0,7.0,0.0,10.0,81.0,,,73.0,90.9,735.0,809.0,,,30.0,,,,7.0,,,,20.0,4.0,20.0,,5.0,,,10.0,7.0,3.0,,6.0,1,,0,2.0,,,,,,,,2.0,,17.0,,,6.74,7.01,UEFA Nations League,UEFA,UEFA
SEL-NATIONS_LEAGUE-2020-21-8600869,Ronda 3,2020-10-10,Andorra,1,Malta,0,0,,,9.0,0.0,6.0,3.0,0.0,,,,,,,,,,,7.0,2.0,4.0,38.0,,,28.0,46.9,82.0,175.0,,,14.0,,,,15.0,,,,46.7,7.0,15.0,,7.0,,,8.0,6.0,2.0,,22.0,0,,1,1.0,,,,,,,,3.0,,27.0,,,,,8.0,1.0,5.0,2.0,0.0,,,,,,,,,,,4.0,4.0,7.0,55.0,,,72.0,80.7,390.0,483.0,,,41.0,,,,27.0,,,,23.1,3.0,13.0,,6.0,,,8.0,4.0,4.0,,11.0,0,,1,0.0,,,,,,,,1.0,,17.0,,,6.8,7.03,UEFA Nations League,UEFA,UEFA
SEL-NATIONS_LEAGUE-2020-21-8600856,Ronda 3,2020-10-11,Irlanda,1,Gales,0,0,,,11.0,2.0,8.0,1.0,0.0,,,,,,,,,,1.0,3.0,2.0,12.0,35.0,,,50.0,83.9,458.0,546.0,,,17.0,,,,11.0,,,,20.0,4.0,20.0,,7.0,,,7.0,3.0,4.0,,13.0,0,,1,2.0,,,,,,,,3.0,1.0,14.0,,,,,7.0,2.0,2.0,3.0,0.0,,,,,,,,,,0.0,4.0,1.0,7.0,51.0,,,50.0,84.9,461.0,543.0,,,28.0,,,,13.0,,,,7.7,1.0,13.0,,16.0,,,8.0,5.0,3.0,,13.0,0,,1,1.0,,,,,,,,2.0,0.0,11.0,,,6.95,7.0,UEFA Nations League,UEFA,UEFA
SEL-NATIONS_LEAGUE-2020-21-8600880,Ronda 3,2020-10-11,Kazajistán,1,Albania,0,0,,,6.0,2.0,1.0,3.0,1.0,,,,,,,,,,0.0,4.0,3.0,11.0,52.0,,,44.0,75.9,311.0,410.0,,,32.0,,,,15.0,,,,18.2,2.0,11.0,,14.0,,,17.0,12.0,5.0,,17.0,0,,1,5.0,,,,,,,,2.0,,12.0,,,,,14.0,6.0,5.0,3.0,0.0,,,,,,,,,,2.0,6.0,2.0,14.0,64.0,,,56.0,83.3,444.0,533.0,,,39.0,,,,10.0,,,,33.3,7.0,21.0,,4.0,,,10.0,5.0,5.0,,17.0,0,,1,2.0,,,,,,,,2.0,,15.0,,,7.11,7.06,UEFA Nations League,UEFA,UEFA
SEL-NATIONS_LEAGUE-2020-21-8600753,Ronda 3,2020-10-11,Bosnia,1,Países Bajos,0,0,,,6.0,1.0,2.0,3.0,0.0,,,,,,,,,,0.0,2.0,5.0,9.0,31.0,,,31.0,76.6,249.0,325.0,,,21.0,,,,14.0,,,,,0.0,7.0,,7.0,,,15.0,6.0,9.0,,39.0,0,,1,4.0,,,,,,,,2.0,,9.0,,,,,15.0,4.0,8.0,3.0,0.0,,,,,,,,,,3.0,7.0,2.0,9.0,89.0,,,69.0,88.5,631.0,713.0,,,31.0,,,,8.0,,,,28.6,10.0,35.0,,13.0,,,7.0,5.0,2.0,,5.0,0,,1,1.0,,,,,,,,1.0,,14.0,,,6.94,7.03,UEFA Nations League,UEFA,UEFA
SEL-NATIONS_LEAGUE-2020-21-8600746,Ronda 3,2020-10-11,Inglaterra,1,Bélgica,2,1,,,9.0,3.0,5.0,1.0,0.0,,,,,,,,,,2.0,7.0,2.0,4.0,53.0,,,47.0,87.7,497.0,567.0,,,21.0,,,,5.0,,,,42.9,6.0,14.0,,8.0,,,7.0,3.0,4.0,,18.0,1,,0,1.0,,,,,,,,1.0,,4.0,,,,,11.0,2.0,5.0,4.0,0.0,,,,,,,,,,4.0,5.0,5.0,9.0,37.0,,,53.0,88.5,583.0,659.0,,,26.0,,,,4.0,,,,12.5,1.0,8.0,,2.0,,,11.0,6.0,5.0,,10.0,2,,0,1.0,,,,,,,,1.0,,5.0,,,6.88,6.78,UEFA Nations League,UEFA,UEFA
SEL-NATIONS_LEAGUE-2020-21-8600827,Ronda 3,2020-10-11,Croacia,1,Suecia,2,1,,,13.0,6.0,5.0,2.0,0.0,,,,,,,,,,1.0,8.0,2.0,13.0,50.0,,,54.0,82.7,436.0,527.0,,,29.0,,,,10.0,,,,17.6,3.0,17.0,,8.0,,,16.0,9.0,7.0,,10.0,1,,0,2.0,,,,,,,,2.0,,14.0,,,,,14.0,3.0,5.0,6.0,0.0,,,,,,,,,,1.0,3.0,1.0,10.0,48.0,,,46.0,79.4,354.0,446.0,,,24.0,,,,12.0,,,,23.1,3.0,13.0,,10.0,,,11.0,6.0,5.0,,15.0,2,,0,4.0,,,,,,,,1.0,,11.0,,,7.06,6.71,UEFA Nations League,UEFA,UEFA
SEL-NATIONS_LEAGUE-2020-21-8600766,Ronda 3,2020-10-11,Noruega,1,Rumania,4,0,,,21.0,10.0,6.0,5.0,0.0,,,,,,,,,,6.0,5.0,1.0,22.0,55.0,,,50.0,83.3,375.0,450.0,,,35.0,,,,8.0,,,,25.0,5.0,20.0,,13.0,,,21.0,11.0,10.0,,17.0,0,,1,3.0,,,,,,,,1.0,,10.0,,,,,12.0,3.0,5.0,4.0,0.0,,,,,,,,,,0.0,4.0,0.0,10.0,47.0,,,50.0,82.8,379.0,458.0,,,21.0,,,,10.0,,,,14.3,2.0,14.0,,11.0,,,15.0,8.0,7.0,,20.0,4,,0,6.0,,,,,,,,1.0,,8.0,,,7.8,6.49,UEFA Nations League,UEFA,UEFA
SEL-NATIONS_LEAGUE-2020-21-8600858,Ronda 3,2020-10-11,Finlandia,1,Bulgaria,2,0,,,13.0,4.0,6.0,3.0,0.0,,,,,,,,,,1.0,3.0,1.0,6.0,50.0,,,46.0,82.9,379.0,457.0,,,28.0,,,,11.0,,,,38.5,5.0,13.0,,19.0,,,19.0,11.0,8.0,,23.0,0,,1,3.0,,,,,,,,,,5.0,,,,,11.0,2.0,5.0,4.0,0.0,,,,,,,,,,0.0,7.0,2.0,9.0,60.0,,,54.0,84.0,445.0,530.0,,,24.0,,,,4.0,,,,19.2,5.0,26.0,,6.0,,,16.0,12.0,4.0,,16.0,2,,0,2.0,,,,,,,,,,12.0,,,7.33,6.65,UEFA Nations League,UEFA,UEFA
SEL-NATIONS_LEAGUE-2020-21-8600854,Ronda 3,2020-10-11,Armenia,1,Georgia,2,2,,,11.0,4.0,4.0,3.0,0.0,,,,,,,,,,1.0,1.0,3.0,6.0,49.0,,,41.0,77.3,272.0,352.0,,,21.0,,,,16.0,,,,8.3,1.0,12.0,,14.0,,,10.0,9.0,1.0,,12.0,2,,0,4.0,,,,,,,,3.0,,16.0,,,,,14.0,6.0,7.0,1.0,1.0,,,,,,,,,,2.0,4.0,2.0,12.0,55.0,,,59.0,85.4,445.0,521.0,,,30.0,,,,15.0,,,,8.3,1.0,12.0,,9.0,,,18.0,10.0,8.0,,15.0,2,,0,2.0,,,,,,,,3.0,,17.0,,,6.63,7.0,UEFA Nations League,UEFA,UEFA
SEL-NATIONS_LEAGUE-2020-21-8600860,Ronda 3,2020-10-11,Estonia,1,Macedonia del Norte,3,3,,,11.0,6.0,3.0,2.0,0.0,,,,,,,,,,4.0,4.0,0.0,12.0,57.0,,,41.0,74.7,277.0,371.0,,,29.0,,,,7.0,,,,28.6,4.0,14.0,,18.0,,,15.0,12.0,3.0,,23.0,3,,0,2.0,,,,,,,,2.0,,20.0,,,,,16.0,4.0,6.0,6.0,1.0,,,,,,,,,,1.0,3.0,3.0,16.0,46.0,,,59.0,84.0,440.0,524.0,,,33.0,,,,18.0,,,,40.9,9.0,22.0,,9.0,,,13.0,7.0,6.0,,18.0,3,,0,3.0,,,,,,,,3.0,,8.0,,,6.68,6.6,UEFA Nations League,UEFA,UEFA
SEL-NATIONS_LEAGUE-2020-21-8600887,Ronda 3,2020-10-11,Lituania,1,Bielorrusia,2,2,,,11.0,5.0,3.0,3.0,0.0,,,,,,,,,,2.0,3.0,0.0,4.0,56.0,,,42.0,67.9,237.0,349.0,,,26.0,,,,23.0,,,,26.7,4.0,15.0,,16.0,,,14.0,8.0,6.0,,24.0,2,,0,1.0,,,,,,,,4.0,,21.0,,,,,8.0,3.0,2.0,3.0,0.0,,,,,,,,,,2.0,7.0,4.0,8.0,66.0,,,58.0,74.8,359.0,480.0,,,31.0,,,,20.0,,,,27.3,9.0,33.0,,5.0,,,14.0,8.0,6.0,,15.0,2,,0,3.0,,,,,,,,2.0,,24.0,,,6.67,6.64,UEFA Nations League,UEFA,UEFA
SEL-NATIONS_LEAGUE-2020-21-8600779,Ronda 3,2020-10-11,Polonia,1,Italia,0,0,,,3.0,2.0,0.0,1.0,0.0,,,,,,,,,,0.0,5.0,3.0,8.0,37.0,,,39.0,71.3,263.0,369.0,,,22.0,,,,17.0,,,,28.6,4.0,14.0,,11.0,,,15.0,7.0,8.0,,28.0,0,,1,2.0,,,,,,,,2.0,,20.0,,,,,16.0,2.0,5.0,9.0,0.0,,,,,,,,,,3.0,9.0,2.0,16.0,56.0,,,61.0,84.3,479.0,568.0,,,27.0,,,,19.0,,,,24.0,6.0,25.0,,13.0,,,13.0,9.0,4.0,,13.0,0,,1,2.0,,,,,,,,2.0,,18.0,,,6.97,7.13,UEFA Nations League,UEFA,UEFA
SEL-NATIONS_LEAGUE-2020-21-8600736,Ronda 3,2020-10-11,Islandia,1,Dinamarca,0,3,,,7.0,3.0,1.0,3.0,0.0,,,,,,,,,,2.0,3.0,,3.0,43.0,,,33.0,72.2,213.0,295.0,,,21.0,,,,11.0,,,,11.8,2.0,17.0,,14.0,,,15.0,10.0,5.0,,33.0,3,,0,2.0,,,,,,,,2.0,,15.0,,,,,16.0,4.0,6.0,6.0,0.0,,,,,,,,,,1.0,12.0,,4.0,76.0,,,67.0,85.8,508.0,592.0,,,25.0,,,,15.0,,,,32.1,9.0,28.0,,7.0,,,9.0,6.0,3.0,,15.0,0,,1,3.0,,,,,,,,0.0,,11.0,,,6.53,7.25,UEFA Nations League,UEFA,UEFA
SEL-NATIONS_LEAGUE-2020-21-8600788,Ronda 3,2020-10-11,Francia,1,Portugal,0,0,,,10.0,3.0,3.0,4.0,0.0,,,,,,,,,,0.0,1.0,2.0,7.0,62.0,,,50.0,85.6,492.0,575.0,,,29.0,,,,11.0,,,,25.0,3.0,12.0,,14.0,,,12.0,8.0,4.0,,16.0,0,,1,3.0,,,,,,,,0.0,,19.0,,,,,10.0,3.0,3.0,4.0,0.0,,,,,,,,,,1.0,4.0,2.0,5.0,60.0,,,50.0,88.8,517.0,582.0,,,39.0,,,,19.0,,,,21.4,3.0,14.0,,10.0,,,17.0,6.0,11.0,,13.0,0,,1,3.0,,,,,,,,1.0,,12.0,,,7.11,7.18,UEFA Nations League,UEFA,UEFA
SEL-NATIONS_LEAGUE-2020-21-8600789,Ronda 3,2020-10-11,Irlanda del Norte,1,Austria,0,1,,,3.0,1.0,1.0,1.0,0.0,,,,,,,,,,0.0,3.0,1.0,7.0,40.0,,,44.0,78.2,316.0,404.0,,,34.0,,,,11.0,,,,21.1,4.0,19.0,,13.0,,,18.0,14.0,4.0,,10.0,1,,0,4.0,,,,,,,,2.0,,13.0,,,,,13.0,5.0,7.0,1.0,0.0,,,,,,,,,,4.0,5.0,0.0,6.0,72.0,,,56.0,84.4,450.0,533.0,,,45.0,,,,13.0,,,,41.2,7.0,17.0,,9.0,,,22.0,16.0,6.0,,14.0,0,,1,1.0,,,,,,,,1.0,,11.0,,,6.64,7.24,UEFA Nations League,UEFA,UEFA
SEL-NATIONS_LEAGUE-2020-21-8600741,Ronda 3,2020-10-11,Israel,1,República Checa,1,2,,,11.0,5.0,5.0,1.0,1.0,,,,,,,,,,1.0,2.0,3.0,16.0,45.0,,,52.0,79.2,373.0,471.0,,,38.0,,,,14.0,,,,12.5,1.0,8.0,,14.0,,,12.0,8.0,4.0,,11.0,2,,0,0.0,,,,,,,,4.0,,9.0,,,,,9.0,1.0,5.0,3.0,0.0,,,,,,,,,,2.0,4.0,2.0,12.0,57.0,,,48.0,74.4,323.0,434.0,,,30.0,,,,8.0,,,,23.5,4.0,17.0,,15.0,,,19.0,10.0,9.0,,12.0,1,,0,4.0,,,,,,,,2.0,,15.0,,,6.55,6.94,UEFA Nations League,UEFA,UEFA
SEL-NATIONS_LEAGUE-2020-21-8600791,Ronda 3,2020-10-11,Escocia,1,Eslovaquia,1,0,,,11.0,1.0,7.0,3.0,1.0,,,,,,,,,,2.0,9.0,1.0,9.0,76.0,,,45.0,77.5,300.0,387.0,,,25.0,,,,14.0,,,,12.5,3.0,24.0,,18.0,,,10.0,6.0,4.0,,17.0,0,,1,2.0,,,,,,,,4.0,,19.0,,,,,9.0,2.0,4.0,3.0,0.0,,,,,,,,,,0.0,5.0,0.0,5.0,51.0,,,55.0,80.4,395.0,491.0,,,38.0,,,,18.0,,,,,0.0,14.0,,15.0,,,22.0,12.0,10.0,,32.0,1,,0,0.0,,,,,,,,3.0,,14.0,,,7.13,6.85,UEFA Nations League,UEFA,UEFA
SEL-NATIONS_LEAGUE-2020-21-8600830,Ronda 3,2020-10-11,Rusia,1,Turquía,1,1,,,12.0,4.0,6.0,2.0,0.0,,,,,,,,,,3.0,6.0,1.0,2.0,65.0,,,41.0,70.4,276.0,392.0,,,38.0,,,,17.0,,,,29.4,5.0,17.0,,7.0,,,9.0,5.0,4.0,,15.0,1,,0,4.0,,,,,,,,1.0,,13.0,,,,,15.0,5.0,6.0,4.0,2.0,,,,,,,,,,3.0,5.0,1.0,9.0,61.0,,,59.0,80.0,445.0,556.0,,,39.0,,,,12.0,,,,37.0,10.0,27.0,,11.0,,,10.0,6.0,4.0,,18.0,1,,0,3.0,,,,,,,,4.0,,17.0,,,7.01,6.97,UEFA Nations League,UEFA,UEFA
SEL-NATIONS_LEAGUE-2020-21-8600750,Ronda 3,2020-10-11,Serbia,1,Hungría,0,1,,,14.0,3.0,8.0,3.0,1.0,,,,,,,,,,2.0,7.0,6.0,9.0,42.0,,,59.0,78.2,409.0,523.0,,,29.0,,,,20.0,,,,33.3,6.0,18.0,,10.0,,,16.0,12.0,4.0,,10.0,1,,0,2.0,,,,,,,,3.0,,13.0,,,,,4.0,3.0,1.0,0.0,0.0,,,,,,,,,,2.0,0.0,6.0,1.0,55.0,,,41.0,73.0,271.0,371.0,,,31.0,,,,13.0,,,,27.3,3.0,11.0,,11.0,,,14.0,9.0,5.0,,23.0,0,,1,3.0,,,,,,,,4.0,,21.0,,,6.85,6.89,UEFA Nations League,UEFA,UEFA
SEL-NATIONS_LEAGUE-2020-21-8600866,Ronda 3,2020-10-11,Grecia,1,Moldavia,2,0,,,20.0,10.0,3.0,7.0,2.0,,,,,,,,,,3.0,7.0,3.0,6.0,104.0,,,81.0,88.1,714.0,810.0,,,41.0,,,,20.0,,,,14.3,3.0,21.0,,6.0,,,16.0,9.0,7.0,,1.0,0,,1,1.0,,,,,,,,2.0,0.0,8.0,,,,,1.0,1.0,0.0,0.0,0.0,,,,,,,,,,1.0,0.0,1.0,2.0,27.0,,,19.0,56.4,110.0,195.0,,,10.0,,,,8.0,,,,,0.0,1.0,,10.0,,,9.0,4.0,5.0,,35.0,2,,0,8.0,,,,,,,,4.0,1.0,20.0,,,7.46,6.43,UEFA Nations League,UEFA,UEFA
SEL-NATIONS_LEAGUE-2020-21-8600868,Ronda 3,2020-10-11,Kosovo,1,Eslovenia,0,1,,,9.0,2.0,4.0,3.0,0.0,,,,,,,,,,,5.0,3.0,16.0,55.0,,,56.0,84.3,466.0,553.0,,,49.0,,,,14.0,,,,16.7,3.0,18.0,,18.0,,,12.0,6.0,6.0,,12.0,1,,0,1.0,,,,,,,,2.0,,8.0,,,,,12.0,2.0,6.0,4.0,0.0,,,,,,,,,,,5.0,2.0,12.0,50.0,,,44.0,76.5,335.0,438.0,,,23.0,,,,8.0,,,,28.6,4.0,14.0,,16.0,,,18.0,14.0,4.0,,18.0,0,,1,2.0,,,,,,,,1.0,,14.0,,,6.92,7.06,UEFA Nations League,UEFA,UEFA
SEL-NATIONS_LEAGUE-2020-21-8600878,Ronda 4,2020-10-13,Azerbaiyán,1,Chipre,0,0,,,11.0,6.0,5.0,0.0,0.0,,,,,,,,,,3.0,1.0,1.0,10.0,62.0,,,57.0,73.7,367.0,498.0,,,36.0,,,,20.0,,,,22.2,2.0,9.0,,15.0,,,13.0,5.0,8.0,,9.0,0,,1,0.0,,,,,,,,1.0,,18.0,,,,,12.0,0.0,8.0,4.0,0.0,,,,,,,,,,0.0,1.0,3.0,7.0,54.0,,,43.0,69.6,257.0,369.0,,,34.0,,,,17.0,,,,35.7,5.0,14.0,,22.0,,,16.0,12.0,4.0,,10.0,0,,1,6.0,,,,,,,,5.0,,23.0,,,6.94,7.05,UEFA Nations League,UEFA,UEFA
SEL-NATIONS_LEAGUE-2020-21-8600883,Ronda 4,2020-10-13,Letonia,1,Malta,0,1,,,18.0,6.0,9.0,3.0,1.0,,,,,,,,,,2.0,6.0,3.0,10.0,53.0,,,47.0,74.3,269.0,362.0,,,25.0,,,,11.0,,,,30.4,7.0,23.0,,23.0,,,13.0,7.0,6.0,,13.0,1,,0,3.0,,,,,,,,4.0,,21.0,,,,,12.0,4.0,4.0,4.0,0.0,,,,,,,,,,1.0,6.0,0.0,14.0,38.0,,,53.0,77.5,327.0,422.0,,,32.0,,,,21.0,,,,20.0,3.0,15.0,,10.0,,,11.0,9.0,2.0,,19.0,0,,1,6.0,,,,,,,,2.0,,11.0,,,6.9,7.21,UEFA Nations League,UEFA,UEFA
SEL-NATIONS_LEAGUE-2020-21-8600795,Ronda 4,2020-10-13,Alemania,1,Suiza,3,3,,,18.0,7.0,6.0,5.0,2.0,,,,,,,,,,1.0,7.0,1.0,10.0,64.0,,,63.0,85.8,566.0,660.0,,,29.0,,,,12.0,,,,27.8,5.0,18.0,,14.0,,,16.0,5.0,11.0,,8.0,3,,0,5.0,,,,,,,,3.0,0.0,13.0,,,,,13.0,8.0,3.0,2.0,0.0,,,,,,,,,,5.0,2.0,1.0,7.0,31.0,,,37.0,79.6,316.0,397.0,,,27.0,,,,10.0,,,,11.1,1.0,9.0,,16.0,,,15.0,10.0,5.0,,31.0,3,,0,4.0,,,,,,,,4.0,1.0,13.0,,,7.05,6.88,UEFA Nations League,UEFA,UEFA
SEL-NATIONS_LEAGUE-2020-21-8600749,Ronda 4,2020-10-13,Ucrania,1,España,1,0,,,2.0,1.0,1.0,0.0,0.0,,,,,,,,,,1.0,3.0,3.0,8.0,53.0,,,28.0,70.3,199.0,283.0,,,26.0,,,,8.0,,,,16.7,1.0,6.0,,7.0,,,13.0,10.0,3.0,,28.0,0,,1,8.0,,,,,,,,,,10.0,,,,,21.0,8.0,11.0,2.0,1.0,,,,,,,,,,2.0,9.0,1.0,17.0,99.0,,,72.0,90.5,636.0,703.0,,,29.0,,,,10.0,,,,38.9,14.0,36.0,,9.0,,,10.0,7.0,3.0,,8.0,1,,0,0.0,,,,,,,,,,8.0,,,6.95,7.15,UEFA Nations League,UEFA,UEFA
SEL-NATIONS_LEAGUE-2020-21-8600879,Ronda 4,2020-10-13,Montenegro,1,Luxemburgo,1,2,,,13.0,3.0,3.0,7.0,0.0,,,,,,,,,,0.0,3.0,1.0,12.0,63.0,,,52.0,69.4,274.0,395.0,,,31.0,,,,11.0,,,,25.0,5.0,20.0,,9.0,,,17.0,10.0,7.0,,16.0,2,,0,3.0,,,,,,,,5.0,2.0,19.0,,,,,13.0,5.0,6.0,2.0,0.0,,,,,,,,,,1.0,4.0,2.0,7.0,70.0,,,48.0,67.6,254.0,376.0,,,39.0,,,,19.0,,,,9.1,1.0,11.0,,9.0,,,12.0,7.0,5.0,,16.0,1,,0,2.0,,,,,,,,1.0,1.0,11.0,,,6.77,6.72,UEFA Nations League,UEFA,UEFA
SEL-NATIONS_LEAGUE-2020-21-8600881,Ronda 4,2020-10-13,Islas Feroe,1,Andorra,2,0,,,17.0,10.0,5.0,2.0,0.0,,,,,,,,,,4.0,7.0,2.0,10.0,58.0,,,75.0,84.5,457.0,541.0,,,44.0,,,,22.0,,,,26.9,7.0,26.0,,16.0,,,6.0,5.0,1.0,,7.0,0,,1,2.0,,,,,,,,4.0,,9.0,,,,,5.0,2.0,2.0,1.0,0.0,,,,,,,,,,0.0,2.0,0.0,7.0,42.0,,,25.0,50.0,91.0,182.0,,,11.0,,,,9.0,,,,12.5,1.0,8.0,,4.0,,,13.0,9.0,4.0,,25.0,2,,0,8.0,,,,,,,,4.0,,23.0,,,7.25,6.55,UEFA Nations League,UEFA,UEFA
SEL-NATIONS_LEAGUE-2020-21-8600867,Ronda 4,2020-10-13,Liechtenstein,1,San Marino,0,0,,,6.0,2.0,2.0,2.0,0.0,,,,,,,,,,0.0,1.0,1.0,5.0,71.0,,,61.0,83.0,474.0,571.0,,,38.0,,,,15.0,,,,6.2,1.0,16.0,,4.0,,,15.0,6.0,9.0,,17.0,0,,1,4.0,,,,,,,,5.0,,19.0,,,,,16.0,4.0,8.0,4.0,1.0,,,,,,,,,,4.0,2.0,4.0,13.0,53.0,,,39.0,75.9,264.0,348.0,,,39.0,,,,19.0,,,,35.0,7.0,20.0,,15.0,,,16.0,9.0,7.0,,26.0,0,,1,2.0,,,,,,,,5.0,,15.0,,,6.85,7.32,UEFA Nations League,UEFA,UEFA
SEL-NATIONS_LEAGUE-2020-21-8600862,Ronda 4,2020-10-14,Finlandia,1,Irlanda,1,0,,,7.0,2.0,2.0,3.0,0.0,,,,,,,,,,1.0,2.0,2.0,11.0,51.0,,,53.0,82.5,443.0,537.0,,,15.0,,,,12.0,,,,,0.0,6.0,,12.0,,,22.0,15.0,7.0,,22.0,0,,1,4.0,,,,,,,,1.0,,13.0,,,,,10.0,4.0,5.0,1.0,1.0,,,,,,,,,,1.0,6.0,2.0,7.0,45.0,,,47.0,83.8,387.0,462.0,,,20.0,,,,12.0,,,,15.4,4.0,26.0,,6.0,,,15.0,9.0,6.0,,16.0,1,,0,1.0,,,,,,,,1.0,,12.0,,,7.1,6.55,UEFA Nations League,UEFA,UEFA
SEL-NATIONS_LEAGUE-2020-21-8600888,Ronda 4,2020-10-14,Lituania,1,Albania,0,0,,,7.0,1.0,5.0,1.0,0.0,,,,,,,,,,0.0,2.0,1.0,9.0,54.0,,,39.0,57.7,161.0,279.0,,,22.0,,,,21.0,,,,23.1,3.0,13.0,,20.0,,,21.0,13.0,8.0,,40.0,0,,1,4.0,,,,,,,,1.0,,11.0,,,,,14.0,4.0,8.0,2.0,0.0,,,,,,,,,,2.0,5.0,0.0,12.0,64.0,,,61.0,71.1,312.0,439.0,,,39.0,,,,11.0,,,,14.3,4.0,28.0,,12.0,,,20.0,16.0,4.0,,6.0,0,,1,1.0,,,,,,,,3.0,,22.0,,,7.05,6.96,UEFA Nations League,UEFA,UEFA
SEL-NATIONS_LEAGUE-2020-21-8600821,Ronda 4,2020-10-14,Italia,1,Países Bajos,1,1,,,8.0,6.0,2.0,0.0,0.0,,,,,,,,,,2.0,4.0,6.0,14.0,56.0,,,55.0,85.0,477.0,561.0,,,36.0,,,,10.0,,,,18.2,4.0,22.0,,14.0,,,9.0,4.0,5.0,,17.0,1,,0,2.0,,,,,,,,3.0,,12.0,,,,,14.0,3.0,5.0,6.0,0.0,,,,,,,,,,2.0,9.0,2.0,14.0,40.0,,,45.0,81.8,365.0,446.0,,,31.0,,,,12.0,,,,30.8,8.0,26.0,,6.0,,,11.0,9.0,2.0,,22.0,1,,0,5.0,,,,,,,,0.0,,12.0,,,7.03,7.0,UEFA Nations League,UEFA,UEFA
SEL-NATIONS_LEAGUE-2020-21-8600796,Ronda 4,2020-10-14,Polonia,1,Bosnia,3,0,,,20.0,8.0,4.0,8.0,1.0,,,,,,,,,,3.0,4.0,3.0,7.0,65.0,,,64.0,86.4,541.0,626.0,,,30.0,,,,11.0,,,,36.8,7.0,19.0,,14.0,,,15.0,10.0,5.0,,8.0,0,,1,2.0,,,,,,,,2.0,0.0,16.0,,,,,5.0,2.0,2.0,1.0,0.0,,,,,,,,,,0.0,3.0,1.0,10.0,43.0,,,36.0,76.8,265.0,345.0,,,19.0,,,,16.0,,,,18.2,2.0,11.0,,16.0,,,8.0,6.0,2.0,,21.0,3,,0,5.0,,,,,,,,3.0,1.0,12.0,,,7.46,6.32,UEFA Nations League,UEFA,UEFA
SEL-NATIONS_LEAGUE-2020-21-8600764,Ronda 4,2020-10-14,Inglaterra,1,Dinamarca,0,1,,,15.0,5.0,3.0,7.0,0.0,,,,,,,,,,2.0,4.0,1.0,12.0,56.0,,,44.0,83.1,364.0,438.0,,,44.0,,,,12.0,,,,23.5,4.0,17.0,,8.0,,,8.0,3.0,5.0,,14.0,1,,0,3.0,,,,,,,,4.0,2.0,14.0,,,,,10.0,4.0,5.0,1.0,0.0,,,,,,,,,,2.0,4.0,0.0,6.0,43.0,,,56.0,87.6,500.0,571.0,,,20.0,,,,14.0,,,,20.0,3.0,15.0,,3.0,,,16.0,12.0,4.0,,34.0,0,,1,4.0,,,,,,,,2.0,0.0,12.0,,,6.67,7.15,UEFA Nations League,UEFA,UEFA
SEL-NATIONS_LEAGUE-2020-21-8600748,Ronda 4,2020-10-14,Islandia,1,Bélgica,1,2,,,4.0,2.0,1.0,1.0,0.0,,,,,,,,,,1.0,6.0,2.0,4.0,43.0,,,32.0,79.7,275.0,345.0,,,32.0,,,,8.0,,,,7.1,1.0,14.0,,20.0,,,10.0,6.0,4.0,,28.0,2,,0,0.0,,,,,,,,0.0,,12.0,,,,,9.0,2.0,4.0,3.0,0.0,,,,,,,,,,2.0,7.0,1.0,6.0,78.0,,,68.0,90.8,669.0,737.0,,,21.0,,,,11.0,,,,29.4,5.0,17.0,,16.0,,,7.0,5.0,2.0,,11.0,1,,0,1.0,,,,,,,,1.0,,8.0,,,6.68,7.0,UEFA Nations League,UEFA,UEFA
SEL-NATIONS_LEAGUE-2020-21-8600755,Ronda 4,2020-10-14,Croacia,1,Francia,1,2,,,10.0,4.0,4.0,2.0,0.0,,,,,,,,,,1.0,2.0,1.0,11.0,61.0,,,53.0,91.6,512.0,559.0,,,42.0,,,,6.0,,,,18.5,5.0,27.0,,12.0,,,14.0,10.0,4.0,,16.0,2,,0,1.0,,,,,,,,3.0,,9.0,,,,,5.0,3.0,2.0,0.0,0.0,,,,,,,,,,3.0,5.0,1.0,17.0,49.0,,,47.0,87.3,452.0,518.0,,,23.0,,,,9.0,,,,6.7,1.0,15.0,,7.0,,,26.0,15.0,11.0,,9.0,1,,0,3.0,,,,,,,,2.0,,7.0,,,6.49,7.03,UEFA Nations League,UEFA,UEFA
SEL-NATIONS_LEAGUE-2020-21-8600774,Ronda 4,2020-10-14,Portugal,1,Suecia,3,0,,,17.0,6.0,7.0,4.0,1.0,,,,,,,,,,5.0,6.0,3.0,12.0,30.0,,,49.0,85.7,407.0,475.0,,,31.0,,,,16.0,,,,20.0,3.0,15.0,,12.0,,,16.0,6.0,10.0,,24.0,0,,1,3.0,,,,,,,,2.0,,12.0,,,,,8.0,3.0,4.0,1.0,1.0,,,,,,,,,,0.0,9.0,2.0,4.0,54.0,,,51.0,84.4,401.0,475.0,,,21.0,,,,11.0,,,,20.8,5.0,24.0,,9.0,,,15.0,7.0,8.0,,12.0,3,,0,3.0,,,,,,,,4.0,,17.0,,,7.61,6.48,UEFA Nations League,UEFA,UEFA
SEL-NATIONS_LEAGUE-2020-21-8600780,Ronda 4,2020-10-14,Noruega,1,Irlanda del Norte,1,0,,,11.0,5.0,4.0,2.0,0.0,,,,,,,,,,2.0,9.0,0.0,8.0,66.0,,,61.0,87.2,520.0,596.0,,,44.0,,,,10.0,,,,12.5,4.0,32.0,,10.0,,,8.0,5.0,3.0,,11.0,0,,1,4.0,,,,,,,,2.0,,15.0,,,,,6.0,4.0,2.0,0.0,0.0,,,,,,,,,,1.0,3.0,2.0,4.0,53.0,,,39.0,79.7,307.0,385.0,,,29.0,,,,15.0,,,,12.5,1.0,8.0,,6.0,,,8.0,4.0,4.0,,37.0,1,,0,4.0,,,,,,,,0.0,,10.0,,,7.21,6.85,UEFA Nations League,UEFA,UEFA
SEL-NATIONS_LEAGUE-2020-21-8600786,Ronda 4,2020-10-14,Rumania,1,Austria,0,1,,,8.0,2.0,3.0,3.0,1.0,,,,,,,,,,0.0,3.0,4.0,11.0,57.0,,,50.0,80.1,430.0,537.0,,,31.0,,,,12.0,,,,37.5,3.0,8.0,,20.0,,,14.0,7.0,7.0,,17.0,1,,0,2.0,,,,,,,,2.0,,8.0,,,,,9.0,3.0,5.0,1.0,2.0,,,,,,,,,,2.0,3.0,3.0,6.0,49.0,,,50.0,78.8,404.0,513.0,,,38.0,,,,8.0,,,,31.8,7.0,22.0,,10.0,,,25.0,10.0,15.0,,9.0,0,,1,2.0,,,,,,,,4.0,,12.0,,,6.8,7.07,UEFA Nations League,UEFA,UEFA
SEL-NATIONS_LEAGUE-2020-21-8600757,Ronda 4,2020-10-14,Escocia,1,República Checa,1,0,,,5.0,1.0,4.0,0.0,1.0,,,,,,,,,,1.0,1.0,0.0,15.0,67.0,,,31.0,62.2,178.0,286.0,,,35.0,,,,8.0,,,,8.3,1.0,12.0,,17.0,,,15.0,8.0,7.0,,45.0,0,,1,6.0,,,,,,,,2.0,,9.0,,,,,16.0,6.0,6.0,4.0,0.0,,,,,,,,,,1.0,12.0,1.0,1.0,74.0,,,69.0,81.8,507.0,620.0,,,51.0,,,,9.0,,,,27.8,10.0,36.0,,4.0,,,6.0,5.0,1.0,,11.0,1,,0,0.0,,,,,,,,1.0,,10.0,,,7.38,6.72,UEFA Nations League,UEFA,UEFA
SEL-NATIONS_LEAGUE-2020-21-8600828,Ronda 4,2020-10-14,Eslovaquia,1,Israel,2,3,,,13.0,5.0,2.0,6.0,0.0,,,,,,,,,,1.0,5.0,5.0,11.0,49.0,,,50.0,85.3,464.0,544.0,,,43.0,,,,11.0,,,,36.4,4.0,11.0,,19.0,,,16.0,13.0,3.0,,16.0,3,,0,4.0,,,,,,,,1.0,,11.0,,,,,25.0,7.0,14.0,4.0,2.0,,,,,,,,,,4.0,3.0,2.0,8.0,59.0,,,50.0,83.2,455.0,547.0,,,20.0,,,,8.0,,,,40.0,4.0,10.0,,10.0,,,19.0,14.0,5.0,,12.0,2,,0,3.0,,,,,,,,1.0,,11.0,,,6.9,7.32,UEFA Nations League,UEFA,UEFA
SEL-NATIONS_LEAGUE-2020-21-8600783,Ronda 4,2020-10-14,Rusia,1,Hungría,0,0,,,11.0,1.0,6.0,4.0,1.0,,,,,,,,,,0.0,5.0,6.0,6.0,72.0,,,57.0,76.4,359.0,470.0,,,39.0,,,,16.0,,,,26.1,6.0,23.0,,7.0,,,16.0,9.0,7.0,,17.0,0,,1,0.0,,,,,,,,2.0,,16.0,,,,,6.0,0.0,3.0,3.0,0.0,,,,,,,,,,1.0,1.0,3.0,6.0,41.0,,,43.0,70.0,247.0,353.0,,,24.0,,,,16.0,,,,9.1,1.0,11.0,,14.0,,,15.0,10.0,5.0,,30.0,0,,1,1.0,,,,,,,,3.0,,16.0,,,6.91,6.91,UEFA Nations League,UEFA,UEFA
SEL-NATIONS_LEAGUE-2020-21-8600770,Ronda 4,2020-10-14,Turquía,1,Serbia,2,2,,,18.0,7.0,4.0,7.0,0.0,,,,,,,,,,2.0,3.0,3.0,11.0,43.0,,,54.0,81.4,364.0,447.0,,,23.0,,,,12.0,,,,16.7,2.0,12.0,,10.0,,,16.0,8.0,8.0,,19.0,2,,0,4.0,,,,,,,,3.0,1.0,16.0,,,,,19.0,7.0,8.0,4.0,1.0,,,,,,,,,,3.0,9.0,4.0,8.0,50.0,,,46.0,77.8,280.0,360.0,,,37.0,,,,15.0,,,,35.7,10.0,28.0,,10.0,,,14.0,5.0,9.0,,14.0,2,,0,5.0,,,,,,,,3.0,0.0,13.0,,,6.99,7.05,UEFA Nations League,UEFA,UEFA
SEL-NATIONS_LEAGUE-2020-21-8600852,Ronda 4,2020-10-14,Bulgaria,1,Gales,0,1,,,4.0,0.0,3.0,1.0,0.0,,,,,,,,,,0.0,4.0,0.0,5.0,36.0,,,53.0,83.0,396.0,477.0,,,32.0,,,,15.0,,,,16.7,3.0,18.0,,9.0,,,10.0,7.0,3.0,,15.0,1,,0,4.0,,,,,,,,3.0,,15.0,,,,,13.0,5.0,5.0,3.0,0.0,,,,,,,,,,1.0,7.0,4.0,14.0,54.0,,,47.0,81.1,347.0,428.0,,,29.0,,,,15.0,,,,38.5,5.0,13.0,,11.0,,,14.0,9.0,5.0,,15.0,0,,1,0.0,,,,,,,,4.0,,16.0,,,6.66,7.11,UEFA Nations League,UEFA,UEFA
SEL-NATIONS_LEAGUE-2020-21-8600864,Ronda 4,2020-10-14,Estonia,1,Armenia,1,1,,,9.0,2.0,5.0,2.0,0.0,,,,,,,,,,4.0,7.0,0.0,6.0,73.0,,,51.0,73.4,306.0,417.0,,,38.0,,,,9.0,,,,37.5,9.0,24.0,,14.0,,,15.0,10.0,5.0,,11.0,1,,0,1.0,,,,,,,,3.0,,18.0,,,,,7.0,2.0,3.0,2.0,0.0,,,,,,,,,,1.0,4.0,1.0,10.0,43.0,,,49.0,74.8,311.0,416.0,,,29.0,,,,16.0,,,,18.2,2.0,11.0,,8.0,,,17.0,12.0,5.0,,27.0,1,,0,1.0,,,,,,,,1.0,,9.0,,,6.82,6.85,UEFA Nations League,UEFA,UEFA
SEL-NATIONS_LEAGUE-2020-21-8600857,Ronda 4,2020-10-14,Macedonia del Norte,1,Georgia,1,1,,,9.0,2.0,1.0,6.0,0.0,,,,,,,,,,1.0,5.0,1.0,6.0,50.0,,,52.0,82.3,400.0,486.0,,,24.0,,,,21.0,,,,33.3,7.0,21.0,,16.0,,,15.0,7.0,8.0,,17.0,1,,0,3.0,,,,,,,,1.0,1.0,16.0,,,,,10.0,4.0,4.0,2.0,1.0,,,,,,,,,,0.0,2.0,2.0,15.0,61.0,,,48.0,82.6,379.0,459.0,,,43.0,,,,15.0,,,,27.3,3.0,11.0,,11.0,,,13.0,8.0,5.0,,15.0,1,,0,1.0,,,,,,,,2.0,0.0,22.0,,,6.83,6.95,UEFA Nations League,UEFA,UEFA
SEL-NATIONS_LEAGUE-2020-21-8600874,Ronda 4,2020-10-14,Grecia,1,Kosovo,0,0,,,16.0,3.0,8.0,5.0,0.0,,,,,,,,,,3.0,5.0,5.0,8.0,77.0,,,66.0,82.7,484.0,585.0,,,26.0,,,,14.0,,,,22.7,5.0,22.0,,16.0,,,8.0,6.0,2.0,,11.0,0,,1,1.0,,,,,,,,2.0,0.0,11.0,,,,,3.0,2.0,1.0,0.0,0.0,,,,,,,,,,1.0,3.0,2.0,4.0,43.0,,,34.0,67.4,203.0,301.0,,,26.0,,,,10.0,,,,7.7,1.0,13.0,,23.0,,,9.0,4.0,5.0,,23.0,0,,1,3.0,,,,,,,,3.0,1.0,14.0,,,7.15,6.9,UEFA Nations League,UEFA,UEFA
SEL-NATIONS_LEAGUE-2020-21-8600865,Ronda 4,2020-10-14,Moldavia,1,Eslovenia,0,4,,,7.0,4.0,3.0,0.0,0.0,,,,,,,,,,1.0,4.0,0.0,4.0,43.0,,,40.0,77.2,291.0,377.0,,,25.0,,,,21.0,,,,18.8,3.0,16.0,,9.0,,,15.0,10.0,5.0,,6.0,4,,0,4.0,,,,,,,,2.0,,9.0,,,,,13.0,8.0,4.0,1.0,0.0,,,,,,,,,,5.0,4.0,2.0,5.0,46.0,,,60.0,85.1,502.0,590.0,,,37.0,,,,9.0,,,,54.5,6.0,11.0,,7.0,,,9.0,5.0,4.0,,22.0,0,,1,4.0,,,,,,,,1.0,,21.0,,,6.36,7.35,UEFA Nations League,UEFA,UEFA
SEL-NATIONS_LEAGUE-2020-21-8600885,Ronda 4,2020-10-14,Bielorrusia,1,Kazajistán,2,0,,,9.0,4.0,3.0,2.0,0.0,,,,,,,,,,2.0,5.0,0.0,16.0,69.0,,,44.0,67.4,258.0,383.0,,,24.0,,,,18.0,,,,14.3,2.0,14.0,,18.0,,,8.0,5.0,3.0,,17.0,0,,1,3.0,,,,,,,,0.0,,11.0,,,,,11.0,3.0,6.0,2.0,0.0,,,,,,,,,,0.0,3.0,6.0,11.0,66.0,,,56.0,74.6,362.0,485.0,,,31.0,,,,11.0,,,,14.3,2.0,14.0,,17.0,,,16.0,8.0,8.0,,21.0,2,,0,2.0,,,,,,,,1.0,,19.0,,,7.06,6.71,UEFA Nations League,UEFA,UEFA
SEL-NATIONS_LEAGUE-2020-21-8600884,Ronda 5,2020-11-14,Malta,1,Andorra,3,1,,,15.0,4.0,7.0,4.0,1.0,,,,,,,,,,2.0,5.0,1.0,11.0,46.0,,,73.0,81.5,404.0,496.0,,,40.0,,,,22.0,,,,21.1,4.0,19.0,,10.0,,,15.0,12.0,3.0,,14.0,1,,0,0.0,,,,,,,,1.0,,13.0,,,,,3.0,1.0,2.0,0.0,0.0,,,,,,,,,,0.0,1.0,3.0,1.0,56.0,,,27.0,51.3,97.0,189.0,,,23.0,,,,13.0,,,,,0.0,6.0,,11.0,,,16.0,6.0,10.0,,17.0,3,,0,2.0,,,,,,,,2.0,,22.0,,,7.01,6.33,UEFA Nations League,UEFA,UEFA
SEL-NATIONS_LEAGUE-2020-21-8600855,Ronda 5,2020-11-14,San Marino,1,Gibraltar,0,0,,,5.0,1.0,2.0,2.0,0.0,,,,,,,,,,0.0,3.0,1.0,4.0,43.0,,,37.0,68.6,190.0,277.0,,,24.0,,,,12.0,,,,44.4,4.0,9.0,,11.0,,,14.0,8.0,6.0,,21.0,0,,1,0.0,,,,,,,,1.0,1.0,13.0,,,,,7.0,0.0,6.0,1.0,0.0,,,,,,,,,,2.0,7.0,1.0,11.0,57.0,,,63.0,82.4,384.0,466.0,,,13.0,,,,13.0,,,,20.8,5.0,24.0,,10.0,,,13.0,11.0,2.0,,8.0,0,,1,1.0,,,,,,,,3.0,0.0,14.0,,,6.67,6.94,UEFA Nations League,UEFA,UEFA
SEL-NATIONS_LEAGUE-2020-21-8600897,Ronda 5,2020-11-14,Azerbaiyán,1,Montenegro,0,0,,,10.0,3.0,4.0,3.0,0.0,,,,,,,,,,,6.0,2.0,6.0,89.0,,,58.0,75.6,394.0,521.0,,,35.0,,,,8.0,,,,27.8,5.0,18.0,,13.0,,,13.0,9.0,4.0,,13.0,0,,1,2.0,,,,,,,,4.0,0.0,16.0,,,,,8.0,2.0,6.0,0.0,1.0,,,,,,,,,,,2.0,2.0,12.0,32.0,,,42.0,70.4,264.0,375.0,,,25.0,,,,16.0,,,,27.3,3.0,11.0,,15.0,,,10.0,8.0,2.0,,20.0,0,,1,3.0,,,,,,,,3.0,1.0,9.0,,,6.8,6.99,UEFA Nations League,UEFA,UEFA
SEL-NATIONS_LEAGUE-2020-21-8600899,Ronda 5,2020-11-14,Chipre,1,Luxemburgo,2,1,,,13.0,5.0,7.0,1.0,0.0,,,,,,,,,,4.0,4.0,,8.0,58.0,,,47.0,79.7,334.0,419.0,,,18.0,,,,12.0,,,,25.0,6.0,24.0,,8.0,,,16.0,11.0,5.0,,12.0,1,,0,2.0,,,,,,,,5.0,0.0,20.0,,,,,10.0,2.0,7.0,1.0,0.0,,,,,,,,,,0.0,2.0,,6.0,50.0,,,53.0,81.2,392.0,483.0,,,28.0,,,,18.0,,,,23.5,4.0,17.0,,7.0,,,17.0,10.0,7.0,,17.0,2,,0,3.0,,,,,,,,1.0,1.0,12.0,,,6.85,6.56,UEFA Nations League,UEFA,UEFA
SEL-NATIONS_LEAGUE-2020-21-8600873,Ronda 5,2020-11-14,Letonia,1,Islas Feroe,1,1,,,10.0,3.0,5.0,2.0,1.0,,,,,,,,,,1.0,4.0,2.0,7.0,44.0,,,57.0,71.0,294.0,414.0,,,31.0,,,,12.0,,,,15.8,3.0,19.0,,8.0,,,14.0,10.0,4.0,,34.0,1,,0,2.0,,,,,,,,2.0,,16.0,,,,,12.0,3.0,4.0,5.0,0.0,,,,,,,,,,0.0,4.0,0.0,5.0,79.0,,,43.0,58.1,180.0,310.0,,,38.0,,,,14.0,,,,25.0,5.0,20.0,,10.0,,,12.0,5.0,7.0,,15.0,1,,0,2.0,,,,,,,,1.0,,12.0,,,7.01,6.81,UEFA Nations League,UEFA,UEFA
SEL-NATIONS_LEAGUE-2020-21-8600739,Ronda 5,2020-11-14,Portugal,1,Francia,0,1,,,18.0,6.0,10.0,2.0,1.0,,,,,,,,,,2.0,8.0,4.0,7.0,54.0,,,50.0,84.9,445.0,524.0,,,28.0,,,,17.0,,,,31.8,7.0,22.0,,9.0,,,13.0,10.0,3.0,,14.0,1,,0,6.0,,,,,,,,1.0,,15.0,,,,,13.0,7.0,5.0,1.0,1.0,,,,,,,,,,6.0,4.0,0.0,9.0,56.0,,,50.0,84.4,444.0,526.0,,,36.0,,,,14.0,,,,42.9,6.0,14.0,,16.0,,,21.0,13.0,8.0,,18.0,0,,1,6.0,,,,,,,,3.0,,17.0,,,6.99,7.27,UEFA Nations League,UEFA,UEFA
SEL-NATIONS_LEAGUE-2020-21-8600776,Ronda 5,2020-11-14,Suecia,1,Croacia,2,1,,,11.0,6.0,4.0,1.0,0.0,,,,,,,,,,1.0,4.0,0.0,8.0,72.0,,,44.0,77.2,345.0,447.0,,,24.0,,,,12.0,,,,41.7,5.0,12.0,,23.0,,,14.0,10.0,4.0,,24.0,1,,0,3.0,,,,,,,,1.0,,5.0,,,,,7.0,3.0,3.0,1.0,0.0,,,,,,,,,,0.0,4.0,2.0,12.0,48.0,,,56.0,78.5,435.0,554.0,,,43.0,,,,5.0,,,,9.1,2.0,22.0,,12.0,,,16.0,7.0,9.0,,16.0,2,,0,4.0,,,,,,,,2.0,,12.0,,,7.04,6.74,UEFA Nations League,UEFA,UEFA
SEL-NATIONS_LEAGUE-2020-21-8600771,Ronda 5,2020-11-14,Alemania,1,Ucrania,3,1,,,20.0,6.0,8.0,6.0,0.0,,,,,,,,,,5.0,9.0,3.0,5.0,60.0,,,56.0,90.9,589.0,648.0,,,38.0,,,,12.0,,,,40.0,8.0,20.0,,15.0,,,11.0,7.0,4.0,,9.0,1,,0,0.0,,,,,,,,1.0,,11.0,,,,,6.0,1.0,2.0,3.0,3.0,,,,,,,,,,0.0,2.0,3.0,7.0,39.0,,,44.0,87.2,456.0,523.0,,,21.0,,,,11.0,,,,40.0,4.0,10.0,,12.0,,,11.0,4.0,7.0,,18.0,3,,0,3.0,,,,,,,,1.0,,12.0,,,7.28,6.75,UEFA Nations League,UEFA,UEFA
SEL-NATIONS_LEAGUE-2020-21-8600829,Ronda 5,2020-11-14,Suiza,1,España,1,1,,,7.0,4.0,3.0,0.0,0.0,,,,,,,,,,1.0,2.0,3.0,4.0,28.0,,,29.0,74.2,222.0,299.0,,,25.0,,,,11.0,,,,20.0,1.0,5.0,,18.0,,,13.0,5.0,8.0,,18.0,1,,0,6.0,,,,,,,,4.0,1.0,18.0,,,,,20.0,7.0,9.0,4.0,0.0,,,,,,,,,,4.0,10.0,1.0,5.0,54.0,,,71.0,88.8,621.0,699.0,,,37.0,,,,17.0,,,,32.3,10.0,31.0,,12.0,,,10.0,7.0,3.0,,3.0,1,,0,2.0,,,,,,,,0.0,0.0,11.0,,,6.99,7.08,UEFA Nations League,UEFA,UEFA
SEL-NATIONS_LEAGUE-2020-21-8600825,Ronda 5,2020-11-15,Eslovaquia,1,Escocia,1,0,,,8.0,5.0,2.0,1.0,0.0,,,,,,,,,,0.0,1.0,0.0,8.0,45.0,,,51.0,85.1,463.0,544.0,,,30.0,,,,15.0,,,,,0.0,7.0,,3.0,,,10.0,8.0,2.0,,25.0,0,,1,5.0,,,,,,,,6.0,,15.0,,,,,14.0,5.0,6.0,3.0,0.0,,,,,,,,,,4.0,4.0,1.0,13.0,50.0,,,49.0,83.6,427.0,511.0,,,46.0,,,,14.0,,,,21.4,6.0,28.0,,9.0,,,12.0,7.0,5.0,,9.0,1,,0,4.0,,,,,,,,3.0,,16.0,,,7.06,7.05,UEFA Nations League,UEFA,UEFA
SEL-NATIONS_LEAGUE-2020-21-8600890,Ronda 5,2020-11-15,Macedonia del Norte,1,Estonia,2,1,,,17.0,9.0,7.0,1.0,0.0,,,,,,,,,,4.0,3.0,4.0,9.0,54.0,,,59.0,76.9,340.0,442.0,,,34.0,,,,16.0,,,,31.2,5.0,16.0,,8.0,,,15.0,9.0,6.0,,17.0,1,,0,2.0,,,,,,,,4.0,,11.0,,,,,7.0,3.0,4.0,0.0,0.0,,,,,,,,,,0.0,3.0,2.0,7.0,63.0,,,41.0,64.1,202.0,315.0,,,27.0,,,,9.0,,,,,0.0,9.0,,16.0,,,12.0,9.0,3.0,,14.0,2,,0,7.0,,,,,,,,3.0,,17.0,,,6.87,6.72,UEFA Nations League,UEFA,UEFA
SEL-NATIONS_LEAGUE-2020-21-8600826,Ronda 5,2020-11-15,Países Bajos,1,Bosnia,3,1,,,17.0,10.0,3.0,4.0,1.0,,,,,,,,,,4.0,5.0,3.0,11.0,70.0,,,60.0,89.3,552.0,618.0,,,23.0,,,,11.0,,,,9.5,2.0,21.0,,10.0,,,12.0,8.0,4.0,,7.0,1,,0,1.0,,,,,,,,1.0,,19.0,,,,,11.0,2.0,6.0,3.0,0.0,,,,,,,,,,1.0,1.0,2.0,10.0,39.0,,,40.0,84.6,357.0,422.0,,,21.0,,,,19.0,,,,11.1,1.0,9.0,,5.0,,,5.0,2.0,3.0,,26.0,3,,0,7.0,,,,,,,,2.0,,13.0,,,7.35,6.64,UEFA Nations League,UEFA,UEFA
SEL-NATIONS_LEAGUE-2020-21-8600831,Ronda 5,2020-11-15,Turquía,1,Rusia,3,2,,,18.0,8.0,7.0,3.0,0.0,,,,,,,,,,2.0,3.0,2.0,8.0,41.0,,,49.0,78.2,322.0,412.0,,,27.0,,,,14.0,,,,23.1,3.0,13.0,,11.0,,,9.0,6.0,3.0,,11.0,2,,0,3.0,,,,,,,,3.0,0.0,11.0,,,,,16.0,5.0,5.0,6.0,0.0,,,,,,,,,,3.0,5.0,1.0,5.0,69.0,,,51.0,77.0,321.0,417.0,,,38.0,,,,11.0,,,,21.7,5.0,23.0,,24.0,,,13.0,7.0,6.0,,8.0,3,,0,5.0,,,,,,,,4.0,1.0,14.0,,,6.94,6.76,UEFA Nations League,UEFA,UEFA
SEL-NATIONS_LEAGUE-2020-21-8600893,Ronda 5,2020-11-15,Bulgaria,1,Finlandia,1,2,,,12.0,5.0,6.0,1.0,0.0,,,,,,,,,,3.0,3.0,1.0,9.0,57.0,,,61.0,85.2,536.0,629.0,,,27.0,,,,17.0,,,,27.8,5.0,18.0,,19.0,,,11.0,8.0,3.0,,5.0,2,,0,1.0,,,,,,,,5.0,,19.0,,,,,9.0,3.0,3.0,3.0,0.0,,,,,,,,,,2.0,0.0,1.0,14.0,51.0,,,39.0,77.1,316.0,410.0,,,23.0,,,,16.0,,,,,0.0,3.0,,19.0,,,17.0,9.0,8.0,,23.0,1,,0,4.0,,,,,,,,3.0,,20.0,,,6.63,6.95,UEFA Nations League,UEFA,UEFA
SEL-NATIONS_LEAGUE-2020-21-8600896,Ronda 5,2020-11-15,Gales,1,Irlanda,1,0,,,10.0,4.0,3.0,3.0,1.0,,,,,,,,,,3.0,2.0,1.0,6.0,48.0,,,48.0,80.7,318.0,394.0,,,33.0,,,,13.0,,,,16.7,2.0,12.0,,17.0,,,14.0,6.0,8.0,,28.0,0,,1,4.0,,,,,,,,3.0,0.0,15.0,,,,,11.0,4.0,5.0,2.0,0.0,,,,,,,,,,0.0,4.0,1.0,4.0,48.0,,,52.0,79.8,328.0,411.0,,,38.0,,,,14.0,,,,18.2,4.0,22.0,,8.0,,,13.0,9.0,4.0,,7.0,1,,0,3.0,,,,,,,,4.0,1.0,13.0,,,7.19,6.74,UEFA Nations League,UEFA,UEFA
SEL-NATIONS_LEAGUE-2020-21-8600889,Ronda 5,2020-11-15,Georgia,1,Armenia,1,2,,,10.0,4.0,1.0,5.0,0.0,,,,,,,,,,1.0,8.0,2.0,8.0,58.0,,,71.0,86.8,554.0,638.0,,,37.0,,,,11.0,,,,22.9,8.0,35.0,,15.0,,,17.0,12.0,5.0,,8.0,2,,0,1.0,,,,,,,,1.0,,14.0,,,,,10.0,3.0,3.0,4.0,1.0,,,,,,,,,,3.0,4.0,1.0,6.0,48.0,,,29.0,66.5,175.0,263.0,,,14.0,,,,12.0,,,,23.1,3.0,13.0,,12.0,,,19.0,15.0,4.0,,26.0,1,,0,3.0,,,,,,,,1.0,,12.0,,,6.78,6.9,UEFA Nations League,UEFA,UEFA
SEL-NATIONS_LEAGUE-2020-21-8600898,Ronda 5,2020-11-15,Albania,1,Kazajistán,3,1,,,18.0,11.0,4.0,3.0,0.0,,,,,,,,,,5.0,5.0,0.0,20.0,49.0,,,60.0,85.1,487.0,572.0,,,35.0,,,,20.0,,,,41.7,5.0,12.0,,14.0,,,15.0,12.0,3.0,,11.0,1,,0,4.0,,,,,,,,1.0,,11.0,,,,,12.0,5.0,3.0,4.0,0.0,,,,,,,,,,2.0,6.0,1.0,16.0,54.0,,,40.0,75.0,276.0,368.0,,,30.0,,,,11.0,,,,,0.0,15.0,,16.0,,,25.0,16.0,9.0,,17.0,3,,0,7.0,,,,,,,,4.0,,22.0,,,7.14,6.71,UEFA Nations League,UEFA,UEFA
SEL-NATIONS_LEAGUE-2020-21-8600900,Ronda 5,2020-11-15,Bielorrusia,1,Lituania,2,0,,,12.0,4.0,5.0,3.0,0.0,,,,,,,,,,2.0,7.0,1.0,8.0,56.0,,,40.0,71.7,259.0,361.0,,,22.0,,,,14.0,,,,29.4,5.0,17.0,,14.0,,,18.0,12.0,6.0,,23.0,0,,1,1.0,,,,,,,,1.0,,19.0,,,,,9.0,1.0,6.0,2.0,0.0,,,,,,,,,,0.0,4.0,2.0,11.0,64.0,,,60.0,84.5,464.0,549.0,,,46.0,,,,19.0,,,,9.1,2.0,22.0,,14.0,,,8.0,2.0,6.0,,15.0,2,,0,2.0,,,,,,,,2.0,,14.0,,,7.11,6.65,UEFA Nations League,UEFA,UEFA
SEL-NATIONS_LEAGUE-2020-21-8600772,Ronda 5,2020-11-15,Italia,1,Polonia,2,0,,,19.0,4.0,7.0,8.0,0.0,,,,,,,,,,2.0,9.0,5.0,17.0,56.0,,,62.0,88.9,561.0,631.0,,,50.0,,,,14.0,,,,13.3,2.0,15.0,,9.0,,,17.0,10.0,7.0,,12.0,0,,1,0.0,,,,,,,,1.0,0.0,9.0,,,,,2.0,0.0,1.0,1.0,0.0,,,,,,,,,,0.0,0.0,2.0,7.0,34.0,,,38.0,80.9,321.0,397.0,,,21.0,,,,9.0,,,,50.0,1.0,2.0,,18.0,,,12.0,7.0,5.0,,19.0,2,,0,2.0,,,,,,,,3.0,1.0,14.0,,,7.35,6.45,UEFA Nations League,UEFA,UEFA
SEL-NATIONS_LEAGUE-2020-21-8600823,Ronda 5,2020-11-15,Bélgica,1,Inglaterra,2,0,,,8.0,3.0,4.0,1.0,0.0,,,,,,,,,,1.0,1.0,0.0,2.0,32.0,,,45.0,83.6,407.0,487.0,,,25.0,,,,7.0,,,,,0.0,3.0,,15.0,,,13.0,8.0,5.0,,13.0,0,,1,2.0,,,,,,,,3.0,,15.0,,,,,16.0,3.0,7.0,6.0,0.0,,,,,,,,,,0.0,5.0,3.0,11.0,92.0,,,55.0,87.4,515.0,589.0,,,36.0,,,,13.0,,,,28.6,6.0,21.0,,12.0,,,9.0,5.0,4.0,,6.0,2,,0,1.0,,,,,,,,0.0,,8.0,,,7.09,6.81,UEFA Nations League,UEFA,UEFA
SEL-NATIONS_LEAGUE-2020-21-8600743,Ronda 5,2020-11-15,Dinamarca,1,Islandia,2,1,,,10.0,3.0,4.0,3.0,0.0,,,,,,,,,,2.0,4.0,6.0,8.0,59.0,,,58.0,86.0,515.0,599.0,,,22.0,,,,10.0,,,,30.8,4.0,13.0,,4.0,,,14.0,7.0,7.0,,11.0,1,,0,3.0,,,,,,,,1.0,,9.0,,,,,7.0,4.0,2.0,1.0,0.0,,,,,,,,,,1.0,1.0,2.0,6.0,43.0,,,42.0,81.4,358.0,440.0,,,14.0,,,,9.0,,,,16.7,1.0,6.0,,10.0,,,6.0,5.0,1.0,,12.0,2,,0,1.0,,,,,,,,3.0,,11.0,,,7.0,6.49,UEFA Nations League,UEFA,UEFA
SEL-NATIONS_LEAGUE-2020-21-8600762,Ronda 5,2020-11-15,Austria,1,Irlanda del Norte,2,1,,,10.0,3.0,4.0,3.0,0.0,,,,,,,,,,2.0,11.0,4.0,1.0,76.0,,,71.0,85.9,584.0,680.0,,,36.0,,,,9.0,,,,18.2,4.0,22.0,,5.0,,,15.0,12.0,3.0,,14.0,1,,0,1.0,,,,,,,,2.0,,15.0,,,,,5.0,2.0,3.0,0.0,0.0,,,,,,,,,,1.0,1.0,1.0,6.0,48.0,,,29.0,67.2,182.0,271.0,,,22.0,,,,14.0,,,,27.3,3.0,11.0,,12.0,,,10.0,5.0,5.0,,17.0,2,,0,1.0,,,,,,,,2.0,,9.0,,,6.84,6.65,UEFA Nations League,UEFA,UEFA
SEL-NATIONS_LEAGUE-2020-21-8600785,Ronda 5,2020-11-15,Rumania,1,Noruega,3,0,,,,,,,,,,,,,,,,,,,,,,,,,,,,,,,,,,,,,,,,,,,,,,,,,,0,,1,,,,,,,,,,,,,,,,,,,,,,,,,,,,,,,,,,,,,,,,,,,,,,,,,,,,,,,,,,,,,,,3,,0,,,,,,,,,,,,,,,,UEFA Nations League,UEFA,UEFA
SEL-NATIONS_LEAGUE-2020-21-8600782,Ronda 5,2020-11-15,República Checa,1,Israel,1,0,,,9.0,4.0,4.0,1.0,0.0,,,,,,,,,,1.0,6.0,5.0,8.0,62.0,,,49.0,77.4,311.0,402.0,,,34.0,,,,10.0,,,,25.0,6.0,24.0,,14.0,,,7.0,3.0,4.0,,26.0,0,,1,2.0,,,,,,,,1.0,0.0,19.0,,,,,7.0,2.0,4.0,1.0,0.0,,,,,,,,,,1.0,10.0,1.0,10.0,41.0,,,51.0,75.7,311.0,411.0,,,34.0,,,,19.0,,,,11.1,3.0,27.0,,14.0,,,14.0,9.0,5.0,,20.0,1,,0,3.0,,,,,,,,0.0,1.0,11.0,,,7.08,6.88,UEFA Nations League,UEFA,UEFA
SEL-NATIONS_LEAGUE-2020-21-8600824,Ronda 5,2020-11-15,Hungría,1,Serbia,1,1,,,16.0,4.0,8.0,4.0,0.0,,,,,,,,,,2.0,9.0,1.0,13.0,48.0,,,51.0,81.1,377.0,465.0,,,26.0,,,,13.0,,,,25.0,4.0,16.0,,11.0,,,17.0,8.0,9.0,,19.0,1,,0,3.0,,,,,,,,1.0,,13.0,,,,,13.0,4.0,4.0,5.0,0.0,,,,,,,,,,2.0,3.0,2.0,10.0,49.0,,,49.0,79.4,347.0,437.0,,,25.0,,,,13.0,,,,17.6,3.0,17.0,,19.0,,,12.0,8.0,4.0,,17.0,1,,0,3.0,,,,,,,,3.0,,14.0,,,7.05,6.89,UEFA Nations League,UEFA,UEFA
SEL-NATIONS_LEAGUE-2020-21-8600894,Ronda 5,2020-11-15,Moldavia,1,Grecia,0,2,,,6.0,0.0,3.0,3.0,0.0,,,,,,,,,,0.0,1.0,2.0,3.0,26.0,,,33.0,74.6,247.0,331.0,,,20.0,,,,13.0,,,,,0.0,11.0,,12.0,,,13.0,6.0,7.0,,22.0,2,,0,4.0,,,,,,,,2.0,,17.0,,,,,10.0,6.0,2.0,2.0,0.0,,,,,,,,,,2.0,9.0,0.0,8.0,61.0,,,67.0,87.7,601.0,685.0,,,33.0,,,,16.0,,,,4.3,1.0,23.0,,6.0,,,14.0,9.0,5.0,,4.0,0,,1,0.0,,,,,,,,1.0,,14.0,,,6.4,7.33,UEFA Nations League,UEFA,UEFA
SEL-NATIONS_LEAGUE-2020-21-8600902,Ronda 5,2020-11-15,Eslovenia,1,Kosovo,2,1,,,15.0,6.0,4.0,5.0,0.0,,,,,,,,,,2.0,11.0,2.0,7.0,82.0,,,64.0,85.5,503.0,588.0,,,40.0,,,,10.0,,,,10.7,3.0,28.0,,11.0,,,18.0,11.0,7.0,,5.0,1,,0,1.0,,,,,,,,2.0,,9.0,,,,,5.0,2.0,2.0,1.0,0.0,,,,,,,,,,1.0,1.0,3.0,11.0,34.0,,,36.0,71.3,239.0,335.0,,,25.0,,,,9.0,,,,16.7,1.0,6.0,,8.0,,,14.0,10.0,4.0,,30.0,2,,0,4.0,,,,,,,,4.0,,12.0,,,7.0,6.72,UEFA Nations League,UEFA,UEFA
SEL-NATIONS_LEAGUE-2020-21-8600775,Ronda 6,2020-11-17,Croacia,1,Portugal,2,3,,,8.0,3.0,4.0,1.0,0.0,,,,,,,,,,2.0,4.0,1.0,6.0,52.0,,,40.0,74.4,282.0,379.0,,,19.0,,,,8.0,,,,20.0,3.0,15.0,,17.0,,,15.0,8.0,7.0,,39.0,3,,0,5.0,,,,,,,,3.0,1.0,15.0,,,,,17.0,8.0,5.0,4.0,0.0,,,,,,,,,,4.0,12.0,0.0,20.0,74.0,,,60.0,81.5,455.0,558.0,,,29.0,,,,14.0,,,,21.9,7.0,32.0,,14.0,,,12.0,6.0,6.0,,15.0,2,,0,1.0,,,,,,,,1.0,0.0,10.0,,,6.63,7.11,UEFA Nations League,UEFA,UEFA
SEL-NATIONS_LEAGUE-2020-21-8600735,Ronda 6,2020-11-17,Francia,1,Suecia,4,2,,,16.0,8.0,5.0,3.0,0.0,,,,,,,,,,3.0,4.0,2.0,13.0,56.0,,,52.0,89.1,522.0,586.0,,,48.0,,,,11.0,,,,37.5,6.0,16.0,,12.0,,,12.0,8.0,4.0,,12.0,2,,0,0.0,,,,,,,,0.0,,13.0,,,,,6.0,2.0,3.0,1.0,0.0,,,,,,,,,,1.0,2.0,0.0,8.0,49.0,,,48.0,84.3,463.0,549.0,,,12.0,,,,13.0,,,,27.3,3.0,11.0,,7.0,,,20.0,8.0,12.0,,16.0,4,,0,4.0,,,,,,,,2.0,,11.0,,,6.95,6.45,UEFA Nations League,UEFA,UEFA
SEL-NATIONS_LEAGUE-2020-21-8600781,Ronda 6,2020-11-17,España,1,Alemania,6,0,,,23.0,10.0,8.0,5.0,1.0,,,,,,,,,,4.0,6.0,2.0,8.0,54.0,,,70.0,93.6,760.0,812.0,,,42.0,,,,12.0,,,,33.3,4.0,12.0,,9.0,,,11.0,6.0,5.0,,6.0,0,,1,0.0,,,,,,,,0.0,,6.0,,,,,2.0,0.0,1.0,1.0,1.0,,,,,,,,,,0.0,2.0,3.0,6.0,27.0,,,30.0,84.4,297.0,352.0,,,19.0,,,,6.0,,,,,0.0,7.0,,10.0,,,19.0,10.0,9.0,,11.0,6,,0,4.0,,,,,,,,2.0,,12.0,,,7.55,6.17,UEFA Nations League,UEFA,UEFA
SEL-NATIONS_LEAGUE-2020-21-8600892,Ronda 6,2020-11-17,Luxemburgo,1,Azerbaiyán,0,0,,,17.0,5.0,8.0,4.0,1.0,,,,,,,,,,1.0,6.0,3.0,10.0,70.0,,,56.0,78.6,393.0,500.0,,,31.0,,,,14.0,,,,10.5,2.0,19.0,,19.0,,,21.0,10.0,11.0,,19.0,0,,1,1.0,,,,,,,,4.0,,15.0,,,,,9.0,1.0,5.0,3.0,0.0,,,,,,,,,,0.0,6.0,0.0,12.0,61.0,,,44.0,70.9,270.0,381.0,,,28.0,,,,14.0,,,,16.0,4.0,25.0,,13.0,,,18.0,14.0,4.0,,22.0,0,,1,5.0,,,,,,,,3.0,,16.0,,,7.13,7.13,UEFA Nations League,UEFA,UEFA
SEL-NATIONS_LEAGUE-2020-21-8600895,Ronda 6,2020-11-17,Montenegro,1,Chipre,4,0,,,15.0,6.0,4.0,5.0,0.0,,,,,,,,,,4.0,3.0,0.0,16.0,46.0,,,52.0,80.4,374.0,465.0,,,25.0,,,,12.0,,,,25.0,2.0,8.0,,9.0,,,24.0,17.0,7.0,,12.0,0,,1,4.0,,,,,,,,3.0,,17.0,,,,,10.0,4.0,4.0,2.0,1.0,,,,,,,,,,0.0,5.0,2.0,11.0,50.0,,,48.0,78.6,335.0,426.0,,,21.0,,,,16.0,,,,,0.0,15.0,,18.0,,,13.0,7.0,6.0,,8.0,4,,0,2.0,,,,,,,,2.0,,12.0,,,7.63,6.38,UEFA Nations League,UEFA,UEFA
SEL-NATIONS_LEAGUE-2020-21-8600909,Ronda 6,2020-11-17,Andorra,1,Letonia,0,5,,,8.0,4.0,3.0,1.0,0.0,,,,,,,,,,0.0,3.0,0.0,6.0,54.0,,,38.0,58.9,122.0,207.0,,,26.0,,,,16.0,,,,22.2,2.0,9.0,,15.0,,,8.0,7.0,1.0,,27.0,5,,0,2.0,,,,,,,,6.0,1.0,22.0,,,,,14.0,7.0,5.0,2.0,1.0,,,,,,,,,,5.0,7.0,2.0,2.0,58.0,,,62.0,75.2,240.0,319.0,,,35.0,,,,21.0,,,,27.0,10.0,37.0,,10.0,,,12.0,7.0,5.0,,12.0,0,,1,4.0,,,,,,,,4.0,0.0,16.0,,,6.16,7.33,UEFA Nations League,UEFA,UEFA
SEL-NATIONS_LEAGUE-2020-21-8600907,Ronda 6,2020-11-17,Malta,1,Islas Feroe,1,1,,,6.0,3.0,0.0,3.0,0.0,,,,,,,,,,1.0,3.0,3.0,10.0,56.0,,,54.0,79.9,361.0,452.0,,,44.0,,,,14.0,,,,17.6,3.0,17.0,,4.0,,,7.0,5.0,2.0,,19.0,1,,0,3.0,,,,,,,,1.0,,9.0,,,,,10.0,4.0,3.0,3.0,0.0,,,,,,,,,,2.0,4.0,4.0,4.0,67.0,,,46.0,82.4,309.0,375.0,,,20.0,,,,9.0,,,,4.8,1.0,21.0,,8.0,,,16.0,10.0,6.0,,29.0,1,,0,2.0,,,,,,,,2.0,,14.0,,,6.77,6.76,UEFA Nations League,UEFA,UEFA
SEL-NATIONS_LEAGUE-2020-21-8600906,Ronda 6,2020-11-17,Gibraltar,1,Liechtenstein,1,1,,,6.0,0.0,4.0,2.0,1.0,,,,,,,,,,0.0,4.0,1.0,10.0,52.0,,,31.0,64.6,153.0,237.0,,,24.0,,,,16.0,,,,11.1,1.0,9.0,,6.0,,,13.0,6.0,7.0,,30.0,1,,0,3.0,,,,,,,,1.0,,16.0,,,,,10.0,4.0,5.0,1.0,0.0,,,,,,,,,,3.0,2.0,1.0,2.0,84.0,,,69.0,80.6,433.0,537.0,,,30.0,,,,15.0,,,,11.1,2.0,18.0,,7.0,,,10.0,4.0,6.0,,12.0,1,,0,0.0,,,,,,,,4.0,,17.0,,,6.75,6.52,UEFA Nations League,UEFA,UEFA
SEL-NATIONS_LEAGUE-2020-21-8600901,Ronda 6,2020-11-18,Albania,1,Bielorrusia,3,2,,,10.0,4.0,4.0,2.0,0.0,,,,,,,,,,3.0,9.0,1.0,8.0,40.0,,,45.0,74.8,288.0,385.0,,,33.0,,,,16.0,,,,29.4,5.0,17.0,,15.0,,,17.0,11.0,6.0,,22.0,2,,0,2.0,,,,,,,,4.0,,12.0,,,,,11.0,4.0,3.0,4.0,0.0,,,,,,,,,,3.0,6.0,2.0,9.0,41.0,,,55.0,79.8,383.0,480.0,,,22.0,,,,11.0,,,,17.6,3.0,17.0,,16.0,,,17.0,10.0,7.0,,18.0,3,,0,1.0,,,,,,,,5.0,,16.0,,,6.99,6.65,UEFA Nations League,UEFA,UEFA
SEL-NATIONS_LEAGUE-2020-21-8600891,Ronda 6,2020-11-18,Kazajistán,1,Lituania,1,2,,,8.0,1.0,5.0,2.0,0.0,,,,,,,,,,0.0,4.0,1.0,6.0,58.0,,,43.0,71.9,263.0,366.0,,,30.0,,,,9.0,,,,26.1,6.0,23.0,,18.0,,,23.0,16.0,7.0,,11.0,2,,0,2.0,,,,,,,,4.0,1.0,19.0,,,,,14.0,4.0,9.0,1.0,1.0,,,,,,,,,,2.0,2.0,2.0,16.0,52.0,,,57.0,79.8,394.0,494.0,,,23.0,,,,18.0,,,,30.0,3.0,10.0,,7.0,,,22.0,13.0,9.0,,28.0,1,,0,0.0,,,,,,,,3.0,0.0,11.0,,,6.53,6.95,UEFA Nations League,UEFA,UEFA
SEL-NATIONS_LEAGUE-2020-21-8600912,Ronda 6,2020-11-18,Armenia,1,Macedonia del Norte,1,0,,,13.0,4.0,3.0,6.0,0.0,,,,,,,,,,1.0,5.0,3.0,12.0,44.0,,,32.0,64.0,181.0,283.0,,,19.0,,,,10.0,,,,14.3,1.0,7.0,,9.0,,,20.0,10.0,10.0,,25.0,0,,1,3.0,,,,,,,,4.0,,19.0,,,,,14.0,3.0,8.0,3.0,0.0,,,,,,,,,,0.0,4.0,4.0,12.0,51.0,,,68.0,84.3,487.0,578.0,,,44.0,,,,17.0,,,,7.4,2.0,27.0,,17.0,,,16.0,7.0,9.0,,16.0,1,,0,3.0,,,,,,,,1.0,,10.0,,,7.02,6.94,UEFA Nations League,UEFA,UEFA
SEL-NATIONS_LEAGUE-2020-21-8600904,Ronda 6,2020-11-18,Georgia,1,Estonia,0,0,,,12.0,2.0,7.0,3.0,0.0,,,,,,,,,,,3.0,0.0,15.0,96.0,,,71.0,86.5,603.0,697.0,,,47.0,,,,13.0,,,,11.8,2.0,17.0,,16.0,,,10.0,6.0,4.0,,10.0,0,,1,0.0,,,,,,,,1.0,,12.0,,,,,4.0,0.0,4.0,0.0,0.0,,,,,,,,,,,3.0,1.0,6.0,26.0,,,29.0,64.8,177.0,273.0,,,12.0,,,,12.0,,,,9.1,1.0,11.0,,12.0,,,19.0,9.0,10.0,,21.0,0,,1,2.0,,,,,,,,3.0,,14.0,,,7.04,6.75,UEFA Nations League,UEFA,UEFA
SEL-NATIONS_LEAGUE-2020-21-8600760,Ronda 6,2020-11-18,Bosnia,1,Italia,0,2,,,7.0,1.0,4.0,2.0,0.0,,,,,,,,,,1.0,3.0,2.0,15.0,35.0,,,36.0,83.9,329.0,392.0,,,20.0,,,,14.0,,,,18.2,2.0,11.0,,17.0,,,11.0,5.0,6.0,,9.0,2,,0,2.0,,,,,,,,1.0,,13.0,,,,,17.0,4.0,12.0,1.0,2.0,,,,,,,,,,9.0,8.0,2.0,12.0,52.0,,,64.0,87.4,615.0,704.0,,,31.0,,,,12.0,,,,30.8,4.0,13.0,,17.0,,,17.0,9.0,8.0,,6.0,0,,1,1.0,,,,,,,,2.0,,15.0,,,6.55,7.37,UEFA Nations League,UEFA,UEFA
SEL-NATIONS_LEAGUE-2020-21-8600797,Ronda 6,2020-11-18,Polonia,1,Países Bajos,1,2,,,9.0,2.0,6.0,1.0,1.0,,,,,,,,,,2.0,2.0,2.0,7.0,43.0,,,46.0,78.1,332.0,425.0,,,36.0,,,,12.0,,,,18.2,2.0,11.0,,11.0,,,25.0,15.0,10.0,,26.0,2,,0,4.0,,,,,,,,3.0,,20.0,,,,,19.0,6.0,7.0,6.0,0.0,,,,,,,,,,5.0,9.0,2.0,15.0,64.0,,,54.0,84.1,414.0,492.0,,,10.0,,,,19.0,,,,30.4,7.0,23.0,,12.0,,,9.0,4.0,5.0,,12.0,1,,0,1.0,,,,,,,,0.0,,13.0,,,6.95,6.9,UEFA Nations League,UEFA,UEFA
SEL-NATIONS_LEAGUE-2020-21-8600792,Ronda 6,2020-11-18,Bélgica,1,Dinamarca,4,2,,,8.0,5.0,1.0,2.0,0.0,,,,,,,,,,3.0,7.0,1.0,2.0,45.0,,,52.0,85.5,491.0,574.0,,,29.0,,,,10.0,,,,15.8,3.0,19.0,,13.0,,,7.0,3.0,4.0,,11.0,2,,0,2.0,,,,,,,,1.0,,12.0,,,,,8.0,3.0,3.0,2.0,0.0,,,,,,,,,,1.0,5.0,1.0,4.0,70.0,,,48.0,86.4,462.0,535.0,,,31.0,,,,11.0,,,,26.7,4.0,15.0,,21.0,,,8.0,4.0,4.0,,15.0,4,,0,1.0,,,,,,,,0.0,,10.0,,,7.01,6.55,UEFA Nations League,UEFA,UEFA
SEL-NATIONS_LEAGUE-2020-21-8600787,Ronda 6,2020-11-18,Inglaterra,1,Islandia,4,0,,,25.0,10.0,7.0,8.0,0.0,,,,,,,,,,4.0,8.0,3.0,13.0,71.0,,,78.0,90.7,696.0,767.0,,,26.0,,,,17.0,,,,55.6,10.0,18.0,,7.0,,,7.0,4.0,3.0,,9.0,0,,1,0.0,,,,,,,,1.0,0.0,14.0,,,,,2.0,0.0,2.0,0.0,0.0,,,,,,,,,,0.0,2.0,1.0,3.0,23.0,,,22.0,59.7,123.0,206.0,,,20.0,,,,13.0,,,,12.5,1.0,8.0,,9.0,,,6.0,4.0,2.0,,28.0,4,,0,6.0,,,,,,,,4.0,1.0,17.0,,,7.65,6.17,UEFA Nations League,UEFA,UEFA
SEL-NATIONS_LEAGUE-2020-21-8600778,Ronda 6,2020-11-18,Austria,1,Noruega,1,1,,,21.0,6.0,10.0,5.0,0.0,,,,,,,,,,1.0,8.0,1.0,6.0,81.0,,,68.0,80.6,507.0,629.0,,,49.0,,,,14.0,,,,17.9,5.0,28.0,,18.0,,,14.0,9.0,5.0,,8.0,1,,0,3.0,,,,,,,,1.0,,9.0,,,,,9.0,4.0,3.0,2.0,0.0,,,,,,,,,,4.0,4.0,0.0,7.0,66.0,,,32.0,58.6,174.0,297.0,,,21.0,,,,9.0,,,,25.0,2.0,8.0,,24.0,,,16.0,9.0,7.0,,22.0,1,,0,5.0,,,,,,,,3.0,,14.0,,,7.09,7.06,UEFA Nations League,UEFA,UEFA
SEL-NATIONS_LEAGUE-2020-21-8600747,Ronda 6,2020-11-18,Irlanda del Norte,1,Rumania,1,1,,,10.0,1.0,7.0,2.0,0.0,,,,,,,,,,1.0,6.0,2.0,9.0,47.0,,,41.0,79.5,303.0,381.0,,,28.0,,,,14.0,,,,30.4,7.0,23.0,,14.0,,,16.0,10.0,6.0,,7.0,1,,0,2.0,,,,,,,,,,8.0,,,,,7.0,3.0,1.0,3.0,0.0,,,,,,,,,,1.0,2.0,2.0,3.0,43.0,,,59.0,86.0,497.0,578.0,,,40.0,,,,7.0,,,,46.2,6.0,13.0,,13.0,,,14.0,8.0,6.0,,11.0,1,,0,0.0,,,,,,,,,,14.0,,,7.1,6.8,UEFA Nations League,UEFA,UEFA
SEL-NATIONS_LEAGUE-2020-21-8600784,Ronda 6,2020-11-18,República Checa,1,Eslovaquia,2,0,,,12.0,6.0,5.0,1.0,1.0,,,,,,,,,,,2.0,0.0,10.0,54.0,,,50.0,82.2,430.0,523.0,,,33.0,,,,9.0,,,,41.7,5.0,12.0,,14.0,,,16.0,9.0,7.0,,14.0,0,,1,2.0,,,,,,,,0.0,,21.0,,,,,7.0,2.0,3.0,2.0,0.0,,,,,,,,,,,4.0,3.0,5.0,47.0,,,50.0,81.5,413.0,507.0,,,40.0,,,,20.0,,,,16.7,3.0,18.0,,11.0,,,10.0,7.0,3.0,,10.0,2,,0,4.0,,,,,,,,1.0,,9.0,,,7.27,6.63,UEFA Nations League,UEFA,UEFA
SEL-NATIONS_LEAGUE-2020-21-8600744,Ronda 6,2020-11-18,Israel,1,Escocia,1,0,,,11.0,2.0,4.0,5.0,0.0,,,,,,,,,,2.0,2.0,2.0,8.0,38.0,,,49.0,82.2,410.0,499.0,,,42.0,,,,11.0,,,,,0.0,7.0,,13.0,,,12.0,5.0,7.0,,32.0,0,,1,8.0,,,,,,,,3.0,,11.0,,,,,19.0,7.0,5.0,7.0,0.0,,,,,,,,,,1.0,12.0,2.0,10.0,77.0,,,51.0,82.1,409.0,498.0,,,44.0,,,,11.0,,,,27.3,9.0,33.0,,11.0,,,15.0,11.0,4.0,,13.0,1,,0,1.0,,,,,,,,2.0,,11.0,,,7.32,7.05,UEFA Nations League,UEFA,UEFA
SEL-NATIONS_LEAGUE-2020-21-8600765,Ronda 6,2020-11-18,Hungría,1,Turquía,2,0,,,9.0,4.0,4.0,1.0,1.0,,,,,,,,,,2.0,5.0,3.0,10.0,49.0,,,52.0,77.8,388.0,499.0,,,44.0,,,,10.0,,,,25.0,3.0,12.0,,17.0,,,12.0,8.0,4.0,,19.0,0,,1,5.0,,,,,,,,4.0,,17.0,,,,,12.0,5.0,3.0,4.0,0.0,,,,,,,,,,0.0,3.0,6.0,5.0,65.0,,,48.0,78.7,370.0,470.0,,,32.0,,,,17.0,,,,35.7,5.0,14.0,,17.0,,,13.0,10.0,3.0,,13.0,2,,0,2.0,,,,,,,,1.0,,12.0,,,7.17,6.71,UEFA Nations League,UEFA,UEFA
SEL-NATIONS_LEAGUE-2020-21-8600768,Ronda 6,2020-11-18,Serbia,1,Rusia,5,0,,,12.0,8.0,2.0,2.0,0.0,,,,,,,,,,3.0,6.0,1.0,13.0,57.0,,,44.0,76.9,276.0,359.0,,,37.0,,,,14.0,,,,35.7,5.0,14.0,,15.0,,,4.0,2.0,2.0,,18.0,0,,1,7.0,,,,,,,,2.0,,8.0,,,,,20.0,7.0,10.0,3.0,0.0,,,,,,,,,,3.0,7.0,1.0,6.0,59.0,,,56.0,81.6,363.0,445.0,,,24.0,,,,8.0,,,,18.5,5.0,27.0,,17.0,,,14.0,10.0,4.0,,8.0,5,,0,3.0,,,,,,,,3.0,,14.0,,,7.55,6.31,UEFA Nations League,UEFA,UEFA
SEL-NATIONS_LEAGUE-2020-21-8600910,Ronda 6,2020-11-18,Irlanda,1,Bulgaria,0,0,,,7.0,0.0,7.0,0.0,1.0,,,,,,,,,,2.0,4.0,2.0,5.0,46.0,,,58.0,79.1,400.0,506.0,,,30.0,,,,25.0,,,,16.7,4.0,24.0,,11.0,,,24.0,16.0,8.0,,12.0,0,,1,1.0,,,,,,,,2.0,,10.0,,,,,11.0,1.0,3.0,7.0,0.0,,,,,,,,,,0.0,6.0,1.0,9.0,52.0,,,42.0,70.1,258.0,368.0,,,17.0,,,,9.0,,,,22.2,4.0,18.0,,11.0,,,11.0,6.0,5.0,,16.0,0,,1,1.0,,,,,,,,2.0,,25.0,,,7.12,6.74,UEFA Nations League,UEFA,UEFA
SEL-NATIONS_LEAGUE-2020-21-8600911,Ronda 6,2020-11-18,Gales,1,Finlandia,3,1,,,21.0,10.0,7.0,4.0,0.0,,,,,,,,,,3.0,5.0,2.0,5.0,87.0,,,61.0,91.0,547.0,601.0,,,32.0,,,,7.0,,,,30.4,7.0,23.0,,13.0,,,10.0,3.0,7.0,,12.0,1,,0,1.0,,,,,,,,1.0,0.0,12.0,,,,,8.0,2.0,3.0,3.0,1.0,,,,,,,,,,2.0,3.0,0.0,5.0,35.0,,,39.0,81.3,322.0,396.0,,,11.0,,,,11.0,,,,11.1,1.0,9.0,,11.0,,,10.0,4.0,6.0,,23.0,3,,0,7.0,,,,,,,,0.0,1.0,7.0,,,7.25,6.37,UEFA Nations League,UEFA,UEFA
SEL-NATIONS_LEAGUE-2020-21-8600905,Ronda 6,2020-11-18,Grecia,1,Eslovenia,0,0,,,15.0,7.0,4.0,4.0,1.0,,,,,,,,,,,7.0,4.0,9.0,54.0,,,63.0,82.8,448.0,541.0,,,28.0,,,,14.0,,,,19.2,5.0,26.0,,3.0,,,13.0,5.0,8.0,,11.0,0,,1,1.0,,,,,,,,4.0,1.0,18.0,,,,,5.0,1.0,2.0,2.0,0.0,,,,,,,,,,,4.0,1.0,4.0,46.0,,,37.0,73.3,233.0,318.0,,,19.0,,,,17.0,,,,14.3,2.0,14.0,,11.0,,,12.0,6.0,6.0,,24.0,0,,1,6.0,,,,,,,,5.0,0.0,15.0,,,7.1,6.99,UEFA Nations League,UEFA,UEFA
SEL-NATIONS_LEAGUE-2020-21-8600908,Ronda 6,2020-11-18,Kosovo,1,Moldavia,1,0,,,9.0,4.0,2.0,3.0,0.0,,,,,,,,,,0.0,2.0,4.0,16.0,45.0,,,61.0,83.7,466.0,557.0,,,46.0,,,,9.0,,,,,0.0,9.0,,12.0,,,7.0,2.0,5.0,,24.0,0,,1,1.0,,,,,,,,2.0,1.0,15.0,,,,,11.0,1.0,9.0,1.0,0.0,,,,,,,,,,1.0,3.0,4.0,11.0,64.0,,,39.0,70.0,229.0,327.0,,,18.0,,,,14.0,,,,21.4,6.0,28.0,,13.0,,,15.0,4.0,11.0,,16.0,1,,0,3.0,,,,,,,,2.0,0.0,12.0,,,7.03,6.76,UEFA Nations League,UEFA,UEFA
SEL-NATIONS_LEAGUE-2020-21-8600819,Semifinals,2020-09-06,Gales,1,Bulgaria,1,0,,,8.0,3.0,3.0,2.0,1.0,,,,,,,,,,1.0,5.0,0.0,12.0,61.0,,,51.0,88.8,474.0,534.0,,,36.0,,,,12.0,,,,10.5,2.0,19.0,,11.0,,,10.0,5.0,5.0,,6.0,0,,1,0.0,,,,,,,,2.0,,16.0,,,,,2.0,0.0,2.0,0.0,0.0,,,,,,,,,,0.0,1.0,2.0,7.0,49.0,,,49.0,87.0,460.0,529.0,,,20.0,,,,15.0,,,,30.0,3.0,10.0,,5.0,,,11.0,8.0,3.0,,11.0,1,,0,2.0,,,,,,,,1.0,,13.0,,,6.99,6.61,UEFA Nations League,UEFA,UEFA
SEL-NATIONS_LEAGUE-2020-21-8600847,Semifinals,2020-09-06,Andorra,1,Islas Feroe,0,1,,,6.0,0.0,5.0,1.0,0.0,,,,,,,,,,,2.0,2.0,4.0,40.0,,,26.0,60.6,114.0,188.0,,,19.0,,,,16.0,,,,11.8,2.0,17.0,,9.0,,,9.0,6.0,3.0,,20.0,1,,0,2.0,,,,,,,,3.0,,16.0,,,,,12.0,3.0,5.0,4.0,0.0,,,,,,,,,,,6.0,2.0,7.0,69.0,,,74.0,86.0,480.0,558.0,,,32.0,,,,15.0,,,,22.6,7.0,31.0,,9.0,,,9.0,6.0,3.0,,17.0,0,,1,0.0,,,,,,,,2.0,,16.0,,,6.57,7.17,UEFA Nations League,UEFA,UEFA
SEL-NATIONS_LEAGUE-2020-21-8600811,Semifinals,2020-09-06,Hungría,1,Rusia,2,3,,,10.0,6.0,2.0,2.0,0.0,,,,,,,,,,3.0,7.0,2.0,6.0,57.0,,,60.0,83.6,484.0,579.0,,,53.0,,,,9.0,,,,22.2,4.0,18.0,,10.0,,,9.0,7.0,2.0,,12.0,3,,0,0.0,,,,,,,,1.0,,13.0,,,,,6.0,3.0,3.0,0.0,0.0,,,,,,,,,,3.0,0.0,3.0,5.0,42.0,,,40.0,75.6,297.0,393.0,,,34.0,,,,11.0,,,,16.7,1.0,6.0,,9.0,,,17.0,13.0,4.0,,26.0,2,,0,4.0,,,,,,,,1.0,,10.0,,,6.55,7.02,UEFA Nations League,UEFA,UEFA
SEL-NATIONS_LEAGUE-2020-21-8600815,Semifinals,2020-09-06,Irlanda,1,Finlandia,0,1,,,13.0,4.0,7.0,2.0,0.0,,,,,,,,,,3.0,3.0,2.0,5.0,60.0,,,52.0,88.2,487.0,552.0,,,28.0,,,,7.0,,,,24.0,6.0,25.0,,9.0,,,14.0,9.0,5.0,,15.0,1,,0,6.0,,,,,,,,2.0,,2.0,,,,,12.0,7.0,5.0,0.0,0.0,,,,,,,,,,2.0,6.0,1.0,9.0,43.0,,,48.0,82.3,424.0,515.0,,,25.0,,,,2.0,,,,50.0,6.0,12.0,,8.0,,,12.0,8.0,4.0,,17.0,0,,1,4.0,,,,,,,,1.0,,7.0,,,6.9,7.13,UEFA Nations League,UEFA,UEFA
SEL-NATIONS_LEAGUE-2020-21-8600851,Semifinals,2020-09-06,Eslovenia,1,Moldavia,1,0,,,14.0,5.0,5.0,4.0,1.0,,,,,,,,,,1.0,4.0,3.0,10.0,50.0,,,60.0,86.8,505.0,582.0,,,38.0,,,,18.0,,,,5.6,1.0,18.0,,7.0,,,12.0,6.0,6.0,,10.0,0,,1,0.0,,,,,,,,2.0,,20.0,,,,,4.0,0.0,3.0,1.0,0.0,,,,,,,,,,0.0,2.0,2.0,4.0,57.0,,,40.0,77.1,296.0,384.0,,,40.0,,,,18.0,,,,45.5,5.0,11.0,,11.0,,,14.0,7.0,7.0,,26.0,1,,0,4.0,,,,,,,,3.0,,19.0,,,7.17,6.75,UEFA Nations League,UEFA,UEFA
SEL-NATIONS_LEAGUE-2020-21-8600733,Semifinals,2020-09-06,España,1,Ucrania,4,0,,,25.0,10.0,12.0,3.0,1.0,,,,,,,,,,4.0,9.0,3.0,4.0,70.0,,,70.0,93.6,722.0,771.0,,,37.0,,,,7.0,,,,24.0,6.0,25.0,,7.0,,,14.0,9.0,5.0,,2.0,0,,1,2.0,,,,,,,,1.0,,15.0,,,,,4.0,2.0,2.0,0.0,0.0,,,,,,,,,,0.0,2.0,1.0,4.0,23.0,,,30.0,81.2,273.0,336.0,,,17.0,,,,15.0,,,,20.0,1.0,5.0,,11.0,,,10.0,7.0,3.0,,15.0,4,,0,6.0,,,,,,,,2.0,,8.0,,,7.45,6.26,UEFA Nations League,UEFA,UEFA
SEL-NATIONS_LEAGUE-2020-21-8600769,Semifinals,2020-09-06,Suiza,1,Alemania,1,1,,,20.0,6.0,12.0,2.0,1.0,,,,,,,,,,5.0,4.0,2.0,9.0,42.0,,,47.0,82.1,413.0,503.0,,,23.0,,,,19.0,,,,35.3,6.0,17.0,,19.0,,,14.0,7.0,7.0,,12.0,1,,0,3.0,,,,,,,,1.0,,11.0,,,,,14.0,4.0,5.0,5.0,0.0,,,,,,,,,,1.0,4.0,2.0,10.0,50.0,,,53.0,85.5,484.0,566.0,,,21.0,,,,10.0,,,,7.1,1.0,14.0,,11.0,,,17.0,10.0,7.0,,15.0,1,,0,5.0,,,,,,,,2.0,,19.0,,,7.13,7.05,UEFA Nations League,UEFA,UEFA
SEL-NATIONS_LEAGUE-2020-21-8600812,Semifinals,2020-09-06,Serbia,1,Turquía,0,0,,,9.0,1.0,5.0,3.0,0.0,,,,,,,,,,1.0,6.0,,10.0,38.0,,,42.0,78.8,304.0,386.0,,,39.0,,,,16.0,,,,27.3,6.0,22.0,,11.0,,,9.0,7.0,2.0,,15.0,0,,1,4.0,,,,,,,,4.0,1.0,16.0,,,,,14.0,4.0,7.0,3.0,0.0,,,,,,,,,,1.0,3.0,,7.0,58.0,,,58.0,85.1,473.0,556.0,,,24.0,,,,16.0,,,,18.2,4.0,22.0,,9.0,,,23.0,12.0,11.0,,17.0,0,,1,1.0,,,,,,,,2.0,0.0,16.0,,,6.78,7.11,UEFA Nations League,UEFA,UEFA
SEL-NATIONS_LEAGUE-2020-21-8600838,Semifinals,2020-09-06,Kosovo,1,Grecia,1,2,,,10.0,5.0,4.0,1.0,0.0,,,,,,,,,,2.0,5.0,5.0,8.0,67.0,,,54.0,83.7,441.0,527.0,,,53.0,,,,13.0,,,,27.8,5.0,18.0,,13.0,,,9.0,5.0,4.0,,10.0,2,,0,2.0,,,,,,,,3.0,,18.0,,,,,13.0,4.0,6.0,3.0,0.0,,,,,,,,,,2.0,3.0,3.0,6.0,61.0,,,46.0,78.8,364.0,462.0,,,22.0,,,,18.0,,,,,0.0,10.0,,18.0,,,13.0,8.0,5.0,,17.0,1,,0,4.0,,,,,,,,2.0,,13.0,,,6.74,6.93,UEFA Nations League,UEFA,UEFA
SEL-NATIONS_LEAGUE-2020-21-8600845,Semifinals,2020-09-06,Malta,1,Letonia,1,1,,,10.0,2.0,7.0,1.0,1.0,,,,,,,,,,1.0,3.0,2.0,10.0,36.0,,,54.0,80.9,335.0,414.0,,,40.0,,,,15.0,,,,18.8,3.0,16.0,,9.0,,,8.0,6.0,2.0,,26.0,1,,0,3.0,,,,,,,,2.0,,11.0,,,,,9.0,3.0,5.0,1.0,0.0,,,,,,,,,,3.0,4.0,2.0,7.0,67.0,,,46.0,76.6,268.0,350.0,,,18.0,,,,11.0,,,,19.2,5.0,26.0,,9.0,,,21.0,13.0,8.0,,19.0,1,,0,1.0,,,,,,,,3.0,,17.0,,,6.84,6.91,UEFA Nations League,UEFA,UEFA
SEL-NATIONS_LEAGUE-2020-21-8600834,Semifinals,2020-09-07,Kazajistán,1,Bielorrusia,1,2,,,10.0,3.0,7.0,0.0,1.0,,,,,,,,,,1.0,2.0,2.0,18.0,48.0,,,47.0,77.3,341.0,441.0,,,31.0,,,,9.0,,,,28.6,4.0,14.0,,8.0,,,8.0,6.0,2.0,,19.0,2,,0,4.0,,,,,,,,3.0,,17.0,,,,,15.0,6.0,8.0,1.0,0.0,,,,,,,,,,2.0,5.0,1.0,15.0,68.0,,,53.0,80.9,398.0,492.0,,,26.0,,,,17.0,,,,31.8,7.0,22.0,,12.0,,,16.0,9.0,7.0,,10.0,1,,0,2.0,,,,,,,,1.0,,10.0,,,6.63,7.01,UEFA Nations League,UEFA,UEFA
SEL-NATIONS_LEAGUE-2020-21-8600876,Semifinals,2020-09-07,Bosnia,1,Polonia,1,2,,,6.0,2.0,3.0,1.0,0.0,,,,,,,,,,1.0,2.0,3.0,4.0,36.0,,,45.0,78.0,284.0,364.0,,,25.0,,,,18.0,,,,25.0,4.0,16.0,,12.0,,,9.0,5.0,4.0,,10.0,2,,0,3.0,,,,,,,,1.0,,25.0,,,,,14.0,5.0,7.0,2.0,0.0,,,,,,,,,,1.0,5.0,1.0,11.0,54.0,,,55.0,82.7,367.0,444.0,,,27.0,,,,25.0,,,,41.2,7.0,17.0,,9.0,,,16.0,12.0,4.0,,11.0,1,,0,1.0,,,,,,,,2.0,,18.0,,,6.58,7.15,UEFA Nations League,UEFA,UEFA
SEL-NATIONS_LEAGUE-2020-21-8600871,Semifinals,2020-09-07,Países Bajos,1,Italia,0,1,,,11.0,3.0,3.0,5.0,0.0,,,,,,,,,,0.0,6.0,2.0,11.0,48.0,,,43.0,78.7,321.0,408.0,,,26.0,,,,15.0,,,,31.8,7.0,22.0,,11.0,,,25.0,13.0,12.0,,10.0,1,,0,3.0,,,,,,,,3.0,,14.0,,,,,18.0,4.0,11.0,3.0,0.0,,,,,,,,,,3.0,5.0,4.0,14.0,49.0,,,57.0,87.0,489.0,562.0,,,46.0,,,,14.0,,,,41.7,5.0,12.0,,15.0,,,15.0,11.0,4.0,,24.0,0,,1,3.0,,,,,,,,3.0,,16.0,,,6.86,7.32,UEFA Nations League,UEFA,UEFA
SEL-NATIONS_LEAGUE-2020-21-8600877,Semifinals,2020-09-07,Austria,1,Rumania,2,3,,,20.0,5.0,10.0,5.0,1.0,,,,,,,,,,4.0,8.0,5.0,5.0,74.0,,,63.0,80.9,389.0,481.0,,,32.0,,,,20.0,,,,40.7,11.0,27.0,,12.0,,,12.0,4.0,8.0,,8.0,3,,0,1.0,,,,,,,,0.0,,13.0,,,,,13.0,4.0,6.0,3.0,1.0,,,,,,,,,,3.0,4.0,1.0,14.0,42.0,,,37.0,65.1,188.0,289.0,,,27.0,,,,12.0,,,,50.0,3.0,6.0,,8.0,,,10.0,7.0,3.0,,26.0,2,,0,3.0,,,,,,,,3.0,,21.0,,,6.75,6.9,UEFA Nations League,UEFA,UEFA
SEL-NATIONS_LEAGUE-2020-21-8600886,Semifinals,2020-09-07,Irlanda del Norte,1,Noruega,1,5,,,8.0,3.0,4.0,1.0,0.0,,,,,,,,,,1.0,4.0,1.0,1.0,68.0,,,56.0,82.3,446.0,542.0,,,38.0,,,,13.0,,,,18.8,3.0,16.0,,7.0,,,4.0,4.0,0.0,,7.0,5,,0,3.0,,,,,,,,2.0,,8.0,,,,,12.0,8.0,3.0,1.0,0.0,,,,,,,,,,4.0,0.0,1.0,5.0,55.0,,,44.0,79.3,340.0,429.0,,,31.0,,,,8.0,,,,50.0,4.0,8.0,,5.0,,,9.0,6.0,3.0,,13.0,1,,0,2.0,,,,,,,,1.0,,13.0,,,6.25,7.34,UEFA Nations League,UEFA,UEFA
SEL-NATIONS_LEAGUE-2020-21-8600836,Semifinals,2020-09-07,República Checa,1,Escocia,1,2,,,19.0,4.0,11.0,4.0,3.0,,,,,,,,,,4.0,8.0,1.0,3.0,53.0,,,51.0,77.7,299.0,385.0,,,31.0,,,,12.0,,,,17.2,5.0,29.0,,20.0,,,9.0,6.0,3.0,,9.0,2,,0,1.0,,,,,,,,2.0,,17.0,,,,,6.0,3.0,1.0,2.0,0.0,,,,,,,,,,2.0,0.0,9.0,5.0,50.0,,,49.0,79.2,319.0,403.0,,,28.0,,,,17.0,,,,33.3,2.0,6.0,,9.0,,,13.0,6.0,7.0,,23.0,1,,0,3.0,,,,,,,,4.0,,13.0,,,6.68,6.95,UEFA Nations League,UEFA,UEFA
SEL-NATIONS_LEAGUE-2020-21-8600837,Semifinals,2020-09-07,Israel,1,Eslovaquia,1,1,,,20.0,6.0,9.0,5.0,1.0,,,,,,,,,,2.0,7.0,0.0,14.0,57.0,,,65.0,90.8,580.0,639.0,,,22.0,,,,14.0,,,,21.7,5.0,23.0,,7.0,,,8.0,7.0,1.0,,7.0,1,,0,2.0,,,,,,,,2.0,,14.0,,,,,6.0,3.0,3.0,0.0,0.0,,,,,,,,,,2.0,2.0,3.0,5.0,36.0,,,35.0,79.3,276.0,348.0,,,32.0,,,,13.0,,,,42.9,3.0,7.0,,6.0,,,12.0,6.0,6.0,,30.0,1,,0,5.0,,,,,,,,1.0,,16.0,,,6.97,6.92,UEFA Nations League,UEFA,UEFA
SEL-NATIONS_LEAGUE-2020-21-8600848,Semifinals,2020-09-07,Albania,1,Lituania,0,1,,,9.0,1.0,2.0,6.0,0.0,,,,,,,,,,0.0,6.0,0.0,11.0,52.0,,,57.0,80.3,376.0,468.0,,,37.0,,,,18.0,,,,15.0,3.0,20.0,,7.0,,,13.0,6.0,7.0,,8.0,1,,0,3.0,,,,,,,,3.0,1.0,14.0,,,,,8.0,4.0,2.0,2.0,0.0,,,,,,,,,,1.0,3.0,4.0,8.0,47.0,,,43.0,74.7,268.0,359.0,,,22.0,,,,13.0,,,,,0.0,7.0,,8.0,,,13.0,8.0,5.0,,18.0,0,,1,1.0,,,,,,,,3.0,0.0,20.0,,,6.72,6.87,UEFA Nations League,UEFA,UEFA
SEL-NATIONS_LEAGUE-2020-21-8600850,Semifinals,2020-09-08,Armenia,1,Estonia,2,0,,,14.0,5.0,4.0,5.0,0.0,,,,,,,,,,0.0,4.0,4.0,9.0,73.0,,,50.0,74.9,302.0,403.0,,,40.0,,,,9.0,,,,33.3,3.0,9.0,,5.0,,,16.0,10.0,6.0,,5.0,0,,1,2.0,,,,,,,,3.0,,9.0,,,,,9.0,2.0,6.0,1.0,0.0,,,,,,,,,,1.0,1.0,3.0,16.0,53.0,,,50.0,74.6,296.0,397.0,,,33.0,,,,8.0,,,,29.4,5.0,17.0,,13.0,,,19.0,15.0,4.0,,6.0,2,,0,3.0,,,,,,,,0.0,,9.0,,,6.95,6.75,UEFA Nations League,UEFA,UEFA
SEL-NATIONS_LEAGUE-2020-21-8600849,Semifinals,2020-09-08,Georgia,1,Macedonia del Norte,1,1,,,13.0,6.0,5.0,2.0,0.0,,,,,,,,,,3.0,5.0,1.0,13.0,58.0,,,54.0,84.1,413.0,491.0,,,30.0,,,,18.0,,,,19.0,4.0,21.0,,15.0,,,18.0,15.0,3.0,,9.0,1,,0,0.0,,,,,,,,3.0,0.0,16.0,,,,,2.0,1.0,0.0,1.0,0.0,,,,,,,,,,1.0,2.0,2.0,8.0,57.0,,,46.0,81.5,357.0,438.0,,,25.0,,,,15.0,,,,,0.0,6.0,,20.0,,,23.0,14.0,9.0,,16.0,1,,0,5.0,,,,,,,,3.0,1.0,18.0,,,6.86,6.78,UEFA Nations League,UEFA,UEFA
SEL-NATIONS_LEAGUE-2020-21-8600853,Semifinals,2020-09-08,Bélgica,1,Islandia,5,1,,,20.0,11.0,5.0,4.0,1.0,,,,,,,,,,3.0,7.0,2.0,14.0,102.0,,,75.0,90.3,709.0,785.0,,,38.0,,,,5.0,,,,20.8,5.0,24.0,,5.0,,,13.0,11.0,2.0,,4.0,1,,0,2.0,,,,,,,,0.0,,8.0,,,,,5.0,3.0,2.0,0.0,0.0,,,,,,,,,,1.0,3.0,3.0,6.0,30.0,,,25.0,71.3,186.0,261.0,,,23.0,,,,8.0,,,,22.2,2.0,9.0,,11.0,,,14.0,8.0,6.0,,30.0,5,,0,6.0,,,,,,,,1.0,,5.0,,,7.4,6.38,UEFA Nations League,UEFA,UEFA
SEL-NATIONS_LEAGUE-2020-21-8600861,Semifinals,2020-09-08,Dinamarca,1,Inglaterra,0,0,,,11.0,2.0,8.0,1.0,0.0,,,,,,,,,,2.0,4.0,0.0,9.0,66.0,,,46.0,81.6,368.0,451.0,,,20.0,,,,16.0,,,,21.1,4.0,19.0,,8.0,,,9.0,6.0,3.0,,16.0,0,,1,1.0,,,,,,,,1.0,,11.0,,,,,6.0,2.0,1.0,3.0,0.0,,,,,,,,,,2.0,6.0,2.0,9.0,67.0,,,54.0,82.0,437.0,533.0,,,41.0,,,,11.0,,,,18.8,3.0,16.0,,8.0,,,10.0,8.0,2.0,,16.0,0,,1,2.0,,,,,,,,0.0,,17.0,,,7.08,6.87,UEFA Nations League,UEFA,UEFA
SEL-NATIONS_LEAGUE-2020-21-8600882,Semifinals,2020-09-08,Francia,1,Croacia,4,2,,,13.0,6.0,4.0,3.0,1.0,,,,,,,,,,7.0,5.0,1.0,5.0,48.0,,,43.0,80.0,337.0,421.0,,,34.0,,,,14.0,,,,21.4,3.0,14.0,,9.0,,,22.0,15.0,7.0,,11.0,2,,0,2.0,,,,,,,,3.0,,13.0,,,,,11.0,4.0,4.0,3.0,1.0,,,,,,,,,,2.0,5.0,4.0,4.0,48.0,,,57.0,86.1,478.0,555.0,,,27.0,,,,13.0,,,,11.8,2.0,17.0,,11.0,,,17.0,9.0,8.0,,14.0,4,,0,3.0,,,,,,,,3.0,,15.0,,,6.97,6.67,UEFA Nations League,UEFA,UEFA
SEL-NATIONS_LEAGUE-2020-21-8600875,Semifinals,2020-09-08,Suecia,1,Portugal,0,2,,,8.0,1.0,5.0,2.0,0.0,,,,,,,,,,0.0,3.0,1.0,8.0,49.0,,,33.0,80.0,256.0,320.0,,,18.0,,,,14.0,,,,13.3,2.0,15.0,,13.0,,,9.0,4.0,5.0,,23.0,2,,0,6.0,,,,,,,,2.0,1.0,8.0,,,,,21.0,8.0,8.0,5.0,1.0,,,,,,,,,,4.0,9.0,3.0,14.0,58.0,,,67.0,88.5,594.0,671.0,,,34.0,,,,7.0,,,,18.2,4.0,22.0,,8.0,,,9.0,4.0,5.0,,23.0,0,,1,1.0,,,,,,,,2.0,0.0,14.0,,,6.67,7.34,UEFA Nations League,UEFA,UEFA
SEL-NATIONS_LEAGUE-2020-21-8600832,Semifinals,2020-09-08,Chipre,1,Azerbaiyán,0,1,,,10.0,1.0,6.0,3.0,1.0,,,,,,,,,,0.0,2.0,2.0,12.0,44.0,,,52.0,81.4,385.0,473.0,,,24.0,,,,16.0,,,,25.0,3.0,12.0,,9.0,,,15.0,10.0,5.0,,15.0,1,,0,3.0,,,,,,,,1.0,,12.0,,,,,13.0,4.0,6.0,3.0,0.0,,,,,,,,,,3.0,3.0,1.0,9.0,43.0,,,48.0,80.6,354.0,439.0,,,28.0,,,,9.0,,,,50.0,5.0,10.0,,18.0,,,10.0,5.0,5.0,,11.0,0,,1,1.0,,,,,,,,3.0,,17.0,,,6.85,6.95,UEFA Nations League,UEFA,UEFA
SEL-NATIONS_LEAGUE-2020-21-8600842,Semifinals,2020-09-08,Luxemburgo,1,Montenegro,0,1,,,21.0,7.0,10.0,4.0,1.0,,,,,,,,,,1.0,4.0,1.0,10.0,83.0,,,62.0,85.7,486.0,567.0,,,33.0,,,,14.0,,,,12.5,1.0,8.0,,7.0,,,10.0,7.0,3.0,,3.0,1,,0,4.0,,,,,,,,6.0,1.0,18.0,,,,,10.0,5.0,3.0,2.0,0.0,,,,,,,,,,1.0,2.0,0.0,10.0,42.0,,,38.0,75.5,262.0,347.0,,,30.0,,,,16.0,,,,50.0,3.0,6.0,,14.0,,,13.0,5.0,8.0,,16.0,0,,1,7.0,,,,,,,,2.0,0.0,16.0,,,6.8,7.25,UEFA Nations League,UEFA,UEFA
SEL-NATIONS_LEAGUE-2020-21-8600833,Semifinals,2020-09-08,San Marino,1,Liechtenstein,0,2,,,8.0,2.0,3.0,3.0,0.0,,,,,,,,,,0.0,2.0,2.0,6.0,47.0,,,47.0,69.8,233.0,334.0,,,23.0,,,,18.0,,,,10.0,1.0,10.0,,11.0,,,20.0,10.0,10.0,,22.0,2,,0,0.0,,,,,,,,5.0,,15.0,,,,,12.0,2.0,8.0,2.0,0.0,,,,,,,,,,3.0,6.0,1.0,9.0,64.0,,,53.0,74.0,276.0,373.0,,,31.0,,,,12.0,,,,5.9,1.0,17.0,,9.0,,,17.0,9.0,8.0,,10.0,0,,1,2.0,,,,,,,,3.0,,19.0,,,6.31,7.07,UEFA Nations League,UEFA,UEFA
SEL-NATIONS_LEAGUE-2020-21-8600839,Final,2020-09-03,Letonia,1,Andorra,0,0,,,16.0,4.0,8.0,4.0,2.0,,,,,,,,,,2.0,4.0,0.0,12.0,69.0,,,67.0,74.8,324.0,433.0,,,43.0,,,,13.0,,,,18.5,5.0,27.0,,12.0,,,19.0,11.0,8.0,,17.0,0,,1,0.0,,,,,,,,0.0,1.0,17.0,,,,,7.0,0.0,5.0,2.0,0.0,,,,,,,,,,0.0,1.0,1.0,3.0,44.0,,,33.0,50.7,111.0,219.0,,,19.0,,,,17.0,,,,,0.0,8.0,,21.0,,,24.0,11.0,13.0,,31.0,0,,1,4.0,,,,,,,,5.0,0.0,13.0,,,7.09,6.93,UEFA Nations League,UEFA,UEFA
SEL-NATIONS_LEAGUE-2020-21-8600763,Final,2020-09-03,Alemania,1,España,1,1,,,10.0,7.0,3.0,0.0,1.0,,,,,,,,,,2.0,6.0,4.0,7.0,33.0,,,41.0,83.4,393.0,471.0,,,30.0,,,,10.0,,,,28.6,2.0,7.0,,17.0,,,15.0,12.0,3.0,,18.0,1,,0,4.0,,,,,,,,,,12.0,,,,,12.0,5.0,6.0,1.0,0.0,,,,,,,,,,2.0,4.0,3.0,9.0,85.0,,,59.0,89.7,601.0,670.0,,,53.0,,,,11.0,,,,31.8,7.0,22.0,,12.0,,,10.0,7.0,3.0,,4.0,1,,0,7.0,,,,,,,,,,10.0,,,7.15,7.19,UEFA Nations League,UEFA,UEFA
SEL-NATIONS_LEAGUE-2020-21-8600731,Final,2020-09-03,Ucrania,1,Suiza,2,1,,,14.0,4.0,8.0,2.0,1.0,,,,,,,,,,2.0,2.0,1.0,11.0,34.0,,,44.0,83.7,376.0,449.0,,,32.0,,,,16.0,,,,,0.0,4.0,,11.0,,,17.0,11.0,6.0,,34.0,1,,0,0.0,,,,,,,,1.0,,7.0,,,,,9.0,1.0,6.0,2.0,1.0,,,,,,,,,,1.0,5.0,5.0,5.0,83.0,,,56.0,88.2,479.0,543.0,,,44.0,,,,7.0,,,,10.0,3.0,30.0,,5.0,,,12.0,11.0,1.0,,2.0,2,,0,2.0,,,,,,,,2.0,,17.0,,,7.12,6.49,UEFA Nations League,UEFA,UEFA
SEL-NATIONS_LEAGUE-2020-21-8600813,Final,2020-09-03,Rusia,1,Serbia,3,1,,,9.0,4.0,1.0,4.0,0.0,,,,,,,,,,3.0,3.0,3.0,3.0,55.0,,,38.0,75.1,269.0,358.0,,,29.0,,,,12.0,,,,12.5,3.0,24.0,,14.0,,,12.0,8.0,4.0,,15.0,1,,0,5.0,,,,,,,,0.0,,16.0,,,,,15.0,6.0,6.0,3.0,0.0,,,,,,,,,,2.0,4.0,1.0,11.0,42.0,,,62.0,84.7,520.0,614.0,,,30.0,,,,16.0,,,,20.0,2.0,10.0,,8.0,,,9.0,5.0,4.0,,28.0,3,,0,1.0,,,,,,,,2.0,,12.0,,,6.97,6.73,UEFA Nations League,UEFA,UEFA
SEL-NATIONS_LEAGUE-2020-21-8600810,Final,2020-09-03,Turquía,1,Hungría,0,1,,,10.0,4.0,5.0,1.0,0.0,,,,,,,,,,0.0,3.0,3.0,12.0,62.0,,,60.0,85.6,494.0,577.0,,,32.0,,,,19.0,,,,26.7,4.0,15.0,,5.0,,,15.0,9.0,6.0,,15.0,1,,0,4.0,,,,,,,,2.0,,13.0,,,,,14.0,5.0,4.0,5.0,2.0,,,,,,,,,,2.0,5.0,2.0,10.0,51.0,,,40.0,81.2,307.0,378.0,,,34.0,,,,13.0,,,,46.7,7.0,15.0,,12.0,,,17.0,11.0,6.0,,9.0,0,,1,4.0,,,,,,,,3.0,,19.0,,,6.97,7.14,UEFA Nations League,UEFA,UEFA
SEL-NATIONS_LEAGUE-2020-21-8600814,Final,2020-09-03,Bulgaria,1,Irlanda,1,1,,,10.0,4.0,4.0,2.0,0.0,,,,,,,,,,1.0,1.0,2.0,1.0,35.0,,,38.0,80.4,292.0,363.0,,,21.0,,,,16.0,,,,20.0,1.0,5.0,,9.0,,,13.0,7.0,6.0,,20.0,1,,0,2.0,,,,,,,,0.0,,15.0,,,,,14.0,3.0,8.0,3.0,0.0,,,,,,,,,,1.0,5.0,2.0,12.0,75.0,,,62.0,87.3,507.0,581.0,,,50.0,,,,15.0,,,,27.3,6.0,22.0,,5.0,,,8.0,5.0,3.0,,2.0,1,,0,3.0,,,,,,,,1.0,,16.0,,,6.88,6.95,UEFA Nations League,UEFA,UEFA
SEL-NATIONS_LEAGUE-2020-21-8600816,Final,2020-09-03,Finlandia,1,Gales,0,1,,,7.0,0.0,5.0,2.0,1.0,,,,,,,,,,1.0,3.0,1.0,6.0,58.0,,,54.0,85.7,480.0,560.0,,,22.0,,,,14.0,,,,26.3,5.0,19.0,,4.0,,,9.0,5.0,4.0,,8.0,1,,0,1.0,,,,,,,,3.0,,14.0,,,,,3.0,1.0,2.0,0.0,0.0,,,,,,,,,,2.0,0.0,0.0,8.0,55.0,,,46.0,86.1,416.0,483.0,,,29.0,,,,14.0,,,,,0.0,11.0,,13.0,,,13.0,8.0,5.0,,22.0,0,,1,0.0,,,,,,,,4.0,,14.0,,,6.64,7.14,UEFA Nations League,UEFA,UEFA
SEL-NATIONS_LEAGUE-2020-21-8600843,Final,2020-09-03,Moldavia,1,Kosovo,1,1,,,4.0,2.0,2.0,0.0,0.0,,,,,,,,,,1.0,1.0,2.0,6.0,51.0,,,28.0,71.0,184.0,259.0,,,30.0,,,,17.0,,,,30.0,3.0,10.0,,18.0,,,10.0,4.0,6.0,,50.0,1,,0,3.0,,,,,,,,1.0,,18.0,,,,,19.0,5.0,10.0,4.0,0.0,,,,,,,,,,0.0,6.0,4.0,3.0,69.0,,,72.0,85.9,556.0,647.0,,,42.0,,,,17.0,,,,12.9,4.0,31.0,,4.0,,,11.0,6.0,5.0,,6.0,1,,0,1.0,,,,,,,,1.0,,18.0,,,6.91,6.92,UEFA Nations League,UEFA,UEFA
SEL-NATIONS_LEAGUE-2020-21-8600844,Final,2020-09-03,Eslovenia,1,Grecia,0,0,,,5.0,1.0,2.0,2.0,0.0,,,,,,,,,,1.0,2.0,3.0,3.0,39.0,,,39.0,79.1,287.0,363.0,,,23.0,,,,12.0,,,,18.2,2.0,11.0,,11.0,,,16.0,11.0,5.0,,28.0,0,,1,5.0,,,,,,,,3.0,,18.0,,,,,12.0,5.0,5.0,2.0,0.0,,,,,,,,,,2.0,6.0,3.0,5.0,59.0,,,61.0,86.3,486.0,563.0,,,38.0,,,,15.0,,,,23.8,5.0,21.0,,6.0,,,14.0,12.0,2.0,,17.0,0,,1,1.0,,,,,,,,1.0,,12.0,,,6.9,7.18,UEFA Nations League,UEFA,UEFA
SEL-NATIONS_LEAGUE-2020-21-8600846,Final,2020-09-03,Islas Feroe,1,Malta,3,2,,,12.0,7.0,4.0,1.0,1.0,,,,,,,,,,7.0,4.0,3.0,3.0,43.0,,,55.0,83.0,385.0,464.0,,,26.0,,,,20.0,,,,30.8,4.0,13.0,,7.0,,,13.0,10.0,3.0,,18.0,2,,0,4.0,,,,,,,,3.0,,13.0,,,,,7.0,6.0,0.0,1.0,0.0,,,,,,,,,,1.0,7.0,0.0,7.0,42.0,,,45.0,76.7,287.0,374.0,,,43.0,,,,13.0,,,,22.7,5.0,22.0,,3.0,,,15.0,10.0,5.0,,12.0,3,,0,4.0,,,,,,,,2.0,,20.0,,,6.79,6.83,UEFA Nations League,UEFA,UEFA
SEL-NATIONS_LEAGUE-2020-21-8600835,Final,2020-09-04,Lituania,1,Kazajistán,0,2,,,17.0,3.0,12.0,2.0,0.0,,,,,,,,,,1.0,3.0,1.0,9.0,66.0,,,59.0,80.0,400.0,500.0,,,37.0,,,,16.0,,,,18.2,4.0,22.0,,18.0,,,16.0,12.0,4.0,,13.0,2,,0,3.0,,,,,,,,4.0,,13.0,,,,,11.0,5.0,5.0,1.0,0.0,,,,,,,,,,2.0,2.0,2.0,16.0,42.0,,,41.0,70.9,251.0,354.0,,,24.0,,,,13.0,,,,28.6,4.0,14.0,,12.0,,,15.0,9.0,6.0,,26.0,0,,1,3.0,,,,,,,,2.0,,16.0,,,6.81,7.08,UEFA Nations League,UEFA,UEFA
SEL-NATIONS_LEAGUE-2020-21-8600730,Final,2020-09-04,Italia,1,Bosnia,1,1,,,20.0,4.0,12.0,4.0,1.0,,,,,,,,,,1.0,7.0,2.0,5.0,84.0,,,61.0,85.5,525.0,614.0,,,29.0,,,,10.0,,,,20.8,5.0,24.0,,13.0,,,14.0,10.0,4.0,,2.0,1,,0,3.0,,,,,,,,3.0,,7.0,,,,,9.0,4.0,4.0,1.0,1.0,,,,,,,,,,2.0,2.0,0.0,11.0,31.0,,,39.0,76.8,304.0,396.0,,,29.0,,,,7.0,,,,33.3,3.0,9.0,,18.0,,,5.0,3.0,2.0,,28.0,1,,0,3.0,,,,,,,,2.0,,12.0,,,7.15,6.84,UEFA Nations League,UEFA,UEFA
SEL-NATIONS_LEAGUE-2020-21-8600742,Final,2020-09-04,Países Bajos,1,Polonia,1,0,,,14.0,4.0,6.0,4.0,1.0,,,,,,,,,,4.0,5.0,4.0,15.0,84.0,,,64.0,87.8,548.0,624.0,,,24.0,,,,22.0,,,,23.1,6.0,26.0,,14.0,,,13.0,7.0,6.0,,15.0,0,,1,1.0,,,,,,,,3.0,,13.0,,,,,2.0,1.0,1.0,0.0,0.0,,,,,,,,,,0.0,4.0,4.0,4.0,32.0,,,36.0,76.8,271.0,353.0,,,18.0,,,,13.0,,,,14.3,2.0,14.0,,19.0,,,8.0,3.0,5.0,,21.0,1,,0,3.0,,,,,,,,5.0,,23.0,,,7.43,6.52,UEFA Nations League,UEFA,UEFA
SEL-NATIONS_LEAGUE-2020-21-8600794,Final,2020-09-04,Noruega,1,Austria,1,2,,,3.0,1.0,2.0,0.0,0.0,,,,,,,,,,2.0,1.0,3.0,6.0,54.0,,,40.0,70.9,271.0,382.0,,,35.0,,,,12.0,,,,36.4,4.0,11.0,,17.0,,,12.0,4.0,8.0,,16.0,2,,0,4.0,,,,,,,,4.0,,18.0,,,,,17.0,6.0,6.0,5.0,0.0,,,,,,,,,,3.0,4.0,0.0,6.0,72.0,,,60.0,79.9,452.0,566.0,,,40.0,,,,17.0,,,,28.6,4.0,14.0,,14.0,,,22.0,11.0,11.0,,11.0,1,,0,0.0,,,,,,,,2.0,,13.0,,,6.57,7.11,UEFA Nations League,UEFA,UEFA
SEL-NATIONS_LEAGUE-2020-21-8600767,Final,2020-09-04,Rumania,1,Irlanda del Norte,1,1,,,18.0,9.0,7.0,2.0,2.0,,,,,,,,,,4.0,4.0,2.0,6.0,52.0,,,73.0,85.9,532.0,619.0,,,35.0,,,,16.0,,,,35.3,6.0,17.0,,6.0,,,14.0,6.0,8.0,,10.0,1,,0,2.0,,,,,,,,2.0,0.0,19.0,,,,,7.0,3.0,2.0,2.0,0.0,,,,,,,,,,1.0,0.0,1.0,1.0,53.0,,,27.0,61.6,138.0,224.0,,,22.0,,,,19.0,,,,23.1,3.0,13.0,,7.0,,,16.0,10.0,6.0,,17.0,1,,0,8.0,,,,,,,,3.0,1.0,18.0,,,6.98,6.72,UEFA Nations League,UEFA,UEFA
SEL-NATIONS_LEAGUE-2020-21-8600758,Final,2020-09-04,Escocia,1,Israel,1,1,,,10.0,2.0,2.0,6.0,0.0,,,,,,,,,,1.0,5.0,2.0,6.0,65.0,,,49.0,85.6,439.0,513.0,,,28.0,,,,11.0,,,,28.6,4.0,14.0,,10.0,,,9.0,6.0,3.0,,11.0,1,,0,2.0,,,,,,,,1.0,,13.0,,,,,5.0,3.0,0.0,2.0,0.0,,,,,,,,,,1.0,4.0,5.0,7.0,42.0,,,51.0,85.8,466.0,543.0,,,41.0,,,,13.0,,,,18.8,3.0,16.0,,10.0,,,13.0,5.0,8.0,,16.0,1,,0,1.0,,,,,,,,1.0,,12.0,,,6.79,6.86,UEFA Nations League,UEFA,UEFA
SEL-NATIONS_LEAGUE-2020-21-8600777,Final,2020-09-04,Eslovaquia,1,República Checa,1,3,,,5.0,2.0,1.0,2.0,0.0,,,,,,,,,,1.0,0.0,2.0,6.0,34.0,,,41.0,80.3,318.0,396.0,,,33.0,,,,22.0,,,,,0.0,3.0,,13.0,,,9.0,6.0,3.0,,37.0,3,,0,2.0,,,,,,,,3.0,,19.0,,,,,21.0,5.0,13.0,3.0,1.0,,,,,,,,,,3.0,6.0,0.0,4.0,62.0,,,59.0,87.7,472.0,538.0,,,35.0,,,,19.0,,,,23.7,9.0,38.0,,12.0,,,10.0,7.0,3.0,,0.0,1,,0,1.0,,,,,,,,1.0,,22.0,,,6.45,7.25,UEFA Nations League,UEFA,UEFA
SEL-NATIONS_LEAGUE-2020-21-8600840,Final,2020-09-04,Bielorrusia,1,Albania,0,2,,,4.0,2.0,1.0,1.0,0.0,,,,,,,,,,,4.0,4.0,3.0,46.0,,,50.0,74.6,332.0,445.0,,,33.0,,,,10.0,,,,10.0,2.0,20.0,,16.0,,,24.0,13.0,11.0,,12.0,2,,0,2.0,,,,,,,,1.0,,14.0,,,,,11.0,4.0,6.0,1.0,0.0,,,,,,,,,,,3.0,2.0,11.0,65.0,,,50.0,76.2,342.0,449.0,,,32.0,,,,14.0,,,,33.3,4.0,12.0,,15.0,,,9.0,5.0,4.0,,19.0,0,,1,2.0,,,,,,,,1.0,,10.0,,,6.69,7.16,UEFA Nations League,UEFA,UEFA
SEL-NATIONS_LEAGUE-2020-21-8600818,Final,2020-09-05,Macedonia del Norte,1,Armenia,2,1,,,9.0,4.0,4.0,1.0,0.0,,,,,,,,,,3.0,1.0,3.0,12.0,50.0,,,53.0,80.3,338.0,421.0,,,27.0,,,,17.0,,,,14.3,1.0,7.0,,9.0,,,17.0,14.0,3.0,,28.0,1,,0,4.0,,,,,,,,2.0,,14.0,,,,,16.0,5.0,9.0,2.0,0.0,,,,,,,,,,3.0,13.0,2.0,6.0,59.0,,,47.0,77.3,265.0,343.0,,,33.0,,,,14.0,,,,30.0,9.0,30.0,,11.0,,,17.0,9.0,8.0,,6.0,2,,0,2.0,,,,,,,,3.0,,18.0,,,7.03,6.44,UEFA Nations League,UEFA,UEFA
SEL-NATIONS_LEAGUE-2020-21-8600841,Final,2020-09-05,Gibraltar,1,San Marino,1,0,,,12.0,3.0,6.0,3.0,0.0,,,,,,,,,,1.0,3.0,6.0,7.0,67.0,,,68.0,85.5,464.0,543.0,,,35.0,,,,18.0,,,,30.4,7.0,23.0,,9.0,,,11.0,7.0,4.0,,7.0,0,,1,0.0,,,,,,,,1.0,,12.0,,,,,5.0,0.0,3.0,2.0,0.0,,,,,,,,,,1.0,0.0,1.0,3.0,43.0,,,32.0,68.7,182.0,265.0,,,20.0,,,,11.0,,,,,0.0,3.0,,6.0,,,16.0,8.0,8.0,,23.0,1,,0,2.0,,,,,,,,2.0,,19.0,,,7.19,6.57,UEFA Nations League,UEFA,UEFA
SEL-NATIONS_LEAGUE-2020-21-8600790,Final,2020-09-05,Islandia,1,Inglaterra,0,1,,,2.0,0.0,2.0,0.0,0.0,,,,,,,,,,1.0,1.0,3.0,1.0,38.0,,,22.0,67.0,142.0,212.0,,,21.0,,,,8.0,,,,15.4,2.0,13.0,,12.0,,,17.0,11.0,6.0,,32.0,1,,0,3.0,,,,,,,,2.0,1.0,12.0,,,,,13.0,4.0,6.0,3.0,0.0,,,,,,,,,,2.0,7.0,4.0,17.0,90.0,,,78.0,88.8,684.0,770.0,,,43.0,,,,11.0,,,,36.4,8.0,22.0,,6.0,,,6.0,4.0,2.0,,10.0,0,,1,0.0,,,,,,,,3.0,1.0,8.0,,,6.52,7.12,UEFA Nations League,UEFA,UEFA
SEL-NATIONS_LEAGUE-2020-21-8600822,Final,2020-09-05,Azerbaiyán,1,Luxemburgo,1,2,,,2.0,2.0,0.0,0.0,0.0,,,,,,,,,,0.0,0.0,,7.0,36.0,,,34.0,72.8,227.0,312.0,,,16.0,,,,12.0,,,,33.3,1.0,3.0,,18.0,,,18.0,10.0,8.0,,35.0,2,,0,6.0,,,,,,,,3.0,1.0,19.0,,,,,19.0,7.0,5.0,7.0,1.0,,,,,,,,,,3.0,9.0,,14.0,93.0,,,66.0,84.9,494.0,582.0,,,46.0,,,,17.0,,,,9.1,2.0,22.0,,7.0,,,9.0,7.0,2.0,,4.0,1,,0,1.0,,,,,,,,0.0,0.0,13.0,,,6.65,7.0,UEFA Nations League,UEFA,UEFA
SEL-NATIONS_LEAGUE-2020-21-8600820,Final,2020-09-05,Chipre,1,Montenegro,0,2,,,9.0,2.0,7.0,0.0,0.0,,,,,,,,,,1.0,1.0,0.0,8.0,51.0,,,45.0,82.9,349.0,421.0,,,22.0,,,,14.0,,,,16.7,2.0,12.0,,13.0,,,11.0,8.0,3.0,,12.0,2,,0,2.0,,,,,,,,3.0,,15.0,,,,,10.0,4.0,5.0,1.0,1.0,,,,,,,,,,2.0,6.0,2.0,7.0,58.0,,,55.0,85.2,433.0,508.0,,,31.0,,,,14.0,,,,30.8,4.0,13.0,,9.0,,,17.0,13.0,4.0,,10.0,0,,1,2.0,,,,,,,,4.0,,14.0,,,6.61,7.04,UEFA Nations League,UEFA,UEFA
SEL-NATIONS_LEAGUE-2020-21-8600817,Final,2020-09-05,Estonia,1,Georgia,0,1,,,3.0,0.0,2.0,1.0,0.0,,,,,,,,,,0.0,3.0,2.0,3.0,57.0,,,40.0,78.0,297.0,381.0,,,31.0,,,,11.0,,,,11.1,1.0,9.0,,11.0,,,21.0,10.0,11.0,,17.0,1,,0,1.0,,,,,,,,3.0,,15.0,,,,,13.0,3.0,8.0,2.0,1.0,,,,,,,,,,2.0,5.0,1.0,20.0,42.0,,,60.0,85.8,479.0,558.0,,,48.0,,,,15.0,,,,17.4,4.0,23.0,,8.0,,,14.0,9.0,5.0,,14.0,0,,1,0.0,,,,,,,,2.0,,13.0,,,6.51,7.2,UEFA Nations League,UEFA,UEFA
SEL-NATIONS_LEAGUE-2020-21-8600732,Final,2020-09-05,Dinamarca,1,Bélgica,0,2,,,8.0,1.0,4.0,3.0,0.0,,,,,,,,,,0.0,7.0,2.0,3.0,55.0,,,51.0,84.4,437.0,518.0,,,32.0,,,,10.0,,,,31.6,6.0,19.0,,19.0,,,8.0,5.0,3.0,,8.0,2,,0,3.0,,,,,,,,2.0,,13.0,,,,,11.0,5.0,4.0,2.0,1.0,,,,,,,,,,3.0,4.0,2.0,9.0,40.0,,,49.0,84.0,432.0,514.0,,,35.0,,,,13.0,,,,22.2,2.0,9.0,,7.0,,,12.0,10.0,2.0,,21.0,0,,1,1.0,,,,,,,,1.0,,10.0,,,6.65,7.25,UEFA Nations League,UEFA,UEFA
SEL-NATIONS_LEAGUE-2020-21-8600740,Final,2020-09-05,Portugal,1,Croacia,4,1,,,27.0,11.0,11.0,5.0,3.0,,,,,,,,,,3.0,8.0,2.0,12.0,62.0,,,57.0,88.8,522.0,588.0,,,30.0,,,,7.0,,,,35.7,5.0,14.0,,16.0,,,26.0,15.0,11.0,,19.0,1,,0,1.0,,,,,,,,0.0,,11.0,,,,,5.0,2.0,2.0,1.0,0.0,,,,,,,,,,1.0,4.0,1.0,17.0,39.0,,,43.0,82.8,356.0,430.0,,,18.0,,,,9.0,,,,9.5,2.0,21.0,,14.0,,,15.0,8.0,7.0,,21.0,4,,0,7.0,,,,,,,,2.0,,8.0,,,7.49,6.48,UEFA Nations League,UEFA,UEFA
SEL-NATIONS_LEAGUE-2020-21-8600734,Final,2020-09-05,Suecia,1,Francia,0,1,,,9.0,2.0,5.0,2.0,0.0,,,,,,,,,,0.0,5.0,0.0,5.0,57.0,,,51.0,83.9,460.0,548.0,,,30.0,,,,8.0,,,,19.0,4.0,21.0,,12.0,,,11.0,8.0,3.0,,15.0,1,,0,0.0,,,,,,,,1.0,,14.0,,,,,7.0,1.0,4.0,2.0,0.0,,,,,,,,,,2.0,5.0,5.0,8.0,45.0,,,49.0,83.3,440.0,528.0,,,38.0,,,,13.0,,,,27.8,5.0,18.0,,13.0,,,11.0,7.0,4.0,,17.0,0,,1,3.0,,,,,,,,1.0,,9.0,,,6.71,7.15,UEFA Nations League,UEFA,UEFA
SEL-NATIONS_LEAGUE-2022-23-10023336,Ronda 1,2022-06-01,Polonia,1,Gales,2,1,,,15.0,3.0,5.0,7.0,0.0,,,,,,,,,,3.0,3.0,2.0,8.0,55.0,,,55.0,81.5,384.0,471.0,,,25.0,,,,10.0,,,,10.5,2.0,19.0,,12.0,,,12.0,5.0,7.0,,26.0,1,,0,1.0,,,,,,,,1.0,,15.0,,,,,14.0,2.0,7.0,5.0,0.0,,,,,,,,,,0.0,4.0,2.0,15.0,64.0,,,45.0,76.6,288.0,376.0,,,30.0,,,,15.0,,,,10.0,2.0,20.0,,11.0,,,23.0,12.0,11.0,,15.0,2,,0,2.0,,,,,,,,2.0,,10.0,,,6.69,6.98,UEFA Nations League,UEFA,UEFA
SEL-NATIONS_LEAGUE-2022-23-10225877,Ronda 1,2022-06-02,Chipre,1,Kosovo,0,2,,,8.0,0.0,4.0,4.0,0.0,,,,,,,,,,0.0,5.0,1.0,14.0,45.0,,,46.0,82.4,365.0,443.0,,,20.0,,,,13.0,,,,,0.0,10.0,,7.0,,,15.0,7.0,8.0,,19.0,2,,0,5.0,,,,,,,,1.0,,8.0,,,,,16.0,7.0,7.0,2.0,1.0,,,,,,,,,,2.0,5.0,2.0,11.0,64.0,,,54.0,85.2,438.0,514.0,,,32.0,,,,8.0,,,,26.3,5.0,19.0,,12.0,,,14.0,7.0,7.0,,13.0,0,,1,0.0,,,,,,,,4.0,,13.0,,,6.73,7.26,UEFA Nations League,UEFA,UEFA
SEL-NATIONS_LEAGUE-2022-23-10023417,Ronda 1,2022-06-02,Bulgaria,1,Macedonia del Norte,1,1,,,4.0,1.0,1.0,2.0,0.0,,,,,,,,,,1.0,1.0,3.0,4.0,63.0,,,44.0,69.5,251.0,361.0,,,38.0,,,,11.0,,,,14.3,1.0,7.0,,14.0,,,17.0,11.0,6.0,,21.0,1,,0,4.0,,,,,,,,2.0,,14.0,,,,,15.0,5.0,5.0,5.0,0.0,,,,,,,,,,1.0,5.0,3.0,5.0,59.0,,,56.0,74.9,338.0,451.0,,,29.0,,,,14.0,,,,13.3,2.0,15.0,,5.0,,,8.0,5.0,3.0,,3.0,1,,0,0.0,,,,,,,,2.0,,12.0,,,6.91,6.69,UEFA Nations League,UEFA,UEFA
SEL-NATIONS_LEAGUE-2022-23-10023380,Ronda 1,2022-06-02,Georgia,1,Gibraltar,4,0,,,28.0,13.0,10.0,5.0,2.0,,,,,,,,,,5.0,8.0,3.0,12.0,98.0,,,69.0,89.1,594.0,667.0,,,28.0,,,,7.0,,,,28.6,4.0,14.0,,15.0,,,12.0,9.0,3.0,,5.0,0,,1,0.0,,,,,,,,2.0,,12.0,,,,,1.0,0.0,1.0,0.0,0.0,,,,,,,,,,0.0,0.0,0.0,6.0,27.0,,,31.0,71.7,208.0,290.0,,,21.0,,,,11.0,,,,,0.0,2.0,,7.0,,,17.0,9.0,8.0,,24.0,4,,0,8.0,,,,,,,,3.0,,7.0,,,7.59,6.42,UEFA Nations League,UEFA,UEFA
SEL-NATIONS_LEAGUE-2022-23-10225901,Ronda 1,2022-06-02,Estonia,1,San Marino,2,0,,,11.0,4.0,6.0,1.0,0.0,,,,,,,,,,3.0,4.0,3.0,9.0,67.0,,,74.0,88.9,571.0,642.0,,,36.0,,,,10.0,,,,37.5,6.0,16.0,,9.0,,,17.0,10.0,7.0,,13.0,0,,1,3.0,,,,,,,,0.0,,11.0,,,,,7.0,4.0,3.0,0.0,0.0,,,,,,,,,,1.0,1.0,1.0,9.0,32.0,,,26.0,63.0,138.0,219.0,,,23.0,,,,11.0,,,,11.1,1.0,9.0,,9.0,,,22.0,15.0,7.0,,14.0,2,,0,2.0,,,,,,,,2.0,,10.0,,,7.15,6.53,UEFA Nations League,UEFA,UEFA
SEL-NATIONS_LEAGUE-2022-23-10023331,Ronda 1,2022-06-02,República Checa,1,Suiza,2,1,,,8.0,3.0,5.0,0.0,1.0,,,,,,,,,,3.0,3.0,2.0,4.0,59.0,,,38.0,69.3,232.0,335.0,,,33.0,,,,11.0,,,,14.3,2.0,14.0,,15.0,,,11.0,7.0,4.0,,21.0,1,,0,6.0,,,,,,,,2.0,,9.0,,,,,15.0,7.0,6.0,2.0,0.0,,,,,,,,,,4.0,8.0,2.0,2.0,66.0,,,62.0,82.8,456.0,551.0,,,33.0,,,,9.0,,,,29.2,7.0,24.0,,16.0,,,11.0,5.0,6.0,,18.0,2,,0,2.0,,,,,,,,2.0,,12.0,,,7.05,6.75,UEFA Nations League,UEFA,UEFA
SEL-NATIONS_LEAGUE-2022-23-10023333,Ronda 1,2022-06-02,España,1,Portugal,1,1,,,11.0,2.0,8.0,1.0,0.0,,,,,,,,,,3.0,5.0,1.0,10.0,44.0,,,61.0,87.4,540.0,618.0,,,38.0,,,,14.0,,,,,0.0,14.0,,10.0,,,13.0,6.0,7.0,,13.0,1,,0,1.0,,,,,,,,3.0,,15.0,,,,,7.0,2.0,4.0,1.0,0.0,,,,,,,,,,2.0,5.0,4.0,6.0,39.0,,,39.0,80.4,315.0,392.0,,,31.0,,,,15.0,,,,17.6,3.0,17.0,,11.0,,,16.0,9.0,7.0,,16.0,1,,0,1.0,,,,,,,,5.0,,14.0,,,6.86,6.75,UEFA Nations League,UEFA,UEFA
SEL-NATIONS_LEAGUE-2022-23-10023320,Ronda 1,2022-06-02,Israel,1,Islandia,2,2,,,17.0,5.0,7.0,5.0,0.0,,,,,,,,,,5.0,3.0,1.0,8.0,66.0,,,65.0,82.3,415.0,504.0,,,20.0,,,,11.0,,,,31.6,6.0,19.0,,2.0,,,11.0,7.0,4.0,,16.0,2,,0,3.0,,,,,,,,1.0,,15.0,,,,,9.0,5.0,3.0,1.0,1.0,,,,,,,,,,3.0,5.0,2.0,5.0,41.0,,,35.0,64.7,178.0,275.0,,,16.0,,,,14.0,,,,25.0,3.0,12.0,,6.0,,,17.0,13.0,4.0,,23.0,2,,0,3.0,,,,,,,,3.0,,11.0,,,6.75,6.9,UEFA Nations League,UEFA,UEFA
SEL-NATIONS_LEAGUE-2022-23-10023371,Ronda 1,2022-06-02,Serbia,1,Noruega,0,1,,,13.0,5.0,2.0,6.0,0.0,,,,,,,,,,2.0,12.0,1.0,3.0,76.0,,,67.0,84.5,511.0,605.0,,,32.0,,,,7.0,,,,25.6,11.0,43.0,,10.0,,,14.0,10.0,4.0,,4.0,1,,0,1.0,,,,,,,,1.0,,10.0,,,,,4.0,2.0,2.0,0.0,0.0,,,,,,,,,,2.0,0.0,0.0,3.0,45.0,,,33.0,69.4,220.0,317.0,,,23.0,,,,9.0,,,,,0.0,6.0,,11.0,,,13.0,7.0,6.0,,32.0,0,,1,5.0,,,,,,,,2.0,,8.0,,,6.91,7.06,UEFA Nations League,UEFA,UEFA
SEL-NATIONS_LEAGUE-2022-23-10023346,Ronda 1,2022-06-02,Eslovenia,1,Suecia,0,2,,,12.0,3.0,4.0,5.0,0.0,,,,,,,,,,2.0,2.0,2.0,6.0,44.0,,,54.0,83.6,424.0,507.0,,,25.0,,,,11.0,,,,25.0,4.0,16.0,,14.0,,,19.0,13.0,6.0,,13.0,2,,0,2.0,,,,,,,,2.0,,11.0,,,,,10.0,4.0,4.0,2.0,1.0,,,,,,,,,,2.0,4.0,0.0,4.0,53.0,,,46.0,79.4,346.0,436.0,,,29.0,,,,11.0,,,,20.0,3.0,15.0,,6.0,,,10.0,7.0,3.0,,11.0,0,,1,3.0,,,,,,,,3.0,,12.0,,,6.77,7.03,UEFA Nations League,UEFA,UEFA
SEL-NATIONS_LEAGUE-2022-23-10023406,Ronda 1,2022-06-02,Irlanda del Norte,1,Grecia,0,1,,,8.0,2.0,3.0,3.0,0.0,,,,,,,,,,0.0,2.0,,6.0,60.0,,,46.0,76.3,286.0,375.0,,,21.0,,,,14.0,,,,11.8,2.0,17.0,,4.0,,,8.0,6.0,2.0,,7.0,1,,0,1.0,,,,,,,,2.0,,14.0,,,,,4.0,2.0,2.0,0.0,0.0,,,,,,,,,,2.0,1.0,,6.0,44.0,,,54.0,77.7,351.0,452.0,,,38.0,,,,13.0,,,,33.3,4.0,12.0,,13.0,,,14.0,7.0,7.0,,18.0,0,,1,2.0,,,,,,,,2.0,,15.0,,,6.55,6.99,UEFA Nations League,UEFA,UEFA
SEL-NATIONS_LEAGUE-2022-23-10225893,Ronda 1,2022-06-03,Kazajistán,1,Azerbaiyán,2,0,,,5.0,2.0,2.0,1.0,0.0,,,,,,,,,,1.0,2.0,3.0,9.0,38.0,,,40.0,73.2,271.0,370.0,,,25.0,,,,10.0,,,,18.2,2.0,11.0,,12.0,,,26.0,15.0,11.0,,23.0,0,,1,7.0,,,,,,,,3.0,,12.0,,,,,15.0,7.0,7.0,1.0,0.0,,,,,,,,,,0.0,4.0,0.0,16.0,54.0,,,60.0,82.9,461.0,556.0,,,27.0,,,,10.0,,,,23.5,4.0,17.0,,11.0,,,24.0,15.0,9.0,,14.0,2,,0,0.0,,,,,,,,1.0,,10.0,,,7.14,6.9,UEFA Nations League,UEFA,UEFA
SEL-NATIONS_LEAGUE-2022-23-10023393,Ronda 1,2022-06-03,Letonia,1,Andorra,3,0,,,8.0,3.0,3.0,2.0,0.0,,,,,,,,,,3.0,5.0,,4.0,71.0,,,61.0,70.6,312.0,442.0,,,40.0,,,,8.0,,,,16.7,3.0,18.0,,6.0,,,17.0,9.0,8.0,,13.0,0,,1,1.0,,,,,,,,,,16.0,,,,,10.0,1.0,8.0,1.0,2.0,,,,,,,,,,2.0,1.0,,3.0,62.0,,,39.0,62.1,172.0,277.0,,,13.0,,,,15.0,,,,17.6,3.0,17.0,,10.0,,,6.0,4.0,2.0,,22.0,3,,0,0.0,,,,,,,,,,8.0,,,7.27,6.25,UEFA Nations League,UEFA,UEFA
SEL-NATIONS_LEAGUE-2022-23-10023384,Ronda 1,2022-06-03,Croacia,1,Austria,0,3,,,13.0,3.0,6.0,4.0,0.0,,,,,,,,,,0.0,7.0,1.0,10.0,63.0,,,61.0,86.4,596.0,690.0,,,28.0,,,,7.0,,,,27.3,6.0,22.0,,8.0,,,8.0,3.0,5.0,,9.0,3,,0,6.0,,,,,,,,1.0,,10.0,,,,,14.0,8.0,5.0,1.0,0.0,,,,,,,,,,4.0,4.0,1.0,4.0,43.0,,,39.0,80.8,363.0,449.0,,,24.0,,,,10.0,,,,25.0,3.0,12.0,,13.0,,,20.0,13.0,7.0,,14.0,0,,1,3.0,,,,,,,,1.0,,7.0,,,6.62,7.25,UEFA Nations League,UEFA,UEFA
SEL-NATIONS_LEAGUE-2022-23-10023340,Ronda 1,2022-06-03,Francia,1,Dinamarca,1,2,,,19.0,6.0,8.0,5.0,1.0,,,,,,,,,,3.0,2.0,3.0,9.0,65.0,,,60.0,90.2,620.0,687.0,,,22.0,,,,8.0,,,,47.1,8.0,17.0,,12.0,,,18.0,12.0,6.0,,7.0,2,,0,3.0,,,,,,,,0.0,,8.0,,,,,8.0,5.0,3.0,0.0,1.0,,,,,,,,,,4.0,2.0,1.0,3.0,47.0,,,40.0,83.2,387.0,465.0,,,24.0,,,,7.0,,,,11.1,1.0,9.0,,11.0,,,21.0,15.0,6.0,,17.0,1,,0,5.0,,,,,,,,1.0,,8.0,,,6.99,6.87,UEFA Nations League,UEFA,UEFA
SEL-NATIONS_LEAGUE-2022-23-10023414,Ronda 1,2022-06-03,Bélgica,1,Países Bajos,1,4,,,13.0,6.0,4.0,3.0,2.0,,,,,,,,,,1.0,10.0,4.0,4.0,45.0,,,50.0,86.3,428.0,496.0,,,21.0,,,,14.0,,,,,0.0,22.0,,8.0,,,7.0,6.0,1.0,,11.0,4,,0,3.0,,,,,,,,1.0,,6.0,,,,,15.0,7.0,4.0,4.0,0.0,,,,,,,,,,4.0,4.0,0.0,7.0,36.0,,,50.0,86.1,438.0,509.0,,,24.0,,,,6.0,,,,30.0,3.0,10.0,,12.0,,,6.0,3.0,3.0,,22.0,1,,0,5.0,,,,,,,,1.0,,14.0,,,6.46,7.46,UEFA Nations League,UEFA,UEFA
SEL-NATIONS_LEAGUE-2022-23-10023390,Ronda 1,2022-06-03,Bielorrusia,1,Eslovaquia,0,1,,,7.0,1.0,4.0,2.0,0.0,,,,,,,,,,,3.0,0.0,10.0,45.0,,,32.0,73.9,226.0,306.0,,,28.0,,,,12.0,,,,16.7,3.0,18.0,,14.0,,,18.0,9.0,9.0,,15.0,1,,0,2.0,,,,,,,,1.0,,9.0,,,,,13.0,3.0,7.0,3.0,0.0,,,,,,,,,,,9.0,1.0,11.0,72.0,,,68.0,85.3,569.0,667.0,,,18.0,,,,9.0,,,,30.0,6.0,20.0,,7.0,,,8.0,3.0,5.0,,9.0,0,,1,1.0,,,,,,,,2.0,,13.0,,,6.76,6.98,UEFA Nations League,UEFA,UEFA
SEL-NATIONS_LEAGUE-2022-23-10225882,Ronda 1,2022-06-03,Liechtenstein,1,Moldavia,0,2,,,3.0,1.0,1.0,1.0,0.0,,,,,,,,,,0.0,1.0,0.0,2.0,25.0,,,35.0,63.1,188.0,298.0,,,21.0,,,,13.0,,,,33.3,1.0,3.0,,20.0,,,15.0,10.0,5.0,,17.0,2,,0,2.0,,,,,,,,3.0,,12.0,,,,,11.0,4.0,5.0,2.0,0.0,,,,,,,,,,2.0,4.0,4.0,8.0,78.0,,,65.0,81.5,444.0,545.0,,,35.0,,,,12.0,,,,40.9,9.0,22.0,,6.0,,,13.0,10.0,3.0,,1.0,0,,1,1.0,,,,,,,,2.0,,13.0,,,6.51,7.14,UEFA Nations League,UEFA,UEFA
SEL-NATIONS_LEAGUE-2022-23-10023447,Ronda 1,2022-06-04,Hungría,1,Inglaterra,1,0,,,11.0,6.0,3.0,2.0,0.0,,,,,,,,,,3.0,3.0,2.0,3.0,33.0,,,42.0,80.5,310.0,385.0,,,18.0,,,,6.0,,,,23.1,3.0,13.0,,11.0,,,8.0,7.0,1.0,,8.0,0,,1,4.0,,,,,,,,2.0,,7.0,,,,,12.0,4.0,6.0,2.0,0.0,,,,,,,,,,0.0,6.0,2.0,9.0,63.0,,,58.0,85.0,447.0,526.0,,,36.0,,,,7.0,,,,20.0,3.0,15.0,,12.0,,,19.0,12.0,7.0,,8.0,1,,0,4.0,,,,,,,,2.0,,6.0,,,6.85,7.04,UEFA Nations League,UEFA,UEFA
SEL-NATIONS_LEAGUE-2022-23-10023441,Ronda 1,2022-06-04,Finlandia,1,Bosnia,1,1,,,12.0,2.0,6.0,4.0,0.0,,,,,,,,,,2.0,5.0,2.0,3.0,54.0,,,44.0,78.4,316.0,403.0,,,17.0,,,,12.0,,,,21.4,3.0,14.0,,9.0,,,8.0,4.0,4.0,,20.0,1,,0,4.0,,,,,,,,4.0,,11.0,,,,,14.0,5.0,6.0,3.0,0.0,,,,,,,,,,1.0,7.0,0.0,0.0,50.0,,,56.0,81.9,412.0,503.0,,,32.0,,,,10.0,,,,35.7,10.0,28.0,,12.0,,,16.0,9.0,7.0,,15.0,1,,0,1.0,,,,,,,,2.0,,13.0,,,6.81,6.97,UEFA Nations League,UEFA,UEFA
SEL-NATIONS_LEAGUE-2022-23-10023314,Ronda 1,2022-06-04,Lituania,1,Luxemburgo,0,2,,,11.0,2.0,6.0,3.0,0.0,,,,,,,,,,0.0,6.0,2.0,6.0,43.0,,,45.0,79.9,287.0,359.0,,,30.0,,,,5.0,,,,31.6,6.0,19.0,,10.0,,,21.0,13.0,8.0,,22.0,2,,0,3.0,,,,,,,,4.0,,20.0,,,,,17.0,5.0,5.0,7.0,0.0,,,,,,,,,,2.0,10.0,2.0,15.0,59.0,,,55.0,82.3,363.0,441.0,,,25.0,,,,20.0,,,,35.0,7.0,20.0,,6.0,,,20.0,11.0,9.0,,10.0,0,,1,2.0,,,,,,,,1.0,,5.0,,,6.67,7.3,UEFA Nations League,UEFA,UEFA
SEL-NATIONS_LEAGUE-2022-23-10023373,Ronda 1,2022-06-04,Italia,1,Alemania,1,1,,,11.0,2.0,7.0,2.0,1.0,,,,,,,,,,2.0,3.0,7.0,8.0,38.0,,,33.0,77.6,225.0,290.0,,,26.0,,,,17.0,,,,31.2,5.0,16.0,,13.0,,,12.0,7.0,5.0,,14.0,1,,0,3.0,,,,,,,,5.0,,12.0,,,,,12.0,4.0,6.0,2.0,0.0,,,,,,,,,,1.0,3.0,1.0,7.0,57.0,,,67.0,88.4,548.0,620.0,,,35.0,,,,12.0,,,,22.2,2.0,9.0,,5.0,,,7.0,5.0,2.0,,8.0,1,,0,1.0,,,,,,,,3.0,,17.0,,,6.9,6.85,UEFA Nations League,UEFA,UEFA
SEL-NATIONS_LEAGUE-2022-23-10023388,Ronda 1,2022-06-04,Montenegro,1,Rumania,2,0,,,15.0,5.0,7.0,3.0,0.0,,,,,,,,,,2.0,4.0,3.0,7.0,66.0,,,44.0,74.0,239.0,323.0,,,35.0,,,,17.0,,,,75.0,9.0,12.0,,9.0,,,18.0,10.0,8.0,,8.0,0,,1,1.0,,,,,,,,2.0,,12.0,,,,,7.0,1.0,4.0,2.0,0.0,,,,,,,,,,0.0,3.0,1.0,5.0,64.0,,,56.0,75.1,302.0,402.0,,,21.0,,,,12.0,,,,56.2,9.0,16.0,,7.0,,,11.0,9.0,2.0,,4.0,2,,0,3.0,,,,,,,,1.0,,17.0,,,7.15,6.51,UEFA Nations League,UEFA,UEFA
SEL-NATIONS_LEAGUE-2022-23-10023329,Ronda 1,2022-06-04,Turquía,1,Islas Feroe,4,0,,,17.0,9.0,5.0,3.0,0.0,,,,,,,,,,4.0,4.0,4.0,7.0,82.0,,,77.0,86.8,606.0,698.0,,,53.0,,,,15.0,,,,31.8,7.0,22.0,,4.0,,,21.0,16.0,5.0,,7.0,0,,1,0.0,,,,,,,,2.0,,9.0,,,,,4.0,0.0,2.0,2.0,0.0,,,,,,,,,,0.0,0.0,2.0,1.0,31.0,,,23.0,56.8,117.0,206.0,,,12.0,,,,9.0,,,,25.0,1.0,4.0,,8.0,,,17.0,6.0,11.0,,19.0,4,,0,5.0,,,,,,,,2.0,,15.0,,,7.39,6.23,UEFA Nations League,UEFA,UEFA
SEL-NATIONS_LEAGUE-2022-23-10023397,Ronda 1,2022-06-08,Irlanda,1,Ucrania,0,1,,,13.0,4.0,3.0,6.0,1.0,,,,,,,,,,1.0,6.0,6.0,15.0,66.0,,,45.0,83.0,318.0,383.0,,,22.0,,,,11.0,,,,36.4,8.0,22.0,,17.0,,,16.0,8.0,8.0,,4.0,1,,0,3.0,,,,,,,,1.0,,11.0,,,,,14.0,4.0,5.0,5.0,1.0,,,,,,,,,,0.0,4.0,2.0,5.0,54.0,,,55.0,84.6,417.0,493.0,,,40.0,,,,11.0,,,,20.0,1.0,5.0,,8.0,,,26.0,18.0,8.0,,17.0,0,,1,4.0,,,,,,,,1.0,,12.0,,,6.87,7.1,UEFA Nations League,UEFA,UEFA
SEL-NATIONS_LEAGUE-2022-23-10023415,Ronda 1,2022-06-08,Escocia,1,Armenia,2,0,,,27.0,6.0,8.0,13.0,2.0,,,,,,,,,,4.0,9.0,3.0,13.0,90.0,,,71.0,91.4,747.0,817.0,,,33.0,,,,10.0,,,,38.5,10.0,26.0,,7.0,,,15.0,10.0,5.0,,1.0,0,,1,3.0,,,,,,,,1.0,,13.0,,,,,4.0,3.0,0.0,1.0,0.0,,,,,,,,,,1.0,0.0,3.0,9.0,19.0,,,29.0,80.2,272.0,339.0,,,31.0,,,,13.0,,,,,0.0,1.0,,12.0,,,12.0,5.0,7.0,,23.0,2,,0,4.0,,,,,,,,3.0,,11.0,,,7.59,6.56,UEFA Nations League,UEFA,UEFA
SEL-NATIONS_LEAGUE-2022-23-10023407,Ronda 2,2022-06-04,Armenia,1,Irlanda,1,0,,,10.0,3.0,5.0,2.0,0.0,,,,,,,,,,0.0,2.0,1.0,4.0,34.0,,,32.0,67.7,189.0,279.0,,,15.0,,,,10.0,,,,20.0,1.0,5.0,,7.0,,,18.0,12.0,6.0,,29.0,0,,1,2.0,,,,,,,,1.0,,6.0,,,,,13.0,2.0,8.0,3.0,0.0,,,,,,,,,,1.0,6.0,1.0,7.0,110.0,,,68.0,87.7,504.0,575.0,,,39.0,,,,6.0,,,,29.4,10.0,34.0,,5.0,,,8.0,6.0,2.0,,9.0,1,,0,2.0,,,,,,,,2.0,,11.0,,,7.09,6.96,UEFA Nations League,UEFA,UEFA
SEL-NATIONS_LEAGUE-2022-23-10023345,Ronda 2,2022-06-05,San Marino,1,Malta,0,2,,,3.0,0.0,2.0,1.0,0.0,,,,,,,,,,0.0,2.0,2.0,8.0,39.0,,,32.0,59.7,138.0,231.0,,,13.0,,,,17.0,,,,10.0,1.0,10.0,,6.0,,,17.0,12.0,5.0,,22.0,2,,0,3.0,,,,,,,,2.0,,9.0,,,,,15.0,5.0,6.0,4.0,0.0,,,,,,,,,,1.0,4.0,0.0,9.0,70.0,,,68.0,81.5,411.0,504.0,,,17.0,,,,7.0,,,,20.0,3.0,15.0,,9.0,,,9.0,6.0,3.0,,12.0,0,,1,0.0,,,,,,,,3.0,,17.0,,,6.62,6.92,UEFA Nations League,UEFA,UEFA
SEL-NATIONS_LEAGUE-2022-23-10225878,Ronda 2,2022-06-05,Chipre,1,Irlanda del Norte,0,0,,,10.0,2.0,6.0,2.0,1.0,,,,,,,,,,1.0,2.0,1.0,7.0,56.0,,,42.0,77.4,285.0,368.0,,,23.0,,,,10.0,,,,18.8,3.0,16.0,,7.0,,,5.0,2.0,3.0,,21.0,0,,1,2.0,,,,,,,,1.0,,4.0,,,,,13.0,2.0,8.0,3.0,0.0,,,,,,,,,,1.0,4.0,2.0,8.0,68.0,,,58.0,82.4,425.0,516.0,,,25.0,,,,4.0,,,,34.8,8.0,23.0,,9.0,,,19.0,9.0,10.0,,15.0,0,,1,2.0,,,,,,,,2.0,,11.0,,,6.78,7.15,UEFA Nations League,UEFA,UEFA
SEL-NATIONS_LEAGUE-2022-23-10023440,Ronda 2,2022-06-05,Gibraltar,1,Macedonia del Norte,0,2,,,5.0,0.0,4.0,1.0,0.0,,,,,,,,,,1.0,2.0,2.0,8.0,42.0,,,28.0,72.5,198.0,273.0,,,34.0,,,,10.0,,,,16.7,1.0,6.0,,7.0,,,12.0,7.0,5.0,,15.0,2,,0,2.0,,,,,,,,0.0,,12.0,,,,,14.0,4.0,4.0,6.0,1.0,,,,,,,,,,1.0,5.0,5.0,12.0,65.0,,,72.0,87.8,611.0,696.0,,,20.0,,,,12.0,,,,7.7,1.0,13.0,,3.0,,,8.0,5.0,3.0,,2.0,0,,1,0.0,,,,,,,,1.0,,10.0,,,6.54,7.03,UEFA Nations League,UEFA,UEFA
SEL-NATIONS_LEAGUE-2022-23-10023385,Ronda 2,2022-06-05,República Checa,1,España,2,2,,,3.0,2.0,1.0,0.0,0.0,,,,,,,,,,3.0,3.0,0.0,3.0,36.0,,,20.0,65.4,142.0,217.0,,,23.0,,,,9.0,,,,,0.0,4.0,,9.0,,,13.0,6.0,7.0,,18.0,2,,0,3.0,,,,,,,,1.0,,15.0,,,,,13.0,5.0,7.0,1.0,2.0,,,,,,,,,,1.0,8.0,2.0,7.0,98.0,,,80.0,90.5,763.0,843.0,,,34.0,,,,15.0,,,,41.7,10.0,24.0,,3.0,,,13.0,8.0,5.0,,7.0,2,,0,0.0,,,,,,,,1.0,,9.0,,,6.64,6.99,UEFA Nations League,UEFA,UEFA
SEL-NATIONS_LEAGUE-2022-23-10023394,Ronda 2,2022-06-05,Portugal,1,Suiza,4,0,,,18.0,10.0,5.0,3.0,1.0,,,,,,,,,,6.0,6.0,2.0,10.0,44.0,,,55.0,89.5,467.0,522.0,,,29.0,,,,15.0,,,,33.3,5.0,15.0,,12.0,,,11.0,9.0,2.0,,13.0,0,,1,1.0,,,,,,,,1.0,,10.0,,,,,5.0,1.0,4.0,0.0,0.0,,,,,,,,,,0.0,5.0,2.0,12.0,50.0,,,45.0,85.3,360.0,422.0,,,29.0,,,,9.0,,,,10.5,2.0,19.0,,11.0,,,14.0,7.0,7.0,,13.0,4,,0,6.0,,,,,,,,3.0,,16.0,,,7.37,6.47,UEFA Nations League,UEFA,UEFA
SEL-NATIONS_LEAGUE-2022-23-10023412,Ronda 2,2022-06-05,Serbia,1,Eslovenia,4,1,,,17.0,7.0,5.0,5.0,0.0,,,,,,,,,,3.0,4.0,,9.0,59.0,,,61.0,87.9,552.0,628.0,,,47.0,,,,10.0,,,,53.3,8.0,15.0,,7.0,,,10.0,5.0,5.0,,4.0,1,,0,1.0,,,,,,,,1.0,,6.0,,,,,7.0,2.0,3.0,2.0,0.0,,,,,,,,,,2.0,0.0,,3.0,31.0,,,39.0,80.0,324.0,405.0,,,22.0,,,,5.0,,,,,0.0,5.0,,6.0,,,16.0,8.0,8.0,,16.0,4,,0,3.0,,,,,,,,1.0,,10.0,,,7.02,6.53,UEFA Nations League,UEFA,UEFA
SEL-NATIONS_LEAGUE-2022-23-10023349,Ronda 2,2022-06-05,Suecia,1,Noruega,1,2,,,13.0,3.0,5.0,5.0,0.0,,,,,,,,,,1.0,10.0,,9.0,62.0,,,66.0,85.7,466.0,544.0,,,24.0,,,,12.0,,,,10.0,2.0,20.0,,2.0,,,10.0,5.0,5.0,,7.0,2,,0,6.0,,,,,,,,5.0,,8.0,,,,,12.0,8.0,4.0,0.0,0.0,,,,,,,,,,4.0,4.0,,7.0,43.0,,,34.0,71.7,205.0,286.0,,,15.0,,,,8.0,,,,46.2,6.0,13.0,,10.0,,,11.0,4.0,7.0,,26.0,1,,0,2.0,,,,,,,,1.0,,12.0,,,6.63,7.06,UEFA Nations League,UEFA,UEFA
SEL-NATIONS_LEAGUE-2022-23-10023403,Ronda 2,2022-06-05,Kosovo,1,Grecia,0,1,,,9.0,2.0,3.0,4.0,0.0,,,,,,,,,,1.0,4.0,2.0,8.0,53.0,,,41.0,82.0,291.0,355.0,,,37.0,,,,7.0,,,,33.3,5.0,15.0,,10.0,,,13.0,9.0,4.0,,14.0,1,,0,2.0,,,,,,,,4.0,2.0,14.0,,,,,10.0,3.0,3.0,4.0,1.0,,,,,,,,,,1.0,5.0,1.0,6.0,47.0,,,59.0,85.8,447.0,521.0,,,23.0,,,,11.0,,,,16.7,3.0,18.0,,14.0,,,20.0,14.0,6.0,,9.0,0,,1,2.0,,,,,,,,2.0,0.0,7.0,,,6.65,7.16,UEFA Nations League,UEFA,UEFA
SEL-NATIONS_LEAGUE-2022-23-10023401,Ronda 2,2022-06-05,Bulgaria,1,Georgia,2,5,,,16.0,4.0,9.0,3.0,1.0,,,,,,,,,,2.0,5.0,0.0,3.0,62.0,,,60.0,85.3,359.0,421.0,,,31.0,,,,7.0,,,,17.4,4.0,23.0,,18.0,,,18.0,10.0,8.0,,14.0,5,,0,3.0,,,,,,,,2.0,,8.0,,,,,18.0,7.0,7.0,4.0,1.0,,,,,,,,,,5.0,6.0,1.0,8.0,43.0,,,40.0,74.6,214.0,287.0,,,28.0,,,,7.0,,,,9.1,1.0,11.0,,6.0,,,9.0,5.0,4.0,,27.0,2,,0,2.0,,,,,,,,0.0,,7.0,,,6.5,6.92,UEFA Nations League,UEFA,UEFA
SEL-NATIONS_LEAGUE-2022-23-10023367,Ronda 2,2022-06-06,Letonia,1,Liechtenstein,1,0,,,24.0,6.0,10.0,8.0,0.0,,,,,,,,,,2.0,9.0,1.0,13.0,81.0,,,62.0,79.7,376.0,472.0,,,43.0,,,,4.0,,,,48.3,14.0,29.0,,10.0,,,21.0,14.0,7.0,,5.0,0,,1,1.0,,,,,,,,1.0,,8.0,,,,,5.0,1.0,2.0,2.0,0.0,,,,,,,,,,0.0,2.0,2.0,11.0,30.0,,,38.0,66.9,196.0,293.0,,,20.0,,,,7.0,,,,50.0,3.0,6.0,,7.0,,,11.0,4.0,7.0,,26.0,1,,0,5.0,,,,,,,,1.0,,5.0,,,7.38,6.77,UEFA Nations League,UEFA,UEFA
SEL-NATIONS_LEAGUE-2022-23-10023453,Ronda 2,2022-06-06,Austria,1,Dinamarca,1,2,,,17.0,1.0,11.0,5.0,1.0,,,,,,,,,,4.0,6.0,4.0,8.0,45.0,,,55.0,82.7,388.0,469.0,,,21.0,,,,9.0,,,,28.0,7.0,25.0,,5.0,,,12.0,5.0,7.0,,15.0,2,,0,4.0,,,,,,,,0.0,,13.0,,,,,8.0,6.0,1.0,1.0,1.0,,,,,,,,,,3.0,5.0,0.0,7.0,57.0,,,45.0,76.5,302.0,395.0,,,44.0,,,,13.0,,,,18.2,2.0,11.0,,9.0,,,9.0,4.0,5.0,,22.0,1,,0,0.0,,,,,,,,2.0,,10.0,,,6.75,6.75,UEFA Nations League,UEFA,UEFA
SEL-NATIONS_LEAGUE-2022-23-10023295,Ronda 2,2022-06-06,Croacia,1,Francia,1,1,,,8.0,5.0,3.0,0.0,0.0,,,,,,,,,,2.0,4.0,4.0,4.0,36.0,,,49.0,90.0,503.0,559.0,,,25.0,,,,8.0,,,,21.4,3.0,14.0,,9.0,,,15.0,9.0,6.0,,18.0,1,,0,4.0,,,,,,,,1.0,,9.0,,,,,7.0,5.0,1.0,1.0,0.0,,,,,,,,,,3.0,6.0,1.0,9.0,58.0,,,51.0,88.0,522.0,593.0,,,22.0,,,,9.0,,,,7.7,1.0,13.0,,10.0,,,22.0,14.0,8.0,,8.0,1,,0,4.0,,,,,,,,1.0,,8.0,,,6.77,6.97,UEFA Nations League,UEFA,UEFA
SEL-NATIONS_LEAGUE-2022-23-10023375,Ronda 2,2022-06-06,Islandia,1,Albania,1,1,,,9.0,5.0,3.0,1.0,0.0,,,,,,,,,,1.0,4.0,0.0,3.0,44.0,,,43.0,75.4,273.0,362.0,,,25.0,,,,16.0,,,,10.0,1.0,10.0,,12.0,,,8.0,5.0,3.0,,23.0,1,,0,1.0,,,,,,,,1.0,,15.0,,,,,12.0,2.0,4.0,6.0,0.0,,,,,,,,,,1.0,7.0,2.0,4.0,51.0,,,57.0,82.0,387.0,472.0,,,38.0,,,,15.0,,,,26.9,7.0,26.0,,6.0,,,10.0,7.0,3.0,,20.0,1,,0,4.0,,,,,,,,1.0,,16.0,,,6.85,6.95,UEFA Nations League,UEFA,UEFA
SEL-NATIONS_LEAGUE-2022-23-10023408,Ronda 2,2022-06-06,Bielorrusia,1,Azerbaiyán,0,0,,,10.0,4.0,3.0,3.0,2.0,,,,,,,,,,1.0,1.0,5.0,10.0,45.0,,,42.0,66.7,206.0,309.0,,,27.0,,,,15.0,,,,30.4,7.0,23.0,,8.0,,,14.0,11.0,3.0,,17.0,0,,1,6.0,,,,,,,,4.0,0.0,9.0,,,,,16.0,6.0,6.0,4.0,1.0,,,,,,,,,,1.0,5.0,5.0,10.0,61.0,,,58.0,75.0,339.0,452.0,,,21.0,,,,9.0,,,,40.0,6.0,15.0,,7.0,,,20.0,16.0,4.0,,16.0,0,,1,4.0,,,,,,,,4.0,1.0,15.0,,,7.0,7.15,UEFA Nations League,UEFA,UEFA
SEL-NATIONS_LEAGUE-2022-23-10225892,Ronda 2,2022-06-06,Eslovaquia,1,Kazajistán,0,1,,,16.0,1.0,12.0,3.0,2.0,,,,,,,,,,1.0,5.0,,10.0,65.0,,,75.0,86.2,526.0,610.0,,,46.0,,,,14.0,,,,24.0,6.0,25.0,,3.0,,,11.0,3.0,8.0,,6.0,1,,0,2.0,,,,,,,,4.0,,10.0,,,,,8.0,3.0,4.0,1.0,0.0,,,,,,,,,,0.0,4.0,,3.0,44.0,,,25.0,54.5,108.0,198.0,,,14.0,,,,9.0,,,,10.0,1.0,10.0,,12.0,,,25.0,11.0,14.0,,30.0,0,,1,1.0,,,,,,,,6.0,,14.0,,,6.77,7.0,UEFA Nations League,UEFA,UEFA
SEL-NATIONS_LEAGUE-2022-23-10225886,Ronda 2,2022-06-06,Andorra,1,Moldavia,0,0,,,6.0,2.0,2.0,2.0,0.0,,,,,,,,,,,2.0,2.0,5.0,50.0,,,34.0,54.9,128.0,233.0,,,17.0,,,,17.0,,,,,0.0,5.0,,7.0,,,9.0,6.0,3.0,,28.0,0,,1,4.0,,,,,,,,2.0,0.0,15.0,,,,,11.0,4.0,2.0,5.0,1.0,,,,,,,,,,,6.0,1.0,4.0,74.0,,,66.0,75.5,336.0,445.0,,,32.0,,,,14.0,,,,16.7,3.0,18.0,,7.0,,,10.0,4.0,6.0,,11.0,0,,1,2.0,,,,,,,,4.0,1.0,17.0,,,6.85,6.8,UEFA Nations League,UEFA,UEFA
SEL-NATIONS_LEAGUE-2022-23-10023396,Ronda 2,2022-06-07,Finlandia,1,Montenegro,2,0,,,6.0,3.0,3.0,0.0,0.0,,,,,,,,,,2.0,7.0,2.0,4.0,54.0,,,59.0,80.0,455.0,569.0,,,26.0,,,,11.0,,,,18.8,3.0,16.0,,4.0,,,20.0,11.0,9.0,,10.0,0,,1,1.0,,,,,,,,0.0,,13.0,,,,,6.0,1.0,4.0,1.0,0.0,,,,,,,,,,0.0,2.0,2.0,2.0,68.0,,,41.0,73.9,291.0,394.0,,,23.0,,,,13.0,,,,21.4,3.0,14.0,,18.0,,,14.0,8.0,6.0,,18.0,2,,0,1.0,,,,,,,,1.0,,13.0,,,7.15,6.58,UEFA Nations League,UEFA,UEFA
SEL-NATIONS_LEAGUE-2022-23-10023351,Ronda 2,2022-06-07,Alemania,1,Inglaterra,1,1,,,10.0,6.0,1.0,3.0,0.0,,,,,,,,,,0.0,5.0,4.0,3.0,64.0,,,63.0,87.8,531.0,605.0,,,36.0,,,,7.0,,,,42.9,6.0,14.0,,8.0,,,19.0,11.0,8.0,,8.0,1,,0,5.0,,,,,,,,1.0,,4.0,,,,,15.0,6.0,5.0,4.0,0.0,,,,,,,,,,3.0,8.0,1.0,6.0,51.0,,,37.0,79.0,278.0,352.0,,,24.0,,,,4.0,,,,36.4,4.0,11.0,,11.0,,,18.0,13.0,5.0,,13.0,1,,0,5.0,,,,,,,,0.0,,7.0,,,7.14,6.86,UEFA Nations League,UEFA,UEFA
SEL-NATIONS_LEAGUE-2022-23-10023370,Ronda 2,2022-06-07,Italia,1,Hungría,2,1,,,17.0,6.0,8.0,3.0,1.0,,,,,,,,,,1.0,8.0,1.0,9.0,53.0,,,56.0,83.7,411.0,491.0,,,24.0,,,,8.0,,,,24.0,6.0,25.0,,10.0,,,12.0,9.0,3.0,,11.0,1,,0,4.0,,,,,,,,2.0,,12.0,,,,,12.0,4.0,4.0,4.0,0.0,,,,,,,,,,1.0,6.0,1.0,5.0,35.0,,,44.0,80.7,306.0,379.0,,,25.0,,,,12.0,,,,18.8,3.0,16.0,,19.0,,,15.0,9.0,6.0,,19.0,2,,0,4.0,,,,,,,,1.0,,8.0,,,7.05,6.79,UEFA Nations League,UEFA,UEFA
SEL-NATIONS_LEAGUE-2022-23-10023442,Ronda 2,2022-06-07,Bosnia,1,Rumania,1,0,,,8.0,2.0,3.0,3.0,0.0,,,,,,,,,,1.0,9.0,3.0,7.0,52.0,,,57.0,79.1,337.0,426.0,,,43.0,,,,16.0,,,,20.0,6.0,30.0,,3.0,,,17.0,10.0,7.0,,15.0,0,,1,2.0,,,,,,,,2.0,,8.0,,,,,12.0,3.0,7.0,2.0,0.0,,,,,,,,,,2.0,3.0,0.0,4.0,37.0,,,43.0,77.0,248.0,322.0,,,22.0,,,,8.0,,,,14.3,2.0,14.0,,17.0,,,23.0,13.0,10.0,,22.0,1,,0,1.0,,,,,,,,1.0,,16.0,,,7.01,6.81,UEFA Nations League,UEFA,UEFA
SEL-NATIONS_LEAGUE-2022-23-10023341,Ronda 2,2022-06-07,Islas Feroe,1,Luxemburgo,0,1,,,7.0,3.0,2.0,2.0,0.0,,,,,,,,,,0.0,2.0,1.0,8.0,52.0,,,42.0,79.3,310.0,391.0,,,23.0,,,,8.0,,,,31.8,7.0,22.0,,11.0,,,12.0,8.0,4.0,,6.0,1,,0,2.0,,,,,,,,2.0,2.0,9.0,,,,,11.0,3.0,4.0,4.0,1.0,,,,,,,,,,3.0,3.0,7.0,9.0,45.0,,,58.0,87.0,488.0,561.0,,,32.0,,,,8.0,,,,25.0,2.0,8.0,,5.0,,,10.0,5.0,5.0,,13.0,0,,1,3.0,,,,,,,,0.0,0.0,8.0,,,6.64,7.12,UEFA Nations League,UEFA,UEFA
SEL-NATIONS_LEAGUE-2022-23-10023342,Ronda 2,2022-06-07,Lituania,1,Turquía,0,6,,,8.0,0.0,6.0,2.0,1.0,,,,,,,,,,0.0,1.0,4.0,8.0,33.0,,,34.0,70.4,176.0,250.0,,,26.0,,,,14.0,,,,27.3,3.0,11.0,,8.0,,,16.0,7.0,9.0,,11.0,6,,0,7.0,,,,,,,,4.0,,17.0,,,,,24.0,14.0,3.0,7.0,0.0,,,,,,,,,,7.0,6.0,1.0,17.0,45.0,,,66.0,86.3,442.0,512.0,,,31.0,,,,15.0,,,,33.3,4.0,12.0,,14.0,,,17.0,8.0,9.0,,12.0,0,,1,0.0,,,,,,,,2.0,,14.0,,,6.12,7.52,UEFA Nations League,UEFA,UEFA
SEL-NATIONS_LEAGUE-2022-23-10023334,Ronda 2,2022-06-08,Bélgica,1,Polonia,6,1,,,18.0,11.0,5.0,2.0,1.0,,,,,,,,,,7.0,7.0,3.0,11.0,88.0,,,66.0,90.5,599.0,662.0,,,36.0,,,,10.0,,,,,0.0,20.0,,7.0,,,8.0,5.0,3.0,,8.0,1,,0,0.0,,,,,,,,1.0,,12.0,,,,,6.0,2.0,2.0,2.0,0.0,,,,,,,,,,2.0,1.0,4.0,5.0,29.0,,,34.0,77.5,268.0,346.0,,,30.0,,,,12.0,,,,,0.0,7.0,,7.0,,,13.0,9.0,4.0,,19.0,6,,0,5.0,,,,,,,,1.0,,11.0,,,7.2,6.32,UEFA Nations League,UEFA,UEFA
SEL-NATIONS_LEAGUE-2022-23-10023381,Ronda 2,2022-06-08,Gales,1,Países Bajos,1,2,,,8.0,3.0,3.0,2.0,0.0,,,,,,,,,,1.0,4.0,1.0,6.0,52.0,,,44.0,84.4,384.0,455.0,,,15.0,,,,11.0,,,,15.8,3.0,19.0,,12.0,,,13.0,7.0,6.0,,18.0,2,,0,0.0,,,,,,,,0.0,,10.0,,,,,8.0,2.0,1.0,5.0,0.0,,,,,,,,,,0.0,5.0,3.0,7.0,37.0,,,56.0,87.9,523.0,595.0,,,24.0,,,,10.0,,,,18.2,2.0,11.0,,9.0,,,8.0,3.0,5.0,,11.0,1,,0,2.0,,,,,,,,1.0,,12.0,,,6.9,6.89,UEFA Nations League,UEFA,UEFA
SEL-NATIONS_LEAGUE-2022-23-10023321,Ronda 2,2022-09-21,Escocia,1,Ucrania,3,0,,,24.0,8.0,10.0,6.0,1.0,,,,,,,,,,4.0,7.0,0.0,7.0,64.0,,,49.0,84.6,422.0,499.0,,,18.0,,,,11.0,,,,34.4,11.0,32.0,,9.0,,,20.0,11.0,9.0,,7.0,0,,1,0.0,,,,,,,,0.0,,6.0,,,,,3.0,0.0,1.0,2.0,0.0,,,,,,,,,,1.0,0.0,3.0,4.0,39.0,,,51.0,83.3,464.0,557.0,,,28.0,,,,6.0,,,,50.0,3.0,6.0,,13.0,,,19.0,11.0,8.0,,23.0,3,,0,5.0,,,,,,,,5.0,,12.0,,,7.11,6.47,UEFA Nations League,UEFA,UEFA
SEL-NATIONS_LEAGUE-2022-23-10023306,Ronda 3,2022-06-09,Portugal,1,República Checa,2,0,,,11.0,5.0,5.0,1.0,0.0,,,,,,,,,,0.0,8.0,0.0,10.0,73.0,,,63.0,88.9,624.0,702.0,,,32.0,,,,10.0,,,,22.2,4.0,18.0,,11.0,,,14.0,11.0,3.0,,9.0,0,,1,1.0,,,,,,,,4.0,,19.0,,,,,9.0,1.0,7.0,1.0,0.0,,,,,,,,,,1.0,4.0,2.0,4.0,41.0,,,37.0,81.5,331.0,406.0,,,26.0,,,,19.0,,,,12.5,1.0,8.0,,8.0,,,17.0,5.0,12.0,,17.0,2,,0,3.0,,,,,,,,2.0,,10.0,,,7.35,6.61,UEFA Nations League,UEFA,UEFA
SEL-NATIONS_LEAGUE-2022-23-10023361,Ronda 3,2022-06-09,Suiza,1,España,0,1,,,7.0,1.0,3.0,3.0,0.0,,,,,,,,,,1.0,3.0,2.0,5.0,36.0,,,34.0,81.7,294.0,360.0,,,22.0,,,,10.0,,,,23.1,3.0,13.0,,12.0,,,14.0,8.0,6.0,,9.0,1,,0,2.0,,,,,,,,4.0,,21.0,,,,,7.0,3.0,3.0,1.0,0.0,,,,,,,,,,1.0,1.0,1.0,6.0,60.0,,,66.0,89.9,632.0,703.0,,,32.0,,,,21.0,,,,12.5,1.0,8.0,,12.0,,,9.0,5.0,4.0,,13.0,0,,1,1.0,,,,,,,,0.0,,10.0,,,6.67,7.15,UEFA Nations League,UEFA,UEFA
SEL-NATIONS_LEAGUE-2022-23-10023435,Ronda 3,2022-06-09,Noruega,1,Eslovenia,0,0,,,18.0,5.0,9.0,4.0,1.0,,,,,,,,,,3.0,9.0,2.0,12.0,51.0,,,59.0,85.1,479.0,563.0,,,31.0,,,,4.0,,,,29.6,8.0,27.0,,2.0,,,18.0,15.0,3.0,,6.0,0,,1,3.0,,,,,,,,1.0,0.0,5.0,,,,,8.0,3.0,3.0,2.0,0.0,,,,,,,,,,1.0,1.0,1.0,1.0,47.0,,,41.0,77.6,308.0,397.0,,,29.0,,,,5.0,,,,33.3,2.0,6.0,,8.0,,,15.0,9.0,6.0,,28.0,0,,1,5.0,,,,,,,,2.0,1.0,6.0,,,7.28,6.75,UEFA Nations League,UEFA,UEFA
SEL-NATIONS_LEAGUE-2022-23-10023339,Ronda 3,2022-06-09,Suecia,1,Serbia,0,1,,,11.0,1.0,7.0,3.0,0.0,,,,,,,,,,2.0,3.0,0.0,5.0,48.0,,,44.0,83.0,352.0,424.0,,,32.0,,,,13.0,,,,23.1,3.0,13.0,,9.0,,,16.0,10.0,6.0,,21.0,1,,0,3.0,,,,,,,,2.0,,10.0,,,,,9.0,4.0,3.0,2.0,0.0,,,,,,,,,,0.0,5.0,1.0,5.0,49.0,,,56.0,86.2,464.0,538.0,,,32.0,,,,10.0,,,,21.7,5.0,23.0,,6.0,,,10.0,7.0,3.0,,15.0,0,,1,1.0,,,,,,,,4.0,,13.0,,,6.83,7.04,UEFA Nations League,UEFA,UEFA
SEL-NATIONS_LEAGUE-2022-23-10225880,Ronda 3,2022-06-09,Grecia,1,Chipre,3,0,,,12.0,4.0,4.0,4.0,0.0,,,,,,,,,,2.0,3.0,1.0,5.0,48.0,,,65.0,90.8,620.0,683.0,,,29.0,,,,5.0,,,,23.8,5.0,21.0,,5.0,,,16.0,5.0,11.0,,11.0,0,,1,2.0,,,,,,,,1.0,,9.0,,,,,4.0,2.0,2.0,0.0,0.0,,,,,,,,,,1.0,2.0,0.0,6.0,29.0,,,35.0,81.3,295.0,363.0,,,29.0,,,,9.0,,,,28.6,2.0,7.0,,8.0,,,14.0,9.0,5.0,,24.0,3,,0,1.0,,,,,,,,1.0,,5.0,,,7.2,6.46,UEFA Nations League,UEFA,UEFA
SEL-NATIONS_LEAGUE-2022-23-10023430,Ronda 3,2022-06-09,Kosovo,1,Irlanda del Norte,3,2,,,10.0,6.0,4.0,0.0,0.0,,,,,,,,,,3.0,2.0,3.0,6.0,46.0,,,59.0,85.9,450.0,524.0,,,26.0,,,,9.0,,,,37.5,6.0,16.0,,7.0,,,12.0,8.0,4.0,,14.0,2,,0,1.0,,,,,,,,3.0,,13.0,,,,,10.0,3.0,4.0,3.0,0.0,,,,,,,,,,2.0,6.0,1.0,5.0,60.0,,,41.0,80.8,286.0,354.0,,,19.0,,,,12.0,,,,33.3,7.0,21.0,,9.0,,,11.0,5.0,6.0,,10.0,3,,0,3.0,,,,,,,,2.0,,9.0,,,7.0,6.55,UEFA Nations League,UEFA,UEFA
SEL-NATIONS_LEAGUE-2022-23-10023399,Ronda 3,2022-06-09,Gibraltar,1,Bulgaria,1,1,,,9.0,4.0,3.0,2.0,0.0,,,,,,,,,,3.0,6.0,1.0,2.0,55.0,,,31.0,51.2,110.0,215.0,,,20.0,,,,12.0,,,,20.0,2.0,10.0,,10.0,,,13.0,9.0,4.0,,29.0,1,,0,4.0,,,,,,,,4.0,,12.0,,,,,11.0,5.0,4.0,2.0,0.0,,,,,,,,,,2.0,8.0,1.0,9.0,85.0,,,69.0,78.6,370.0,471.0,,,24.0,,,,12.0,,,,23.5,8.0,34.0,,10.0,,,10.0,6.0,4.0,,12.0,1,,0,3.0,,,,,,,,3.0,,14.0,,,6.67,6.9,UEFA Nations League,UEFA,UEFA
SEL-NATIONS_LEAGUE-2022-23-10023382,Ronda 3,2022-06-09,Macedonia del Norte,1,Georgia,0,3,,,14.0,4.0,6.0,4.0,0.0,,,,,,,,,,0.0,3.0,2.0,10.0,65.0,,,62.0,87.0,449.0,516.0,,,28.0,,,,7.0,,,,8.3,1.0,12.0,,11.0,,,17.0,10.0,7.0,,5.0,3,,0,3.0,,,,,,,,3.0,,10.0,,,,,11.0,6.0,5.0,0.0,0.0,,,,,,,,,,2.0,3.0,2.0,8.0,36.0,,,38.0,76.1,235.0,309.0,,,25.0,,,,10.0,,,,37.5,3.0,8.0,,11.0,,,17.0,11.0,6.0,,24.0,0,,1,4.0,,,,,,,,3.0,,7.0,,,6.68,7.16,UEFA Nations League,UEFA,UEFA
SEL-NATIONS_LEAGUE-2022-23-10225902,Ronda 3,2022-06-09,Malta,1,Estonia,1,2,,,9.0,2.0,4.0,3.0,0.0,,,,,,,,,,2.0,4.0,2.0,9.0,63.0,,,65.0,82.4,407.0,494.0,,,35.0,,,,12.0,,,,10.5,2.0,19.0,,5.0,,,13.0,8.0,5.0,,14.0,2,,0,4.0,,,,,,,,1.0,,6.0,,,,,8.0,6.0,2.0,0.0,0.0,,,,,,,,,,2.0,7.0,1.0,8.0,48.0,,,35.0,70.2,184.0,262.0,,,18.0,,,,5.0,,,,13.3,2.0,15.0,,12.0,,,12.0,8.0,4.0,,12.0,1,,0,2.0,,,,,,,,2.0,,13.0,,,6.61,6.65,UEFA Nations League,UEFA,UEFA
SEL-NATIONS_LEAGUE-2022-23-10023422,Ronda 3,2022-06-10,Azerbaiyán,1,Eslovaquia,0,1,,,3.0,1.0,0.0,2.0,0.0,,,,,,,,,,1.0,4.0,0.0,3.0,48.0,,,40.0,73.0,235.0,322.0,,,29.0,,,,11.0,,,,11.1,1.0,9.0,,13.0,,,26.0,14.0,12.0,,12.0,1,,0,5.0,,,,,,,,2.0,,10.0,,,,,16.0,6.0,6.0,4.0,1.0,,,,,,,,,,0.0,6.0,6.0,11.0,50.0,,,60.0,86.1,426.0,495.0,,,30.0,,,,10.0,,,,44.4,8.0,18.0,,4.0,,,15.0,8.0,7.0,,9.0,0,,1,1.0,,,,,,,,4.0,,12.0,,,6.78,7.11,UEFA Nations League,UEFA,UEFA
SEL-NATIONS_LEAGUE-2022-23-10225888,Ronda 3,2022-06-10,Moldavia,1,Letonia,2,4,,,15.0,6.0,6.0,3.0,0.0,,,,,,,,,,1.0,6.0,1.0,6.0,60.0,,,57.0,76.9,320.0,416.0,,,32.0,,,,13.0,,,,17.2,5.0,29.0,,8.0,,,17.0,8.0,9.0,,33.0,4,,0,1.0,,,,,,,,1.0,,15.0,,,,,16.0,5.0,7.0,4.0,0.0,,,,,,,,,,4.0,11.0,2.0,9.0,53.0,,,43.0,67.4,205.0,304.0,,,30.0,,,,15.0,,,,19.2,5.0,26.0,,12.0,,,11.0,6.0,5.0,,34.0,2,,0,3.0,,,,,,,,2.0,,13.0,,,6.54,7.08,UEFA Nations League,UEFA,UEFA
SEL-NATIONS_LEAGUE-2022-23-10023445,Ronda 3,2022-06-10,Austria,1,Francia,1,1,,,5.0,4.0,1.0,0.0,0.0,,,,,,,,,,1.0,3.0,2.0,4.0,29.0,,,33.0,78.4,258.0,329.0,,,19.0,,,,6.0,,,,33.3,2.0,6.0,,10.0,,,20.0,12.0,8.0,,24.0,1,,0,6.0,,,,,,,,4.0,,10.0,,,,,15.0,7.0,5.0,3.0,1.0,,,,,,,,,,3.0,10.0,1.0,17.0,74.0,,,67.0,87.5,581.0,664.0,,,17.0,,,,9.0,,,,26.9,7.0,26.0,,12.0,,,16.0,11.0,5.0,,3.0,1,,0,3.0,,,,,,,,0.0,,6.0,,,6.9,6.99,UEFA Nations League,UEFA,UEFA
SEL-NATIONS_LEAGUE-2022-23-10023425,Ronda 3,2022-06-10,Dinamarca,1,Croacia,0,1,,,14.0,1.0,8.0,5.0,0.0,,,,,,,,,,0.0,8.0,1.0,4.0,57.0,,,49.0,83.1,417.0,502.0,,,30.0,,,,9.0,,,,21.7,5.0,23.0,,8.0,,,15.0,10.0,5.0,,10.0,1,,0,1.0,,,,,,,,2.0,,12.0,,,,,9.0,2.0,3.0,4.0,0.0,,,,,,,,,,1.0,3.0,1.0,6.0,39.0,,,51.0,85.0,460.0,541.0,,,37.0,,,,11.0,,,,30.0,3.0,10.0,,9.0,,,15.0,8.0,7.0,,25.0,0,,1,1.0,,,,,,,,2.0,,10.0,,,6.8,6.94,UEFA Nations League,UEFA,UEFA
SEL-NATIONS_LEAGUE-2022-23-10023298,Ronda 3,2022-06-10,Albania,1,Israel,1,2,,,10.0,3.0,4.0,3.0,0.0,,,,,,,,,,1.0,6.0,3.0,7.0,54.0,,,51.0,76.2,279.0,366.0,,,28.0,,,,13.0,,,,43.5,10.0,23.0,,6.0,,,18.0,10.0,8.0,,13.0,2,,0,4.0,,,,,,,,2.0,,10.0,,,,,11.0,6.0,4.0,1.0,2.0,,,,,,,,,,2.0,5.0,0.0,10.0,48.0,,,49.0,77.0,285.0,370.0,,,13.0,,,,10.0,,,,33.3,4.0,12.0,,5.0,,,15.0,11.0,4.0,,21.0,1,,0,2.0,,,,,,,,4.0,,13.0,,,6.75,6.9,UEFA Nations League,UEFA,UEFA
SEL-NATIONS_LEAGUE-2022-23-10225891,Ronda 3,2022-06-10,Bielorrusia,1,Kazajistán,1,1,,,24.0,8.0,8.0,8.0,1.0,,,,,,,,,,1.0,11.0,0.0,10.0,63.0,,,64.0,80.7,446.0,553.0,,,30.0,,,,11.0,,,,50.0,15.0,30.0,,13.0,,,22.0,12.0,10.0,,12.0,1,,0,2.0,,,,,,,,1.0,,11.0,,,,,10.0,3.0,3.0,4.0,1.0,,,,,,,,,,2.0,4.0,1.0,5.0,47.0,,,36.0,68.3,213.0,312.0,,,17.0,,,,11.0,,,,14.3,2.0,14.0,,11.0,,,14.0,9.0,5.0,,25.0,1,,0,6.0,,,,,,,,1.0,,11.0,,,7.05,6.98,UEFA Nations League,UEFA,UEFA
SEL-NATIONS_LEAGUE-2022-23-10023421,Ronda 3,2022-06-10,Andorra,1,Liechtenstein,2,1,,,17.0,5.0,9.0,3.0,0.0,,,,,,,,,,1.0,8.0,8.0,3.0,65.0,,,52.0,77.7,300.0,386.0,,,34.0,,,,9.0,,,,23.8,5.0,21.0,,6.0,,,8.0,5.0,3.0,,5.0,1,,0,1.0,,,,,,,,2.0,,10.0,,,,,4.0,2.0,2.0,0.0,0.0,,,,,,,,,,0.0,1.0,1.0,3.0,37.0,,,48.0,72.0,267.0,371.0,,,33.0,,,,9.0,,,,33.3,2.0,6.0,,4.0,,,14.0,12.0,2.0,,32.0,2,,0,3.0,,,,,,,,3.0,,10.0,,,6.83,6.51,UEFA Nations League,UEFA,UEFA
SEL-NATIONS_LEAGUE-2022-23-10023319,Ronda 3,2022-06-11,Ucrania,1,Armenia,3,0,,,14.0,8.0,3.0,3.0,0.0,,,,,,,,,,1.0,2.0,0.0,11.0,94.0,,,73.0,89.7,655.0,730.0,,,24.0,,,,10.0,,,,6.7,1.0,15.0,,6.0,,,21.0,7.0,14.0,,10.0,0,,1,2.0,,,,,,,,3.0,,12.0,,,,,6.0,1.0,4.0,1.0,0.0,,,,,,,,,,0.0,1.0,2.0,10.0,30.0,,,27.0,71.3,191.0,268.0,,,13.0,,,,12.0,,,,33.3,2.0,6.0,,3.0,,,16.0,8.0,8.0,,17.0,3,,0,5.0,,,,,,,,4.0,,10.0,,,7.23,6.39,UEFA Nations League,UEFA,UEFA
SEL-NATIONS_LEAGUE-2022-23-10023405,Ronda 3,2022-06-11,Irlanda,1,Escocia,3,0,,,6.0,5.0,0.0,1.0,0.0,,,,,,,,,,2.0,6.0,1.0,6.0,37.0,,,43.0,78.4,313.0,399.0,,,20.0,,,,8.0,,,,21.4,3.0,14.0,,10.0,,,19.0,11.0,8.0,,21.0,0,,1,2.0,,,,,,,,2.0,,10.0,,,,,9.0,2.0,3.0,4.0,0.0,,,,,,,,,,0.0,8.0,1.0,13.0,49.0,,,57.0,83.0,430.0,518.0,,,25.0,,,,10.0,,,,21.4,6.0,28.0,,1.0,,,14.0,10.0,4.0,,8.0,3,,0,1.0,,,,,,,,1.0,,10.0,,,7.19,6.55,UEFA Nations League,UEFA,UEFA
SEL-NATIONS_LEAGUE-2022-23-10023386,Ronda 3,2022-06-11,Islas Feroe,1,Lituania,2,1,,,14.0,5.0,6.0,3.0,1.0,,,,,,,,,,3.0,4.0,1.0,1.0,62.0,,,44.0,68.2,238.0,349.0,,,27.0,,,,15.0,,,,30.0,6.0,20.0,,11.0,,,8.0,5.0,3.0,,20.0,1,,0,2.0,,,,,,,,3.0,,13.0,,,,,13.0,3.0,5.0,5.0,1.0,,,,,,,,,,0.0,3.0,3.0,12.0,73.0,,,56.0,73.8,329.0,446.0,,,36.0,,,,12.0,,,,28.6,6.0,21.0,,5.0,,,9.0,5.0,4.0,,23.0,2,,0,3.0,,,,,,,,4.0,,15.0,,,6.79,6.83,UEFA Nations League,UEFA,UEFA
SEL-NATIONS_LEAGUE-2022-23-10023294,Ronda 3,2022-06-11,Inglaterra,1,Italia,0,0,,,12.0,4.0,6.0,2.0,1.0,,,,,,,,,,2.0,2.0,,3.0,45.0,,,59.0,88.9,571.0,642.0,,,25.0,,,,12.0,,,,33.3,4.0,12.0,,9.0,,,11.0,8.0,3.0,,11.0,0,,1,3.0,,,,,,,,2.0,,17.0,,,,,8.0,3.0,4.0,1.0,0.0,,,,,,,,,,2.0,2.0,,10.0,40.0,,,41.0,82.9,358.0,432.0,,,33.0,,,,17.0,,,,22.2,2.0,9.0,,7.0,,,10.0,7.0,3.0,,10.0,0,,1,4.0,,,,,,,,3.0,,12.0,,,7.11,7.03,UEFA Nations League,UEFA,UEFA
SEL-NATIONS_LEAGUE-2022-23-10023404,Ronda 3,2022-06-11,Hungría,1,Alemania,1,1,,,11.0,7.0,1.0,3.0,0.0,,,,,,,,,,4.0,3.0,0.0,6.0,33.0,,,33.0,76.4,230.0,301.0,,,15.0,,,,12.0,,,,26.7,4.0,15.0,,12.0,,,9.0,6.0,3.0,,18.0,1,,0,0.0,,,,,,,,3.0,,6.0,,,,,6.0,1.0,5.0,0.0,0.0,,,,,,,,,,1.0,6.0,4.0,11.0,68.0,,,67.0,88.4,555.0,628.0,,,20.0,,,,5.0,,,,37.5,6.0,16.0,,8.0,,,14.0,9.0,5.0,,8.0,1,,0,6.0,,,,,,,,1.0,,13.0,,,6.58,7.1,UEFA Nations League,UEFA,UEFA
SEL-NATIONS_LEAGUE-2022-23-10023358,Ronda 3,2022-06-11,Países Bajos,1,Polonia,2,2,,,17.0,6.0,9.0,2.0,1.0,,,,,,,,,,4.0,6.0,0.0,10.0,76.0,,,68.0,87.7,564.0,643.0,,,31.0,,,,8.0,,,,6.9,2.0,29.0,,7.0,,,11.0,4.0,7.0,,5.0,2,,0,1.0,,,,,,,,3.0,,10.0,,,,,5.0,3.0,2.0,0.0,0.0,,,,,,,,,,1.0,1.0,2.0,3.0,30.0,,,32.0,72.9,229.0,314.0,,,20.0,,,,10.0,,,,40.0,2.0,5.0,,15.0,,,14.0,4.0,10.0,,33.0,2,,0,4.0,,,,,,,,5.0,,9.0,,,6.86,6.65,UEFA Nations League,UEFA,UEFA
SEL-NATIONS_LEAGUE-2022-23-10023337,Ronda 3,2022-06-11,Gales,1,Bélgica,1,1,,,14.0,2.0,9.0,3.0,0.0,,,,,,,,,,2.0,6.0,2.0,5.0,52.0,,,36.0,81.9,299.0,365.0,,,21.0,,,,11.0,,,,38.9,7.0,18.0,,12.0,,,19.0,11.0,8.0,,13.0,1,,0,3.0,,,,,,,,2.0,,9.0,,,,,9.0,4.0,2.0,3.0,0.0,,,,,,,,,,2.0,4.0,1.0,7.0,53.0,,,64.0,89.0,582.0,654.0,,,21.0,,,,9.0,,,,6.7,1.0,15.0,,5.0,,,12.0,7.0,5.0,,9.0,1,,0,1.0,,,,,,,,2.0,,12.0,,,6.79,6.85,UEFA Nations League,UEFA,UEFA
SEL-NATIONS_LEAGUE-2022-23-10023428,Ronda 3,2022-06-11,Montenegro,1,Bosnia,1,1,,,12.0,2.0,8.0,2.0,1.0,,,,,,,,,,1.0,2.0,0.0,10.0,50.0,,,39.0,73.5,238.0,324.0,,,22.0,,,,10.0,,,,33.3,4.0,12.0,,7.0,,,10.0,7.0,3.0,,19.0,1,,0,4.0,,,,,,,,1.0,,4.0,,,,,12.0,5.0,1.0,6.0,0.0,,,,,,,,,,1.0,6.0,2.0,9.0,58.0,,,61.0,84.7,437.0,516.0,,,19.0,,,,4.0,,,,21.1,4.0,19.0,,9.0,,,11.0,6.0,5.0,,9.0,1,,0,1.0,,,,,,,,3.0,,10.0,,,6.88,6.83,UEFA Nations League,UEFA,UEFA
SEL-NATIONS_LEAGUE-2022-23-10023355,Ronda 3,2022-06-11,Rumania,1,Finlandia,1,0,,,18.0,5.0,7.0,6.0,3.0,,,,,,,,,,2.0,5.0,1.0,9.0,41.0,,,38.0,75.2,239.0,318.0,,,19.0,,,,12.0,,,,33.3,8.0,24.0,,11.0,,,18.0,14.0,4.0,,21.0,0,,1,3.0,,,,,,,,2.0,,16.0,,,,,16.0,3.0,9.0,4.0,0.0,,,,,,,,,,3.0,5.0,1.0,3.0,72.0,,,62.0,85.5,470.0,550.0,,,29.0,,,,15.0,,,,35.3,6.0,17.0,,5.0,,,9.0,6.0,3.0,,17.0,1,,0,4.0,,,,,,,,2.0,,12.0,,,7.22,6.82,UEFA Nations League,UEFA,UEFA
SEL-NATIONS_LEAGUE-2022-23-10023347,Ronda 3,2022-06-11,Luxemburgo,1,Turquía,0,2,,,7.0,0.0,7.0,0.0,0.0,,,,,,,,,,1.0,4.0,0.0,8.0,42.0,,,48.0,79.3,322.0,406.0,,,23.0,,,,11.0,,,,14.3,1.0,7.0,,7.0,,,16.0,7.0,9.0,,11.0,2,,0,4.0,,,,,,,,1.0,,9.0,,,,,10.0,6.0,3.0,1.0,0.0,,,,,,,,,,4.0,7.0,1.0,5.0,60.0,,,52.0,85.1,372.0,437.0,,,46.0,,,,8.0,,,,18.8,3.0,16.0,,14.0,,,22.0,9.0,13.0,,10.0,0,,1,0.0,,,,,,,,0.0,,11.0,,,6.48,6.99,UEFA Nations League,UEFA,UEFA
SEL-NATIONS_LEAGUE-2022-23-10225876,Ronda 4,2022-06-12,Irlanda del Norte,1,Chipre,2,2,,,19.0,7.0,10.0,2.0,1.0,,,,,,,,,,3.0,4.0,0.0,14.0,81.0,,,60.0,79.8,430.0,539.0,,,15.0,,,,5.0,,,,27.0,10.0,37.0,,5.0,,,13.0,9.0,4.0,,6.0,2,,0,0.0,,,,,,,,1.0,,9.0,,,,,6.0,2.0,2.0,2.0,0.0,,,,,,,,,,1.0,0.0,2.0,9.0,42.0,,,40.0,70.0,259.0,370.0,,,17.0,,,,9.0,,,,,0.0,3.0,,14.0,,,12.0,7.0,5.0,,36.0,2,,0,5.0,,,,,,,,1.0,,5.0,,,6.82,6.82,UEFA Nations League,UEFA,UEFA
SEL-NATIONS_LEAGUE-2022-23-10023327,Ronda 4,2022-06-12,Noruega,1,Suecia,3,2,,,11.0,5.0,4.0,2.0,0.0,,,,,,,,,,4.0,4.0,1.0,8.0,58.0,,,54.0,81.3,379.0,466.0,,,28.0,,,,7.0,,,,45.5,5.0,11.0,,5.0,,,16.0,8.0,8.0,,10.0,2,,0,2.0,,,,,,,,4.0,,16.0,,,,,14.0,4.0,5.0,5.0,0.0,,,,,,,,,,1.0,5.0,2.0,9.0,43.0,,,46.0,79.7,318.0,399.0,,,18.0,,,,15.0,,,,22.2,2.0,9.0,,6.0,,,18.0,13.0,5.0,,17.0,3,,0,2.0,,,,,,,,3.0,,8.0,,,6.84,6.65,UEFA Nations League,UEFA,UEFA
SEL-NATIONS_LEAGUE-2022-23-10023366,Ronda 4,2022-06-12,Georgia,1,Bulgaria,0,0,,,16.0,2.0,7.0,7.0,0.0,,,,,,,,,,2.0,10.0,2.0,21.0,83.0,,,62.0,83.8,435.0,519.0,,,28.0,,,,11.0,,,,25.9,7.0,27.0,,6.0,,,17.0,8.0,9.0,,3.0,0,,1,1.0,,,,,,,,1.0,,8.0,,,,,3.0,1.0,2.0,0.0,0.0,,,,,,,,,,0.0,0.0,3.0,4.0,40.0,,,38.0,75.5,253.0,335.0,,,23.0,,,,8.0,,,,40.0,2.0,5.0,,7.0,,,18.0,11.0,7.0,,32.0,0,,1,1.0,,,,,,,,2.0,,11.0,,,7.09,6.83,UEFA Nations League,UEFA,UEFA
SEL-NATIONS_LEAGUE-2022-23-10023307,Ronda 4,2022-06-12,Macedonia del Norte,1,Gibraltar,4,0,,,19.0,8.0,9.0,2.0,2.0,,,,,,,,,,3.0,7.0,2.0,9.0,64.0,,,71.0,90.5,630.0,696.0,,,28.0,,,,5.0,,,,26.1,6.0,23.0,,9.0,,,6.0,4.0,2.0,,3.0,0,,1,2.0,,,,,,,,1.0,,7.0,,,,,4.0,2.0,1.0,1.0,0.0,,,,,,,,,,0.0,1.0,0.0,3.0,45.0,,,29.0,68.7,193.0,281.0,,,19.0,,,,6.0,,,,40.0,2.0,5.0,,12.0,,,9.0,3.0,6.0,,19.0,4,,0,5.0,,,,,,,,3.0,,7.0,,,7.45,6.21,UEFA Nations League,UEFA,UEFA
SEL-NATIONS_LEAGUE-2022-23-10023420,Ronda 4,2022-06-12,España,1,República Checa,2,0,,,9.0,4.0,2.0,3.0,0.0,,,,,,,,,,4.0,2.0,1.0,11.0,60.0,,,76.0,90.0,780.0,867.0,,,33.0,,,,13.0,,,,9.1,1.0,11.0,,10.0,,,12.0,6.0,6.0,,3.0,0,,1,2.0,,,,,,,,1.0,,5.0,,,,,7.0,2.0,3.0,2.0,0.0,,,,,,,,,,1.0,5.0,1.0,6.0,28.0,,,24.0,74.4,198.0,266.0,,,13.0,,,,5.0,,,,10.0,1.0,10.0,,21.0,,,15.0,11.0,4.0,,18.0,2,,0,2.0,,,,,,,,0.0,,13.0,,,7.17,6.59,UEFA Nations League,UEFA,UEFA
SEL-NATIONS_LEAGUE-2022-23-10024661,Ronda 4,2022-06-12,Suiza,1,Portugal,1,0,,,5.0,2.0,3.0,0.0,0.0,,,,,,,,,,1.0,0.0,0.0,9.0,51.0,,,43.0,80.8,315.0,390.0,,,36.0,,,,13.0,,,,20.0,1.0,5.0,,10.0,,,16.0,10.0,6.0,,28.0,0,,1,8.0,,,,,,,,2.0,,9.0,,,,,20.0,8.0,7.0,5.0,0.0,,,,,,,,,,2.0,10.0,2.0,14.0,63.0,,,57.0,85.2,431.0,506.0,,,28.0,,,,9.0,,,,41.9,13.0,31.0,,6.0,,,13.0,8.0,5.0,,5.0,1,,0,1.0,,,,,,,,2.0,,13.0,,,7.18,6.82,UEFA Nations League,UEFA,UEFA
SEL-NATIONS_LEAGUE-2022-23-10023446,Ronda 4,2022-06-12,Eslovenia,1,Serbia,2,2,,,7.0,5.0,1.0,1.0,0.0,,,,,,,,,,0.0,1.0,1.0,4.0,58.0,,,43.0,78.1,321.0,411.0,,,28.0,,,,8.0,,,,12.5,1.0,8.0,,7.0,,,13.0,6.0,7.0,,25.0,2,,0,4.0,,,,,,,,5.0,0.0,17.0,,,,,14.0,6.0,7.0,1.0,0.0,,,,,,,,,,3.0,2.0,6.0,10.0,47.0,,,57.0,84.3,452.0,536.0,,,38.0,,,,17.0,,,,42.3,11.0,26.0,,14.0,,,13.0,10.0,3.0,,7.0,2,,0,3.0,,,,,,,,2.0,1.0,11.0,,,6.6,7.07,UEFA Nations League,UEFA,UEFA
SEL-NATIONS_LEAGUE-2022-23-10023363,Ronda 4,2022-06-12,Grecia,1,Kosovo,2,0,,,14.0,3.0,10.0,1.0,0.0,,,,,,,,,,2.0,6.0,0.0,8.0,80.0,,,59.0,87.8,462.0,526.0,,,36.0,,,,12.0,,,,26.1,6.0,23.0,,7.0,,,17.0,7.0,10.0,,24.0,0,,1,0.0,,,,,,,,3.0,,10.0,,,,,5.0,0.0,2.0,3.0,0.0,,,,,,,,,,0.0,5.0,1.0,5.0,49.0,,,41.0,73.6,268.0,364.0,,,23.0,,,,8.0,,,,,0.0,15.0,,6.0,,,12.0,7.0,5.0,,19.0,2,,0,1.0,,,,,,,,1.0,,12.0,,,7.14,6.44,UEFA Nations League,UEFA,UEFA
SEL-NATIONS_LEAGUE-2022-23-10023344,Ronda 4,2022-06-12,Malta,1,San Marino,1,0,,,23.0,5.0,10.0,8.0,0.0,,,,,,,,,,3.0,11.0,3.0,7.0,71.0,,,73.0,82.2,411.0,500.0,,,29.0,,,,15.0,,,,35.5,11.0,31.0,,7.0,,,11.0,5.0,6.0,,3.0,0,,1,0.0,,,,,,,,0.0,,9.0,,,,,5.0,0.0,5.0,0.0,1.0,,,,,,,,,,0.0,1.0,1.0,2.0,34.0,,,27.0,50.5,99.0,196.0,,,16.0,,,,9.0,,,,,0.0,4.0,,6.0,,,14.0,7.0,7.0,,30.0,1,,0,4.0,,,,,,,,3.0,,15.0,,,7.16,6.75,UEFA Nations League,UEFA,UEFA
SEL-NATIONS_LEAGUE-2022-23-10225889,Ronda 4,2022-06-13,Kazajistán,1,Eslovaquia,2,1,,,7.0,3.0,3.0,1.0,0.0,,,,,,,,,,,0.0,1.0,7.0,45.0,,,31.0,59.5,153.0,257.0,,,15.0,,,,15.0,,,,25.0,1.0,4.0,,9.0,,,18.0,11.0,7.0,,29.0,1,,0,4.0,,,,,,,,1.0,0.0,16.0,,,,,17.0,5.0,7.0,5.0,0.0,,,,,,,,,,,8.0,0.0,18.0,67.0,,,69.0,82.9,474.0,572.0,,,33.0,,,,16.0,,,,26.9,7.0,26.0,,8.0,,,14.0,8.0,6.0,,10.0,2,,0,1.0,,,,,,,,4.0,1.0,15.0,,,6.82,6.79,UEFA Nations League,UEFA,UEFA
SEL-NATIONS_LEAGUE-2022-23-10023389,Ronda 4,2022-06-13,Azerbaiyán,1,Bielorrusia,2,0,,,14.0,3.0,7.0,4.0,1.0,,,,,,,,,,1.0,5.0,1.0,8.0,39.0,,,53.0,77.1,314.0,407.0,,,22.0,,,,7.0,,,,22.2,2.0,9.0,,11.0,,,16.0,6.0,10.0,,29.0,0,,1,3.0,,,,,,,,1.0,,10.0,,,,,13.0,3.0,7.0,3.0,0.0,,,,,,,,,,3.0,6.0,2.0,9.0,54.0,,,47.0,75.0,261.0,348.0,,,23.0,,,,10.0,,,,23.1,6.0,26.0,,6.0,,,17.0,11.0,6.0,,14.0,2,,0,1.0,,,,,,,,0.0,,7.0,,,7.0,6.75,UEFA Nations League,UEFA,UEFA
SEL-NATIONS_LEAGUE-2022-23-10023443,Ronda 4,2022-06-13,Dinamarca,1,Austria,2,0,,,15.0,6.0,7.0,2.0,1.0,,,,,,,,,,2.0,5.0,0.0,15.0,72.0,,,53.0,85.7,504.0,588.0,,,33.0,,,,12.0,,,,41.7,5.0,12.0,,8.0,,,8.0,5.0,3.0,,18.0,0,,1,2.0,,,,,,,,1.0,,9.0,,,,,9.0,2.0,4.0,3.0,0.0,,,,,,,,,,0.0,4.0,2.0,4.0,60.0,,,47.0,83.1,422.0,508.0,,,31.0,,,,9.0,,,,5.9,1.0,17.0,,11.0,,,19.0,11.0,8.0,,18.0,2,,0,4.0,,,,,,,,2.0,,13.0,,,7.39,6.58,UEFA Nations League,UEFA,UEFA
SEL-NATIONS_LEAGUE-2022-23-10023350,Ronda 4,2022-06-13,Francia,1,Croacia,0,1,,,17.0,4.0,8.0,5.0,0.0,,,,,,,,,,1.0,7.0,0.0,14.0,87.0,,,54.0,88.9,568.0,639.0,,,15.0,,,,10.0,,,,28.6,4.0,14.0,,5.0,,,16.0,10.0,6.0,,5.0,1,,0,2.0,,,,,,,,3.0,,12.0,,,,,4.0,3.0,0.0,1.0,0.0,,,,,,,,,,1.0,3.0,3.0,2.0,21.0,,,46.0,89.8,493.0,549.0,,,17.0,,,,12.0,,,,16.7,1.0,6.0,,18.0,,,21.0,15.0,6.0,,26.0,0,,1,5.0,,,,,,,,1.0,,10.0,,,6.85,7.16,UEFA Nations League,UEFA,UEFA
SEL-NATIONS_LEAGUE-2022-23-10024811,Ronda 4,2022-06-13,Islandia,1,Israel,2,2,,,14.0,8.0,5.0,1.0,1.0,,,,,,,,,,2.0,1.0,1.0,10.0,63.0,,,47.0,71.5,231.0,323.0,,,26.0,,,,11.0,,,,15.4,2.0,13.0,,12.0,,,17.0,8.0,9.0,,18.0,2,,0,3.0,,,,,,,,1.0,,17.0,,,,,21.0,4.0,7.0,10.0,0.0,,,,,,,,,,1.0,7.0,4.0,17.0,48.0,,,53.0,75.0,273.0,364.0,,,22.0,,,,17.0,,,,20.0,3.0,15.0,,5.0,,,11.0,9.0,2.0,,15.0,2,,0,6.0,,,,,,,,2.0,,12.0,,,6.92,6.93,UEFA Nations League,UEFA,UEFA
SEL-NATIONS_LEAGUE-2022-23-10023701,Ronda 4,2022-06-14,Armenia,1,Escocia,1,4,,,9.0,4.0,2.0,3.0,0.0,,,,,,,,,,3.0,4.0,2.0,5.0,41.0,,,30.0,80.7,234.0,290.0,,,31.0,,,,11.0,,,,9.1,1.0,11.0,,3.0,,,12.0,6.0,6.0,,13.0,4,,0,3.0,,,,,,,,5.0,2.0,11.0,,,,,14.0,7.0,3.0,4.0,0.0,,,,,,,,,,2.0,7.0,3.0,13.0,71.0,,,70.0,91.9,637.0,693.0,,,40.0,,,,11.0,,,,11.1,1.0,9.0,,2.0,,,8.0,5.0,3.0,,6.0,1,,0,3.0,,,,,,,,2.0,0.0,11.0,,,6.25,7.46,UEFA Nations League,UEFA,UEFA
SEL-NATIONS_LEAGUE-2022-23-10225884,Ronda 4,2022-06-14,Moldavia,1,Andorra,2,1,,,8.0,6.0,1.0,1.0,0.0,,,,,,,,,,4.0,4.0,1.0,4.0,59.0,,,54.0,69.5,266.0,383.0,,,31.0,,,,18.0,,,,13.3,2.0,15.0,,7.0,,,20.0,8.0,12.0,,20.0,1,,0,1.0,,,,,,,,2.0,,23.0,,,,,6.0,2.0,4.0,0.0,0.0,,,,,,,,,,1.0,1.0,0.0,9.0,52.0,,,46.0,61.3,195.0,318.0,,,25.0,,,,23.0,,,,25.0,3.0,12.0,,13.0,,,10.0,8.0,2.0,,25.0,2,,0,4.0,,,,,,,,2.0,,18.0,,,6.86,6.51,UEFA Nations League,UEFA,UEFA
SEL-NATIONS_LEAGUE-2022-23-10023296,Ronda 4,2022-06-14,Inglaterra,1,Hungría,0,4,,,10.0,2.0,6.0,2.0,1.0,,,,,,,,,,2.0,6.0,2.0,6.0,61.0,,,69.0,88.9,546.0,614.0,,,30.0,,,,11.0,,,,33.3,8.0,24.0,,9.0,,,18.0,12.0,6.0,,9.0,4,,0,1.0,,,,,,,,3.0,1.0,13.0,,,,,6.0,5.0,0.0,1.0,0.0,,,,,,,,,,2.0,0.0,0.0,12.0,27.0,,,31.0,77.5,221.0,285.0,,,22.0,,,,13.0,,,,14.3,1.0,7.0,,13.0,,,20.0,10.0,10.0,,16.0,0,,1,3.0,,,,,,,,2.0,0.0,11.0,,,6.36,7.13,UEFA Nations League,UEFA,UEFA
SEL-NATIONS_LEAGUE-2022-23-10023354,Ronda 4,2022-06-14,Alemania,1,Italia,5,2,,,17.0,9.0,5.0,3.0,0.0,,,,,,,,,,6.0,5.0,1.0,8.0,73.0,,,65.0,88.3,594.0,673.0,,,29.0,,,,8.0,,,,30.8,4.0,13.0,,6.0,,,11.0,4.0,7.0,,11.0,2,,0,4.0,,,,,,,,2.0,,8.0,,,,,14.0,6.0,6.0,2.0,0.0,,,,,,,,,,3.0,4.0,4.0,8.0,33.0,,,35.0,79.4,277.0,349.0,,,20.0,,,,8.0,,,,43.8,7.0,16.0,,8.0,,,18.0,10.0,8.0,,20.0,5,,0,4.0,,,,,,,,0.0,,8.0,,,7.22,6.52,UEFA Nations League,UEFA,UEFA
SEL-NATIONS_LEAGUE-2022-23-10023419,Ronda 4,2022-06-14,Países Bajos,1,Gales,3,2,,,22.0,7.0,7.0,8.0,0.0,,,,,,,,,,1.0,6.0,1.0,11.0,56.0,,,60.0,89.3,508.0,569.0,,,30.0,,,,12.0,,,,28.6,4.0,14.0,,7.0,,,7.0,7.0,0.0,,10.0,2,,0,2.0,,,,,,,,2.0,,17.0,,,,,9.0,4.0,2.0,3.0,0.0,,,,,,,,,,1.0,2.0,0.0,4.0,40.0,,,40.0,81.2,312.0,384.0,,,17.0,,,,17.0,,,,12.5,1.0,8.0,,11.0,,,9.0,6.0,3.0,,16.0,3,,0,5.0,,,,,,,,3.0,,12.0,,,6.98,6.52,UEFA Nations League,UEFA,UEFA
SEL-NATIONS_LEAGUE-2022-23-10023359,Ronda 4,2022-06-14,Polonia,1,Bélgica,0,1,,,12.0,2.0,6.0,4.0,1.0,,,,,,,,,,3.0,6.0,3.0,12.0,25.0,,,31.0,82.2,281.0,342.0,,,16.0,,,,10.0,,,,35.7,5.0,14.0,,12.0,,,17.0,9.0,8.0,,17.0,1,,0,3.0,,,,,,,,1.0,,9.0,,,,,12.0,4.0,4.0,4.0,0.0,,,,,,,,,,2.0,4.0,8.0,10.0,61.0,,,69.0,92.2,719.0,780.0,,,31.0,,,,8.0,,,,11.1,1.0,9.0,,4.0,,,9.0,7.0,2.0,,13.0,0,,1,2.0,,,,,,,,0.0,,11.0,,,6.9,7.03,UEFA Nations League,UEFA,UEFA
SEL-NATIONS_LEAGUE-2022-23-10023703,Ronda 4,2022-06-14,Ucrania,1,Irlanda,1,1,,,9.0,3.0,5.0,1.0,0.0,,,,,,,,,,1.0,0.0,1.0,6.0,61.0,,,62.0,86.4,548.0,634.0,,,44.0,,,,10.0,,,,20.0,2.0,10.0,,13.0,,,12.0,9.0,3.0,,10.0,1,,0,2.0,,,,,,,,3.0,,14.0,,,,,8.0,3.0,4.0,1.0,0.0,,,,,,,,,,1.0,2.0,1.0,8.0,58.0,,,38.0,77.4,295.0,381.0,,,35.0,,,,13.0,,,,20.0,4.0,20.0,,13.0,,,12.0,7.0,5.0,,15.0,1,,0,2.0,,,,,,,,2.0,,10.0,,,6.87,6.88,UEFA Nations League,UEFA,UEFA
SEL-NATIONS_LEAGUE-2022-23-10024814,Ronda 4,2022-06-14,Bosnia,1,Finlandia,3,2,,,16.0,7.0,6.0,3.0,0.0,,,,,,,,,,2.0,9.0,,14.0,48.0,,,40.0,81.2,273.0,336.0,,,27.0,,,,5.0,,,,25.0,7.0,28.0,,9.0,,,14.0,9.0,5.0,,21.0,2,,0,1.0,,,,,,,,2.0,,11.0,,,,,8.0,3.0,2.0,3.0,0.0,,,,,,,,,,2.0,4.0,,7.0,64.0,,,60.0,86.4,462.0,535.0,,,24.0,,,,11.0,,,,13.6,3.0,22.0,,7.0,,,21.0,14.0,7.0,,23.0,3,,0,4.0,,,,,,,,1.0,,5.0,,,7.0,6.76,UEFA Nations League,UEFA,UEFA
SEL-NATIONS_LEAGUE-2022-23-10024813,Ronda 4,2022-06-14,Rumania,1,Montenegro,0,3,,,7.0,2.0,3.0,2.0,1.0,,,,,,,,,,1.0,2.0,4.0,7.0,53.0,,,60.0,81.1,355.0,438.0,,,26.0,,,,13.0,,,,21.4,3.0,14.0,,16.0,,,13.0,6.0,7.0,,10.0,3,,0,2.0,,,,,,,,4.0,,13.0,,,,,14.0,4.0,5.0,5.0,0.0,,,,,,,,,,2.0,5.0,1.0,9.0,53.0,,,40.0,69.6,204.0,293.0,,,30.0,,,,13.0,,,,33.3,4.0,12.0,,7.0,,,19.0,6.0,13.0,,17.0,0,,1,2.0,,,,,,,,3.0,,13.0,,,6.49,7.34,UEFA Nations League,UEFA,UEFA
SEL-NATIONS_LEAGUE-2022-23-10023343,Ronda 4,2022-06-14,Luxemburgo,1,Islas Feroe,2,2,,,14.0,4.0,8.0,2.0,0.0,,,,,,,,,,2.0,1.0,4.0,5.0,75.0,,,63.0,88.1,465.0,528.0,,,37.0,,,,9.0,,,,23.1,3.0,13.0,,1.0,,,12.0,6.0,6.0,,16.0,2,,0,4.0,,,,,,,,1.0,,4.0,,,,,10.0,6.0,3.0,1.0,0.0,,,,,,,,,,2.0,6.0,2.0,5.0,48.0,,,37.0,79.8,241.0,302.0,,,25.0,,,,3.0,,,,26.7,4.0,15.0,,6.0,,,9.0,6.0,3.0,,19.0,2,,0,2.0,,,,,,,,0.0,,9.0,,,6.97,6.66,UEFA Nations League,UEFA,UEFA
SEL-NATIONS_LEAGUE-2022-23-10023369,Ronda 4,2022-06-14,Turquía,1,Lituania,2,0,,,37.0,12.0,16.0,9.0,1.0,,,,,,,,,,4.0,12.0,1.0,19.0,82.0,,,75.0,90.4,573.0,634.0,,,37.0,,,,19.0,,,,32.3,10.0,31.0,,5.0,,,8.0,5.0,3.0,,10.0,0,,1,1.0,,,,,,,,0.0,,4.0,,,,,7.0,1.0,3.0,3.0,0.0,,,,,,,,,,0.0,2.0,0.0,3.0,39.0,,,25.0,67.7,149.0,220.0,,,16.0,,,,4.0,,,,25.0,1.0,4.0,,9.0,,,25.0,14.0,11.0,,30.0,2,,0,10.0,,,,,,,,4.0,,19.0,,,7.65,6.66,UEFA Nations League,UEFA,UEFA
SEL-NATIONS_LEAGUE-2022-23-10023310,Ronda 4,2022-06-14,Liechtenstein,1,Letonia,0,2,,,2.0,0.0,1.0,1.0,0.0,,,,,,,,,,0.0,1.0,0.0,5.0,31.0,,,38.0,70.2,217.0,309.0,,,24.0,,,,17.0,,,,12.5,1.0,8.0,,10.0,,,9.0,6.0,3.0,,27.0,2,,0,6.0,,,,,,,,3.0,,8.0,,,,,23.0,9.0,8.0,6.0,1.0,,,,,,,,,,7.0,7.0,2.0,11.0,84.0,,,62.0,83.1,423.0,509.0,,,53.0,,,,8.0,,,,48.0,12.0,25.0,,5.0,,,19.0,12.0,7.0,,9.0,0,,1,0.0,,,,,,,,2.0,,18.0,,,6.43,7.53,UEFA Nations League,UEFA,UEFA
SEL-NATIONS_LEAGUE-2022-23-10225883,Ronda 5,2022-09-22,Kazajistán,1,Bielorrusia,2,1,,,9.0,3.0,5.0,1.0,0.0,,,,,,,,,,4.0,5.0,2.0,9.0,58.0,,,56.0,80.7,380.0,471.0,,,21.0,,,,9.0,,,,23.5,4.0,17.0,,11.0,,,18.0,12.0,6.0,,18.0,1,,0,1.0,,,,,,,,5.0,1.0,18.0,,,,,6.0,2.0,3.0,1.0,0.0,,,,,,,,,,1.0,7.0,3.0,8.0,52.0,,,44.0,72.5,259.0,357.0,,,30.0,,,,18.0,,,,11.8,2.0,17.0,,14.0,,,14.0,12.0,2.0,,16.0,2,,0,1.0,,,,,,,,2.0,0.0,9.0,,,6.95,6.66,UEFA Nations League,UEFA,UEFA
SEL-NATIONS_LEAGUE-2022-23-10225885,Ronda 5,2022-09-22,Letonia,1,Moldavia,1,2,,,16.0,5.0,5.0,6.0,1.0,,,,,,,,,,2.0,9.0,1.0,9.0,74.0,,,57.0,75.2,324.0,431.0,,,21.0,,,,12.0,,,,22.6,7.0,31.0,,12.0,,,14.0,9.0,5.0,,11.0,2,,0,1.0,,,,,,,,1.0,,9.0,,,,,12.0,3.0,9.0,0.0,0.0,,,,,,,,,,0.0,5.0,0.0,5.0,54.0,,,43.0,71.0,230.0,324.0,,,24.0,,,,9.0,,,,26.7,4.0,15.0,,12.0,,,15.0,9.0,6.0,,37.0,1,,0,3.0,,,,,,,,3.0,,12.0,,,6.79,7.15,UEFA Nations League,UEFA,UEFA
SEL-NATIONS_LEAGUE-2022-23-10023439,Ronda 5,2022-09-22,Croacia,1,Dinamarca,2,1,,,12.0,4.0,8.0,0.0,0.0,,,,,,,,,,0.0,4.0,1.0,9.0,56.0,,,49.0,88.4,504.0,570.0,,,22.0,,,,7.0,,,,10.5,2.0,19.0,,14.0,,,8.0,6.0,2.0,,17.0,1,,0,3.0,,,,,,,,1.0,,11.0,,,,,7.0,4.0,1.0,2.0,0.0,,,,,,,,,,1.0,2.0,1.0,6.0,49.0,,,51.0,85.9,517.0,602.0,,,31.0,,,,10.0,,,,23.1,3.0,13.0,,10.0,,,11.0,6.0,5.0,,16.0,2,,0,2.0,,,,,,,,1.0,,7.0,,,6.96,6.75,UEFA Nations League,UEFA,UEFA
SEL-NATIONS_LEAGUE-2022-23-10023387,Ronda 5,2022-09-22,Francia,1,Austria,2,0,,,22.0,6.0,9.0,7.0,1.0,,,,,,,,,,3.0,4.0,3.0,12.0,61.0,,,60.0,88.0,593.0,674.0,,,20.0,,,,14.0,,,,33.3,5.0,15.0,,6.0,,,13.0,6.0,7.0,,10.0,0,,1,0.0,,,,,,,,0.0,,4.0,,,,,4.0,0.0,0.0,4.0,0.0,,,,,,,,,,0.0,1.0,1.0,7.0,45.0,,,40.0,82.6,366.0,443.0,,,17.0,,,,4.0,,,,,0.0,8.0,,10.0,,,9.0,4.0,5.0,,18.0,2,,0,4.0,,,,,,,,1.0,,14.0,,,7.32,6.53,UEFA Nations League,UEFA,UEFA
SEL-NATIONS_LEAGUE-2022-23-10023379,Ronda 5,2022-09-22,Bélgica,1,Gales,2,1,,,19.0,4.0,9.0,6.0,1.0,,,,,,,,,,4.0,6.0,1.0,4.0,61.0,,,71.0,90.1,665.0,738.0,,,35.0,,,,10.0,,,,20.0,3.0,15.0,,4.0,,,13.0,9.0,4.0,,9.0,1,,0,2.0,,,,,,,,0.0,,9.0,,,,,10.0,4.0,3.0,3.0,0.0,,,,,,,,,,1.0,4.0,2.0,5.0,45.0,,,29.0,75.8,216.0,285.0,,,19.0,,,,9.0,,,,25.0,4.0,16.0,,9.0,,,19.0,13.0,6.0,,18.0,2,,0,1.0,,,,,,,,3.0,,10.0,,,7.28,6.85,UEFA Nations League,UEFA,UEFA
SEL-NATIONS_LEAGUE-2022-23-10023356,Ronda 5,2022-09-22,Polonia,1,Países Bajos,0,2,,,6.0,2.0,3.0,1.0,0.0,,,,,,,,,,1.0,4.0,2.0,2.0,42.0,,,42.0,84.5,386.0,457.0,,,26.0,,,,17.0,,,,16.7,2.0,12.0,,17.0,,,14.0,8.0,6.0,,5.0,2,,0,0.0,,,,,,,,1.0,,21.0,,,,,10.0,2.0,6.0,2.0,0.0,,,,,,,,,,3.0,1.0,1.0,7.0,64.0,,,58.0,89.5,586.0,655.0,,,33.0,,,,19.0,,,,20.0,2.0,10.0,,7.0,,,11.0,8.0,3.0,,10.0,0,,1,2.0,,,,,,,,4.0,,18.0,,,6.69,7.07,UEFA Nations League,UEFA,UEFA
SEL-NATIONS_LEAGUE-2022-23-10023352,Ronda 5,2022-09-22,Lituania,1,Islas Feroe,1,1,,,6.0,1.0,2.0,3.0,0.0,,,,,,,,,,1.0,2.0,2.0,4.0,52.0,,,55.0,73.2,322.0,440.0,,,29.0,,,,17.0,,,,,0.0,9.0,,7.0,,,13.0,5.0,8.0,,29.0,1,,0,2.0,,,,,,,,4.0,,18.0,,,,,7.0,3.0,3.0,1.0,0.0,,,,,,,,,,1.0,4.0,0.0,3.0,63.0,,,45.0,67.0,240.0,358.0,,,32.0,,,,18.0,,,,15.8,3.0,19.0,,7.0,,,12.0,9.0,3.0,,13.0,1,,0,0.0,,,,,,,,0.0,,19.0,,,6.69,6.83,UEFA Nations League,UEFA,UEFA
SEL-NATIONS_LEAGUE-2022-23-10023318,Ronda 5,2022-09-22,Turquía,1,Luxemburgo,3,3,,,25.0,10.0,10.0,5.0,0.0,,,,,,,,,,6.0,6.0,2.0,11.0,66.0,,,62.0,88.6,483.0,545.0,,,34.0,,,,11.0,,,,31.0,9.0,29.0,,13.0,,,14.0,8.0,6.0,,5.0,3,,0,0.0,,,,,,,,1.0,,10.0,,,,,9.0,3.0,5.0,1.0,0.0,,,,,,,,,,3.0,0.0,4.0,7.0,31.0,,,38.0,80.1,273.0,341.0,,,34.0,,,,10.0,,,,33.3,2.0,6.0,,10.0,,,13.0,7.0,6.0,,26.0,3,,0,7.0,,,,,,,,1.0,,12.0,,,6.74,6.74,UEFA Nations League,UEFA,UEFA
SEL-NATIONS_LEAGUE-2022-23-10023365,Ronda 5,2022-09-22,Eslovaquia,1,Azerbaiyán,1,2,,,17.0,6.0,9.0,2.0,2.0,,,,,,,,,,3.0,3.0,3.0,8.0,69.0,,,58.0,86.8,442.0,509.0,,,31.0,,,,18.0,,,,37.5,12.0,32.0,,8.0,,,13.0,6.0,7.0,,8.0,2,,0,1.0,,,,,,,,2.0,,10.0,,,,,10.0,3.0,4.0,3.0,0.0,,,,,,,,,,1.0,4.0,0.0,5.0,38.0,,,42.0,75.5,284.0,376.0,,,33.0,,,,9.0,,,,28.6,2.0,7.0,,9.0,,,28.0,14.0,14.0,,23.0,1,,0,5.0,,,,,,,,3.0,,20.0,,,6.84,7.01,UEFA Nations League,UEFA,UEFA
SEL-NATIONS_LEAGUE-2022-23-10023427,Ronda 5,2022-09-22,Liechtenstein,1,Andorra,0,2,,,5.0,1.0,1.0,3.0,0.0,,,,,,,,,,0.0,0.0,2.0,3.0,75.0,,,62.0,77.0,415.0,539.0,,,27.0,,,,20.0,,,,,0.0,8.0,,7.0,,,13.0,7.0,6.0,,17.0,2,,0,2.0,,,,,,,,4.0,,15.0,,,,,9.0,4.0,4.0,1.0,1.0,,,,,,,,,,2.0,1.0,1.0,4.0,66.0,,,38.0,65.9,218.0,331.0,,,25.0,,,,15.0,,,,40.0,4.0,10.0,,14.0,,,9.0,7.0,2.0,,13.0,0,,1,1.0,,,,,,,,3.0,,20.0,,,6.6,7.0,UEFA Nations League,UEFA,UEFA
SEL-NATIONS_LEAGUE-2022-23-10023426,Ronda 5,2022-09-23,Georgia,1,Macedonia del Norte,2,0,,,8.0,2.0,4.0,2.0,0.0,,,,,,,,,,1.0,4.0,1.0,13.0,34.0,,,35.0,73.8,222.0,301.0,,,27.0,,,,10.0,,,,12.5,1.0,8.0,,21.0,,,18.0,13.0,5.0,,15.0,0,,1,6.0,,,,,,,,1.0,,14.0,,,,,19.0,6.0,9.0,4.0,0.0,,,,,,,,,,1.0,9.0,1.0,12.0,61.0,,,65.0,86.2,492.0,571.0,,,47.0,,,,13.0,,,,18.8,3.0,16.0,,16.0,,,22.0,18.0,4.0,,3.0,2,,0,1.0,,,,,,,,1.0,,12.0,,,7.13,6.77,UEFA Nations League,UEFA,UEFA
SEL-NATIONS_LEAGUE-2022-23-10225903,Ronda 5,2022-09-23,Estonia,1,Malta,2,1,,,8.0,5.0,1.0,2.0,1.0,,,,,,,,,,2.0,5.0,2.0,4.0,53.0,,,43.0,72.0,257.0,357.0,,,39.0,,,,11.0,,,,10.5,2.0,19.0,,14.0,,,28.0,16.0,12.0,,13.0,1,,0,0.0,,,,,,,,1.0,0.0,14.0,,,,,10.0,1.0,5.0,4.0,0.0,,,,,,,,,,1.0,3.0,2.0,11.0,57.0,,,57.0,78.3,378.0,483.0,,,21.0,,,,10.0,,,,38.5,5.0,13.0,,15.0,,,16.0,10.0,6.0,,20.0,2,,0,3.0,,,,,,,,1.0,1.0,11.0,,,6.99,6.64,UEFA Nations League,UEFA,UEFA
SEL-NATIONS_LEAGUE-2022-23-10023383,Ronda 5,2022-09-23,Alemania,1,Hungría,0,1,,,10.0,3.0,4.0,3.0,0.0,,,,,,,,,,1.0,2.0,3.0,11.0,109.0,,,72.0,87.3,681.0,780.0,,,28.0,,,,10.0,,,,18.2,4.0,22.0,,6.0,,,29.0,18.0,11.0,,10.0,1,,0,2.0,,,,,,,,2.0,,10.0,,,,,7.0,3.0,1.0,3.0,0.0,,,,,,,,,,1.0,3.0,2.0,0.0,33.0,,,28.0,72.3,214.0,296.0,,,25.0,,,,9.0,,,,30.0,3.0,10.0,,19.0,,,13.0,8.0,5.0,,28.0,0,,1,3.0,,,,,,,,1.0,,10.0,,,7.17,6.85,UEFA Nations League,UEFA,UEFA
SEL-NATIONS_LEAGUE-2022-23-10023391,Ronda 5,2022-09-23,Italia,1,Inglaterra,1,0,,,10.0,3.0,2.0,5.0,1.0,,,,,,,,,,,5.0,2.0,0.0,47.0,,,44.0,81.0,329.0,406.0,,,28.0,,,,10.0,,,,23.8,5.0,21.0,,4.0,,,19.0,12.0,7.0,,13.0,0,,1,4.0,,,,,,,,2.0,,18.0,,,,,14.0,4.0,8.0,2.0,0.0,,,,,,,,,,,4.0,1.0,7.0,38.0,,,56.0,88.3,474.0,537.0,,,22.0,,,,18.0,,,,40.0,6.0,15.0,,3.0,,,11.0,8.0,3.0,,16.0,1,,0,2.0,,,,,,,,1.0,,11.0,,,7.13,6.97,UEFA Nations League,UEFA,UEFA
SEL-NATIONS_LEAGUE-2022-23-10023372,Ronda 5,2022-09-23,Bosnia,1,Montenegro,1,0,,,13.0,3.0,6.0,4.0,0.0,,,,,,,,,,1.0,7.0,2.0,8.0,61.0,,,54.0,76.6,377.0,492.0,,,31.0,,,,15.0,,,,22.7,5.0,22.0,,7.0,,,14.0,7.0,7.0,,15.0,0,,1,2.0,,,,,,,,5.0,,19.0,,,,,5.0,2.0,2.0,1.0,0.0,,,,,,,,,,1.0,3.0,3.0,5.0,60.0,,,46.0,72.9,307.0,421.0,,,30.0,,,,19.0,,,,14.3,2.0,14.0,,13.0,,,18.0,11.0,7.0,,25.0,1,,0,2.0,,,,,,,,4.0,,17.0,,,7.05,6.7,UEFA Nations League,UEFA,UEFA
SEL-NATIONS_LEAGUE-2022-23-10023362,Ronda 5,2022-09-23,Finlandia,1,Rumania,1,1,,,7.0,2.0,3.0,2.0,0.0,,,,,,,,,,2.0,3.0,0.0,7.0,70.0,,,48.0,85.4,451.0,528.0,,,27.0,,,,10.0,,,,9.1,1.0,11.0,,14.0,,,13.0,7.0,6.0,,15.0,1,,0,5.0,,,,,,,,3.0,,7.0,,,,,16.0,6.0,4.0,6.0,1.0,,,,,,,,,,0.0,4.0,2.0,3.0,81.0,,,52.0,87.4,508.0,581.0,,,55.0,,,,7.0,,,,33.3,5.0,15.0,,19.0,,,15.0,13.0,2.0,,16.0,1,,0,0.0,,,,,,,,2.0,,10.0,,,6.96,7.08,UEFA Nations League,UEFA,UEFA
SEL-NATIONS_LEAGUE-2022-23-10023411,Ronda 5,2022-09-23,Bulgaria,1,Gibraltar,5,1,,,23.0,10.0,6.0,7.0,0.0,,,,,,,,,,3.0,9.0,2.0,6.0,100.0,,,79.0,89.1,596.0,669.0,,,39.0,,,,8.0,,,,13.2,5.0,38.0,,12.0,,,10.0,7.0,3.0,,6.0,1,,0,0.0,,,,,,,,,,7.0,,,,,3.0,1.0,2.0,0.0,0.0,,,,,,,,,,1.0,3.0,0.0,2.0,33.0,,,21.0,51.1,92.0,180.0,,,11.0,,,,7.0,,,,57.1,4.0,7.0,,7.0,,,20.0,9.0,11.0,,38.0,5,,0,5.0,,,,,,,,,,8.0,,,7.44,6.33,UEFA Nations League,UEFA,UEFA
SEL-NATIONS_LEAGUE-2022-23-10023444,Ronda 5,2022-09-24,Armenia,1,Ucrania,0,5,,,12.0,4.0,4.0,4.0,0.0,,,,,,,,,,0.0,2.0,4.0,7.0,40.0,,,37.0,75.3,238.0,316.0,,,21.0,,,,15.0,,,,50.0,3.0,6.0,,9.0,,,9.0,8.0,1.0,,8.0,5,,0,2.0,,,,,,,,2.0,,3.0,,,,,15.0,6.0,7.0,2.0,0.0,,,,,,,,,,4.0,6.0,0.0,7.0,64.0,,,63.0,87.0,480.0,552.0,,,31.0,,,,3.0,,,,33.3,4.0,12.0,,9.0,,,16.0,9.0,7.0,,5.0,0,,1,4.0,,,,,,,,2.0,,16.0,,,6.26,7.48,UEFA Nations League,UEFA,UEFA
SEL-NATIONS_LEAGUE-2022-23-10023437,Ronda 5,2022-09-24,Eslovenia,1,Noruega,2,1,,,9.0,4.0,5.0,0.0,0.0,,,,,,,,,,1.0,6.0,2.0,7.0,51.0,,,42.0,70.6,245.0,347.0,,,28.0,,,,16.0,,,,8.3,1.0,12.0,,3.0,,,8.0,5.0,3.0,,21.0,1,,0,4.0,,,,,,,,3.0,,15.0,,,,,14.0,5.0,7.0,2.0,0.0,,,,,,,,,,2.0,7.0,1.0,3.0,61.0,,,58.0,78.4,377.0,481.0,,,28.0,,,,14.0,,,,30.8,8.0,26.0,,7.0,,,9.0,4.0,5.0,,11.0,2,,0,2.0,,,,,,,,2.0,,16.0,,,6.82,6.75,UEFA Nations League,UEFA,UEFA
SEL-NATIONS_LEAGUE-2022-23-10023438,Ronda 5,2022-09-24,Irlanda del Norte,1,Kosovo,2,1,,,17.0,10.0,5.0,2.0,1.0,,,,,,,,,,2.0,5.0,2.0,5.0,53.0,,,48.0,79.6,313.0,393.0,,,22.0,,,,8.0,,,,32.0,8.0,25.0,,10.0,,,12.0,8.0,4.0,,17.0,1,,0,6.0,,,,,,,,0.0,,10.0,,,,,12.0,7.0,4.0,1.0,0.0,,,,,,,,,,3.0,3.0,2.0,8.0,47.0,,,52.0,80.9,348.0,430.0,,,47.0,,,,10.0,,,,16.7,3.0,18.0,,9.0,,,14.0,7.0,7.0,,20.0,2,,0,7.0,,,,,,,,1.0,,9.0,,,6.97,7.03,UEFA Nations League,UEFA,UEFA
SEL-NATIONS_LEAGUE-2022-23-10023353,Ronda 5,2022-09-24,República Checa,1,Portugal,0,4,,,11.0,2.0,7.0,2.0,1.0,,,,,,,,,,1.0,6.0,2.0,8.0,35.0,,,44.0,82.7,367.0,444.0,,,22.0,,,,6.0,,,,28.6,6.0,21.0,,14.0,,,10.0,6.0,4.0,,19.0,4,,0,1.0,,,,,,,,,,2.0,,,,,16.0,5.0,7.0,4.0,0.0,,,,,,,,,,5.0,5.0,0.0,5.0,55.0,,,56.0,87.0,500.0,575.0,,,24.0,,,,2.0,,,,15.0,3.0,20.0,,7.0,,,7.0,4.0,3.0,,23.0,0,,1,2.0,,,,,,,,,,7.0,,,6.65,7.35,UEFA Nations League,UEFA,UEFA
SEL-NATIONS_LEAGUE-2022-23-10023300,Ronda 5,2022-09-24,España,1,Suiza,1,2,,,8.0,4.0,0.0,4.0,0.0,,,,,,,,,,1.0,9.0,1.0,10.0,83.0,,,75.0,88.7,712.0,803.0,,,36.0,,,,13.0,,,,11.8,2.0,17.0,,9.0,,,12.0,7.0,5.0,,6.0,2,,0,3.0,,,,,,,,0.0,,9.0,,,,,8.0,5.0,2.0,1.0,0.0,,,,,,,,,,0.0,6.0,5.0,6.0,27.0,,,25.0,71.7,193.0,269.0,,,26.0,,,,9.0,,,,50.0,5.0,10.0,,15.0,,,14.0,8.0,6.0,,20.0,1,,0,3.0,,,,,,,,2.0,,15.0,,,6.93,7.02,UEFA Nations League,UEFA,UEFA
SEL-NATIONS_LEAGUE-2022-23-10023413,Ronda 5,2022-09-24,Escocia,1,Irlanda,2,1,,,14.0,3.0,5.0,6.0,0.0,,,,,,,,,,2.0,9.0,0.0,5.0,40.0,,,61.0,85.4,461.0,540.0,,,24.0,,,,16.0,,,,30.4,7.0,23.0,,6.0,,,10.0,8.0,2.0,,10.0,1,,0,3.0,,,,,,,,3.0,,13.0,,,,,9.0,4.0,3.0,2.0,0.0,,,,,,,,,,1.0,3.0,3.0,3.0,44.0,,,39.0,81.7,277.0,339.0,,,33.0,,,,11.0,,,,13.3,2.0,15.0,,10.0,,,17.0,11.0,6.0,,26.0,2,,0,1.0,,,,,,,,5.0,,17.0,,,6.92,6.76,UEFA Nations League,UEFA,UEFA
SEL-NATIONS_LEAGUE-2022-23-10023436,Ronda 5,2022-09-24,Israel,1,Albania,2,1,,,14.0,4.0,7.0,3.0,0.0,,,,,,,,,,3.0,4.0,3.0,5.0,57.0,,,51.0,78.9,322.0,408.0,,,24.0,,,,11.0,,,,4.5,1.0,22.0,,9.0,,,16.0,9.0,7.0,,24.0,1,,0,3.0,,,,,,,,2.0,,13.0,,,,,9.0,4.0,2.0,3.0,0.0,,,,,,,,,,1.0,9.0,1.0,8.0,67.0,,,49.0,73.5,286.0,389.0,,,35.0,,,,11.0,,,,23.5,4.0,17.0,,10.0,,,22.0,14.0,8.0,,15.0,2,,0,2.0,,,,,,,,3.0,,11.0,,,6.88,6.73,UEFA Nations League,UEFA,UEFA
SEL-NATIONS_LEAGUE-2022-23-10023423,Ronda 5,2022-09-24,Serbia,1,Suecia,4,1,,,14.0,7.0,5.0,2.0,0.0,,,,,,,,,,7.0,3.0,0.0,2.0,37.0,,,53.0,85.3,452.0,530.0,,,44.0,,,,5.0,,,,50.0,9.0,18.0,,10.0,,,21.0,12.0,9.0,,12.0,1,,0,3.0,,,,,,,,3.0,,12.0,,,,,10.0,4.0,5.0,1.0,0.0,,,,,,,,,,2.0,1.0,3.0,14.0,57.0,,,47.0,85.6,409.0,478.0,,,28.0,,,,12.0,,,,20.0,2.0,10.0,,10.0,,,9.0,5.0,4.0,,13.0,4,,0,3.0,,,,,,,,1.0,,5.0,,,7.25,6.55,UEFA Nations League,UEFA,UEFA
SEL-NATIONS_LEAGUE-2022-23-10225881,Ronda 5,2022-09-24,Chipre,1,Grecia,1,0,,,8.0,2.0,4.0,2.0,0.0,,,,,,,,,,3.0,1.0,1.0,4.0,41.0,,,29.0,65.7,176.0,268.0,,,28.0,,,,16.0,,,,20.0,1.0,5.0,,14.0,,,14.0,12.0,2.0,,31.0,0,,1,5.0,,,,,,,,1.0,,18.0,,,,,8.0,5.0,3.0,0.0,1.0,,,,,,,,,,2.0,6.0,2.0,3.0,85.0,,,71.0,85.0,540.0,635.0,,,27.0,,,,17.0,,,,24.1,7.0,29.0,,9.0,,,12.0,8.0,4.0,,2.0,1,,0,1.0,,,,,,,,2.0,,17.0,,,7.16,6.81,UEFA Nations League,UEFA,UEFA
SEL-NATIONS_LEAGUE-2022-23-10023449,Ronda 6,2022-09-25,Andorra,1,Letonia,1,1,,,18.0,4.0,10.0,4.0,0.0,,,,,,,,,,2.0,4.0,1.0,5.0,57.0,,,44.0,56.2,145.0,258.0,,,21.0,,,,16.0,,,,33.3,4.0,12.0,,9.0,,,16.0,10.0,6.0,,20.0,1,,0,3.0,,,,,,,,2.0,,16.0,,,,,11.0,4.0,5.0,2.0,0.0,,,,,,,,,,2.0,5.0,1.0,4.0,78.0,,,56.0,65.9,218.0,331.0,,,38.0,,,,14.0,,,,40.0,6.0,15.0,,8.0,,,18.0,9.0,9.0,,19.0,1,,0,3.0,,,,,,,,4.0,,16.0,,,6.69,6.88,UEFA Nations League,UEFA,UEFA
SEL-NATIONS_LEAGUE-2022-23-10225890,Ronda 6,2022-09-25,Moldavia,1,Liechtenstein,2,0,,,25.0,9.0,11.0,5.0,2.0,,,,,,,,,,1.0,13.0,1.0,11.0,84.0,,,69.0,78.1,413.0,529.0,,,43.0,,,,11.0,,,,30.6,11.0,36.0,,11.0,,,18.0,10.0,8.0,,6.0,0,,1,0.0,,,,,,,,2.0,,8.0,,,,,5.0,0.0,1.0,4.0,0.0,,,,,,,,,,0.0,1.0,0.0,7.0,43.0,,,31.0,56.0,139.0,248.0,,,21.0,,,,8.0,,,,16.7,1.0,6.0,,13.0,,,16.0,11.0,5.0,,33.0,2,,0,6.0,,,,,,,,3.0,,11.0,,,7.26,6.67,UEFA Nations League,UEFA,UEFA
SEL-NATIONS_LEAGUE-2022-23-10225887,Ronda 6,2022-09-25,Azerbaiyán,1,Kazajistán,3,0,,,20.0,5.0,7.0,8.0,1.0,,,,,,,,,,4.0,10.0,1.0,12.0,72.0,,,70.0,85.3,509.0,597.0,,,50.0,,,,9.0,,,,23.1,6.0,26.0,,7.0,,,14.0,10.0,4.0,,4.0,0,,1,0.0,,,,,,,,3.0,0.0,5.0,,,,,0.0,0.0,0.0,0.0,0.0,,,,,,,,,,0.0,0.0,0.0,3.0,48.0,,,30.0,59.4,152.0,256.0,,,23.0,,,,5.0,,,,,0.0,6.0,,13.0,,,17.0,10.0,7.0,,26.0,3,,0,4.0,,,,,,,,4.0,1.0,10.0,,,7.12,6.34,UEFA Nations League,UEFA,UEFA
SEL-NATIONS_LEAGUE-2022-23-10023400,Ronda 6,2022-09-25,Eslovaquia,1,Bielorrusia,1,1,,,16.0,4.0,8.0,4.0,0.0,,,,,,,,,,1.0,12.0,3.0,5.0,100.0,,,84.0,89.4,666.0,745.0,,,29.0,,,,13.0,,,,24.3,9.0,37.0,,1.0,,,9.0,7.0,2.0,,1.0,1,,0,0.0,,,,,,,,1.0,,12.0,,,,,2.0,1.0,1.0,0.0,0.0,,,,,,,,,,1.0,1.0,0.0,0.0,29.0,,,16.0,49.0,70.0,143.0,,,11.0,,,,11.0,,,,25.0,1.0,4.0,,15.0,,,18.0,11.0,7.0,,34.0,1,,0,3.0,,,,,,,,5.0,,13.0,,,6.87,6.78,UEFA Nations League,UEFA,UEFA
SEL-NATIONS_LEAGUE-2022-23-10023332,Ronda 6,2022-09-25,Austria,1,Croacia,1,3,,,18.0,6.0,4.0,8.0,0.0,,,,,,,,,,2.0,4.0,5.0,3.0,63.0,,,46.0,81.5,378.0,464.0,,,29.0,,,,8.0,,,,25.0,3.0,12.0,,12.0,,,16.0,11.0,5.0,,10.0,3,,0,2.0,,,,,,,,2.0,,12.0,,,,,10.0,5.0,2.0,3.0,1.0,,,,,,,,,,2.0,5.0,2.0,7.0,56.0,,,54.0,84.5,452.0,535.0,,,25.0,,,,12.0,,,,30.8,4.0,13.0,,3.0,,,11.0,5.0,6.0,,16.0,1,,0,5.0,,,,,,,,2.0,,9.0,,,6.7,6.97,UEFA Nations League,UEFA,UEFA
SEL-NATIONS_LEAGUE-2022-23-10023410,Ronda 6,2022-09-25,Dinamarca,1,Francia,2,0,,,16.0,7.0,3.0,6.0,0.0,,,,,,,,,,4.0,13.0,1.0,10.0,44.0,,,48.0,82.8,386.0,466.0,,,23.0,,,,6.0,,,,37.5,9.0,24.0,,12.0,,,21.0,14.0,7.0,,20.0,0,,1,7.0,,,,,,,,2.0,,9.0,,,,,17.0,7.0,6.0,4.0,0.0,,,,,,,,,,1.0,11.0,1.0,6.0,59.0,,,52.0,84.9,444.0,523.0,,,24.0,,,,8.0,,,,13.6,3.0,22.0,,10.0,,,18.0,6.0,12.0,,17.0,2,,0,5.0,,,,,,,,0.0,,6.0,,,7.45,6.88,UEFA Nations League,UEFA,UEFA
SEL-NATIONS_LEAGUE-2022-23-10023378,Ronda 6,2022-09-25,Países Bajos,1,Bélgica,1,0,,,13.0,5.0,5.0,3.0,0.0,,,,,,,,,,3.0,4.0,3.0,5.0,43.0,,,46.0,86.6,393.0,454.0,,,25.0,,,,9.0,,,,30.0,3.0,10.0,,7.0,,,16.0,9.0,7.0,,17.0,0,,1,4.0,,,,,,,,2.0,,12.0,,,,,11.0,4.0,5.0,2.0,1.0,,,,,,,,,,2.0,2.0,3.0,8.0,58.0,,,54.0,87.3,482.0,552.0,,,36.0,,,,11.0,,,,15.4,2.0,13.0,,12.0,,,12.0,6.0,6.0,,11.0,1,,0,4.0,,,,,,,,2.0,,9.0,,,7.08,6.91,UEFA Nations League,UEFA,UEFA
SEL-NATIONS_LEAGUE-2022-23-10023357,Ronda 6,2022-09-25,Gales,1,Polonia,0,1,,,13.0,3.0,5.0,5.0,1.0,,,,,,,,,,1.0,5.0,1.0,2.0,68.0,,,52.0,76.8,318.0,414.0,,,36.0,,,,12.0,,,,13.3,4.0,30.0,,5.0,,,16.0,12.0,4.0,,16.0,1,,0,2.0,,,,,,,,4.0,,18.0,,,,,6.0,3.0,2.0,1.0,0.0,,,,,,,,,,1.0,2.0,3.0,4.0,59.0,,,48.0,80.4,315.0,392.0,,,32.0,,,,18.0,,,,33.3,5.0,15.0,,9.0,,,16.0,8.0,8.0,,35.0,0,,1,3.0,,,,,,,,3.0,,13.0,,,6.75,7.21,UEFA Nations League,UEFA,UEFA
SEL-NATIONS_LEAGUE-2022-23-10023330,Ronda 6,2022-09-25,Islas Feroe,1,Turquía,2,1,,,7.0,4.0,3.0,0.0,0.0,,,,,,,,,,,1.0,2.0,4.0,46.0,,,35.0,64.3,191.0,297.0,,,21.0,,,,8.0,,,,18.2,2.0,11.0,,11.0,,,30.0,17.0,13.0,,24.0,1,,0,2.0,,,,,,,,2.0,,9.0,,,,,11.0,3.0,5.0,3.0,0.0,,,,,,,,,,,3.0,1.0,13.0,49.0,,,65.0,80.1,439.0,548.0,,,24.0,,,,9.0,,,,29.4,5.0,17.0,,11.0,,,19.0,10.0,9.0,,23.0,2,,0,2.0,,,,,,,,1.0,,10.0,,,6.87,6.57,UEFA Nations League,UEFA,UEFA
SEL-NATIONS_LEAGUE-2022-23-10023348,Ronda 6,2022-09-25,Luxemburgo,1,Lituania,1,0,,,12.0,2.0,4.0,6.0,1.0,,,,,,,,,,2.0,5.0,6.0,11.0,47.0,,,50.0,79.7,322.0,404.0,,,34.0,,,,17.0,,,,33.3,5.0,15.0,,9.0,,,9.0,7.0,2.0,,14.0,0,,1,2.0,,,,,,,,4.0,,12.0,,,,,9.0,2.0,6.0,1.0,0.0,,,,,,,,,,1.0,5.0,0.0,4.0,50.0,,,50.0,81.2,324.0,399.0,,,30.0,,,,10.0,,,,25.0,4.0,16.0,,17.0,,,18.0,9.0,9.0,,13.0,1,,0,0.0,,,,,,,,4.0,,17.0,,,7.07,6.88,UEFA Nations League,UEFA,UEFA
SEL-NATIONS_LEAGUE-2022-23-10023377,Ronda 6,2022-09-26,Inglaterra,1,Alemania,3,3,,,13.0,8.0,5.0,0.0,0.0,,,,,,,,,,3.0,6.0,2.0,8.0,49.0,,,41.0,79.0,305.0,386.0,,,27.0,,,,7.0,,,,31.6,6.0,19.0,,11.0,,,17.0,8.0,9.0,,16.0,3,,0,1.0,,,,,,,,0.0,,12.0,,,,,10.0,4.0,4.0,2.0,0.0,,,,,,,,,,2.0,2.0,1.0,4.0,45.0,,,59.0,86.9,505.0,581.0,,,31.0,,,,11.0,,,,18.2,2.0,11.0,,7.0,,,24.0,12.0,12.0,,15.0,3,,0,5.0,,,,,,,,2.0,,8.0,,,6.69,6.88,UEFA Nations League,UEFA,UEFA
SEL-NATIONS_LEAGUE-2022-23-10023328,Ronda 6,2022-09-26,Hungría,1,Italia,0,2,,,13.0,6.0,2.0,5.0,0.0,,,,,,,,,,3.0,6.0,2.0,2.0,52.0,,,53.0,79.9,417.0,522.0,,,33.0,,,,10.0,,,,21.7,5.0,23.0,,10.0,,,12.0,6.0,6.0,,10.0,2,,0,1.0,,,,,,,,2.0,,16.0,,,,,11.0,3.0,7.0,1.0,0.0,,,,,,,,,,2.0,2.0,6.0,7.0,37.0,,,47.0,81.1,377.0,465.0,,,19.0,,,,15.0,,,,38.5,5.0,13.0,,14.0,,,13.0,7.0,6.0,,26.0,0,,1,6.0,,,,,,,,1.0,,12.0,,,6.6,7.43,UEFA Nations League,UEFA,UEFA
SEL-NATIONS_LEAGUE-2022-23-10023409,Ronda 6,2022-09-26,Montenegro,1,Finlandia,0,2,,,7.0,1.0,3.0,3.0,0.0,,,,,,,,,,2.0,3.0,1.0,5.0,57.0,,,31.0,64.0,142.0,222.0,,,20.0,,,,12.0,,,,7.7,1.0,13.0,,6.0,,,16.0,11.0,5.0,,23.0,2,,0,3.0,,,,,,,,6.0,1.0,10.0,,,,,14.0,5.0,4.0,5.0,0.0,,,,,,,,,,3.0,8.0,1.0,8.0,75.0,,,69.0,80.8,407.0,504.0,,,24.0,,,,10.0,,,,18.5,5.0,27.0,,8.0,,,20.0,11.0,9.0,,10.0,0,,1,1.0,,,,,,,,2.0,0.0,13.0,,,6.27,7.28,UEFA Nations League,UEFA,UEFA
SEL-NATIONS_LEAGUE-2022-23-10023376,Ronda 6,2022-09-26,Rumania,1,Bosnia,4,1,,,17.0,7.0,6.0,4.0,0.0,,,,,,,,,,4.0,5.0,2.0,11.0,43.0,,,47.0,80.6,300.0,372.0,,,23.0,,,,7.0,,,,36.4,4.0,11.0,,7.0,,,28.0,14.0,14.0,,16.0,1,,0,2.0,,,,,,,,,,11.0,,,,,11.0,3.0,5.0,3.0,0.0,,,,,,,,,,2.0,5.0,2.0,9.0,43.0,,,53.0,82.5,334.0,405.0,,,17.0,,,,10.0,,,,33.3,7.0,21.0,,12.0,,,12.0,9.0,3.0,,12.0,4,,0,2.0,,,,,,,,,,7.0,,,7.13,6.47,UEFA Nations League,UEFA,UEFA
SEL-NATIONS_LEAGUE-2022-23-10023416,Ronda 6,2022-09-26,Gibraltar,1,Georgia,1,2,,,9.0,5.0,2.0,2.0,0.0,,,,,,,,,,1.0,6.0,1.0,8.0,36.0,,,31.0,66.7,172.0,258.0,,,16.0,,,,10.0,,,,13.3,2.0,15.0,,17.0,,,17.0,10.0,7.0,,30.0,2,,0,8.0,,,,,,,,3.0,,12.0,,,,,23.0,10.0,7.0,6.0,0.0,,,,,,,,,,3.0,7.0,2.0,7.0,79.0,,,69.0,88.9,544.0,612.0,,,26.0,,,,10.0,,,,,0.0,18.0,,5.0,,,10.0,9.0,1.0,,24.0,1,,0,4.0,,,,,,,,3.0,,10.0,,,6.85,7.14,UEFA Nations League,UEFA,UEFA
SEL-NATIONS_LEAGUE-2022-23-10023448,Ronda 6,2022-09-26,Macedonia del Norte,1,Bulgaria,0,1,,,9.0,3.0,4.0,2.0,0.0,,,,,,,,,,0.0,5.0,2.0,5.0,64.0,,,46.0,62.5,218.0,349.0,,,17.0,,,,21.0,,,,37.5,6.0,16.0,,8.0,,,14.0,11.0,3.0,,12.0,1,,0,3.0,,,,,,,,3.0,1.0,10.0,,,,,13.0,5.0,3.0,5.0,0.0,,,,,,,,,,2.0,1.0,3.0,4.0,73.0,,,54.0,76.0,319.0,420.0,,,20.0,,,,10.0,,,,28.6,4.0,14.0,,13.0,,,23.0,12.0,11.0,,19.0,0,,1,2.0,,,,,,,,5.0,0.0,24.0,,,6.49,7.18,UEFA Nations League,UEFA,UEFA
SEL-NATIONS_LEAGUE-2022-23-10225909,Ronda 6,2022-09-26,San Marino,1,Estonia,0,4,,,2.0,1.0,0.0,1.0,0.0,,,,,,,,,,0.0,0.0,3.0,3.0,40.0,,,27.0,61.0,128.0,210.0,,,11.0,,,,12.0,,,,50.0,3.0,6.0,,9.0,,,12.0,10.0,2.0,,31.0,4,,0,3.0,,,,,,,,1.0,,18.0,,,,,19.0,7.0,8.0,4.0,0.0,,,,,,,,,,4.0,9.0,1.0,14.0,61.0,,,73.0,84.7,465.0,549.0,,,37.0,,,,18.0,,,,36.0,9.0,25.0,,9.0,,,11.0,8.0,3.0,,5.0,0,,1,1.0,,,,,,,,1.0,,12.0,,,6.32,7.46,UEFA Nations League,UEFA,UEFA
SEL-NATIONS_LEAGUE-2022-23-10023338,Ronda 6,2022-09-27,Portugal,1,España,0,1,,,9.0,4.0,3.0,2.0,0.0,,,,,,,,,,1.0,5.0,3.0,6.0,35.0,,,32.0,76.7,243.0,317.0,,,23.0,,,,14.0,,,,13.3,2.0,15.0,,9.0,,,21.0,15.0,6.0,,21.0,1,,0,4.0,,,,,,,,3.0,,15.0,,,,,10.0,5.0,2.0,3.0,1.0,,,,,,,,,,1.0,7.0,2.0,7.0,66.0,,,68.0,91.3,623.0,682.0,,,31.0,,,,15.0,,,,11.1,2.0,18.0,,10.0,,,15.0,11.0,4.0,,12.0,0,,1,4.0,,,,,,,,2.0,,14.0,,,6.95,7.14,UEFA Nations League,UEFA,UEFA
SEL-NATIONS_LEAGUE-2022-23-10023364,Ronda 6,2022-09-27,Suiza,1,República Checa,2,1,,,17.0,3.0,6.0,8.0,0.0,,,,,,,,,,2.0,6.0,2.0,13.0,58.0,,,53.0,81.6,394.0,483.0,,,38.0,,,,11.0,,,,27.3,6.0,22.0,,7.0,,,10.0,6.0,4.0,,18.0,1,,0,3.0,,,,,,,,2.0,,8.0,,,,,13.0,4.0,7.0,2.0,3.0,,,,,,,,,,2.0,4.0,1.0,2.0,61.0,,,47.0,77.8,333.0,428.0,,,19.0,,,,8.0,,,,37.5,6.0,16.0,,7.0,,,18.0,10.0,8.0,,16.0,2,,0,1.0,,,,,,,,0.0,,13.0,,,7.13,6.73,UEFA Nations League,UEFA,UEFA
SEL-NATIONS_LEAGUE-2022-23-10023313,Ronda 6,2022-09-27,Irlanda,1,Armenia,3,2,,,21.0,4.0,11.0,6.0,0.0,,,,,,,,,,4.0,8.0,1.0,9.0,75.0,,,66.0,87.6,572.0,653.0,,,44.0,,,,7.0,,,,34.6,9.0,26.0,,11.0,,,15.0,8.0,7.0,,3.0,2,,0,1.0,,,,,,,,1.0,0.0,11.0,,,,,4.0,3.0,1.0,0.0,1.0,,,,,,,,,,0.0,1.0,0.0,2.0,36.0,,,34.0,73.0,254.0,348.0,,,25.0,,,,11.0,,,,,0.0,2.0,,12.0,,,16.0,11.0,5.0,,12.0,3,,0,2.0,,,,,,,,4.0,2.0,9.0,,,7.14,6.41,UEFA Nations League,UEFA,UEFA
SEL-NATIONS_LEAGUE-2022-23-10023418,Ronda 6,2022-09-27,Ucrania,1,Escocia,0,0,,,12.0,3.0,7.0,2.0,0.0,,,,,,,,,,4.0,5.0,5.0,7.0,53.0,,,54.0,81.2,379.0,467.0,,,26.0,,,,6.0,,,,27.8,5.0,18.0,,16.0,,,13.0,6.0,7.0,,12.0,0,,1,1.0,,,,,,,,4.0,,14.0,,,,,7.0,1.0,3.0,3.0,0.0,,,,,,,,,,0.0,5.0,1.0,5.0,66.0,,,46.0,77.6,308.0,397.0,,,37.0,,,,14.0,,,,6.2,1.0,16.0,,11.0,,,8.0,4.0,4.0,,10.0,0,,1,3.0,,,,,,,,3.0,,6.0,,,7.03,6.85,UEFA Nations League,UEFA,UEFA
SEL-NATIONS_LEAGUE-2022-23-10023395,Ronda 6,2022-09-27,Albania,1,Islandia,1,1,,,21.0,4.0,5.0,12.0,0.0,,,,,,,,,,2.0,14.0,4.0,10.0,73.0,,,62.0,80.5,368.0,457.0,,,42.0,,,,3.0,,,,29.0,9.0,31.0,,7.0,,,11.0,6.0,5.0,,9.0,1,,0,4.0,,,,,,,,2.0,0.0,12.0,,,,,8.0,5.0,3.0,0.0,0.0,,,,,,,,,,1.0,5.0,0.0,4.0,52.0,,,38.0,65.2,189.0,290.0,,,28.0,,,,12.0,,,,41.7,5.0,12.0,,6.0,,,16.0,9.0,7.0,,32.0,1,,0,3.0,,,,,,,,0.0,1.0,3.0,,,6.98,6.61,UEFA Nations League,UEFA,UEFA
SEL-NATIONS_LEAGUE-2022-23-10023392,Ronda 6,2022-09-27,Noruega,1,Serbia,0,2,,,9.0,3.0,4.0,2.0,0.0,,,,,,,,,,0.0,9.0,0.0,7.0,60.0,,,47.0,78.6,345.0,439.0,,,48.0,,,,10.0,,,,23.1,6.0,26.0,,3.0,,,16.0,11.0,5.0,,19.0,2,,0,3.0,,,,,,,,0.0,,9.0,,,,,8.0,5.0,2.0,1.0,0.0,,,,,,,,,,1.0,3.0,3.0,5.0,58.0,,,53.0,83.1,428.0,515.0,,,42.0,,,,9.0,,,,53.3,8.0,15.0,,11.0,,,20.0,9.0,11.0,,25.0,0,,1,3.0,,,,,,,,2.0,,10.0,,,6.57,7.3,UEFA Nations League,UEFA,UEFA
SEL-NATIONS_LEAGUE-2022-23-10023424,Ronda 6,2022-09-27,Suecia,1,Eslovenia,1,1,,,15.0,6.0,5.0,4.0,0.0,,,,,,,,,,1.0,12.0,2.0,9.0,80.0,,,71.0,83.2,556.0,668.0,,,51.0,,,,13.0,,,,8.8,3.0,34.0,,8.0,,,10.0,6.0,4.0,,11.0,1,,0,5.0,,,,,,,,2.0,,7.0,,,,,11.0,6.0,4.0,1.0,1.0,,,,,,,,,,4.0,3.0,3.0,5.0,31.0,,,29.0,61.2,172.0,281.0,,,17.0,,,,7.0,,,,20.0,1.0,5.0,,18.0,,,13.0,9.0,4.0,,39.0,1,,0,4.0,,,,,,,,3.0,,13.0,,,7.09,6.92,UEFA Nations League,UEFA,UEFA
SEL-NATIONS_LEAGUE-2022-23-10023302,Ronda 6,2022-09-27,Grecia,1,Irlanda del Norte,3,1,,,16.0,4.0,5.0,7.0,0.0,,,,,,,,,,4.0,4.0,1.0,3.0,45.0,,,60.0,89.1,423.0,475.0,,,48.0,,,,9.0,,,,28.6,4.0,14.0,,7.0,,,6.0,6.0,0.0,,14.0,1,,0,0.0,,,,,,,,1.0,,13.0,,,,,3.0,1.0,1.0,1.0,0.0,,,,,,,,,,1.0,1.0,2.0,3.0,31.0,,,40.0,78.6,242.0,308.0,,,18.0,,,,13.0,,,,18.2,2.0,11.0,,4.0,,,12.0,7.0,5.0,,9.0,3,,0,1.0,,,,,,,,2.0,,10.0,,,6.95,6.47,UEFA Nations League,UEFA,UEFA
SEL-NATIONS_LEAGUE-2022-23-10225879,Ronda 6,2022-09-27,Kosovo,1,Chipre,5,1,,,22.0,11.0,7.0,4.0,1.0,,,,,,,,,,3.0,11.0,,6.0,68.0,,,65.0,89.8,574.0,639.0,,,32.0,,,,4.0,,,,23.1,6.0,26.0,,11.0,,,8.0,4.0,4.0,,7.0,1,,0,2.0,,,,,,,,1.0,,6.0,,,,,6.0,3.0,2.0,1.0,0.0,,,,,,,,,,0.0,2.0,,6.0,33.0,,,35.0,80.0,276.0,345.0,,,19.0,,,,5.0,,,,42.9,3.0,7.0,,8.0,,,17.0,12.0,5.0,,24.0,5,,0,6.0,,,,,,,,1.0,,6.0,,,7.35,6.55,UEFA Nations League,UEFA,UEFA
SEL-NATIONS_LEAGUE-2024-25-12057831,Qualification Round 1,2024-09-05,Azerbaiyán,1,Suecia,1,3,,,14.0,9.0,3.0,2.0,2.0,,,,,,,,,,8.0,2.0,2.0,15.0,35.0,,24.0,39.0,70.8,226.0,319.0,,,17.0,,,,18.0,,,,27.3,3.0,11.0,,14.0,,,11.0,5.0,6.0,,19.0,3,,0,7.0,,,0.0,,1.0,,,2.0,,4.0,,,,,30.0,11.0,12.0,7.0,0.0,,,,,,,,,,5.0,8.0,1.0,8.0,49.0,,60.0,61.0,82.6,403.0,488.0,,,19.0,,,,4.0,,,,37.5,9.0,24.0,,11.0,,,9.0,4.0,5.0,,17.0,1,,0,8.0,,,1.0,,0.0,,,2.0,,20.0,,,6.87,7.73,UEFA Nations League,UEFA,UEFA
SEL-NATIONS_LEAGUE-2024-25-12057929,Qualification Round 1,2024-09-05,Portugal,1,Croacia,2,1,,,15.0,6.0,3.0,6.0,1.0,,,,,,,,,,3.0,5.0,2.0,6.0,48.0,,20.0,50.0,93.1,540.0,580.0,,,31.0,,,,6.0,,,,15.4,2.0,13.0,,5.0,,,12.0,6.0,6.0,,13.0,1,,0,4.0,,,,,1.0,,2.0,0.0,,5.0,,,,,13.0,4.0,7.0,2.0,0.0,,,,,,,,,,2.0,7.0,2.0,11.0,43.0,,29.0,50.0,93.4,538.0,576.0,,,26.0,,,,4.0,,,,40.0,8.0,20.0,,5.0,,,15.0,11.0,4.0,,14.0,2,,0,4.0,,,,,1.0,,0.0,1.0,,6.0,,,7.11,7.01,UEFA Nations League,UEFA,UEFA
SEL-NATIONS_LEAGUE-2024-25-12057919,Qualification Round 1,2024-09-05,Escocia,1,Polonia,2,3,,,11.0,3.0,6.0,2.0,0.0,,,,,,,,,,2.0,2.0,1.0,4.0,45.0,,21.0,59.0,88.6,499.0,563.0,,,25.0,,,,18.0,,,,9.5,2.0,21.0,,10.0,,,12.0,5.0,7.0,,8.0,3,,0,0.0,,,,,,,,0.0,,13.0,,,,,10.0,3.0,6.0,1.0,0.0,,,,,,,,,,2.0,3.0,2.0,6.0,23.0,,12.0,41.0,84.3,339.0,402.0,,,16.0,,,,11.0,,,,10.0,1.0,10.0,,5.0,,,13.0,6.0,7.0,,19.0,2,,0,1.0,,,,,,,,3.0,,18.0,,,6.72,6.79,UEFA Nations League,UEFA,UEFA
SEL-NATIONS_LEAGUE-2024-25-12057887,Qualification Round 1,2024-09-05,Dinamarca,1,Suiza,2,0,,,17.0,8.0,5.0,4.0,0.0,,,,,,,,,,2.0,6.0,2.0,6.0,70.0,,19.0,55.0,90.8,502.0,553.0,,,15.0,,,,13.0,,,,7.1,1.0,14.0,,11.0,,,11.0,9.0,2.0,,3.0,0,,1,1.0,,,,,0.0,,,4.0,0.0,17.0,,,,,5.0,1.0,2.0,2.0,0.0,,,,,,,,,,0.0,1.0,2.0,3.0,40.0,,5.0,45.0,87.7,401.0,457.0,,,14.0,,,,16.0,,,,42.9,3.0,7.0,,4.0,,,10.0,7.0,3.0,,19.0,2,,0,5.0,,,,,2.0,,,5.0,2.0,13.0,,,7.17,6.69,UEFA Nations League,UEFA,UEFA
SEL-NATIONS_LEAGUE-2024-25-12057882,Qualification Round 1,2024-09-05,Serbia,1,España,0,0,,,9.0,1.0,6.0,2.0,0.0,,,,,,,,,,1.0,2.0,2.0,2.0,30.0,,9.0,26.0,72.7,165.0,227.0,,,17.0,,,,12.0,,,,14.3,1.0,7.0,,13.0,,,17.0,10.0,7.0,,43.0,0,,1,5.0,,,,,1.0,,2.0,3.0,,11.0,,,,,21.0,5.0,12.0,4.0,0.0,,,,,,,,,,1.0,9.0,0.0,6.0,82.0,,41.0,74.0,91.0,556.0,611.0,,,18.0,,,,11.0,,,,20.0,9.0,45.0,,3.0,,,10.0,6.0,4.0,,6.0,0,,1,1.0,,,,,0.0,,1.0,5.0,,12.0,,,7.03,7.34,UEFA Nations League,UEFA,UEFA
SEL-NATIONS_LEAGUE-2024-25-12057832,Qualification Round 1,2024-09-05,Estonia,1,Eslovaquia,0,1,,,6.0,3.0,3.0,0.0,0.0,,,,,,,,,,0.0,1.0,1.0,3.0,58.0,,15.0,39.0,76.2,275.0,361.0,,,34.0,,,,9.0,,,,36.4,4.0,11.0,,15.0,,,13.0,5.0,8.0,,29.0,1,,0,5.0,,,,,1.0,,,2.0,,13.0,,,,,26.0,6.0,11.0,9.0,2.0,,,,,,,,,,2.0,7.0,0.0,8.0,70.0,,43.0,61.0,84.5,486.0,575.0,,,33.0,,,,13.0,,,,13.6,3.0,22.0,,5.0,,,14.0,11.0,3.0,,13.0,0,,1,2.0,,,,,2.0,,,5.0,,9.0,,,6.85,7.49,UEFA Nations League,UEFA,UEFA
SEL-NATIONS_LEAGUE-2024-25-12057805,Qualification Round 1,2024-09-05,Bielorrusia,1,Bulgaria,0,0,,,8.0,2.0,5.0,1.0,0.0,,,,,,,,,,1.0,5.0,1.0,11.0,40.0,,9.0,41.0,78.4,302.0,385.0,,,27.0,,,,11.0,,,,18.2,2.0,11.0,,9.0,,,18.0,11.0,7.0,,30.0,0,,1,8.0,,,,,,,1.0,2.0,0.0,17.0,,,,,17.0,9.0,5.0,3.0,0.0,,,,,,,,,,2.0,5.0,1.0,5.0,65.0,,26.0,59.0,85.5,459.0,537.0,,,27.0,,,,15.0,,,,21.4,6.0,28.0,,7.0,,,6.0,5.0,1.0,,12.0,0,,1,2.0,,,,,,,0.0,4.0,1.0,13.0,,,7.32,7.06,UEFA Nations League,UEFA,UEFA
SEL-NATIONS_LEAGUE-2024-25-12057810,Qualification Round 1,2024-09-05,Irlanda del Norte,1,Luxemburgo,2,0,,,14.0,5.0,7.0,2.0,0.0,,,,,,,,,,1.0,10.0,1.0,6.0,41.0,,24.0,37.0,80.1,253.0,316.0,,,22.0,,,,16.0,,,,24.0,6.0,25.0,,6.0,,,15.0,9.0,6.0,,17.0,0,,1,0.0,,,,,2.0,,,1.0,,8.0,,,,,6.0,0.0,3.0,3.0,0.0,,,,,,,,,,0.0,2.0,2.0,5.0,47.0,,11.0,63.0,88.7,517.0,583.0,,,20.0,,,,8.0,,,,8.3,1.0,12.0,,10.0,,,14.0,6.0,8.0,,20.0,2,,0,3.0,,,,,2.0,,,1.0,,17.0,,,7.25,6.57,UEFA Nations League,UEFA,UEFA
SEL-NATIONS_LEAGUE-2024-25-12057789,Qualification Round 1,2024-09-05,San Marino,1,Liechtenstein,1,0,,,8.0,2.0,4.0,2.0,0.0,,,,,,,,,,,1.0,3.0,10.0,43.0,,10.0,41.0,73.8,234.0,317.0,,,33.0,,,,20.0,,,,14.3,1.0,7.0,,16.0,,,19.0,8.0,11.0,,25.0,0,,1,0.0,,,,,0.0,,1.0,3.0,,13.0,,,,,8.0,0.0,6.0,2.0,0.0,,,,,,,,,,,2.0,3.0,3.0,65.0,,17.0,59.0,80.9,359.0,444.0,,,22.0,,,,12.0,,,,31.6,6.0,19.0,,9.0,,,19.0,12.0,7.0,,8.0,1,,0,1.0,,,,,2.0,,0.0,2.0,,21.0,,,7.01,6.66,UEFA Nations League,UEFA,UEFA
SEL-NATIONS_LEAGUE-2024-25-12057849,Qualification Round 1,2024-09-06,Kazajistán,1,Noruega,0,0,,,4.0,0.0,3.0,1.0,0.0,,,,,,,,,,1.0,1.0,3.0,5.0,31.0,,10.0,29.0,74.4,203.0,273.0,,,21.0,,,,9.0,,,,,0.0,4.0,,10.0,,,30.0,16.0,14.0,,33.0,0,,1,2.0,,,,,2.0,,3.0,4.0,,12.0,,,,,19.0,2.0,8.0,9.0,2.0,,,,,,,,,,2.0,12.0,0.0,19.0,77.0,,48.0,71.0,88.6,577.0,651.0,,,13.0,,,,12.0,,,,31.2,10.0,32.0,,6.0,,,14.0,9.0,5.0,,14.0,0,,1,0.0,,,,,0.0,,0.0,1.0,,9.0,,,7.03,7.31,UEFA Nations League,UEFA,UEFA
SEL-NATIONS_LEAGUE-2024-25-12198109,Qualification Round 1,2024-09-06,Lituania,1,Chipre,0,1,,,12.0,2.0,8.0,2.0,0.0,,,,,,,,,,3.0,4.0,1.0,3.0,63.0,,17.0,62.0,74.9,320.0,427.0,,,35.0,,,,19.0,,,,33.3,5.0,15.0,,8.0,,,12.0,7.0,5.0,,11.0,1,,0,1.0,,,,,2.0,,,1.0,,17.0,,,,,6.0,2.0,2.0,2.0,0.0,,,,,,,,,,1.0,2.0,5.0,9.0,47.0,,14.0,38.0,60.3,152.0,252.0,,,17.0,,,,17.0,,,,27.3,3.0,11.0,,6.0,,,22.0,11.0,11.0,,22.0,0,,1,2.0,,,,,0.0,,,5.0,,20.0,,,6.75,6.95,UEFA Nations League,UEFA,UEFA
SEL-NATIONS_LEAGUE-2024-25-12057912,Qualification Round 1,2024-09-06,Bélgica,1,Israel,3,1,,,25.0,8.0,10.0,7.0,0.0,,,,,,,,,,3.0,7.0,5.0,13.0,71.0,,57.0,64.0,89.6,518.0,578.0,,,14.0,,,,7.0,,,,35.7,5.0,14.0,,8.0,,,10.0,7.0,3.0,,3.0,1,,0,2.0,,,0.0,,0.0,,0.0,1.0,,9.0,,,,,10.0,2.0,4.0,4.0,1.0,,,,,,,,,,0.0,1.0,3.0,4.0,21.0,,15.0,36.0,80.2,260.0,324.0,,,21.0,,,,9.0,,,,25.0,1.0,4.0,,13.0,,,26.0,14.0,12.0,,25.0,3,,0,5.0,,,1.0,,1.0,,1.0,1.0,,7.0,,,7.49,6.75,UEFA Nations League,UEFA,UEFA
SEL-NATIONS_LEAGUE-2024-25-12057909,Qualification Round 1,2024-09-06,Francia,1,Italia,1,3,,,12.0,3.0,5.0,4.0,0.0,,,,,,,,,,1.0,2.0,1.0,11.0,51.0,,35.0,54.0,89.6,526.0,587.0,,,15.0,,,,10.0,,,,33.3,4.0,12.0,,8.0,,,16.0,12.0,4.0,,4.0,3,,0,3.0,,,,,0.0,,,1.0,,12.0,,,,,11.0,6.0,3.0,2.0,1.0,,,,,,,,,,5.0,5.0,1.0,4.0,38.0,,17.0,46.0,85.9,420.0,489.0,,,32.0,,,,12.0,,,,33.3,4.0,12.0,,11.0,,,23.0,15.0,8.0,,29.0,1,,0,2.0,,,,,1.0,,,1.0,,10.0,,,6.76,7.1,UEFA Nations League,UEFA,UEFA
SEL-NATIONS_LEAGUE-2024-25-12057852,Qualification Round 1,2024-09-06,Eslovenia,1,Austria,1,1,,,8.0,1.0,4.0,3.0,1.0,,,,,,,,,,1.0,4.0,0.0,6.0,36.0,,13.0,37.0,72.8,228.0,313.0,,,20.0,,,,16.0,,,,11.1,1.0,9.0,,17.0,,,21.0,15.0,6.0,,29.0,1,,0,3.0,,,,,2.0,,2.0,2.0,,9.0,,,,,11.0,4.0,4.0,3.0,0.0,,,,,,,,,,1.0,7.0,1.0,2.0,68.0,,22.0,63.0,83.2,431.0,518.0,,,23.0,,,,9.0,,,,30.4,7.0,23.0,,6.0,,,15.0,8.0,7.0,,22.0,1,,0,0.0,,,,,2.0,,0.0,4.0,,18.0,,,6.81,6.92,UEFA Nations League,UEFA,UEFA
SEL-NATIONS_LEAGUE-2024-25-12057841,Qualification Round 1,2024-09-06,Islandia,1,Montenegro,2,0,,,12.0,5.0,3.0,4.0,0.0,,,,,,,,,,3.0,7.0,1.0,5.0,58.0,,23.0,41.0,78.8,268.0,340.0,,,13.0,,,,14.0,,,,21.7,5.0,23.0,,6.0,,,12.0,7.0,5.0,,21.0,0,,1,4.0,,,,,0.0,,,2.0,,17.0,,,,,10.0,4.0,4.0,2.0,0.0,,,,,,,,,,0.0,4.0,5.0,6.0,53.0,,19.0,59.0,84.0,420.0,500.0,,,31.0,,,,17.0,,,,40.0,6.0,15.0,,11.0,,,14.0,9.0,5.0,,26.0,2,,0,1.0,,,,,1.0,,,5.0,,15.0,,,7.11,6.9,UEFA Nations League,UEFA,UEFA
SEL-NATIONS_LEAGUE-2024-25-12057847,Qualification Round 1,2024-09-06,Gales,1,Turquía,0,0,,,15.0,1.0,11.0,3.0,0.0,,,,,,,,,,4.0,4.0,4.0,5.0,52.0,,27.0,67.0,87.9,529.0,602.0,,,22.0,,,,19.0,,,,38.1,8.0,21.0,,7.0,,,9.0,8.0,1.0,,5.0,0,,1,1.0,,,,,1.0,,,2.0,0.0,12.0,,,,,5.0,1.0,2.0,2.0,0.0,,,,,,,,,,0.0,3.0,3.0,5.0,27.0,,12.0,33.0,77.5,234.0,302.0,,,22.0,,,,12.0,,,,42.9,3.0,7.0,,8.0,,,7.0,5.0,2.0,,16.0,0,,1,1.0,,,,,0.0,,,6.0,1.0,20.0,,,7.15,6.73,UEFA Nations League,UEFA,UEFA
SEL-NATIONS_LEAGUE-2024-25-12057817,Qualification Round 1,2024-09-06,Kosovo,1,Rumania,0,3,,,12.0,1.0,8.0,3.0,0.0,,,,,,,,,,0.0,3.0,3.0,3.0,67.0,,18.0,56.0,81.7,365.0,447.0,,,25.0,,,,8.0,,,,20.0,5.0,25.0,,8.0,,,17.0,10.0,7.0,,7.0,3,,0,5.0,,,,,0.0,,0.0,5.0,1.0,11.0,,,,,15.0,8.0,6.0,1.0,2.0,,,,,,,,,,4.0,4.0,0.0,6.0,43.0,,15.0,44.0,76.2,278.0,365.0,,,22.0,,,,11.0,,,,33.3,3.0,9.0,,10.0,,,14.0,9.0,5.0,,25.0,0,,1,1.0,,,,,2.0,,1.0,2.0,0.0,8.0,,,6.56,7.21,UEFA Nations League,UEFA,UEFA
SEL-NATIONS_LEAGUE-2024-25-12057798,Qualification Round 1,2024-09-07,Islas Feroe,1,Macedonia del Norte,1,1,,,11.0,3.0,5.0,3.0,0.0,,,,,,,,,,3.0,4.0,3.0,8.0,49.0,,31.0,32.0,71.2,213.0,299.0,,,20.0,,,,5.0,,,,30.8,4.0,13.0,,18.0,,,15.0,12.0,3.0,,28.0,1,,0,3.0,,,,,,,,2.0,,17.0,,,,,17.0,5.0,5.0,7.0,0.0,,,,,,,,,,4.0,4.0,3.0,7.0,91.0,,27.0,68.0,83.2,545.0,655.0,,,28.0,,,,16.0,,,,25.0,4.0,16.0,,12.0,,,12.0,8.0,4.0,,15.0,1,,0,2.0,,,,,,,,3.0,,5.0,,,7.0,7.0,UEFA Nations League,UEFA,UEFA
SEL-NATIONS_LEAGUE-2024-25-12057880,Qualification Round 1,2024-09-07,Georgia,1,República Checa,4,1,,,13.0,6.0,4.0,3.0,0.0,,,,,,,,,,3.0,1.0,2.0,8.0,33.0,,22.0,44.0,81.4,294.0,361.0,,,24.0,,,,13.0,,,,25.0,2.0,8.0,,2.0,,,13.0,11.0,2.0,,30.0,1,,0,4.0,,,,,,,,3.0,,18.0,,,,,10.0,5.0,5.0,0.0,0.0,,,,,,,,,,0.0,4.0,0.0,3.0,62.0,,17.0,56.0,84.8,379.0,447.0,,,29.0,,,,18.0,,,,21.1,4.0,19.0,,7.0,,,16.0,8.0,8.0,,9.0,4,,0,2.0,,,,,,,,3.0,,13.0,,,7.23,6.48,UEFA Nations League,UEFA,UEFA
SEL-NATIONS_LEAGUE-2024-25-12057873,Qualification Round 1,2024-09-07,Irlanda,1,Inglaterra,0,2,,,6.0,1.0,4.0,1.0,0.0,,,,,,,,,,1.0,1.0,,5.0,31.0,,12.0,24.0,68.5,139.0,203.0,,,18.0,,,,8.0,,,,17.6,3.0,17.0,,11.0,,,5.0,3.0,2.0,,10.0,2,,0,7.0,,,,,1.0,,,4.0,,15.0,,,,,16.0,9.0,3.0,4.0,0.0,,,,,,,,,,7.0,4.0,,12.0,65.0,,36.0,76.0,88.9,634.0,713.0,,,28.0,,,,15.0,,,,23.1,3.0,13.0,,3.0,,,12.0,9.0,3.0,,11.0,0,,1,1.0,,,,,0.0,,,2.0,,9.0,,,6.6,7.45,UEFA Nations League,UEFA,UEFA
SEL-NATIONS_LEAGUE-2024-25-12057799,Qualification Round 1,2024-09-07,Armenia,1,Letonia,4,1,,,16.0,5.0,4.0,7.0,1.0,,,,,,,,,,2.0,8.0,0.0,12.0,55.0,,28.0,59.0,87.9,487.0,554.0,,,31.0,,,,13.0,,,,35.7,5.0,14.0,,12.0,,,9.0,4.0,5.0,,6.0,1,,0,1.0,,,,,,,1.0,0.0,,10.0,,,,,3.0,1.0,1.0,1.0,0.0,,,,,,,,,,0.0,3.0,1.0,5.0,40.0,,4.0,41.0,80.8,303.0,375.0,,,27.0,,,,8.0,,,,16.7,2.0,12.0,,10.0,,,22.0,15.0,7.0,,19.0,4,,0,2.0,,,,,,,0.0,2.0,,14.0,,,7.08,6.47,UEFA Nations League,UEFA,UEFA
SEL-NATIONS_LEAGUE-2024-25-12057787,Qualification Round 1,2024-09-07,Moldavia,1,Malta,2,0,,,15.0,4.0,6.0,5.0,1.0,,,,,,,,,,1.0,3.0,2.0,8.0,67.0,,29.0,58.0,82.6,459.0,556.0,,,36.0,,,,17.0,,,,33.3,5.0,15.0,,6.0,,,18.0,10.0,8.0,,8.0,0,,1,2.0,,,,,0.0,,,2.0,,16.0,,,,,6.0,2.0,3.0,1.0,0.0,,,,,,,,,,0.0,0.0,3.0,7.0,47.0,,9.0,42.0,79.4,323.0,407.0,,,30.0,,,,16.0,,,,25.0,2.0,8.0,,14.0,,,6.0,3.0,3.0,,20.0,2,,0,2.0,,,,,1.0,,,3.0,,17.0,,,7.44,6.54,UEFA Nations League,UEFA,UEFA
SEL-NATIONS_LEAGUE-2024-25-12057903,Qualification Round 1,2024-09-07,Alemania,1,Hungría,5,0,,,23.0,9.0,9.0,5.0,2.0,,,,,,,,,,9.0,4.0,1.0,9.0,55.0,,37.0,56.0,89.1,542.0,608.0,,,28.0,,,,11.0,,,,40.0,4.0,10.0,,3.0,,,16.0,7.0,9.0,,9.0,0,,1,1.0,,,,,3.0,,,0.0,,13.0,,,,,6.0,1.0,2.0,3.0,0.0,,,,,,,,,,2.0,2.0,2.0,4.0,34.0,,13.0,44.0,88.1,409.0,464.0,,,27.0,,,,13.0,,,,13.3,2.0,15.0,,13.0,,,18.0,8.0,10.0,,16.0,5,,0,3.0,,,,,0.0,,,1.0,,11.0,,,7.68,6.47,UEFA Nations League,UEFA,UEFA
SEL-NATIONS_LEAGUE-2024-25-12057896,Qualification Round 1,2024-09-07,Países Bajos,1,Bosnia,5,2,,,28.0,9.0,8.0,11.0,1.0,,,,,,,,,,8.0,10.0,0.0,5.0,67.0,,37.0,75.0,92.2,658.0,714.0,,,14.0,,,,15.0,,,,20.8,5.0,24.0,,8.0,,,10.0,7.0,3.0,,3.0,2,,0,1.0,,,,,0.0,,0.0,0.0,,10.0,,,,,4.0,3.0,1.0,0.0,0.0,,,,,,,,,,2.0,1.0,1.0,2.0,19.0,,4.0,25.0,69.5,164.0,236.0,,,7.0,,,,10.0,,,,20.0,1.0,5.0,,4.0,,,9.0,5.0,4.0,,31.0,5,,0,4.0,,,,,1.0,,1.0,2.0,,15.0,,,7.39,6.45,UEFA Nations League,UEFA,UEFA
SEL-NATIONS_LEAGUE-2024-25-12057879,Qualification Round 1,2024-09-07,Ucrania,1,Albania,1,2,,,16.0,3.0,7.0,6.0,0.0,,,,,,,,,,2.0,5.0,2.0,5.0,65.0,,18.0,59.0,87.0,421.0,484.0,,,24.0,,,,12.0,,,,28.0,7.0,25.0,,6.0,,,15.0,9.0,6.0,,7.0,2,,0,3.0,,,,,0.0,,0.0,0.0,,17.0,,,,,12.0,5.0,6.0,1.0,0.0,,,,,,,,,,2.0,4.0,1.0,5.0,48.0,,17.0,41.0,81.0,281.0,347.0,,,25.0,,,,17.0,,,,58.3,7.0,12.0,,8.0,,,8.0,7.0,1.0,,26.0,1,,0,2.0,,,,,1.0,,1.0,2.0,,13.0,,,6.91,7.03,UEFA Nations League,UEFA,UEFA
SEL-NATIONS_LEAGUE-2024-25-12057868,Qualification Round 1,2024-09-07,Grecia,1,Finlandia,3,0,,,9.0,5.0,3.0,1.0,1.0,,,,,,,,,,1.0,6.0,1.0,7.0,42.0,,25.0,46.0,83.6,402.0,481.0,,,34.0,,,,8.0,,,,8.3,1.0,12.0,,18.0,,,11.0,7.0,4.0,,19.0,0,,1,0.0,,,,,,,0.0,3.0,,10.0,,,,,6.0,1.0,3.0,2.0,0.0,,,,,,,,,,0.0,2.0,1.0,3.0,58.0,,20.0,54.0,86.1,490.0,569.0,,,19.0,,,,9.0,,,,25.0,4.0,16.0,,11.0,,,13.0,10.0,3.0,,17.0,3,,0,3.0,,,,,,,2.0,2.0,,8.0,,,7.25,6.63,UEFA Nations League,UEFA,UEFA
SEL-NATIONS_LEAGUE-2024-25-12057814,Ronda 2,2024-09-08,Luxemburgo,1,Bielorrusia,0,1,,,7.0,1.0,5.0,1.0,0.0,,,,,,,,,,2.0,2.0,2.0,6.0,64.0,,14.0,61.0,85.1,468.0,550.0,,,19.0,,,,12.0,,,,18.8,3.0,16.0,,15.0,,,21.0,15.0,6.0,,11.0,1,,0,4.0,,,,,,,,3.0,,17.0,,,,,13.0,5.0,4.0,4.0,0.0,,,,,,,,,,0.0,6.0,3.0,11.0,54.0,,19.0,39.0,76.3,258.0,338.0,,,33.0,,,,17.0,,,,35.3,6.0,17.0,,14.0,,,20.0,10.0,10.0,,21.0,0,,1,1.0,,,,,,,,3.0,,13.0,,,6.85,7.04,UEFA Nations League,UEFA,UEFA
SEL-NATIONS_LEAGUE-2024-25-12057891,Ronda 2,2024-09-08,Dinamarca,1,Serbia,2,0,,,10.0,3.0,3.0,4.0,0.0,,,,,,,,,,1.0,8.0,0.0,12.0,64.0,,18.0,54.0,86.8,499.0,575.0,,,17.0,,,,13.0,,,,25.0,5.0,20.0,,10.0,,,25.0,10.0,15.0,,16.0,0,,1,2.0,,,,,0.0,,,2.0,,11.0,,,,,7.0,2.0,3.0,2.0,0.0,,,,,,,,,,1.0,3.0,1.0,5.0,52.0,,7.0,46.0,85.6,415.0,485.0,,,21.0,,,,10.0,,,,11.8,2.0,17.0,,7.0,,,26.0,16.0,10.0,,27.0,2,,0,0.0,,,,,1.0,,,3.0,,13.0,,,7.31,6.65,UEFA Nations League,UEFA,UEFA
SEL-NATIONS_LEAGUE-2024-25-12057830,Ronda 2,2024-09-08,Eslovaquia,1,Azerbaiyán,2,0,,,15.0,7.0,5.0,3.0,0.0,,,,,,,,,,2.0,4.0,2.0,10.0,40.0,,34.0,52.0,90.6,425.0,469.0,,,27.0,,,,12.0,,,,15.4,2.0,13.0,,7.0,,,11.0,8.0,3.0,,20.0,0,,1,3.0,,,,,0.0,,1.0,0.0,,15.0,,,,,7.0,3.0,1.0,3.0,0.0,,,,,,,,,,0.0,6.0,0.0,11.0,32.0,,18.0,48.0,86.2,369.0,428.0,,,26.0,,,,14.0,,,,14.3,3.0,21.0,,3.0,,,11.0,10.0,1.0,,14.0,2,,0,6.0,,,,,3.0,,1.0,4.0,,13.0,,,7.42,6.82,UEFA Nations League,UEFA,UEFA
SEL-NATIONS_LEAGUE-2024-25-12057815,Ronda 2,2024-09-08,Bulgaria,1,Irlanda del Norte,1,0,,,9.0,3.0,4.0,2.0,1.0,,,,,,,,,,1.0,2.0,2.0,9.0,44.0,,15.0,48.0,78.0,270.0,346.0,,,15.0,,,,12.0,,,,18.2,2.0,11.0,,13.0,,,8.0,6.0,2.0,,33.0,0,,1,3.0,,,,,,,1.0,3.0,,19.0,,,,,8.0,3.0,4.0,1.0,1.0,,,,,,,,,,0.0,4.0,1.0,8.0,55.0,,13.0,52.0,76.5,287.0,375.0,,,12.0,,,,19.0,,,,28.6,6.0,21.0,,7.0,,,12.0,8.0,4.0,,13.0,1,,0,2.0,,,,,,,0.0,4.0,,12.0,,,7.09,6.74,UEFA Nations League,UEFA,UEFA
SEL-NATIONS_LEAGUE-2024-25-12057786,Ronda 2,2024-09-08,Gibraltar,1,Liechtenstein,2,2,,,15.0,6.0,7.0,2.0,0.0,,,,,,,,,,3.0,4.0,2.0,4.0,41.0,,20.0,43.0,65.9,176.0,267.0,,,17.0,,,,22.0,,,,33.3,4.0,12.0,,14.0,,,17.0,9.0,8.0,,21.0,2,,0,1.0,,,0.0,,,,,6.0,1.0,14.0,,,,,6.0,3.0,2.0,1.0,0.0,,,,,,,,,,2.0,3.0,1.0,4.0,58.0,,6.0,57.0,77.8,274.0,352.0,,,14.0,,,,12.0,,,,19.0,4.0,21.0,,8.0,,,20.0,10.0,10.0,,26.0,2,,0,3.0,,,1.0,,,,,8.0,0.0,24.0,,,6.72,6.75,UEFA Nations League,UEFA,UEFA
SEL-NATIONS_LEAGUE-2024-25-12057924,Ronda 2,2024-09-08,Croacia,1,Polonia,1,0,,,23.0,6.0,13.0,4.0,1.0,,,,,,,,,,0.0,8.0,2.0,9.0,64.0,,30.0,60.0,91.0,563.0,619.0,,,20.0,,,,10.0,,,,36.4,8.0,22.0,,11.0,,,21.0,12.0,9.0,,15.0,0,,1,2.0,,,,,0.0,,1.0,5.0,,9.0,,,,,11.0,2.0,5.0,4.0,1.0,,,,,,,,,,2.0,2.0,2.0,12.0,36.0,,12.0,40.0,87.0,356.0,409.0,,,31.0,,,,9.0,,,,33.3,4.0,12.0,,9.0,,,17.0,11.0,6.0,,19.0,1,,0,5.0,,,,,1.0,,1.0,1.0,,11.0,,,7.41,6.85,UEFA Nations League,UEFA,UEFA
SEL-NATIONS_LEAGUE-2024-25-12057936,Ronda 2,2024-09-08,Portugal,1,Escocia,2,1,,,26.0,7.0,12.0,7.0,2.0,,,,,,,,,,5.0,12.0,2.0,14.0,58.0,,45.0,68.0,91.4,530.0,580.0,,,22.0,,,,7.0,,,,15.0,6.0,40.0,,8.0,,,21.0,17.0,4.0,,11.0,1,,0,1.0,,,,,0.0,,1.0,3.0,,14.0,,,,,5.0,2.0,0.0,3.0,0.0,,,,,,,,,,1.0,6.0,1.0,2.0,24.0,,15.0,32.0,72.0,198.0,275.0,,,23.0,,,,14.0,,,,15.4,2.0,13.0,,6.0,,,17.0,9.0,8.0,,31.0,2,,0,6.0,,,,,1.0,,2.0,3.0,,7.0,,,7.31,6.75,UEFA Nations League,UEFA,UEFA
SEL-NATIONS_LEAGUE-2024-25-12057885,Ronda 2,2024-09-08,Suiza,1,España,1,4,,,20.0,3.0,9.0,8.0,1.0,,,,,,,,,,1.0,9.0,0.0,2.0,88.0,,31.0,66.0,88.4,555.0,628.0,,,19.0,,,,9.0,,,,28.6,6.0,21.0,,8.0,,,7.0,3.0,4.0,,5.0,4,,0,4.0,,,,,0.0,,1.0,3.0,0.0,10.0,,,,,9.0,8.0,0.0,1.0,0.0,,,,,,,,,,5.0,3.0,1.0,7.0,36.0,,16.0,34.0,77.3,245.0,317.0,,,21.0,,,,9.0,,,,10.0,1.0,10.0,,13.0,,,12.0,10.0,2.0,,29.0,1,,0,2.0,,,,,1.0,,1.0,2.0,1.0,9.0,,,6.86,6.94,UEFA Nations League,UEFA,UEFA
SEL-NATIONS_LEAGUE-2024-25-12057827,Ronda 2,2024-09-08,Suecia,1,Estonia,3,0,,,34.0,11.0,10.0,13.0,2.0,,,,,,,,,,4.0,13.0,1.0,16.0,78.0,,95.0,73.0,84.7,505.0,596.0,,,17.0,,,,8.0,,,,14.8,4.0,27.0,,13.0,,,22.0,19.0,3.0,,12.0,0,,1,2.0,,,,,1.0,,,0.0,0.0,6.0,,,,,5.0,2.0,2.0,1.0,0.0,,,,,,,,,,1.0,1.0,3.0,4.0,48.0,,4.0,27.0,56.2,123.0,219.0,,,24.0,,,,6.0,,,,,0.0,4.0,,10.0,,,24.0,13.0,11.0,,45.0,3,,0,8.0,,,,,1.0,,,3.0,1.0,8.0,,,7.85,6.5,UEFA Nations League,UEFA,UEFA
SEL-NATIONS_LEAGUE-2024-25-12057819,Ronda 2,2024-09-09,Chipre,1,Kosovo,0,4,,,12.0,2.0,5.0,5.0,0.0,,,,,,,,,,0.0,8.0,3.0,11.0,35.0,,15.0,43.0,80.8,303.0,375.0,,,17.0,,,,12.0,,,,26.3,5.0,19.0,,12.0,,,13.0,9.0,4.0,,16.0,4,,0,3.0,,,,,,,0.0,2.0,,11.0,,,,,13.0,7.0,4.0,2.0,1.0,,,,,,,,,,4.0,1.0,1.0,6.0,57.0,,23.0,57.0,83.5,430.0,515.0,,,34.0,,,,10.0,,,,22.2,2.0,9.0,,7.0,,,16.0,10.0,6.0,,18.0,0,,1,2.0,,,,,,,2.0,1.0,,13.0,,,6.44,7.37,UEFA Nations League,UEFA,UEFA
SEL-NATIONS_LEAGUE-2024-25-12057908,Ronda 2,2024-09-09,Francia,1,Bélgica,2,0,,,25.0,9.0,10.0,6.0,0.0,,,,,,,,,,2.0,5.0,3.0,8.0,41.0,,36.0,47.0,87.0,387.0,445.0,,,15.0,,,,9.0,,,,36.4,4.0,11.0,,10.0,,,18.0,11.0,7.0,,13.0,0,,1,4.0,,,,,1.0,,,2.0,,8.0,,,,,9.0,4.0,4.0,1.0,0.0,,,,,,,,,,0.0,7.0,1.0,9.0,50.0,,16.0,53.0,86.9,446.0,513.0,,,26.0,,,,8.0,,,,30.0,3.0,10.0,,11.0,,,9.0,6.0,3.0,,12.0,2,,0,7.0,,,,,1.0,,,2.0,,10.0,,,7.35,6.92,UEFA Nations League,UEFA,UEFA
SEL-NATIONS_LEAGUE-2024-25-12057915,Ronda 2,2024-09-09,Israel,1,Italia,1,2,,,6.0,2.0,2.0,2.0,0.0,,,,,,,,,,0.0,3.0,1.0,2.0,53.0,,15.0,45.0,85.2,381.0,447.0,,,25.0,,,,9.0,,,,28.6,2.0,7.0,,8.0,,,14.0,10.0,4.0,,10.0,2,,0,4.0,,,,,,,1.0,2.0,,13.0,,,,,12.0,6.0,5.0,1.0,0.0,,,,,,,,,,4.0,2.0,2.0,5.0,46.0,,25.0,55.0,90.4,498.0,551.0,,,28.0,,,,13.0,,,,27.3,3.0,11.0,,7.0,,,20.0,10.0,10.0,,10.0,1,,0,1.0,,,,,,,0.0,1.0,,10.0,,,6.55,7.11,UEFA Nations League,UEFA,UEFA
SEL-NATIONS_LEAGUE-2024-25-12057851,Ronda 2,2024-09-09,Noruega,1,Austria,2,1,,,6.0,4.0,2.0,0.0,0.0,,,,,,,,,,1.0,5.0,0.0,12.0,64.0,,19.0,44.0,84.8,352.0,415.0,,,30.0,,,,8.0,,,,9.1,1.0,11.0,,11.0,,,19.0,15.0,4.0,,29.0,1,,0,2.0,,,,,1.0,,,0.0,,6.0,,,,,9.0,3.0,3.0,3.0,0.0,,,,,,,,,,0.0,1.0,1.0,4.0,64.0,,19.0,56.0,84.7,450.0,531.0,,,32.0,,,,6.0,,,,15.0,3.0,20.0,,1.0,,,26.0,16.0,10.0,,17.0,2,,0,2.0,,,,,1.0,,,1.0,,8.0,,,7.01,6.8,UEFA Nations League,UEFA,UEFA
SEL-NATIONS_LEAGUE-2024-25-12057854,Ronda 2,2024-09-09,Eslovenia,1,Kazajistán,3,0,,,16.0,9.0,5.0,2.0,0.0,,,,,,,,,,5.0,5.0,3.0,15.0,48.0,,30.0,58.0,86.1,541.0,628.0,,,34.0,,,,10.0,,,,36.4,4.0,11.0,,7.0,,,15.0,13.0,2.0,,15.0,0,,1,2.0,,,,,1.0,,,2.0,,11.0,,,,,7.0,2.0,4.0,1.0,0.0,,,,,,,,,,0.0,0.0,0.0,8.0,47.0,,7.0,42.0,80.4,358.0,445.0,,,26.0,,,,11.0,,,,22.2,2.0,9.0,,4.0,,,15.0,10.0,5.0,,19.0,3,,0,6.0,,,,,0.0,,,1.0,,11.0,,,7.56,6.54,UEFA Nations League,UEFA,UEFA
SEL-NATIONS_LEAGUE-2024-25-12057837,Ronda 2,2024-09-09,Montenegro,1,Gales,1,2,,,22.0,5.0,10.0,7.0,2.0,,,,,,,,,,5.0,12.0,2.0,8.0,59.0,,31.0,50.0,79.0,278.0,352.0,,,36.0,,,,10.0,,,,30.3,10.0,33.0,,5.0,,,15.0,11.0,4.0,,16.0,2,,0,1.0,,,,,0.0,,,2.0,,17.0,,,,,10.0,3.0,6.0,1.0,0.0,,,,,,,,,,3.0,5.0,0.0,3.0,45.0,,14.0,50.0,81.0,299.0,369.0,,,26.0,,,,17.0,,,,,0.0,13.0,,7.0,,,17.0,11.0,6.0,,35.0,1,,0,4.0,,,,,1.0,,,4.0,,10.0,,,6.82,7.11,UEFA Nations League,UEFA,UEFA
SEL-NATIONS_LEAGUE-2024-25-12057843,Ronda 2,2024-09-09,Turquía,1,Islandia,3,1,,,21.0,7.0,6.0,8.0,0.0,,,,,,,,,,2.0,3.0,2.0,8.0,66.0,,25.0,64.0,87.0,570.0,655.0,,,25.0,,,,10.0,,,,41.7,5.0,12.0,,13.0,,,4.0,1.0,3.0,,13.0,1,,0,0.0,,,,,1.0,,,1.0,,7.0,,,,,6.0,1.0,1.0,4.0,0.0,,,,,,,,,,0.0,3.0,1.0,3.0,45.0,,7.0,36.0,79.4,277.0,349.0,,,19.0,,,,6.0,,,,21.4,3.0,14.0,,9.0,,,10.0,4.0,6.0,,19.0,3,,0,4.0,,,,,1.0,,,2.0,,10.0,,,7.23,6.61,UEFA Nations League,UEFA,UEFA
SEL-NATIONS_LEAGUE-2024-25-12057779,Ronda 2,2024-09-09,Rumania,1,Lituania,3,1,,,15.0,6.0,4.0,5.0,0.0,,,,,,,,,,3.0,4.0,1.0,8.0,42.0,,30.0,52.0,81.2,312.0,384.0,,,20.0,,,,12.0,,,,10.0,1.0,10.0,,6.0,,,16.0,12.0,4.0,,18.0,1,,0,5.0,,,,,1.0,,1.0,3.0,,12.0,,,,,8.0,6.0,2.0,0.0,0.0,,,,,,,,,,0.0,5.0,3.0,5.0,55.0,,12.0,48.0,77.4,274.0,354.0,,,20.0,,,,12.0,,,,11.1,1.0,9.0,,9.0,,,16.0,11.0,5.0,,23.0,3,,0,3.0,,,,,2.0,,0.0,3.0,,13.0,,,7.01,6.74,UEFA Nations League,UEFA,UEFA
SEL-NATIONS_LEAGUE-2024-25-12057802,Ronda 2,2024-09-10,Letonia,1,Islas Feroe,1,0,,,16.0,4.0,7.0,5.0,0.0,,,,,,,,,,2.0,6.0,1.0,5.0,73.0,,29.0,53.0,80.4,409.0,509.0,,,36.0,,,,7.0,,,,38.9,7.0,18.0,,7.0,,,13.0,8.0,5.0,,25.0,0,,1,3.0,,,,,0.0,,,0.0,,5.0,,,,,10.0,3.0,5.0,2.0,0.0,,,,,,,,,,3.0,1.0,0.0,2.0,69.0,,9.0,47.0,79.5,348.0,438.0,,,28.0,,,,5.0,,,,44.0,11.0,25.0,,11.0,,,16.0,10.0,6.0,,19.0,1,,0,3.0,,,,,1.0,,,1.0,,7.0,,,7.18,6.89,UEFA Nations League,UEFA,UEFA
SEL-NATIONS_LEAGUE-2024-25-12057904,Ronda 2,2024-09-10,Hungría,1,Bosnia,0,0,,,21.0,5.0,8.0,8.0,1.0,,,,,,,,,,2.0,13.0,,3.0,70.0,,33.0,65.0,83.9,459.0,547.0,,,38.0,,,,10.0,,,,40.0,12.0,30.0,,13.0,,,14.0,11.0,3.0,,9.0,0,,1,2.0,,,,,0.0,,,1.0,,10.0,,,,,7.0,2.0,4.0,1.0,0.0,,,,,,,,,,0.0,1.0,,4.0,28.0,,7.0,35.0,77.2,234.0,303.0,,,23.0,,,,10.0,,,,22.2,2.0,9.0,,10.0,,,13.0,7.0,6.0,,45.0,0,,1,5.0,,,,,2.0,,,2.0,,10.0,,,7.29,7.06,UEFA Nations League,UEFA,UEFA
SEL-NATIONS_LEAGUE-2024-25-12057900,Ronda 2,2024-09-10,Países Bajos,1,Alemania,2,2,,,11.0,4.0,4.0,3.0,0.0,,,,,,,,,,4.0,7.0,2.0,10.0,26.0,,25.0,40.0,87.5,302.0,345.0,,,17.0,,,,11.0,,,,27.3,3.0,11.0,,2.0,,,13.0,8.0,5.0,,34.0,2,,0,3.0,,,,,1.0,,1.0,0.0,,7.0,,,,,21.0,5.0,8.0,8.0,0.0,,,,,,,,,,3.0,10.0,3.0,5.0,56.0,,43.0,60.0,89.7,453.0,505.0,,,26.0,,,,7.0,,,,26.9,7.0,26.0,,7.0,,,21.0,11.0,10.0,,19.0,2,,0,2.0,,,,,0.0,,0.0,4.0,,13.0,,,7.0,7.12,UEFA Nations League,UEFA,UEFA
SEL-NATIONS_LEAGUE-2024-25-12057878,Ronda 2,2024-09-10,Albania,1,Georgia,0,1,,,8.0,0.0,5.0,3.0,0.0,,,,,,,,,,0.0,1.0,1.0,9.0,57.0,,8.0,49.0,89.1,497.0,558.0,,,25.0,,,,13.0,,,,15.8,3.0,19.0,,6.0,,,17.0,11.0,6.0,,15.0,1,,0,2.0,,,,,0.0,,0.0,1.0,,10.0,,,,,15.0,3.0,6.0,6.0,0.0,,,,,,,,,,1.0,4.0,0.0,10.0,52.0,,16.0,51.0,87.5,509.0,582.0,,,28.0,,,,10.0,,,,26.7,4.0,15.0,,6.0,,,14.0,10.0,4.0,,18.0,0,,1,0.0,,,,,1.0,,1.0,2.0,,13.0,,,6.98,7.21,UEFA Nations League,UEFA,UEFA
SEL-NATIONS_LEAGUE-2024-25-12057875,Ronda 2,2024-09-10,República Checa,1,Ucrania,3,2,,,14.0,5.0,4.0,5.0,0.0,,,,,,,,,,2.0,0.0,1.0,5.0,59.0,,21.0,42.0,76.7,266.0,347.0,,,33.0,,,,15.0,,,,12.5,1.0,8.0,,12.0,,,11.0,8.0,3.0,,24.0,2,,0,3.0,,,,,1.0,,,5.0,,16.0,,,,,19.0,5.0,6.0,8.0,1.0,,,,,,,,,,4.0,8.0,0.0,8.0,38.0,,21.0,58.0,83.6,383.0,458.0,,,27.0,,,,16.0,,,,39.3,11.0,28.0,,3.0,,,11.0,9.0,2.0,,18.0,3,,0,2.0,,,,,2.0,,,2.0,,16.0,,,7.05,6.73,UEFA Nations League,UEFA,UEFA
SEL-NATIONS_LEAGUE-2024-25-12057872,Ronda 2,2024-09-10,Inglaterra,1,Finlandia,2,0,,,22.0,8.0,6.0,8.0,0.0,,,,,,,,,,,8.0,1.0,16.0,106.0,,69.0,79.0,91.5,731.0,799.0,,,33.0,,,,8.0,,,,24.1,7.0,29.0,,4.0,,,21.0,16.0,5.0,,3.0,0,,1,0.0,,,,,,,0.0,0.0,,7.0,,,,,2.0,0.0,1.0,1.0,0.0,,,,,,,,,,,2.0,1.0,6.0,19.0,,3.0,21.0,70.8,153.0,216.0,,,15.0,,,,7.0,,,,,0.0,4.0,,11.0,,,13.0,9.0,4.0,,44.0,2,,0,6.0,,,,,,,2.0,1.0,,8.0,,,7.7,6.72,UEFA Nations League,UEFA,UEFA
SEL-NATIONS_LEAGUE-2024-25-12057859,Ronda 2,2024-09-10,Irlanda,1,Grecia,0,2,,,8.0,1.0,5.0,2.0,0.0,,,,,,,,,,,2.0,3.0,4.0,46.0,,19.0,49.0,84.6,423.0,500.0,,,25.0,,,,11.0,,,,18.2,2.0,11.0,,6.0,,,11.0,6.0,5.0,,10.0,2,,0,2.0,,,,,,,,2.0,,14.0,,,,,10.0,4.0,5.0,1.0,1.0,,,,,,,,,,,2.0,2.0,1.0,48.0,,7.0,51.0,86.9,458.0,527.0,,,32.0,,,,14.0,,,,22.2,2.0,9.0,,5.0,,,15.0,8.0,7.0,,28.0,0,,1,1.0,,,,,,,,3.0,,11.0,,,6.65,7.24,UEFA Nations League,UEFA,UEFA
SEL-NATIONS_LEAGUE-2024-25-12057800,Ronda 2,2024-09-10,Macedonia del Norte,1,Armenia,2,0,,,13.0,5.0,6.0,2.0,0.0,,,,,,,,,,2.0,4.0,1.0,15.0,64.0,,17.0,42.0,79.9,294.0,368.0,,,21.0,,,,12.0,,,,26.7,4.0,15.0,,5.0,,,15.0,9.0,6.0,,17.0,0,,1,7.0,,,,,,,1.0,5.0,1.0,8.0,,,,,14.0,7.0,2.0,5.0,1.0,,,,,,,,,,0.0,3.0,4.0,9.0,61.0,,18.0,58.0,84.3,441.0,523.0,,,15.0,,,,8.0,,,,25.0,3.0,12.0,,11.0,,,15.0,8.0,7.0,,14.0,2,,0,3.0,,,,,,,0.0,2.0,0.0,12.0,,,7.23,6.82,UEFA Nations League,UEFA,UEFA
SEL-NATIONS_LEAGUE-2024-25-12057782,Ronda 2,2024-09-10,Andorra,1,Malta,0,1,,,8.0,4.0,2.0,2.0,0.0,,,,,,,,,,2.0,3.0,1.0,8.0,62.0,,16.0,45.0,65.4,200.0,306.0,,,23.0,,,,14.0,,,,30.8,4.0,13.0,,10.0,,,10.0,8.0,2.0,,8.0,1,,0,2.0,,,,,1.0,,,3.0,,15.0,,,,,8.0,3.0,4.0,1.0,0.0,,,,,,,,,,1.0,4.0,2.0,3.0,64.0,,10.0,55.0,70.4,264.0,375.0,,,33.0,,,,15.0,,,,28.6,4.0,14.0,,9.0,,,18.0,13.0,5.0,,19.0,0,,1,4.0,,,,,1.0,,,1.0,,14.0,,,6.6,7.2,UEFA Nations League,UEFA,UEFA
SEL-NATIONS_LEAGUE-2024-25-12057801,Ronda 3,2024-10-10,Letonia,1,Macedonia del Norte,0,3,,,12.0,2.0,5.0,5.0,0.0,,,,,,,,,,1.0,5.0,2.0,2.0,44.0,,20.0,47.0,81.7,344.0,421.0,,,33.0,,,,11.0,,,,33.3,7.0,21.0,,9.0,,,11.0,5.0,6.0,,11.0,3,,0,5.0,,,,,,,0.0,1.0,,11.0,,,,,15.0,8.0,2.0,5.0,0.0,,,,,,,,,,4.0,4.0,1.0,10.0,50.0,,14.0,53.0,85.2,432.0,507.0,,,20.0,,,,11.0,,,,22.2,2.0,9.0,,3.0,,,9.0,7.0,2.0,,31.0,0,,1,2.0,,,,,,,4.0,2.0,,12.0,,,6.59,7.15,UEFA Nations League,UEFA,UEFA
SEL-NATIONS_LEAGUE-2024-25-12057788,Ronda 3,2024-10-10,Moldavia,1,Andorra,2,0,,,7.0,2.0,5.0,0.0,0.0,,,,,,,,,,,2.0,3.0,5.0,73.0,,11.0,56.0,68.0,280.0,412.0,,,28.0,,,,20.0,,,,22.2,2.0,9.0,,14.0,,,18.0,11.0,7.0,,27.0,0,,1,,,,,,,,,4.0,,15.0,,,,,6.0,0.0,4.0,2.0,0.0,,,,,,,,,,,5.0,1.0,5.0,64.0,,22.0,44.0,58.1,182.0,313.0,,,27.0,,,,14.0,,,,11.1,2.0,18.0,,14.0,,,11.0,5.0,6.0,,31.0,2,,0,,,,,,,,,4.0,,20.0,,,7.11,6.4,UEFA Nations League,UEFA,UEFA
SEL-NATIONS_LEAGUE-2024-25-12057914,Ronda 3,2024-10-10,Israel,1,Francia,1,4,,,1.0,1.0,0.0,0.0,0.0,,,,,,,,,,1.0,0.0,1.0,1.0,28.0,,5.0,32.0,81.7,273.0,334.0,,,16.0,,,,11.0,,,,,0.0,2.0,,14.0,,,33.0,23.0,10.0,,26.0,4,,0,2.0,,,,,1.0,,,0.0,,8.0,,,,,15.0,5.0,6.0,4.0,0.0,,,,,,,,,,3.0,9.0,0.0,6.0,64.0,,33.0,68.0,91.0,637.0,700.0,,,25.0,,,,8.0,,,,11.1,2.0,18.0,,4.0,,,21.0,14.0,7.0,,2.0,1,,0,0.0,,,,,0.0,,,1.0,,11.0,,,6.65,7.01,UEFA Nations League,UEFA,UEFA
SEL-NATIONS_LEAGUE-2024-25-12057905,Ronda 3,2024-10-10,Italia,1,Bélgica,2,2,,,8.0,4.0,4.0,0.0,0.0,,,,,,,,,,3.0,0.0,1.0,2.0,38.0,,13.0,38.0,84.8,307.0,362.0,,,18.0,,,,15.0,,,,50.0,2.0,4.0,,6.0,,,15.0,11.0,4.0,,28.0,2,,0,2.0,,,,,1.0,,,2.0,1.0,11.0,,,,,12.0,4.0,3.0,5.0,0.0,,,,,,,,,,1.0,12.0,1.0,5.0,65.0,,40.0,62.0,90.1,516.0,573.0,,,23.0,,,,11.0,,,,22.7,5.0,22.0,,1.0,,,10.0,6.0,4.0,,6.0,2,,0,3.0,,,,,0.0,,,1.0,0.0,15.0,,,6.74,6.99,UEFA Nations League,UEFA,UEFA
SEL-NATIONS_LEAGUE-2024-25-12057862,Ronda 3,2024-10-10,Inglaterra,1,Grecia,1,2,,,12.0,2.0,7.0,3.0,0.0,,,,,,,,,,2.0,9.0,0.0,10.0,67.0,,33.0,64.0,88.7,512.0,577.0,,,27.0,,,,14.0,,,,10.5,2.0,19.0,,8.0,,,14.0,9.0,5.0,,17.0,2,,0,0.0,,,,,,,1.0,2.0,,10.0,,,,,12.0,3.0,2.0,7.0,0.0,,,,,,,,,,1.0,5.0,6.0,8.0,32.0,,22.0,36.0,74.2,245.0,330.0,,,23.0,,,,10.0,,,,9.1,1.0,11.0,,12.0,,,12.0,8.0,4.0,,16.0,1,,0,1.0,,,,,,,0.0,4.0,,14.0,,,7.07,6.9,UEFA Nations League,UEFA,UEFA
SEL-NATIONS_LEAGUE-2024-25-12057864,Ronda 3,2024-10-10,Finlandia,1,Irlanda,1,2,,,7.0,3.0,3.0,1.0,0.0,,,,,,,,,,1.0,2.0,,5.0,55.0,,22.0,54.0,84.1,445.0,529.0,,,30.0,,,,5.0,,,,18.2,2.0,11.0,,8.0,,,16.0,11.0,5.0,,26.0,2,,0,8.0,,,,,0.0,,,,,10.0,,,,,15.0,10.0,3.0,2.0,0.0,,,,,,,,,,4.0,2.0,,10.0,70.0,,19.0,46.0,80.2,357.0,445.0,,,15.0,,,,10.0,,,,35.3,6.0,17.0,,7.0,,,22.0,13.0,9.0,,15.0,1,,0,2.0,,,,,1.0,,,,,5.0,,,6.77,7.12,UEFA Nations League,UEFA,UEFA
SEL-NATIONS_LEAGUE-2024-25-12057853,Ronda 3,2024-10-10,Austria,1,Kazajistán,4,0,,,29.0,8.0,10.0,11.0,3.0,,,,,,,,,,6.0,14.0,1.0,12.0,63.0,,55.0,66.0,84.0,492.0,586.0,,,15.0,,,,17.0,,,,22.2,8.0,36.0,,6.0,,,19.0,13.0,6.0,,12.0,0,,1,1.0,,,,,,,0.0,1.0,,10.0,,,,,5.0,1.0,1.0,3.0,0.0,,,,,,,,,,0.0,3.0,0.0,7.0,43.0,,7.0,34.0,71.5,221.0,309.0,,,22.0,,,,10.0,,,,33.3,2.0,6.0,,15.0,,,18.0,11.0,7.0,,40.0,4,,0,4.0,,,,,,,1.0,2.0,,17.0,,,7.74,6.45,UEFA Nations League,UEFA,UEFA
SEL-NATIONS_LEAGUE-2024-25-12057850,Ronda 3,2024-10-10,Noruega,1,Eslovenia,3,0,,,25.0,14.0,6.0,5.0,0.0,,,,,,,,,,4.0,4.0,1.0,15.0,52.0,,34.0,53.0,84.6,411.0,486.0,,,18.0,,,,10.0,,,,56.2,9.0,16.0,,7.0,,,18.0,9.0,9.0,,23.0,0,,1,2.0,,,,,0.0,,,1.0,,5.0,,,,,11.0,2.0,7.0,2.0,0.0,,,,,,,,,,2.0,4.0,1.0,6.0,49.0,,10.0,47.0,79.3,334.0,421.0,,,44.0,,,,5.0,,,,42.9,6.0,14.0,,9.0,,,17.0,8.0,9.0,,15.0,3,,0,10.0,,,,,1.0,,,1.0,,11.0,,,7.67,6.68,UEFA Nations League,UEFA,UEFA
SEL-NATIONS_LEAGUE-2024-25-12057797,Ronda 3,2024-10-10,Islas Feroe,1,Armenia,2,2,,,9.0,4.0,3.0,2.0,0.0,,,,,,,,,,1.0,4.0,5.0,5.0,53.0,,19.0,43.0,76.6,265.0,346.0,,,33.0,,,,8.0,,,,23.8,5.0,21.0,,16.0,,,9.0,5.0,4.0,,26.0,2,,0,4.0,,,,,0.0,,2.0,1.0,,10.0,,,,,20.0,6.0,5.0,9.0,0.0,,,,,,,,,,1.0,9.0,1.0,17.0,60.0,,20.0,57.0,84.5,398.0,471.0,,,28.0,,,,9.0,,,,13.0,3.0,23.0,,9.0,,,13.0,9.0,4.0,,22.0,2,,0,2.0,,,,,1.0,,1.0,3.0,,8.0,,,6.9,6.99,UEFA Nations League,UEFA,UEFA
SEL-NATIONS_LEAGUE-2024-25-12057783,Ronda 3,2024-10-10,Gibraltar,1,San Marino,1,0,,,11.0,2.0,9.0,0.0,1.0,,,,,,,,,,1.0,7.0,1.0,11.0,63.0,,19.0,50.0,73.5,263.0,358.0,,,30.0,,,,17.0,,,,28.6,6.0,21.0,,7.0,,,18.0,10.0,8.0,,31.0,0,,1,1.0,,,,,0.0,,,3.0,,11.0,,,,,11.0,2.0,6.0,3.0,0.0,,,,,,,,,,1.0,6.0,0.0,8.0,48.0,,18.0,50.0,73.0,260.0,356.0,,,20.0,,,,11.0,,,,11.8,2.0,17.0,,4.0,,,19.0,15.0,4.0,,23.0,1,,0,1.0,,,,,2.0,,,8.0,,17.0,,,7.24,6.67,UEFA Nations League,UEFA,UEFA
SEL-NATIONS_LEAGUE-2024-25-12057822,Ronda 3,2024-10-11,Estonia,1,Azerbaiyán,3,1,,,10.0,4.0,4.0,2.0,0.0,,,,,,,,,,2.0,0.0,2.0,6.0,45.0,,9.0,33.0,75.6,232.0,307.0,,,20.0,,,,3.0,,,,,0.0,8.0,,8.0,,,17.0,13.0,4.0,,28.0,1,,0,4.0,,,,,1.0,,,2.0,,18.0,,,,,15.0,5.0,5.0,5.0,1.0,,,,,,,,,,4.0,8.0,2.0,10.0,42.0,,35.0,67.0,87.6,538.0,614.0,,,25.0,,,,17.0,,,,23.8,5.0,21.0,,4.0,,,5.0,3.0,2.0,,10.0,3,,0,1.0,,,,,0.0,,,0.0,,3.0,,,7.02,6.63,UEFA Nations League,UEFA,UEFA
SEL-NATIONS_LEAGUE-2024-25-12057895,Ronda 3,2024-10-11,Bosnia,1,Alemania,1,2,,,8.0,1.0,4.0,3.0,1.0,,,,,,,,,,2.0,3.0,0.0,0.0,51.0,,7.0,27.0,64.3,162.0,252.0,,,23.0,,,,9.0,,,,30.8,4.0,13.0,,8.0,,,13.0,9.0,4.0,,17.0,2,,0,2.0,,,,,1.0,,,5.0,,10.0,,,,,12.0,4.0,5.0,3.0,0.0,,,,,,,,,,5.0,2.0,4.0,4.0,58.0,,27.0,73.0,89.1,627.0,704.0,,,29.0,,,,9.0,,,,33.3,6.0,18.0,,4.0,,,13.0,10.0,3.0,,14.0,1,,0,0.0,,,,,0.0,,,1.0,,9.0,,,6.65,7.26,UEFA Nations League,UEFA,UEFA
SEL-NATIONS_LEAGUE-2024-25-12057897,Ronda 3,2024-10-11,Hungría,1,Países Bajos,1,1,,,5.0,1.0,3.0,1.0,1.0,,,,,,,,,,1.0,2.0,1.0,5.0,32.0,,7.0,26.0,69.1,170.0,246.0,,,16.0,,,,6.0,,,,22.2,2.0,9.0,,16.0,,,13.0,6.0,7.0,,24.0,1,,0,3.0,,,,,1.0,,2.0,2.0,0.0,19.0,,,,,16.0,4.0,8.0,4.0,0.0,,,,,,,,,,3.0,5.0,3.0,11.0,84.0,,30.0,74.0,90.0,632.0,702.0,,,12.0,,,,18.0,,,,27.3,6.0,22.0,,4.0,,,13.0,6.0,7.0,,22.0,1,,0,0.0,,,,,1.0,,0.0,2.0,1.0,8.0,,,6.77,7.22,UEFA Nations League,UEFA,UEFA
SEL-NATIONS_LEAGUE-2024-25-12057876,Ronda 3,2024-10-11,República Checa,1,Albania,2,0,,,19.0,5.0,9.0,5.0,0.0,,,,,,,,,,2.0,4.0,,8.0,65.0,,33.0,60.0,83.0,435.0,524.0,,,29.0,,,,12.0,,,,61.1,11.0,18.0,,5.0,,,15.0,9.0,6.0,,5.0,0,,1,2.0,,,,,1.0,,,1.0,,15.0,,,,,7.0,2.0,4.0,1.0,0.0,,,,,,,,,,0.0,3.0,,8.0,39.0,,10.0,40.0,79.5,275.0,346.0,,,36.0,,,,15.0,,,,,0.0,8.0,,11.0,,,10.0,5.0,5.0,,22.0,2,,0,3.0,,,,,0.0,,,1.0,,12.0,,,7.35,6.72,UEFA Nations League,UEFA,UEFA
SEL-NATIONS_LEAGUE-2024-25-12057874,Ronda 3,2024-10-11,Ucrania,1,Georgia,1,0,,,12.0,2.0,7.0,3.0,0.0,,,,,,,,,,,3.0,2.0,4.0,52.0,,19.0,41.0,77.3,273.0,353.0,,,20.0,,,,9.0,,,,33.3,5.0,15.0,,11.0,,,30.0,20.0,10.0,,27.0,0,,1,4.0,,,,,1.0,,2.0,4.0,,11.0,,,,,13.0,4.0,5.0,4.0,0.0,,,,,,,,,,,7.0,1.0,11.0,41.0,,22.0,59.0,86.0,437.0,508.0,,,20.0,,,,11.0,,,,8.3,2.0,24.0,,11.0,,,14.0,7.0,7.0,,17.0,1,,0,1.0,,,,,1.0,,0.0,4.0,,9.0,,,7.41,6.8,UEFA Nations League,UEFA,UEFA
SEL-NATIONS_LEAGUE-2024-25-12057835,Ronda 3,2024-10-11,Islandia,1,Gales,2,2,,,20.0,4.0,12.0,4.0,2.0,,,,,,,,,,3.0,4.0,3.0,6.0,58.0,,29.0,42.0,79.4,258.0,325.0,,,24.0,,,,8.0,,,,21.1,4.0,19.0,,2.0,,,13.0,11.0,2.0,,12.0,2,,0,4.0,,,,,1.0,,1.0,2.0,,16.0,,,,,8.0,6.0,0.0,2.0,1.0,,,,,,,,,,4.0,1.0,0.0,6.0,33.0,,10.0,58.0,85.2,403.0,473.0,,,20.0,,,,16.0,,,,12.5,1.0,8.0,,11.0,,,13.0,9.0,4.0,,32.0,2,,0,2.0,,,,,0.0,,0.0,5.0,,8.0,,,6.8,6.92,UEFA Nations League,UEFA,UEFA
SEL-NATIONS_LEAGUE-2024-25-12057842,Ronda 3,2024-10-11,Turquía,1,Montenegro,1,0,,,29.0,9.0,11.0,9.0,2.0,,,,,,,,,,3.0,6.0,2.0,7.0,57.0,,44.0,64.0,87.3,428.0,490.0,,,21.0,,,,9.0,,,,21.6,8.0,37.0,,5.0,,,10.0,7.0,3.0,,15.0,0,,1,3.0,,,,,,,,3.0,,19.0,,,,,10.0,3.0,5.0,2.0,0.0,,,,,,,,,,1.0,5.0,2.0,5.0,26.0,,10.0,36.0,75.0,207.0,276.0,,,30.0,,,,17.0,,,,30.8,4.0,13.0,,6.0,,,14.0,5.0,9.0,,36.0,1,,0,8.0,,,,,,,,2.0,,10.0,,,7.35,6.99,UEFA Nations League,UEFA,UEFA
SEL-NATIONS_LEAGUE-2024-25-12057821,Ronda 3,2024-10-11,Eslovaquia,1,Suecia,2,2,,,11.0,5.0,2.0,4.0,0.0,,,,,,,,,,2.0,5.0,4.0,4.0,41.0,,20.0,47.0,73.9,261.0,353.0,,,32.0,,,,18.0,,,,10.5,2.0,19.0,,12.0,,,19.0,10.0,9.0,,22.0,2,,0,6.0,,,,,,,2.0,4.0,,14.0,,,,,19.0,8.0,4.0,7.0,1.0,,,,,,,,,,5.0,7.0,2.0,6.0,50.0,,43.0,53.0,78.2,316.0,404.0,,,19.0,,,,14.0,,,,31.6,6.0,19.0,,5.0,,,13.0,10.0,3.0,,22.0,2,,0,3.0,,,,,,,0.0,2.0,,18.0,,,7.11,6.82,UEFA Nations League,UEFA,UEFA
SEL-NATIONS_LEAGUE-2024-25-12057910,Ronda 3,2024-10-12,Lituania,1,Kosovo,1,2,,,9.0,2.0,3.0,4.0,0.0,,,,,,,,,,2.0,3.0,2.0,10.0,75.0,,18.0,52.0,78.5,369.0,470.0,,,25.0,,,,12.0,,,,12.5,2.0,16.0,,18.0,,,15.0,11.0,4.0,,22.0,2,,0,2.0,,,,,,,,2.0,,13.0,,,,,9.0,4.0,4.0,1.0,0.0,,,,,,,,,,0.0,4.0,1.0,15.0,53.0,,28.0,48.0,77.2,328.0,425.0,,,29.0,,,,13.0,,,,10.5,2.0,19.0,,12.0,,,10.0,9.0,1.0,,27.0,1,,0,1.0,,,,,,,,3.0,,14.0,,,6.63,6.88,UEFA Nations League,UEFA,UEFA
SEL-NATIONS_LEAGUE-2024-25-12057923,Ronda 3,2024-10-12,Croacia,1,Escocia,2,1,,,17.0,6.0,5.0,6.0,0.0,,,,,,,,,,1.0,3.0,1.0,13.0,60.0,,22.0,51.0,89.5,497.0,555.0,,,29.0,,,,7.0,,,,10.0,2.0,20.0,,15.0,,,15.0,9.0,6.0,,13.0,1,,0,1.0,,,,,,,0.0,2.0,,14.0,,,,,9.0,2.0,5.0,2.0,0.0,,,,,,,,,,2.0,2.0,6.0,5.0,34.0,,22.0,49.0,85.6,452.0,528.0,,,22.0,,,,14.0,,,,23.8,5.0,21.0,,3.0,,,14.0,9.0,5.0,,19.0,2,,0,4.0,,,,,,,1.0,2.0,,7.0,,,7.14,6.76,UEFA Nations League,UEFA,UEFA
SEL-NATIONS_LEAGUE-2024-25-12057813,Ronda 3,2024-10-12,Bulgaria,1,Luxemburgo,0,0,,,7.0,3.0,2.0,2.0,0.0,,,,,,,,,,1.0,6.0,,6.0,57.0,,14.0,55.0,71.5,296.0,414.0,,,24.0,,,,19.0,,,,15.0,3.0,20.0,,13.0,,,17.0,8.0,9.0,,19.0,0,,1,0.0,,,,,,,,6.0,,12.0,,,,,6.0,0.0,5.0,1.0,0.0,,,,,,,,,,1.0,3.0,,5.0,48.0,,7.0,45.0,71.3,243.0,341.0,,,15.0,,,,11.0,,,,25.0,3.0,12.0,,13.0,,,8.0,4.0,4.0,,28.0,0,,1,2.0,,,,,,,,5.0,,19.0,,,6.87,6.8,UEFA Nations League,UEFA,UEFA
SEL-NATIONS_LEAGUE-2024-25-12057926,Ronda 3,2024-10-12,Polonia,1,Portugal,1,3,,,12.0,4.0,7.0,1.0,0.0,,,,,,,,,,2.0,7.0,1.0,6.0,41.0,,20.0,37.0,87.7,307.0,350.0,,,20.0,,,,16.0,,,,17.9,5.0,28.0,,6.0,,,16.0,9.0,7.0,,25.0,3,,0,4.0,,,,,1.0,,,4.0,,12.0,,,,,18.0,6.0,6.0,6.0,2.0,,,,,,,,,,6.0,4.0,1.0,13.0,45.0,,29.0,63.0,91.5,571.0,624.0,,,16.0,,,,12.0,,,,13.3,2.0,15.0,,6.0,,,17.0,9.0,8.0,,25.0,1,,0,3.0,,,,,2.0,,,1.0,,16.0,,,6.74,7.31,UEFA Nations League,UEFA,UEFA
SEL-NATIONS_LEAGUE-2024-25-12057886,Ronda 3,2024-10-12,Serbia,1,Suiza,2,0,,,7.0,4.0,2.0,1.0,0.0,,,,,,,,,,2.0,3.0,0.0,6.0,44.0,,13.0,33.0,77.7,227.0,292.0,,,27.0,,,,11.0,,,,13.3,2.0,15.0,,11.0,,,13.0,4.0,9.0,,34.0,0,,1,4.0,,,1.0,,0.0,,,3.0,,12.0,,,,,11.0,4.0,3.0,4.0,1.0,,,,,,,,,,3.0,7.0,4.0,7.0,65.0,,22.0,67.0,86.9,522.0,601.0,,,26.0,,,,11.0,,,,21.7,5.0,23.0,,5.0,,,10.0,7.0,3.0,,15.0,2,,0,3.0,,,0.0,,1.0,,,2.0,,11.0,,,7.17,6.71,UEFA Nations League,UEFA,UEFA
SEL-NATIONS_LEAGUE-2024-25-12057881,Ronda 3,2024-10-12,España,1,Dinamarca,1,0,,,25.0,6.0,13.0,6.0,0.0,,,,,,,,,,5.0,4.0,0.0,16.0,65.0,,25.0,61.0,91.0,576.0,633.0,,,18.0,,,,16.0,,,,21.4,6.0,28.0,,13.0,,,14.0,10.0,4.0,,12.0,0,,1,1.0,,,,,1.0,,,1.0,,9.0,,,,,3.0,1.0,0.0,2.0,0.0,,,,,,,,,,0.0,4.0,2.0,6.0,30.0,,11.0,39.0,82.0,329.0,401.0,,,20.0,,,,9.0,,,,22.2,2.0,9.0,,5.0,,,15.0,8.0,7.0,,28.0,1,,0,5.0,,,,,0.0,,,4.0,,17.0,,,7.5,6.65,UEFA Nations League,UEFA,UEFA
SEL-NATIONS_LEAGUE-2024-25-12057825,Ronda 3,2024-10-12,Chipre,1,Rumania,0,3,,,15.0,4.0,8.0,3.0,0.0,,,,,,,,,,4.0,4.0,2.0,6.0,41.0,,18.0,42.0,80.7,292.0,362.0,,,14.0,,,,14.0,,,,35.3,6.0,17.0,,9.0,,,27.0,14.0,13.0,,17.0,3,,0,6.0,,,,,,,0.0,4.0,,11.0,,,,,19.0,9.0,4.0,6.0,0.0,,,,,,,,,,5.0,6.0,2.0,12.0,25.0,,33.0,58.0,84.9,432.0,509.0,,,29.0,,,,11.0,,,,12.5,1.0,8.0,,8.0,,,18.0,8.0,10.0,,18.0,0,,1,4.0,,,,,,,1.0,2.0,,14.0,,,6.75,7.23,UEFA Nations League,UEFA,UEFA
SEL-NATIONS_LEAGUE-2024-25-12057807,Ronda 3,2024-10-12,Bielorrusia,1,Irlanda del Norte,0,0,,,6.0,2.0,2.0,2.0,0.0,,,,,,,,,,1.0,3.0,1.0,3.0,44.0,,13.0,39.0,75.6,236.0,312.0,,,17.0,,,,16.0,,,,33.3,4.0,12.0,,8.0,,,18.0,6.0,12.0,,29.0,0,,1,7.0,,,,,1.0,,1.0,2.0,,16.0,,,,,15.0,7.0,4.0,4.0,1.0,,,,,,,,,,4.0,7.0,1.0,9.0,55.0,,22.0,61.0,83.5,405.0,485.0,,,29.0,,,,15.0,,,,25.0,7.0,28.0,,2.0,,,11.0,8.0,3.0,,12.0,0,,1,2.0,,,,,0.0,,0.0,1.0,,18.0,,,7.06,7.05,UEFA Nations League,UEFA,UEFA
SEL-NATIONS_LEAGUE-2024-25-12057856,Ronda 4,2024-10-13,Kazajistán,1,Eslovenia,0,1,,,7.0,3.0,3.0,1.0,2.0,,,,,,,,,,0.0,5.0,2.0,7.0,58.0,,10.0,52.0,83.0,401.0,483.0,,,37.0,,,,7.0,,,,18.2,2.0,11.0,,9.0,,,17.0,12.0,5.0,,17.0,1,,0,3.0,,,,,1.0,,,4.0,,12.0,,,,,7.0,4.0,3.0,0.0,1.0,,,,,,,,,,2.0,4.0,2.0,7.0,54.0,,14.0,48.0,82.4,360.0,437.0,,,33.0,,,,12.0,,,,7.1,1.0,14.0,,7.0,,,18.0,12.0,6.0,,18.0,0,,1,3.0,,,,,0.0,,,1.0,,8.0,,,6.87,6.99,UEFA Nations League,UEFA,UEFA
SEL-NATIONS_LEAGUE-2024-25-12057867,Ronda 4,2024-10-13,Finlandia,1,Inglaterra,1,3,,,13.0,3.0,5.0,5.0,0.0,,,,,,,,,,2.0,4.0,0.0,2.0,40.0,,23.0,31.0,82.2,291.0,354.0,,,22.0,,,,6.0,,,,6.7,1.0,15.0,,13.0,,,15.0,10.0,5.0,,23.0,3,,0,3.0,,,,,1.0,,,,,7.0,,,,,15.0,6.0,6.0,3.0,0.0,,,,,,,,,,2.0,5.0,1.0,11.0,64.0,,35.0,69.0,92.1,753.0,818.0,,,20.0,,,,7.0,,,,20.0,2.0,10.0,,8.0,,,17.0,10.0,7.0,,5.0,1,,0,2.0,,,,,1.0,,,,,7.0,,,6.72,7.41,UEFA Nations League,UEFA,UEFA
SEL-NATIONS_LEAGUE-2024-25-12057796,Ronda 4,2024-10-13,Armenia,1,Macedonia del Norte,0,2,,,16.0,3.0,9.0,4.0,0.0,,,,,,,,,,2.0,4.0,2.0,13.0,55.0,,17.0,58.0,85.0,419.0,493.0,,,19.0,,,,12.0,,,,15.4,2.0,13.0,,7.0,,,24.0,13.0,11.0,,5.0,2,,0,1.0,,,,,0.0,,0.0,2.0,,10.0,,,,,6.0,3.0,2.0,1.0,0.0,,,,,,,,,,1.0,2.0,2.0,2.0,53.0,,12.0,42.0,75.7,278.0,367.0,,,29.0,,,,10.0,,,,,0.0,2.0,,9.0,,,27.0,19.0,8.0,,28.0,0,,1,3.0,,,,,3.0,,2.0,1.0,,12.0,,,6.85,7.15,UEFA Nations League,UEFA,UEFA
SEL-NATIONS_LEAGUE-2024-25-12057778,Ronda 4,2024-10-13,Liechtenstein,1,Gibraltar,0,0,,,4.0,2.0,2.0,0.0,0.0,,,,,,,,,,1.0,1.0,2.0,6.0,59.0,,7.0,60.0,80.2,353.0,440.0,,,24.0,,,,10.0,,,,7.1,1.0,14.0,,2.0,,,8.0,5.0,3.0,,24.0,0,,1,1.0,,,0.0,,3.0,,1.0,3.0,0.0,17.0,,,,,5.0,1.0,4.0,0.0,0.0,,,,,,,,,,0.0,2.0,3.0,10.0,40.0,,7.0,40.0,72.9,207.0,284.0,,,33.0,,,,16.0,,,,14.3,2.0,14.0,,8.0,,,14.0,6.0,8.0,,22.0,0,,1,2.0,,,1.0,,0.0,,0.0,3.0,1.0,10.0,,,6.69,7.05,UEFA Nations League,UEFA,UEFA
SEL-NATIONS_LEAGUE-2024-25-12057785,Ronda 4,2024-10-13,Malta,1,Moldavia,1,0,,,13.0,4.0,7.0,2.0,1.0,,,,,,,,,,3.0,3.0,1.0,8.0,58.0,,18.0,63.0,82.8,477.0,576.0,,,13.0,,,,23.0,,,,17.6,3.0,17.0,,7.0,,,15.0,11.0,4.0,,8.0,0,,1,1.0,,,,,1.0,,,3.0,,9.0,,,,,10.0,1.0,4.0,5.0,0.0,,,,,,,,,,0.0,4.0,5.0,8.0,53.0,,14.0,37.0,70.4,233.0,331.0,,,26.0,,,,9.0,,,,35.7,5.0,14.0,,10.0,,,18.0,10.0,8.0,,16.0,1,,0,3.0,,,,,1.0,,,3.0,,25.0,,,6.95,6.79,UEFA Nations League,UEFA,UEFA
SEL-NATIONS_LEAGUE-2024-25-12057860,Ronda 4,2024-10-13,Grecia,1,Irlanda,2,0,,,21.0,7.0,8.0,6.0,0.0,,,,,,,,,,3.0,5.0,1.0,7.0,70.0,,36.0,55.0,83.0,391.0,471.0,,,25.0,,,,17.0,,,,35.3,6.0,17.0,,5.0,,,16.0,11.0,5.0,,21.0,0,,1,2.0,,,,,1.0,,2.0,2.0,,14.0,,,,,8.0,2.0,4.0,2.0,0.0,,,,,,,,,,0.0,5.0,0.0,4.0,56.0,,23.0,45.0,79.1,303.0,383.0,,,27.0,,,,13.0,,,,17.6,3.0,17.0,,7.0,,,12.0,6.0,6.0,,16.0,2,,0,5.0,,,,,1.0,,1.0,0.0,,17.0,,,7.35,6.68,UEFA Nations League,UEFA,UEFA
SEL-NATIONS_LEAGUE-2024-25-12057855,Ronda 4,2024-10-13,Austria,1,Noruega,5,1,,,16.0,10.0,6.0,0.0,0.0,,,,,,,,,,3.0,3.0,1.0,6.0,59.0,,28.0,66.0,87.7,506.0,577.0,,,30.0,,,,7.0,,,,26.3,5.0,19.0,,5.0,,,18.0,12.0,6.0,,9.0,1,,0,0.0,,,,,2.0,,0.0,1.0,,8.0,,,,,8.0,1.0,7.0,0.0,1.0,,,,,,,,,,1.0,1.0,0.0,6.0,36.0,,13.0,34.0,77.1,232.0,301.0,,,15.0,,,,7.0,,,,20.0,2.0,10.0,,5.0,,,12.0,7.0,5.0,,17.0,5,,0,5.0,,,,,2.0,,1.0,3.0,,8.0,,,7.39,6.35,UEFA Nations League,UEFA,UEFA
SEL-NATIONS_LEAGUE-2024-25-12057794,Ronda 4,2024-10-13,Islas Feroe,1,Letonia,1,1,,,14.0,4.0,8.0,2.0,0.0,,,,,,,,,,2.0,5.0,2.0,7.0,70.0,,27.0,62.0,85.7,499.0,582.0,,,40.0,,,,12.0,,,,26.1,6.0,23.0,,3.0,,,13.0,6.0,7.0,,17.0,1,,0,3.0,,,,,1.0,,,2.0,,11.0,,,,,11.0,4.0,5.0,2.0,0.0,,,,,,,,,,3.0,1.0,1.0,4.0,41.0,,15.0,38.0,77.7,282.0,363.0,,,30.0,,,,11.0,,,,25.0,3.0,12.0,,9.0,,,9.0,5.0,4.0,,23.0,1,,0,3.0,,,,,3.0,,,1.0,,12.0,,,7.03,6.71,UEFA Nations League,UEFA,UEFA
SEL-NATIONS_LEAGUE-2024-25-12057871,Ronda 4,2024-10-14,Georgia,1,Albania,0,1,,,16.0,3.0,7.0,6.0,0.0,,,,,,,,,,3.0,11.0,1.0,18.0,74.0,,32.0,64.0,90.3,571.0,632.0,,,21.0,,,,9.0,,,,19.2,5.0,26.0,,9.0,,,13.0,9.0,4.0,,8.0,1,,0,3.0,,,,,0.0,,0.0,1.0,,11.0,,,,,10.0,4.0,3.0,3.0,0.0,,,,,,,,,,2.0,3.0,1.0,5.0,30.0,,12.0,36.0,82.8,303.0,366.0,,,19.0,,,,11.0,,,,16.7,1.0,6.0,,10.0,,,18.0,12.0,6.0,,36.0,0,,1,3.0,,,,,1.0,,1.0,3.0,,10.0,,,7.11,7.17,UEFA Nations League,UEFA,UEFA
SEL-NATIONS_LEAGUE-2024-25-12057823,Ronda 4,2024-10-14,Azerbaiyán,1,Eslovaquia,1,3,,,10.0,2.0,7.0,1.0,0.0,,,,,,,,,,4.0,5.0,1.0,1.0,34.0,,17.0,40.0,80.6,312.0,387.0,,,24.0,,,,10.0,,,,30.8,4.0,13.0,,6.0,,,23.0,16.0,7.0,,27.0,3,,0,1.0,,,,,,,1.0,3.0,1.0,17.0,,,,,9.0,3.0,3.0,3.0,0.0,,,,,,,,,,1.0,6.0,0.0,5.0,75.0,,29.0,60.0,87.2,512.0,587.0,,,20.0,,,,16.0,,,,6.7,1.0,15.0,,8.0,,,9.0,6.0,3.0,,12.0,1,,0,1.0,,,,,,,1.0,0.0,0.0,10.0,,,6.59,6.92,UEFA Nations League,UEFA,UEFA
SEL-NATIONS_LEAGUE-2024-25-12057907,Ronda 4,2024-10-14,Bélgica,1,Francia,1,2,,,20.0,7.0,8.0,5.0,0.0,,,,,,,,,,3.0,9.0,3.0,10.0,41.0,,39.0,46.0,84.7,310.0,366.0,,,22.0,,,,12.0,,,,34.6,9.0,26.0,,3.0,,,13.0,9.0,4.0,,25.0,2,,0,2.0,,,,,0.0,,,3.0,0.0,10.0,,,,,14.0,4.0,6.0,4.0,0.0,,,,,,,,,,2.0,4.0,0.0,10.0,45.0,,29.0,54.0,86.8,376.0,433.0,,,24.0,,,,9.0,,,,9.5,2.0,21.0,,9.0,,,15.0,7.0,8.0,,23.0,1,,0,6.0,,,,,1.0,,,6.0,1.0,14.0,,,6.96,7.15,UEFA Nations League,UEFA,UEFA
SEL-NATIONS_LEAGUE-2024-25-12057913,Ronda 4,2024-10-14,Italia,1,Israel,4,1,,,17.0,8.0,7.0,2.0,0.0,,,,,,,,,,5.0,11.0,0.0,4.0,63.0,,39.0,69.0,92.0,560.0,609.0,,,37.0,,,,9.0,,,,30.8,8.0,26.0,,6.0,,,8.0,6.0,2.0,,2.0,1,,0,1.0,,,,,0.0,,0.0,1.0,,10.0,,,,,5.0,2.0,3.0,0.0,0.0,,,,,,,,,,0.0,2.0,1.0,1.0,21.0,,1.0,31.0,79.2,224.0,283.0,,,19.0,,,,9.0,,,,,0.0,2.0,,3.0,,,23.0,14.0,9.0,,25.0,4,,0,4.0,,,,,3.0,,2.0,0.0,,10.0,,,7.32,6.54,UEFA Nations League,UEFA,UEFA
SEL-NATIONS_LEAGUE-2024-25-12057902,Ronda 4,2024-10-14,Bosnia,1,Hungría,0,2,,,12.0,3.0,7.0,2.0,0.0,,,,,,,,,,1.0,4.0,1.0,10.0,71.0,,25.0,66.0,83.8,425.0,507.0,,,37.0,,,,19.0,,,,10.3,3.0,29.0,,5.0,,,13.0,7.0,6.0,,14.0,2,,0,3.0,,,,,1.0,,1.0,3.0,,10.0,,,,,12.0,5.0,6.0,1.0,0.0,,,,,,,,,,1.0,3.0,0.0,7.0,41.0,,11.0,34.0,69.4,179.0,258.0,,,24.0,,,,10.0,,,,17.6,3.0,17.0,,7.0,,,27.0,15.0,12.0,,34.0,0,,1,3.0,,,,,1.0,,1.0,1.0,,19.0,,,6.77,7.21,UEFA Nations League,UEFA,UEFA
SEL-NATIONS_LEAGUE-2024-25-12057901,Ronda 4,2024-10-14,Alemania,1,Países Bajos,1,0,,,13.0,5.0,3.0,5.0,0.0,,,,,,,,,,1.0,4.0,1.0,5.0,46.0,,26.0,49.0,85.6,428.0,500.0,,,19.0,,,,10.0,,,,33.3,5.0,15.0,,12.0,,,16.0,5.0,11.0,,12.0,0,,1,1.0,,,,,0.0,,,3.0,,10.0,,,,,3.0,1.0,2.0,0.0,1.0,,,,,,,,,,0.0,3.0,1.0,5.0,58.0,,9.0,51.0,86.6,453.0,523.0,,,21.0,,,,10.0,,,,14.3,2.0,14.0,,12.0,,,8.0,3.0,5.0,,13.0,1,,0,4.0,,,,,1.0,,,3.0,,10.0,,,7.3,6.7,UEFA Nations League,UEFA,UEFA
SEL-NATIONS_LEAGUE-2024-25-12057870,Ronda 4,2024-10-14,Ucrania,1,República Checa,1,1,,,13.0,3.0,5.0,5.0,0.0,,,,,,,,,,2.0,7.0,2.0,3.0,63.0,,17.0,53.0,78.5,344.0,438.0,,,27.0,,,,10.0,,,,,0.0,19.0,,5.0,,,17.0,11.0,6.0,,18.0,1,,0,6.0,,,,,,,,1.0,,8.0,,,,,15.0,7.0,7.0,1.0,0.0,,,,,,,,,,2.0,5.0,1.0,6.0,69.0,,22.0,47.0,79.1,306.0,387.0,,,34.0,,,,8.0,,,,39.1,9.0,23.0,,13.0,,,11.0,8.0,3.0,,25.0,1,,0,2.0,,,,,,,,4.0,,12.0,,,6.88,7.02,UEFA Nations League,UEFA,UEFA
SEL-NATIONS_LEAGUE-2024-25-12057840,Ronda 4,2024-10-14,Islandia,1,Turquía,2,4,,,12.0,7.0,2.0,3.0,0.0,,,,,,,,,,2.0,4.0,1.0,4.0,38.0,,14.0,36.0,71.2,213.0,299.0,,,29.0,,,,7.0,,,,14.3,2.0,14.0,,4.0,,,21.0,13.0,8.0,,22.0,4,,0,8.0,,,,,2.0,,,3.0,,12.0,,,,,24.0,12.0,4.0,8.0,1.0,,,,,,,,,,4.0,6.0,4.0,14.0,69.0,,41.0,64.0,85.6,464.0,542.0,,,19.0,,,,10.0,,,,22.7,5.0,22.0,,8.0,,,13.0,10.0,3.0,,18.0,2,,0,4.0,,,,,0.0,,,3.0,,9.0,,,6.75,7.33,UEFA Nations League,UEFA,UEFA
SEL-NATIONS_LEAGUE-2024-25-12057836,Ronda 4,2024-10-14,Gales,1,Montenegro,1,0,,,13.0,5.0,6.0,2.0,0.0,,,,,,,,,,4.0,9.0,1.0,7.0,69.0,,23.0,66.0,87.9,507.0,577.0,,,13.0,,,,15.0,,,,21.1,4.0,19.0,,4.0,,,13.0,7.0,6.0,,20.0,0,,1,0.0,,,,,0.0,,,0.0,,21.0,,,,,5.0,0.0,4.0,1.0,1.0,,,,,,,,,,0.0,2.0,1.0,7.0,38.0,,9.0,34.0,72.6,209.0,288.0,,,21.0,,,,21.0,,,,16.7,3.0,18.0,,12.0,,,16.0,9.0,7.0,,21.0,1,,0,4.0,,,,,1.0,,,4.0,,16.0,,,7.05,6.69,UEFA Nations League,UEFA,UEFA
SEL-NATIONS_LEAGUE-2024-25-12057826,Ronda 4,2024-10-14,Estonia,1,Suecia,0,3,,,4.0,0.0,3.0,1.0,0.0,,,,,,,,,,0.0,2.0,0.0,3.0,29.0,,6.0,26.0,68.0,172.0,253.0,,,20.0,,,,13.0,,,,12.5,1.0,8.0,,15.0,,,14.0,8.0,6.0,,32.0,3,,0,7.0,,,,,2.0,,,2.0,,13.0,,,,,19.0,10.0,5.0,4.0,0.0,,,,,,,,,,2.0,9.0,1.0,11.0,86.0,,59.0,74.0,88.2,659.0,747.0,,,23.0,,,,12.0,,,,16.7,3.0,18.0,,8.0,,,8.0,7.0,1.0,,13.0,0,,1,0.0,,,,,0.0,,,3.0,,13.0,,,6.55,7.83,UEFA Nations League,UEFA,UEFA
SEL-NATIONS_LEAGUE-2024-25-12057927,Ronda 4,2024-10-15,Polonia,1,Croacia,3,3,,,14.0,6.0,6.0,2.0,0.0,,,,,,,,,,2.0,2.0,0.0,5.0,46.0,,13.0,47.0,85.4,358.0,419.0,,,24.0,,,,9.0,,,,10.5,2.0,19.0,,8.0,,,20.0,14.0,6.0,,20.0,3,,0,5.0,,,,,,,,1.0,0.0,14.0,,,,,15.0,8.0,3.0,4.0,0.0,,,,,,,,,,3.0,3.0,1.0,8.0,50.0,,20.0,53.0,86.0,413.0,480.0,,,39.0,,,,14.0,,,,27.3,3.0,11.0,,6.0,,,15.0,7.0,8.0,,19.0,3,,0,3.0,,,,,,,,3.0,1.0,9.0,,,6.79,7.04,UEFA Nations League,UEFA,UEFA
SEL-NATIONS_LEAGUE-2024-25-12057922,Ronda 4,2024-10-15,Escocia,1,Portugal,0,0,,,4.0,2.0,1.0,1.0,0.0,,,,,,,,,,1.0,1.0,0.0,2.0,33.0,,9.0,30.0,79.6,250.0,314.0,,,28.0,,,,19.0,,,,33.3,3.0,9.0,,7.0,,,11.0,8.0,3.0,,29.0,0,,1,3.0,,,,,1.0,,1.0,1.0,,13.0,,,,,14.0,3.0,5.0,6.0,1.0,,,,,,,,,,1.0,9.0,1.0,12.0,77.0,,46.0,70.0,91.3,652.0,714.0,,,27.0,,,,12.0,,,,12.8,5.0,39.0,,3.0,,,9.0,4.0,5.0,,4.0,0,,1,2.0,,,,,0.0,,0.0,4.0,,19.0,,,6.95,7.25,UEFA Nations League,UEFA,UEFA
SEL-NATIONS_LEAGUE-2024-25-12057888,Ronda 4,2024-10-15,España,1,Serbia,3,0,,,30.0,10.0,12.0,8.0,2.0,,,,,,,,,,4.0,6.0,3.0,6.0,65.0,,45.0,67.0,89.1,565.0,634.0,,,34.0,,,,10.0,,,,45.5,10.0,22.0,,2.0,,,11.0,7.0,4.0,,6.0,0,,1,1.0,,,,,,,,1.0,0.0,12.0,,,,,3.0,1.0,2.0,0.0,0.0,,,,,,,,,,1.0,2.0,2.0,3.0,29.0,,5.0,33.0,76.9,243.0,316.0,,,21.0,,,,12.0,,,,,0.0,6.0,,1.0,,,9.0,4.0,5.0,,20.0,3,,0,7.0,,,,,,,,4.0,1.0,12.0,,,7.5,6.43,UEFA Nations League,UEFA,UEFA
SEL-NATIONS_LEAGUE-2024-25-12057883,Ronda 4,2024-10-15,Suiza,1,Dinamarca,2,2,,,14.0,3.0,9.0,2.0,0.0,,,,,,,,,,4.0,6.0,0.0,8.0,60.0,,28.0,61.0,89.1,516.0,579.0,,,21.0,,,,7.0,,,,23.8,5.0,21.0,,8.0,,,9.0,4.0,5.0,,17.0,2,,0,3.0,,,,,0.0,,,2.0,,12.0,,,,,8.0,5.0,2.0,1.0,0.0,,,,,,,,,,2.0,4.0,3.0,5.0,55.0,,20.0,39.0,83.4,317.0,380.0,,,23.0,,,,12.0,,,,40.0,4.0,10.0,,6.0,,,16.0,11.0,5.0,,18.0,2,,0,1.0,,,,,1.0,,,1.0,,7.0,,,6.86,7.03,UEFA Nations League,UEFA,UEFA
SEL-NATIONS_LEAGUE-2024-25-12057818,Ronda 4,2024-10-15,Kosovo,1,Chipre,3,0,,,15.0,6.0,6.0,3.0,0.0,,,,,,,,,,2.0,5.0,2.0,10.0,71.0,,26.0,63.0,86.3,490.0,568.0,,,38.0,,,,12.0,,,,7.7,1.0,13.0,,7.0,,,17.0,8.0,9.0,,22.0,0,,1,4.0,,,,,0.0,,1.0,1.0,,9.0,,,,,11.0,4.0,5.0,2.0,0.0,,,,,,,,,,0.0,6.0,1.0,14.0,44.0,,33.0,37.0,73.3,228.0,311.0,,,17.0,,,,9.0,,,,33.3,8.0,24.0,,9.0,,,21.0,13.0,8.0,,20.0,3,,0,3.0,,,,,1.0,,0.0,3.0,,12.0,,,7.26,6.64,UEFA Nations League,UEFA,UEFA
SEL-NATIONS_LEAGUE-2024-25-12057781,Ronda 4,2024-10-15,Lituania,1,Rumania,1,2,,,7.0,3.0,3.0,1.0,1.0,,,,,,,,,,3.0,0.0,1.0,10.0,70.0,,14.0,50.0,72.0,286.0,397.0,,,26.0,,,,10.0,,,,16.7,1.0,6.0,,7.0,,,19.0,14.0,5.0,,18.0,2,,0,3.0,,,,,,,,3.0,,18.0,,,,,13.0,4.0,6.0,3.0,0.0,,,,,,,,,,2.0,9.0,4.0,5.0,69.0,,25.0,50.0,70.2,278.0,396.0,,,30.0,,,,15.0,,,,23.1,3.0,13.0,,8.0,,,20.0,11.0,9.0,,11.0,1,,0,2.0,,,,,,,,2.0,,11.0,,,6.72,6.87,UEFA Nations League,UEFA,UEFA
SEL-NATIONS_LEAGUE-2024-25-12057808,Ronda 4,2024-10-15,Bielorrusia,1,Luxemburgo,1,1,,,12.0,6.0,2.0,4.0,0.0,,,,,,,,,,1.0,5.0,2.0,8.0,42.0,,20.0,35.0,65.2,174.0,267.0,,,20.0,,,,18.0,,,,18.8,3.0,16.0,,12.0,,,14.0,6.0,8.0,,22.0,1,,0,4.0,,,0.0,,1.0,,1.0,2.0,,16.0,,,,,14.0,5.0,4.0,5.0,1.0,,,,,,,,,,2.0,2.0,0.0,8.0,56.0,,15.0,65.0,80.9,416.0,514.0,,,23.0,,,,13.0,,,,,0.0,12.0,,6.0,,,9.0,2.0,7.0,,19.0,1,,0,5.0,,,1.0,,2.0,,0.0,6.0,,20.0,,,7.04,6.95,UEFA Nations League,UEFA,UEFA
SEL-NATIONS_LEAGUE-2024-25-12057804,Ronda 4,2024-10-15,Irlanda del Norte,1,Bulgaria,5,0,,,12.0,4.0,6.0,2.0,1.0,,,,,,,,,,1.0,7.0,2.0,12.0,41.0,,18.0,43.0,77.3,249.0,322.0,,,23.0,,,,12.0,,,,10.5,2.0,19.0,,12.0,,,25.0,16.0,9.0,,11.0,0,,1,1.0,,,,,0.0,,0.0,2.0,,15.0,,,,,5.0,1.0,3.0,1.0,1.0,,,,,,,,,,2.0,2.0,2.0,8.0,29.0,,10.0,57.0,80.5,367.0,456.0,,,16.0,,,,13.0,,,,12.5,1.0,8.0,,10.0,,,20.0,12.0,8.0,,25.0,5,,0,0.0,,,,,1.0,,1.0,2.0,,12.0,,,7.29,6.15,UEFA Nations League,UEFA,UEFA
SEL-NATIONS_LEAGUE-2024-25-12057846,Ronda 5,2024-11-14,Kazajistán,1,Austria,0,2,,,6.0,1.0,3.0,2.0,0.0,,,,,,,,,,0.0,1.0,0.0,7.0,44.0,,4.0,35.0,66.7,216.0,324.0,,,19.0,,,,8.0,,,,12.5,1.0,8.0,,11.0,,,18.0,15.0,3.0,,30.0,2,,0,6.0,,,,,1.0,,,1.0,1.0,12.0,,,,,23.0,8.0,11.0,4.0,1.0,,,,,,,,,,6.0,4.0,3.0,9.0,73.0,,43.0,65.0,83.3,500.0,600.0,,,30.0,,,,12.0,,,,43.5,10.0,23.0,,14.0,,,25.0,12.0,13.0,,6.0,0,,1,1.0,,,,,0.0,,,0.0,0.0,8.0,,,6.3,7.58,UEFA Nations League,UEFA,UEFA
SEL-NATIONS_LEAGUE-2024-25-12057795,Ronda 5,2024-11-14,Armenia,1,Islas Feroe,0,1,,,25.0,9.0,10.0,6.0,0.0,,,,,,,,,,3.0,16.0,1.0,13.0,82.0,,38.0,73.0,87.2,587.0,673.0,,,36.0,,,,5.0,,,,16.7,6.0,36.0,,11.0,,,14.0,9.0,5.0,,17.0,1,,0,1.0,,,,,,,0.0,3.0,,6.0,,,,,2.0,2.0,0.0,0.0,0.0,,,,,,,,,,2.0,1.0,1.0,5.0,65.0,,10.0,27.0,57.8,149.0,258.0,,,21.0,,,,5.0,,,,14.3,1.0,7.0,,7.0,,,23.0,15.0,8.0,,43.0,0,,1,10.0,,,,,,,2.0,3.0,,5.0,,,7.17,7.24,UEFA Nations League,UEFA,UEFA
SEL-NATIONS_LEAGUE-2024-25-12057906,Ronda 5,2024-11-14,Bélgica,1,Italia,0,1,,,11.0,3.0,5.0,3.0,1.0,,,,,,,,,,1.0,7.0,0.0,1.0,46.0,,21.0,47.0,84.4,390.0,462.0,,,23.0,,,,9.0,,,,8.7,2.0,23.0,,9.0,,,12.0,7.0,5.0,,19.0,1,,0,2.0,,,,,1.0,,0.0,3.0,,8.0,,,,,11.0,4.0,3.0,4.0,0.0,,,,,,,,,,4.0,1.0,4.0,1.0,44.0,,20.0,53.0,86.8,475.0,547.0,,,27.0,,,,8.0,,,,20.0,2.0,10.0,,4.0,,,17.0,11.0,6.0,,21.0,0,,1,3.0,,,,,1.0,,2.0,2.0,,9.0,,,6.89,7.29,UEFA Nations League,UEFA,UEFA
SEL-NATIONS_LEAGUE-2024-25-12057916,Ronda 5,2024-11-14,Francia,1,Israel,0,0,,,24.0,8.0,9.0,7.0,0.0,,,,,,,,,,6.0,8.0,1.0,20.0,94.0,,72.0,71.0,90.3,673.0,745.0,,,19.0,,,,9.0,,,,33.3,10.0,30.0,,7.0,,,23.0,15.0,8.0,,0.0,0,,1,1.0,,,,,0.0,,0.0,1.0,,9.0,,,,,3.0,1.0,2.0,0.0,0.0,,,,,,,,,,1.0,0.0,1.0,9.0,15.0,,2.0,29.0,75.5,243.0,322.0,,,16.0,,,,9.0,,,,100.0,1.0,1.0,,8.0,,,25.0,13.0,12.0,,37.0,0,,1,8.0,,,,,2.0,,1.0,2.0,,9.0,,,7.57,7.05,UEFA Nations League,UEFA,UEFA
SEL-NATIONS_LEAGUE-2024-25-12057858,Ronda 5,2024-11-14,Grecia,1,Inglaterra,0,3,,,10.0,5.0,3.0,2.0,0.0,,,,,,,,,,1.0,4.0,,5.0,35.0,,14.0,44.0,84.5,350.0,414.0,,,23.0,,,,10.0,,,,21.4,3.0,14.0,,8.0,,,15.0,8.0,7.0,,14.0,3,,0,3.0,,,,,,,2.0,2.0,,18.0,,,,,9.0,5.0,2.0,2.0,2.0,,,,,,,,,,2.0,3.0,,11.0,39.0,,24.0,56.0,90.4,489.0,541.0,,,22.0,,,,18.0,,,,27.3,3.0,11.0,,8.0,,,10.0,6.0,4.0,,14.0,0,,1,5.0,,,,,,,2.0,3.0,,10.0,,,6.54,7.38,UEFA Nations League,UEFA,UEFA
SEL-NATIONS_LEAGUE-2024-25-12057863,Ronda 5,2024-11-14,Irlanda,1,Finlandia,1,0,,,13.0,3.0,7.0,3.0,0.0,,,,,,,,,,1.0,7.0,5.0,8.0,55.0,,20.0,44.0,82.5,334.0,405.0,,,12.0,,,,9.0,,,,22.2,6.0,27.0,,6.0,,,8.0,5.0,3.0,,25.0,0,,1,4.0,,,1.0,,0.0,,0.0,2.0,,9.0,,,,,14.0,5.0,4.0,5.0,2.0,,,,,,,,,,3.0,5.0,4.0,3.0,49.0,,35.0,56.0,85.5,453.0,530.0,,,21.0,,,,8.0,,,,28.6,6.0,21.0,,7.0,,,13.0,9.0,4.0,,21.0,1,,0,2.0,,,0.0,,1.0,,1.0,0.0,,9.0,,,7.19,6.91,UEFA Nations League,UEFA,UEFA
SEL-NATIONS_LEAGUE-2024-25-12057848,Ronda 5,2024-11-14,Eslovenia,1,Noruega,1,4,,,8.0,3.0,3.0,2.0,1.0,,,,,,,,,,3.0,0.0,2.0,9.0,43.0,,13.0,44.0,80.2,364.0,454.0,,,26.0,,,,10.0,,,,33.3,2.0,6.0,,10.0,,,15.0,9.0,6.0,,14.0,4,,0,3.0,,,,,,,,0.0,,12.0,,,,,14.0,7.0,4.0,3.0,1.0,,,,,,,,,,4.0,3.0,2.0,15.0,53.0,,25.0,56.0,86.1,510.0,592.0,,,26.0,,,,12.0,,,,25.0,3.0,12.0,,7.0,,,13.0,10.0,3.0,,11.0,1,,0,1.0,,,,,,,,1.0,,11.0,,,6.52,7.35,UEFA Nations League,UEFA,UEFA
SEL-NATIONS_LEAGUE-2024-25-12057792,Ronda 5,2024-11-14,Macedonia del Norte,1,Letonia,1,0,,,18.0,4.0,9.0,5.0,0.0,,,,,,,,,,2.0,5.0,4.0,11.0,69.0,,29.0,64.0,87.3,473.0,542.0,,,44.0,,,,13.0,,,,15.8,3.0,19.0,,7.0,,,11.0,7.0,4.0,,27.0,0,,1,1.0,,,,,,,1.0,2.0,,11.0,,,,,7.0,1.0,5.0,1.0,0.0,,,,,,,,,,1.0,2.0,2.0,6.0,45.0,,16.0,36.0,74.9,230.0,307.0,,,20.0,,,,11.0,,,,6.7,1.0,15.0,,8.0,,,14.0,7.0,7.0,,33.0,1,,0,3.0,,,,,,,1.0,3.0,,13.0,,,7.23,6.66,UEFA Nations League,UEFA,UEFA
SEL-NATIONS_LEAGUE-2024-25-12057777,Ronda 5,2024-11-15,Chipre,1,Lituania,2,1,,,12.0,4.0,4.0,4.0,0.0,,,,,,,,,,3.0,5.0,2.0,7.0,57.0,,24.0,46.0,72.3,232.0,321.0,,,36.0,,,,22.0,,,,29.4,5.0,17.0,,10.0,,,14.0,7.0,7.0,,29.0,1,,0,3.0,,,,,1.0,,,4.0,,21.0,,,,,11.0,4.0,6.0,1.0,0.0,,,,,,,,,,1.0,2.0,1.0,4.0,48.0,,16.0,54.0,77.0,285.0,370.0,,,26.0,,,,21.0,,,,23.8,5.0,21.0,,8.0,,,18.0,8.0,10.0,,29.0,2,,0,2.0,,,,,1.0,,,2.0,,22.0,,,6.85,6.85,UEFA Nations League,UEFA,UEFA
SEL-NATIONS_LEAGUE-2024-25-12057930,Ronda 5,2024-11-15,Portugal,1,Polonia,5,1,,,19.0,6.0,11.0,2.0,0.0,,,,,,,,,,6.0,3.0,5.0,8.0,64.0,,32.0,66.0,92.9,602.0,648.0,,,24.0,,,,11.0,,,,42.1,8.0,19.0,,13.0,,,15.0,11.0,4.0,,12.0,1,,0,5.0,,,,,1.0,,,4.0,,9.0,,,,,12.0,5.0,3.0,4.0,0.0,,,,,,,,,,0.0,4.0,1.0,7.0,35.0,,20.0,34.0,83.1,271.0,326.0,,,12.0,,,,9.0,,,,13.3,2.0,15.0,,9.0,,,16.0,11.0,5.0,,13.0,5,,0,1.0,,,,,1.0,,,1.0,,12.0,,,7.56,6.45,UEFA Nations League,UEFA,UEFA
SEL-NATIONS_LEAGUE-2024-25-12057918,Ronda 5,2024-11-15,Escocia,1,Croacia,1,0,,,8.0,2.0,5.0,1.0,0.0,,,,,,,,,,1.0,6.0,3.0,5.0,49.0,,18.0,53.0,88.0,471.0,535.0,,,18.0,,,,7.0,,,,25.0,4.0,16.0,,9.0,,,14.0,8.0,6.0,,20.0,0,,1,5.0,,,,,,,1.0,0.0,0.0,8.0,,,,,12.0,4.0,5.0,3.0,0.0,,,,,,,,,,2.0,7.0,2.0,3.0,38.0,,29.0,47.0,87.2,407.0,467.0,,,16.0,,,,8.0,,,,11.1,2.0,18.0,,8.0,,,12.0,11.0,1.0,,14.0,1,,0,1.0,,,,,,,0.0,4.0,1.0,7.0,,,7.05,6.82,UEFA Nations League,UEFA,UEFA
SEL-NATIONS_LEAGUE-2024-25-12057884,Ronda 5,2024-11-15,Dinamarca,1,España,1,2,,,10.0,3.0,5.0,2.0,1.0,,,,,,,,,,1.0,7.0,1.0,5.0,51.0,,24.0,47.0,84.9,394.0,464.0,,,28.0,,,,17.0,,,,13.0,3.0,23.0,,9.0,,,15.0,12.0,3.0,,12.0,2,,0,2.0,,,,,3.0,,,4.0,,8.0,,,,,11.0,4.0,7.0,0.0,1.0,,,,,,,,,,3.0,7.0,0.0,6.0,36.0,,29.0,53.0,85.5,455.0,532.0,,,34.0,,,,8.0,,,,30.8,4.0,13.0,,4.0,,,16.0,8.0,8.0,,25.0,1,,0,2.0,,,,,2.0,,,2.0,,17.0,,,6.75,7.15,UEFA Nations League,UEFA,UEFA
SEL-NATIONS_LEAGUE-2024-25-12057889,Ronda 5,2024-11-15,Suiza,1,Serbia,1,1,,,19.0,7.0,4.0,8.0,2.0,,,,,,,,,,2.0,5.0,4.0,8.0,61.0,,30.0,66.0,87.5,471.0,538.0,,,27.0,,,,15.0,,,,11.1,2.0,18.0,,2.0,,,20.0,12.0,8.0,,11.0,1,,0,1.0,,,1.0,,,,0.0,3.0,,13.0,,,,,7.0,2.0,4.0,1.0,1.0,,,,,,,,,,3.0,3.0,0.0,3.0,37.0,,11.0,34.0,75.0,207.0,276.0,,,29.0,,,,12.0,,,,33.3,4.0,12.0,,17.0,,,26.0,15.0,11.0,,28.0,1,,0,6.0,,,0.0,,,,1.0,2.0,,15.0,,,6.95,7.01,UEFA Nations League,UEFA,UEFA
SEL-NATIONS_LEAGUE-2024-25-12057812,Ronda 5,2024-11-15,Luxemburgo,1,Bulgaria,0,1,,,18.0,5.0,7.0,6.0,0.0,,,,,,,,,,1.0,12.0,4.0,20.0,71.0,,30.0,65.0,85.1,468.0,550.0,,,28.0,,,,9.0,,,,29.4,10.0,34.0,,5.0,,,13.0,7.0,6.0,,9.0,1,,0,3.0,,,,,1.0,,0.0,3.0,,16.0,,,,,7.0,4.0,2.0,1.0,0.0,,,,,,,,,,0.0,0.0,1.0,5.0,38.0,,7.0,35.0,73.8,231.0,313.0,,,21.0,,,,16.0,,,,20.0,1.0,5.0,,8.0,,,25.0,12.0,13.0,,34.0,0,,1,5.0,,,,,0.0,,1.0,3.0,,9.0,,,7.09,7.03,UEFA Nations League,UEFA,UEFA
SEL-NATIONS_LEAGUE-2024-25-12057803,Ronda 5,2024-11-15,Irlanda del Norte,1,Bielorrusia,2,0,,,10.0,4.0,6.0,0.0,0.0,,,,,,,,,,6.0,7.0,1.0,10.0,62.0,,22.0,58.0,81.1,348.0,429.0,,,28.0,,,,26.0,,,,16.7,3.0,18.0,,4.0,,,18.0,14.0,4.0,,17.0,0,,1,1.0,,,,,1.0,,1.0,2.0,,19.0,,,,,6.0,1.0,3.0,2.0,0.0,,,,,,,,,,1.0,4.0,0.0,6.0,44.0,,13.0,42.0,68.0,210.0,309.0,,,18.0,,,,19.0,,,,18.2,2.0,11.0,,12.0,,,23.0,16.0,7.0,,22.0,2,,0,2.0,,,,,1.0,,1.0,3.0,,27.0,,,7.11,6.48,UEFA Nations League,UEFA,UEFA
SEL-NATIONS_LEAGUE-2024-25-12265085,Ronda 5,2024-11-15,San Marino,1,Gibraltar,1,1,,,11.0,5.0,4.0,2.0,1.0,,,,,,,,,,4.0,2.0,2.0,11.0,66.0,,27.0,59.0,79.6,364.0,457.0,,,22.0,,,,12.0,,,,19.0,4.0,21.0,,9.0,,,18.0,14.0,4.0,,18.0,1,,0,2.0,,,,,0.0,,0.0,4.0,,19.0,,,,,4.0,3.0,1.0,0.0,1.0,,,,,,,,,,3.0,2.0,2.0,5.0,50.0,,10.0,41.0,67.6,215.0,318.0,,,28.0,,,,18.0,,,,11.1,1.0,9.0,,9.0,,,21.0,15.0,6.0,,22.0,1,,0,3.0,,,,,4.0,,1.0,6.0,,13.0,,,6.88,6.77,UEFA Nations League,UEFA,UEFA
SEL-NATIONS_LEAGUE-2024-25-12057828,Ronda 5,2024-11-16,Azerbaiyán,1,Estonia,0,0,,,15.0,3.0,6.0,6.0,2.0,,,,,,,,,,2.0,8.0,4.0,10.0,66.0,,28.0,70.0,87.1,520.0,597.0,,,39.0,,,,11.0,,,,10.8,4.0,37.0,,5.0,,,9.0,7.0,2.0,,9.0,0,,1,1.0,,,,,,,,2.0,,7.0,,,,,4.0,1.0,1.0,2.0,1.0,,,,,,,,,,1.0,3.0,1.0,2.0,43.0,,9.0,30.0,71.8,188.0,262.0,,,23.0,,,,7.0,,,,22.2,2.0,9.0,,8.0,,,14.0,9.0,5.0,,38.0,0,,1,3.0,,,,,,,,4.0,,11.0,,,7.23,6.91,UEFA Nations League,UEFA,UEFA
SEL-NATIONS_LEAGUE-2024-25-12057869,Ronda 5,2024-11-16,Georgia,1,Ucrania,1,1,,,18.0,3.0,10.0,5.0,1.0,,,,,,,,,,2.0,8.0,1.0,15.0,59.0,,23.0,57.0,86.9,463.0,533.0,,,21.0,,,,17.0,,,,25.0,7.0,28.0,,8.0,,,18.0,13.0,5.0,,12.0,1,,0,3.0,,,,,,,1.0,2.0,,8.0,,,,,7.0,3.0,3.0,1.0,0.0,,,,,,,,,,3.0,4.0,1.0,8.0,47.0,,23.0,43.0,83.3,338.0,406.0,,,24.0,,,,8.0,,,,41.7,5.0,12.0,,6.0,,,24.0,11.0,13.0,,30.0,1,,0,2.0,,,,,,,2.0,4.0,,17.0,,,7.0,6.84,UEFA Nations League,UEFA,UEFA
SEL-NATIONS_LEAGUE-2024-25-12057834,Ronda 5,2024-11-16,Montenegro,1,Islandia,0,2,,,16.0,3.0,10.0,3.0,0.0,,,,,,,,,,1.0,7.0,5.0,7.0,74.0,,26.0,52.0,73.7,283.0,384.0,,,24.0,,,,7.0,,,,21.2,7.0,33.0,,8.0,,,10.0,6.0,4.0,,17.0,2,,0,1.0,,,,,0.0,,,4.0,,9.0,,,,,12.0,3.0,6.0,3.0,0.0,,,,,,,,,,2.0,2.0,0.0,8.0,54.0,,17.0,48.0,70.2,264.0,376.0,,,30.0,,,,9.0,,,,35.7,5.0,14.0,,9.0,,,20.0,10.0,10.0,,24.0,0,,1,3.0,,,,,3.0,,,3.0,,7.0,,,6.67,7.13,UEFA Nations League,UEFA,UEFA
SEL-NATIONS_LEAGUE-2024-25-12057838,Ronda 5,2024-11-16,Turquía,1,Gales,0,0,,,25.0,3.0,12.0,10.0,1.0,,,,,,,,,,3.0,9.0,1.0,10.0,72.0,,42.0,63.0,84.2,464.0,551.0,,,23.0,,,,9.0,,,,15.4,4.0,26.0,,6.0,,,19.0,10.0,9.0,,11.0,0,,1,1.0,,,,,0.0,,0.0,1.0,,13.0,,,,,4.0,1.0,2.0,1.0,1.0,,,,,,,,,,0.0,2.0,2.0,9.0,42.0,,14.0,37.0,76.3,251.0,329.0,,,15.0,,,,13.0,,,,25.0,2.0,8.0,,10.0,,,9.0,5.0,4.0,,37.0,0,,1,3.0,,,,,1.0,,2.0,2.0,,10.0,,,7.33,6.88,UEFA Nations League,UEFA,UEFA
SEL-NATIONS_LEAGUE-2024-25-12057784,Ronda 5,2024-11-16,Andorra,1,Moldavia,0,1,,,7.0,3.0,2.0,2.0,0.0,,,,,,,,,,0.0,1.0,1.0,7.0,64.0,,16.0,36.0,54.7,152.0,278.0,,,25.0,,,,22.0,,,,25.0,2.0,8.0,,10.0,,,22.0,10.0,12.0,,46.0,1,,0,5.0,,,,,1.0,,0.0,3.0,,20.0,,,,,16.0,6.0,6.0,4.0,0.0,,,,,,,,,,2.0,3.0,0.0,7.0,73.0,,33.0,64.0,74.5,357.0,479.0,,,29.0,,,,20.0,,,,25.0,6.0,24.0,,10.0,,,15.0,12.0,3.0,,16.0,0,,1,3.0,,,,,0.0,,1.0,4.0,,22.0,,,6.81,7.19,UEFA Nations League,UEFA,UEFA
SEL-NATIONS_LEAGUE-2024-25-12057899,Ronda 5,2024-11-16,Alemania,1,Bosnia,7,0,,,23.0,13.0,6.0,4.0,0.0,,,,,,,,,,9.0,3.0,1.0,9.0,81.0,,61.0,73.0,91.9,695.0,756.0,,,18.0,,,,12.0,,,,25.0,6.0,24.0,,8.0,,,19.0,12.0,7.0,,1.0,0,,1,3.0,,,,,0.0,,,1.0,,7.0,,,,,7.0,3.0,2.0,2.0,0.0,,,,,,,,,,1.0,0.0,1.0,10.0,18.0,,8.0,27.0,75.9,221.0,291.0,,,22.0,,,,7.0,,,,,0.0,0.0,,13.0,,,18.0,9.0,9.0,,22.0,7,,0,6.0,,,,,4.0,,,2.0,,12.0,,,8.09,6.05,UEFA Nations League,UEFA,UEFA
SEL-NATIONS_LEAGUE-2024-25-12057892,Ronda 5,2024-11-16,Países Bajos,1,Hungría,4,0,,,22.0,11.0,7.0,4.0,3.0,,,,,,,,,,4.0,5.0,0.0,10.0,68.0,,58.0,72.0,92.8,629.0,678.0,,,11.0,,,,12.0,,,,26.9,7.0,26.0,,4.0,,,16.0,6.0,10.0,,10.0,0,,1,2.0,,,,,1.0,,0.0,1.0,,10.0,,,,,12.0,2.0,7.0,3.0,1.0,,,,,,,,,,2.0,4.0,3.0,1.0,20.0,,12.0,28.0,77.2,196.0,254.0,,,15.0,,,,10.0,,,,50.0,7.0,14.0,,6.0,,,21.0,16.0,5.0,,29.0,4,,0,7.0,,,,,0.0,,1.0,2.0,,14.0,,,7.65,6.64,UEFA Nations League,UEFA,UEFA
SEL-NATIONS_LEAGUE-2024-25-12057866,Ronda 5,2024-11-16,Albania,1,República Checa,0,0,,,9.0,2.0,3.0,4.0,0.0,,,,,,,,,,0.0,2.0,0.0,7.0,40.0,,6.0,43.0,78.8,297.0,377.0,,,15.0,,,,15.0,,,,16.7,1.0,6.0,,4.0,,,20.0,8.0,12.0,,38.0,0,,1,2.0,,,,,0.0,,,1.0,,11.0,,,,,8.0,2.0,4.0,2.0,2.0,,,,,,,,,,1.0,6.0,1.0,6.0,79.0,,17.0,57.0,83.4,406.0,487.0,,,31.0,,,,11.0,,,,34.8,8.0,23.0,,11.0,,,14.0,4.0,10.0,,9.0,0,,1,2.0,,,,,1.0,,,2.0,,15.0,,,6.96,7.02,UEFA Nations League,UEFA,UEFA
SEL-NATIONS_LEAGUE-2024-25-12057829,Ronda 5,2024-11-16,Suecia,1,Eslovaquia,2,1,,,16.0,8.0,6.0,2.0,0.0,,,,,,,,,,2.0,6.0,0.0,13.0,57.0,,50.0,61.0,79.3,406.0,512.0,,,27.0,,,,13.0,,,,6.2,1.0,16.0,,5.0,,,15.0,11.0,4.0,,10.0,1,,0,1.0,,,,,0.0,,,3.0,0.0,15.0,,,,,6.0,2.0,4.0,0.0,0.0,,,,,,,,,,2.0,2.0,1.0,8.0,44.0,,15.0,39.0,73.3,244.0,333.0,,,23.0,,,,15.0,,,,20.0,2.0,10.0,,19.0,,,26.0,16.0,10.0,,27.0,2,,0,6.0,,,,,1.0,,,5.0,1.0,13.0,,,7.18,6.82,UEFA Nations League,UEFA,UEFA
SEL-NATIONS_LEAGUE-2024-25-12057793,Ronda 6,2024-11-17,Letonia,1,Armenia,1,2,,,8.0,2.0,2.0,4.0,0.0,,,,,,,,,,1.0,0.0,2.0,8.0,54.0,,29.0,51.0,78.3,322.0,411.0,,,29.0,,,,9.0,,,,25.0,6.0,24.0,,6.0,,,15.0,7.0,8.0,,16.0,2,,0,3.0,,,,,0.0,,0.0,2.0,,9.0,,,,,15.0,5.0,6.0,4.0,1.0,,,,,,,,,,2.0,9.0,0.0,7.0,44.0,,22.0,49.0,79.2,317.0,400.0,,,22.0,,,,9.0,,,,31.2,5.0,16.0,,14.0,,,14.0,8.0,6.0,,24.0,1,,0,1.0,,,,,2.0,,1.0,1.0,,9.0,,,6.72,7.05,UEFA Nations League,UEFA,UEFA
SEL-NATIONS_LEAGUE-2024-25-12057791,Ronda 6,2024-11-17,Macedonia del Norte,1,Islas Feroe,1,0,,,11.0,4.0,3.0,4.0,0.0,,,,,,,,,,2.0,2.0,3.0,5.0,95.0,,8.0,61.0,81.5,432.0,530.0,,,28.0,,,,8.0,,,,11.8,2.0,17.0,,2.0,,,13.0,10.0,3.0,,29.0,0,,1,1.0,,,,,,,1.0,5.0,,7.0,,,,,9.0,1.0,2.0,6.0,0.0,,,,,,,,,,0.0,5.0,0.0,2.0,48.0,,24.0,39.0,72.2,236.0,327.0,,,28.0,,,,7.0,,,,8.7,2.0,23.0,,5.0,,,15.0,9.0,6.0,,40.0,1,,0,3.0,,,,,,,0.0,1.0,,8.0,,,7.12,6.8,UEFA Nations League,UEFA,UEFA
SEL-NATIONS_LEAGUE-2024-25-12057861,Ronda 6,2024-11-17,Inglaterra,1,Irlanda,5,0,,,22.0,7.0,7.0,8.0,0.0,,,,,,,,,,5.0,12.0,,7.0,98.0,,44.0,74.0,93.1,630.0,677.0,,,18.0,,,,8.0,,,,26.7,8.0,30.0,,4.0,,,11.0,6.0,5.0,,8.0,0,,1,1.0,,,,,0.0,,0.0,4.0,0.0,7.0,,,,,1.0,1.0,0.0,0.0,0.0,,,,,,,,,,0.0,0.0,,5.0,33.0,,7.0,26.0,76.3,190.0,249.0,,,18.0,,,,7.0,,,,33.3,1.0,3.0,,3.0,,,27.0,13.0,14.0,,35.0,5,,0,2.0,,,,,1.0,,1.0,4.0,1.0,9.0,,,7.36,6.34,UEFA Nations League,UEFA,UEFA
SEL-NATIONS_LEAGUE-2024-25-12057857,Ronda 6,2024-11-17,Finlandia,1,Grecia,0,2,,,7.0,0.0,4.0,3.0,0.0,,,,,,,,,,0.0,4.0,1.0,5.0,43.0,,19.0,43.0,86.5,410.0,474.0,,,27.0,,,,4.0,,,,20.0,2.0,10.0,,14.0,,,10.0,6.0,4.0,,23.0,2,,0,3.0,,,,,1.0,,1.0,3.0,,10.0,,,,,16.0,5.0,6.0,5.0,0.0,,,,,,,,,,1.0,7.0,0.0,8.0,62.0,,26.0,57.0,88.6,561.0,633.0,,,36.0,,,,10.0,,,,23.5,4.0,17.0,,11.0,,,18.0,8.0,10.0,,17.0,0,,1,0.0,,,,,1.0,,1.0,0.0,,4.0,,,6.68,7.47,UEFA Nations League,UEFA,UEFA
SEL-NATIONS_LEAGUE-2024-25-12057844,Ronda 6,2024-11-17,Austria,1,Eslovenia,1,1,,,22.0,4.0,14.0,4.0,0.0,,,,,,,,,,5.0,3.0,4.0,6.0,86.0,,43.0,67.0,85.1,558.0,656.0,,,22.0,,,,9.0,,,,36.8,7.0,19.0,,9.0,,,12.0,11.0,1.0,,11.0,1,,0,2.0,,,,,0.0,,,1.0,,12.0,,,,,9.0,3.0,4.0,2.0,0.0,,,,,,,,,,1.0,0.0,0.0,6.0,35.0,,7.0,33.0,68.4,219.0,320.0,,,31.0,,,,12.0,,,,16.7,1.0,6.0,,6.0,,,19.0,9.0,10.0,,18.0,1,,0,3.0,,,,,1.0,,,2.0,,9.0,,,7.25,6.83,UEFA Nations League,UEFA,UEFA
SEL-NATIONS_LEAGUE-2024-25-12057845,Ronda 6,2024-11-17,Noruega,1,Kazajistán,5,0,,,24.0,9.0,10.0,5.0,0.0,,,,,,,,,,3.0,11.0,1.0,15.0,56.0,,43.0,62.0,90.0,546.0,607.0,,,11.0,,,,16.0,,,,26.1,6.0,23.0,,11.0,,,16.0,11.0,5.0,,10.0,0,,1,0.0,,,,,,,1.0,0.0,,8.0,,,,,8.0,0.0,2.0,6.0,0.0,,,,,,,,,,0.0,3.0,3.0,4.0,35.0,,17.0,38.0,83.2,306.0,368.0,,,24.0,,,,8.0,,,,25.0,3.0,12.0,,13.0,,,28.0,13.0,15.0,,29.0,5,,0,4.0,,,,,,,1.0,2.0,,16.0,,,7.7,6.33,UEFA Nations League,UEFA,UEFA
SEL-NATIONS_LEAGUE-2024-25-12057965,Ronda 6,2024-11-17,Israel,1,Bélgica,1,0,,,10.0,4.0,4.0,2.0,1.0,,,,,,,,,,1.0,5.0,3.0,8.0,40.0,,9.0,31.0,74.4,209.0,281.0,,,9.0,,,,10.0,,,,10.0,1.0,10.0,,7.0,,,28.0,19.0,9.0,,17.0,0,,1,4.0,,,,,0.0,,0.0,2.0,,14.0,,,,,12.0,4.0,6.0,2.0,0.0,,,,,,,,,,2.0,5.0,3.0,10.0,84.0,,20.0,69.0,89.5,581.0,649.0,,,33.0,,,,14.0,,,,17.6,3.0,17.0,,9.0,,,18.0,8.0,10.0,,12.0,1,,0,3.0,,,,,1.0,,1.0,3.0,,10.0,,,7.02,6.98,UEFA Nations League,UEFA,UEFA
SEL-NATIONS_LEAGUE-2024-25-12057911,Ronda 6,2024-11-17,Italia,1,Francia,1,3,,,10.0,4.0,4.0,2.0,0.0,,,,,,,,,,1.0,3.0,,3.0,62.0,,20.0,54.0,87.8,498.0,567.0,,,23.0,,,,13.0,,,,21.7,5.0,23.0,,6.0,,,22.0,12.0,10.0,,10.0,3,,0,2.0,,,,,0.0,,1.0,1.0,,20.0,,,,,6.0,4.0,1.0,1.0,1.0,,,,,,,,,,1.0,3.0,,5.0,38.0,,8.0,46.0,87.6,432.0,493.0,,,31.0,,,,20.0,,,,20.0,2.0,10.0,,9.0,,,17.0,11.0,6.0,,22.0,1,,0,3.0,,,,,1.0,,0.0,2.0,,13.0,,,6.69,7.13,UEFA Nations League,UEFA,UEFA
SEL-NATIONS_LEAGUE-2024-25-12057917,Ronda 6,2024-11-18,Croacia,1,Portugal,1,1,,,15.0,8.0,3.0,4.0,3.0,,,,,,,,,,4.0,5.0,2.0,7.0,35.0,,22.0,43.0,89.5,401.0,448.0,,,30.0,,,,8.0,,,,25.0,4.0,16.0,,8.0,,,17.0,12.0,5.0,,12.0,1,,0,4.0,,,,,1.0,,0.0,0.0,,8.0,,,,,12.0,5.0,4.0,3.0,0.0,,,,,,,,,,3.0,7.0,1.0,8.0,49.0,,22.0,57.0,89.4,541.0,605.0,,,28.0,,,,8.0,,,,33.3,2.0,6.0,,5.0,,,18.0,8.0,10.0,,21.0,1,,0,6.0,,,,,1.0,,1.0,2.0,,8.0,,,6.98,7.16,UEFA Nations League,UEFA,UEFA
SEL-NATIONS_LEAGUE-2024-25-12057920,Ronda 6,2024-11-18,Polonia,1,Escocia,1,2,,,19.0,6.0,8.0,5.0,0.0,,,,,,,,,,3.0,4.0,4.0,12.0,46.0,,33.0,42.0,82.2,327.0,398.0,,,27.0,,,,10.0,,,,14.3,2.0,14.0,,7.0,,,16.0,10.0,6.0,,24.0,2,,0,5.0,,,,,3.0,,3.0,2.0,,13.0,,,,,16.0,7.0,6.0,3.0,2.0,,,,,,,,,,4.0,5.0,1.0,6.0,54.0,,28.0,58.0,84.5,457.0,541.0,,,25.0,,,,13.0,,,,25.0,4.0,16.0,,10.0,,,10.0,4.0,6.0,,21.0,1,,0,4.0,,,,,1.0,,1.0,3.0,,10.0,,,7.25,7.25,UEFA Nations League,UEFA,UEFA
SEL-NATIONS_LEAGUE-2024-25-12057890,Ronda 6,2024-11-18,Serbia,1,Dinamarca,0,0,,,22.0,6.0,14.0,2.0,0.0,,,,,,,,,,2.0,7.0,0.0,9.0,59.0,,33.0,51.0,82.8,375.0,453.0,,,44.0,,,,8.0,,,,34.3,12.0,35.0,,2.0,,,17.0,11.0,6.0,,19.0,0,,1,3.0,,,,,,,0.0,5.0,1.0,13.0,,,,,8.0,4.0,2.0,2.0,0.0,,,,,,,,,,2.0,3.0,2.0,7.0,51.0,,16.0,49.0,80.8,371.0,459.0,,,27.0,,,,13.0,,,,18.2,2.0,11.0,,7.0,,,19.0,10.0,9.0,,35.0,0,,1,6.0,,,,,,,1.0,1.0,0.0,8.0,,,7.33,7.25,UEFA Nations League,UEFA,UEFA
SEL-NATIONS_LEAGUE-2024-25-12057898,Ronda 6,2024-11-18,España,1,Suiza,3,2,,,21.0,10.0,9.0,2.0,0.0,,,,,,,,,,5.0,7.0,3.0,12.0,56.0,,37.0,60.0,91.4,521.0,570.0,,,32.0,,,,12.0,,,,19.2,5.0,26.0,,6.0,,,12.0,9.0,3.0,,6.0,2,,0,2.0,,,0.0,,2.0,,,2.0,,11.0,,,,,11.0,4.0,3.0,4.0,0.0,,,,,,,,,,2.0,3.0,1.0,6.0,35.0,,23.0,40.0,83.8,330.0,394.0,,,25.0,,,,10.0,,,,50.0,3.0,6.0,,11.0,,,15.0,11.0,4.0,,21.0,3,,0,5.0,,,1.0,,1.0,,,1.0,,14.0,,,7.1,6.69,UEFA Nations League,UEFA,UEFA
SEL-NATIONS_LEAGUE-2024-25-12057780,Ronda 6,2024-11-18,Kosovo,1,Lituania,1,0,,,11.0,4.0,5.0,2.0,0.0,,,,,,,,,,1.0,4.0,,9.0,59.0,,22.0,43.0,78.1,282.0,361.0,,,34.0,,,,17.0,,,,26.7,4.0,15.0,,9.0,,,14.0,9.0,5.0,,24.0,0,,1,4.0,,,,,2.0,,,2.0,1.0,17.0,,,,,12.0,4.0,8.0,0.0,2.0,,,,,,,,,,1.0,2.0,,4.0,66.0,,24.0,57.0,84.3,409.0,485.0,,,29.0,,,,17.0,,,,14.3,3.0,21.0,,9.0,,,10.0,6.0,4.0,,25.0,1,,0,3.0,,,,,0.0,,,1.0,0.0,17.0,,,7.25,7.01,UEFA Nations League,UEFA,UEFA
SEL-NATIONS_LEAGUE-2024-25-12057811,Ronda 6,2024-11-18,Rumania,1,Chipre,4,1,,,19.0,9.0,7.0,3.0,0.0,,,,,,,,,,5.0,5.0,1.0,3.0,71.0,,27.0,66.0,87.6,530.0,605.0,,,30.0,,,,13.0,,,,26.7,4.0,15.0,,5.0,,,19.0,8.0,11.0,,14.0,1,,0,3.0,,,,,1.0,,,0.0,0.0,11.0,,,,,8.0,4.0,1.0,3.0,0.0,,,,,,,,,,1.0,2.0,1.0,6.0,36.0,,13.0,34.0,78.4,247.0,315.0,,,25.0,,,,11.0,,,,27.3,3.0,11.0,,15.0,,,12.0,9.0,3.0,,16.0,4,,0,5.0,,,,,0.0,,,4.0,1.0,13.0,,,7.29,6.48,UEFA Nations League,UEFA,UEFA
SEL-NATIONS_LEAGUE-2024-25-12057809,Ronda 6,2024-11-18,Bulgaria,1,Bielorrusia,1,1,,,9.0,3.0,5.0,1.0,0.0,,,,,,,,,,1.0,1.0,5.0,10.0,49.0,,14.0,52.0,80.0,364.0,455.0,,,25.0,,,,18.0,,,,15.4,2.0,13.0,,10.0,,,13.0,7.0,6.0,,29.0,1,,0,1.0,,,,,0.0,,,3.0,,17.0,,,,,5.0,2.0,1.0,2.0,0.0,,,,,,,,,,0.0,3.0,6.0,7.0,43.0,,15.0,48.0,78.5,322.0,410.0,,,27.0,,,,17.0,,,,40.0,6.0,15.0,,8.0,,,17.0,7.0,10.0,,18.0,1,,0,3.0,,,,,2.0,,,5.0,,18.0,,,6.85,6.71,UEFA Nations League,UEFA,UEFA
SEL-NATIONS_LEAGUE-2024-25-12057806,Ronda 6,2024-11-18,Luxemburgo,1,Irlanda del Norte,2,2,,,6.0,2.0,2.0,2.0,0.0,,,,,,,,,,1.0,0.0,3.0,5.0,42.0,,3.0,54.0,82.2,333.0,405.0,,,18.0,,,,16.0,,,,9.1,1.0,11.0,,6.0,,,12.0,7.0,5.0,,23.0,2,,0,3.0,,,,,0.0,,2.0,1.0,,18.0,,,,,9.0,5.0,4.0,0.0,0.0,,,,,,,,,,4.0,5.0,1.0,5.0,40.0,,16.0,46.0,80.3,273.0,340.0,,,16.0,,,,18.0,,,,15.0,3.0,20.0,,12.0,,,9.0,6.0,3.0,,16.0,2,,0,0.0,,,,,1.0,,0.0,2.0,,16.0,,,6.75,6.81,UEFA Nations League,UEFA,UEFA
SEL-NATIONS_LEAGUE-2024-25-12057790,Ronda 6,2024-11-18,Liechtenstein,1,San Marino,1,3,,,13.0,3.0,6.0,4.0,0.0,,,,,,,,,,2.0,3.0,0.0,8.0,49.0,,14.0,57.0,77.4,322.0,416.0,,,26.0,,,,16.0,,,,12.5,2.0,16.0,,11.0,,,18.0,13.0,5.0,,14.0,3,,0,2.0,,,,,2.0,,1.0,3.0,,15.0,,,,,16.0,5.0,9.0,2.0,0.0,,,,,,,,,,6.0,7.0,1.0,12.0,52.0,,21.0,43.0,73.0,227.0,311.0,,,27.0,,,,14.0,,,,30.0,6.0,20.0,,13.0,,,14.0,10.0,4.0,,27.0,1,,0,2.0,,,,,2.0,,1.0,3.0,,16.0,,,6.64,7.11,UEFA Nations League,UEFA,UEFA
SEL-NATIONS_LEAGUE-2024-25-12057893,Ronda 6,2024-11-19,Bosnia,1,Países Bajos,1,1,,,8.0,3.0,2.0,3.0,0.0,,,,,,,,,,1.0,3.0,4.0,4.0,34.0,,15.0,36.0,77.8,260.0,334.0,,,21.0,,,,11.0,,,,50.0,5.0,10.0,,4.0,,,13.0,6.0,7.0,,24.0,1,,0,1.0,,,,,,,,1.0,,17.0,,,,,12.0,2.0,4.0,6.0,0.0,,,,,,,,,,2.0,5.0,4.0,9.0,51.0,,31.0,64.0,88.3,528.0,598.0,,,29.0,,,,17.0,,,,18.8,3.0,16.0,,4.0,,,3.0,2.0,1.0,,7.0,1,,0,2.0,,,,,,,,0.0,,11.0,,,6.86,6.94,UEFA Nations League,UEFA,UEFA
SEL-NATIONS_LEAGUE-2024-25-12057894,Ronda 6,2024-11-19,Hungría,1,Alemania,1,1,,,16.0,6.0,3.0,7.0,0.0,,,,,,,,,,2.0,7.0,0.0,1.0,39.0,,18.0,29.0,73.1,190.0,260.0,,,13.0,,,,11.0,,,,25.0,5.0,20.0,,16.0,,,17.0,10.0,7.0,,23.0,1,,0,2.0,,,,,1.0,,0.0,2.0,,17.0,,,,,12.0,3.0,4.0,5.0,1.0,,,,,,,,,,2.0,5.0,1.0,10.0,59.0,,25.0,71.0,87.8,604.0,688.0,,,23.0,,,,17.0,,,,18.2,2.0,11.0,,8.0,,,17.0,10.0,7.0,,18.0,1,,0,5.0,,,,,0.0,,1.0,3.0,,12.0,,,6.94,7.07,UEFA Nations League,UEFA,UEFA
SEL-NATIONS_LEAGUE-2024-25-12057877,Ronda 6,2024-11-19,Albania,1,Ucrania,1,2,,,10.0,2.0,6.0,2.0,0.0,,,,,,,,,,2.0,5.0,,11.0,61.0,,13.0,55.0,89.2,463.0,519.0,,,34.0,,,,16.0,,,,10.0,2.0,20.0,,7.0,,,10.0,7.0,3.0,,10.0,2,,0,6.0,,,,,,,,3.0,,12.0,,,,,15.0,8.0,6.0,1.0,0.0,,,,,,,,,,2.0,3.0,,7.0,56.0,,19.0,45.0,84.0,363.0,432.0,,,27.0,,,,12.0,,,,12.5,1.0,8.0,,5.0,,,26.0,16.0,10.0,,20.0,1,,0,1.0,,,,,,,,1.0,,17.0,,,6.83,7.05,UEFA Nations League,UEFA,UEFA
SEL-NATIONS_LEAGUE-2024-25-12057865,Ronda 6,2024-11-19,República Checa,1,Georgia,2,1,,,14.0,6.0,3.0,5.0,0.0,,,,,,,,,,2.0,10.0,,6.0,56.0,,17.0,35.0,77.0,244.0,317.0,,,34.0,,,,10.0,,,,16.7,3.0,18.0,,5.0,,,15.0,8.0,7.0,,35.0,1,,0,4.0,,,,,0.0,,0.0,5.0,,13.0,,,,,11.0,5.0,1.0,5.0,1.0,,,,,,,,,,1.0,6.0,,10.0,55.0,,21.0,65.0,85.7,521.0,608.0,,,27.0,,,,13.0,,,,5.3,1.0,19.0,,3.0,,,14.0,9.0,5.0,,19.0,2,,0,4.0,,,,,1.0,,1.0,4.0,,10.0,,,7.09,6.85,UEFA Nations League,UEFA,UEFA
SEL-NATIONS_LEAGUE-2024-25-12057839,Ronda 6,2024-11-19,Montenegro,1,Turquía,3,1,,,10.0,6.0,2.0,2.0,0.0,,,,,,,,,,2.0,2.0,4.0,2.0,38.0,,11.0,29.0,63.9,133.0,208.0,,,26.0,,,,6.0,,,,15.4,2.0,13.0,,7.0,,,13.0,11.0,2.0,,24.0,1,,0,4.0,,,,,0.0,,,6.0,,14.0,,,,,21.0,6.0,11.0,4.0,0.0,,,,,,,,,,3.0,5.0,0.0,11.0,73.0,,31.0,71.0,83.0,434.0,523.0,,,27.0,,,,14.0,,,,31.6,6.0,19.0,,3.0,,,9.0,7.0,2.0,,10.0,3,,0,3.0,,,,,1.0,,,5.0,,6.0,,,7.02,6.91,UEFA Nations League,UEFA,UEFA
SEL-NATIONS_LEAGUE-2024-25-12057833,Ronda 6,2024-11-19,Gales,1,Islandia,4,1,,,16.0,10.0,1.0,5.0,0.0,,,,,,,,,,3.0,7.0,1.0,6.0,54.0,,19.0,61.0,84.9,421.0,496.0,,,27.0,,,,14.0,,,,17.6,3.0,17.0,,8.0,,,9.0,5.0,4.0,,27.0,1,,0,3.0,,,,,1.0,,,3.0,,10.0,,,,,11.0,5.0,6.0,0.0,0.0,,,,,,,,,,4.0,2.0,1.0,5.0,40.0,,19.0,39.0,72.1,227.0,315.0,,,21.0,,,,10.0,,,,27.8,5.0,18.0,,6.0,,,18.0,11.0,7.0,,21.0,4,,0,6.0,,,,,0.0,,,5.0,,14.0,,,7.41,6.55,UEFA Nations League,UEFA,UEFA
SEL-NATIONS_LEAGUE-2024-25-12057820,Ronda 6,2024-11-19,Eslovaquia,1,Estonia,1,0,,,26.0,12.0,8.0,6.0,3.0,,,,,,,,,,4.0,9.0,3.0,5.0,47.0,,39.0,52.0,87.7,428.0,488.0,,,19.0,,,,11.0,,,,30.0,6.0,20.0,,9.0,,,12.0,6.0,6.0,,19.0,0,,1,0.0,,,,,,,,1.0,,12.0,,,,,6.0,0.0,2.0,4.0,0.0,,,,,,,,,,0.0,4.0,2.0,10.0,45.0,,14.0,48.0,84.1,386.0,459.0,,,27.0,,,,12.0,,,,25.0,3.0,12.0,,9.0,,,15.0,13.0,2.0,,16.0,1,,0,11.0,,,,,,,,2.0,,11.0,,,7.25,7.02,UEFA Nations League,UEFA,UEFA
SEL-NATIONS_LEAGUE-2024-25-12057824,Ronda 6,2024-11-19,Suecia,1,Azerbaiyán,6,0,,,34.0,14.0,7.0,13.0,1.0,,,,,,,,,,9.0,12.0,3.0,13.0,73.0,,92.0,66.0,85.8,494.0,576.0,,,28.0,,,,15.0,,,,30.0,3.0,10.0,,5.0,,,26.0,17.0,9.0,,6.0,0,,1,3.0,,,0.0,,,,0.0,1.0,,10.0,,,,,4.0,3.0,1.0,0.0,0.0,,,,,,,,,,1.0,1.0,2.0,5.0,57.0,,7.0,34.0,73.1,225.0,308.0,,,19.0,,,,10.0,,,,,0.0,1.0,,17.0,,,30.0,14.0,16.0,,30.0,6,,0,8.0,,,1.0,,,,1.0,5.0,,16.0,,,7.9,6.41,UEFA Nations League,UEFA,UEFA
SEL-NATIONS_LEAGUE-2024-25-12057776,Ronda 6,2024-11-19,Malta,1,Andorra,0,0,,,7.0,3.0,1.0,3.0,0.0,,,,,,,,,,2.0,2.0,3.0,9.0,52.0,,8.0,57.0,74.5,327.0,439.0,,,33.0,,,,28.0,,,,11.1,1.0,9.0,,4.0,,,11.0,8.0,3.0,,16.0,0,,1,4.0,,,,,,,1.0,2.0,1.0,7.0,,,,,10.0,3.0,5.0,2.0,2.0,,,,,,,,,,1.0,4.0,0.0,5.0,58.0,,16.0,43.0,70.2,233.0,332.0,,,20.0,,,,7.0,,,,20.0,2.0,10.0,,16.0,,,13.0,8.0,5.0,,25.0,0,,1,3.0,,,,,,,0.0,4.0,0.0,28.0,,,6.57,6.87,UEFA Nations League,UEFA,UEFA
SEL-NATIONS_LEAGUE-2024-25-12057831,Qualification Round 1,2024-09-05,Azerbaiyán,1,Suecia,1,3,,,14.0,9.0,3.0,2.0,2.0,,,,,,,,,,8.0,2.0,2.0,15.0,35.0,,24.0,39.0,70.8,226.0,319.0,,,17.0,,,,18.0,,,,27.3,3.0,11.0,,14.0,,,11.0,5.0,6.0,,19.0,3,,0,7.0,,,0.0,,1.0,,,2.0,,4.0,,,,,30.0,11.0,12.0,7.0,0.0,,,,,,,,,,5.0,8.0,1.0,8.0,49.0,,60.0,61.0,82.6,403.0,488.0,,,19.0,,,,4.0,,,,37.5,9.0,24.0,,11.0,,,9.0,4.0,5.0,,17.0,1,,0,8.0,,,1.0,,0.0,,,2.0,,20.0,,,6.87,7.73,UEFA Nations League,UEFA,UEFA
SEL-NATIONS_LEAGUE-2024-25-12057929,Qualification Round 1,2024-09-05,Portugal,1,Croacia,2,1,,,15.0,6.0,3.0,6.0,1.0,,,,,,,,,,3.0,5.0,2.0,6.0,48.0,,20.0,50.0,93.1,540.0,580.0,,,31.0,,,,6.0,,,,15.4,2.0,13.0,,5.0,,,12.0,6.0,6.0,,13.0,1,,0,4.0,,,,,1.0,,2.0,0.0,,5.0,,,,,13.0,4.0,7.0,2.0,0.0,,,,,,,,,,2.0,7.0,2.0,11.0,43.0,,29.0,50.0,93.4,538.0,576.0,,,26.0,,,,4.0,,,,40.0,8.0,20.0,,5.0,,,15.0,11.0,4.0,,14.0,2,,0,4.0,,,,,1.0,,0.0,1.0,,6.0,,,7.11,7.01,UEFA Nations League,UEFA,UEFA
SEL-NATIONS_LEAGUE-2024-25-12057919,Qualification Round 1,2024-09-05,Escocia,1,Polonia,2,3,,,11.0,3.0,6.0,2.0,0.0,,,,,,,,,,2.0,2.0,1.0,4.0,45.0,,21.0,59.0,88.6,499.0,563.0,,,25.0,,,,18.0,,,,9.5,2.0,21.0,,10.0,,,12.0,5.0,7.0,,8.0,3,,0,0.0,,,,,,,,0.0,,13.0,,,,,10.0,3.0,6.0,1.0,0.0,,,,,,,,,,2.0,3.0,2.0,6.0,23.0,,12.0,41.0,84.3,339.0,402.0,,,16.0,,,,11.0,,,,10.0,1.0,10.0,,5.0,,,13.0,6.0,7.0,,19.0,2,,0,1.0,,,,,,,,3.0,,18.0,,,6.72,6.79,UEFA Nations League,UEFA,UEFA
SEL-NATIONS_LEAGUE-2024-25-12057887,Qualification Round 1,2024-09-05,Dinamarca,1,Suiza,2,0,,,17.0,8.0,5.0,4.0,0.0,,,,,,,,,,2.0,6.0,2.0,6.0,70.0,,19.0,55.0,90.8,502.0,553.0,,,15.0,,,,13.0,,,,7.1,1.0,14.0,,11.0,,,11.0,9.0,2.0,,3.0,0,,1,1.0,,,,,0.0,,,4.0,0.0,17.0,,,,,5.0,1.0,2.0,2.0,0.0,,,,,,,,,,0.0,1.0,2.0,3.0,40.0,,5.0,45.0,87.7,401.0,457.0,,,14.0,,,,16.0,,,,42.9,3.0,7.0,,4.0,,,10.0,7.0,3.0,,19.0,2,,0,5.0,,,,,2.0,,,5.0,2.0,13.0,,,7.17,6.69,UEFA Nations League,UEFA,UEFA
SEL-NATIONS_LEAGUE-2024-25-12057882,Qualification Round 1,2024-09-05,Serbia,1,España,0,0,,,9.0,1.0,6.0,2.0,0.0,,,,,,,,,,1.0,2.0,2.0,2.0,30.0,,9.0,26.0,72.7,165.0,227.0,,,17.0,,,,12.0,,,,14.3,1.0,7.0,,13.0,,,17.0,10.0,7.0,,43.0,0,,1,5.0,,,,,1.0,,2.0,3.0,,11.0,,,,,21.0,5.0,12.0,4.0,0.0,,,,,,,,,,1.0,9.0,0.0,6.0,82.0,,41.0,74.0,91.0,556.0,611.0,,,18.0,,,,11.0,,,,20.0,9.0,45.0,,3.0,,,10.0,6.0,4.0,,6.0,0,,1,1.0,,,,,0.0,,1.0,5.0,,12.0,,,7.03,7.34,UEFA Nations League,UEFA,UEFA
SEL-NATIONS_LEAGUE-2024-25-12057832,Qualification Round 1,2024-09-05,Estonia,1,Eslovaquia,0,1,,,6.0,3.0,3.0,0.0,0.0,,,,,,,,,,0.0,1.0,1.0,3.0,58.0,,15.0,39.0,76.2,275.0,361.0,,,34.0,,,,9.0,,,,36.4,4.0,11.0,,15.0,,,13.0,5.0,8.0,,29.0,1,,0,5.0,,,,,1.0,,,2.0,,13.0,,,,,26.0,6.0,11.0,9.0,2.0,,,,,,,,,,2.0,7.0,0.0,8.0,70.0,,43.0,61.0,84.5,486.0,575.0,,,33.0,,,,13.0,,,,13.6,3.0,22.0,,5.0,,,14.0,11.0,3.0,,13.0,0,,1,2.0,,,,,2.0,,,5.0,,9.0,,,6.85,7.49,UEFA Nations League,UEFA,UEFA
SEL-NATIONS_LEAGUE-2024-25-12057805,Qualification Round 1,2024-09-05,Bielorrusia,1,Bulgaria,0,0,,,8.0,2.0,5.0,1.0,0.0,,,,,,,,,,1.0,5.0,1.0,11.0,40.0,,9.0,41.0,78.4,302.0,385.0,,,27.0,,,,11.0,,,,18.2,2.0,11.0,,9.0,,,18.0,11.0,7.0,,30.0,0,,1,8.0,,,,,,,1.0,2.0,0.0,17.0,,,,,17.0,9.0,5.0,3.0,0.0,,,,,,,,,,2.0,5.0,1.0,5.0,65.0,,26.0,59.0,85.5,459.0,537.0,,,27.0,,,,15.0,,,,21.4,6.0,28.0,,7.0,,,6.0,5.0,1.0,,12.0,0,,1,2.0,,,,,,,0.0,4.0,1.0,13.0,,,7.32,7.06,UEFA Nations League,UEFA,UEFA
SEL-NATIONS_LEAGUE-2024-25-12057810,Qualification Round 1,2024-09-05,Irlanda del Norte,1,Luxemburgo,2,0,,,14.0,5.0,7.0,2.0,0.0,,,,,,,,,,1.0,10.0,1.0,6.0,41.0,,24.0,37.0,80.1,253.0,316.0,,,22.0,,,,16.0,,,,24.0,6.0,25.0,,6.0,,,15.0,9.0,6.0,,17.0,0,,1,0.0,,,,,2.0,,,1.0,,8.0,,,,,6.0,0.0,3.0,3.0,0.0,,,,,,,,,,0.0,2.0,2.0,5.0,47.0,,11.0,63.0,88.7,517.0,583.0,,,20.0,,,,8.0,,,,8.3,1.0,12.0,,10.0,,,14.0,6.0,8.0,,20.0,2,,0,3.0,,,,,2.0,,,1.0,,17.0,,,7.25,6.57,UEFA Nations League,UEFA,UEFA
SEL-NATIONS_LEAGUE-2024-25-12057789,Qualification Round 1,2024-09-05,San Marino,1,Liechtenstein,1,0,,,8.0,2.0,4.0,2.0,0.0,,,,,,,,,,,1.0,3.0,10.0,43.0,,10.0,41.0,73.8,234.0,317.0,,,33.0,,,,20.0,,,,14.3,1.0,7.0,,16.0,,,19.0,8.0,11.0,,25.0,0,,1,0.0,,,,,0.0,,1.0,3.0,,13.0,,,,,8.0,0.0,6.0,2.0,0.0,,,,,,,,,,,2.0,3.0,3.0,65.0,,17.0,59.0,80.9,359.0,444.0,,,22.0,,,,12.0,,,,31.6,6.0,19.0,,9.0,,,19.0,12.0,7.0,,8.0,1,,0,1.0,,,,,2.0,,0.0,2.0,,21.0,,,7.01,6.66,UEFA Nations League,UEFA,UEFA
SEL-NATIONS_LEAGUE-2024-25-12057849,Qualification Round 1,2024-09-06,Kazajistán,1,Noruega,0,0,,,4.0,0.0,3.0,1.0,0.0,,,,,,,,,,1.0,1.0,3.0,5.0,31.0,,10.0,29.0,74.4,203.0,273.0,,,21.0,,,,9.0,,,,,0.0,4.0,,10.0,,,30.0,16.0,14.0,,33.0,0,,1,2.0,,,,,2.0,,3.0,4.0,,12.0,,,,,19.0,2.0,8.0,9.0,2.0,,,,,,,,,,2.0,12.0,0.0,19.0,77.0,,48.0,71.0,88.6,577.0,651.0,,,13.0,,,,12.0,,,,31.2,10.0,32.0,,6.0,,,14.0,9.0,5.0,,14.0,0,,1,0.0,,,,,0.0,,0.0,1.0,,9.0,,,7.03,7.31,UEFA Nations League,UEFA,UEFA
SEL-NATIONS_LEAGUE-2024-25-12198109,Qualification Round 1,2024-09-06,Lituania,1,Chipre,0,1,,,12.0,2.0,8.0,2.0,0.0,,,,,,,,,,3.0,4.0,1.0,3.0,63.0,,17.0,62.0,74.9,320.0,427.0,,,35.0,,,,19.0,,,,33.3,5.0,15.0,,8.0,,,12.0,7.0,5.0,,11.0,1,,0,1.0,,,,,2.0,,,1.0,,17.0,,,,,6.0,2.0,2.0,2.0,0.0,,,,,,,,,,1.0,2.0,5.0,9.0,47.0,,14.0,38.0,60.3,152.0,252.0,,,17.0,,,,17.0,,,,27.3,3.0,11.0,,6.0,,,22.0,11.0,11.0,,22.0,0,,1,2.0,,,,,0.0,,,5.0,,20.0,,,6.75,6.95,UEFA Nations League,UEFA,UEFA
SEL-NATIONS_LEAGUE-2024-25-12057912,Qualification Round 1,2024-09-06,Bélgica,1,Israel,3,1,,,25.0,8.0,10.0,7.0,0.0,,,,,,,,,,3.0,7.0,5.0,13.0,71.0,,57.0,64.0,89.6,518.0,578.0,,,14.0,,,,7.0,,,,35.7,5.0,14.0,,8.0,,,10.0,7.0,3.0,,3.0,1,,0,2.0,,,0.0,,0.0,,0.0,1.0,,9.0,,,,,10.0,2.0,4.0,4.0,1.0,,,,,,,,,,0.0,1.0,3.0,4.0,21.0,,15.0,36.0,80.2,260.0,324.0,,,21.0,,,,9.0,,,,25.0,1.0,4.0,,13.0,,,26.0,14.0,12.0,,25.0,3,,0,5.0,,,1.0,,1.0,,1.0,1.0,,7.0,,,7.49,6.75,UEFA Nations League,UEFA,UEFA
SEL-NATIONS_LEAGUE-2024-25-12057909,Qualification Round 1,2024-09-06,Francia,1,Italia,1,3,,,12.0,3.0,5.0,4.0,0.0,,,,,,,,,,1.0,2.0,1.0,11.0,51.0,,35.0,54.0,89.6,526.0,587.0,,,15.0,,,,10.0,,,,33.3,4.0,12.0,,8.0,,,16.0,12.0,4.0,,4.0,3,,0,3.0,,,,,0.0,,,1.0,,12.0,,,,,11.0,6.0,3.0,2.0,1.0,,,,,,,,,,5.0,5.0,1.0,4.0,38.0,,17.0,46.0,85.9,420.0,489.0,,,32.0,,,,12.0,,,,33.3,4.0,12.0,,11.0,,,23.0,15.0,8.0,,29.0,1,,0,2.0,,,,,1.0,,,1.0,,10.0,,,6.76,7.1,UEFA Nations League,UEFA,UEFA
SEL-NATIONS_LEAGUE-2024-25-12057852,Qualification Round 1,2024-09-06,Eslovenia,1,Austria,1,1,,,8.0,1.0,4.0,3.0,1.0,,,,,,,,,,1.0,4.0,0.0,6.0,36.0,,13.0,37.0,72.8,228.0,313.0,,,20.0,,,,16.0,,,,11.1,1.0,9.0,,17.0,,,21.0,15.0,6.0,,29.0,1,,0,3.0,,,,,2.0,,2.0,2.0,,9.0,,,,,11.0,4.0,4.0,3.0,0.0,,,,,,,,,,1.0,7.0,1.0,2.0,68.0,,22.0,63.0,83.2,431.0,518.0,,,23.0,,,,9.0,,,,30.4,7.0,23.0,,6.0,,,15.0,8.0,7.0,,22.0,1,,0,0.0,,,,,2.0,,0.0,4.0,,18.0,,,6.81,6.92,UEFA Nations League,UEFA,UEFA
SEL-NATIONS_LEAGUE-2024-25-12057841,Qualification Round 1,2024-09-06,Islandia,1,Montenegro,2,0,,,12.0,5.0,3.0,4.0,0.0,,,,,,,,,,3.0,7.0,1.0,5.0,58.0,,23.0,41.0,78.8,268.0,340.0,,,13.0,,,,14.0,,,,21.7,5.0,23.0,,6.0,,,12.0,7.0,5.0,,21.0,0,,1,4.0,,,,,0.0,,,2.0,,17.0,,,,,10.0,4.0,4.0,2.0,0.0,,,,,,,,,,0.0,4.0,5.0,6.0,53.0,,19.0,59.0,84.0,420.0,500.0,,,31.0,,,,17.0,,,,40.0,6.0,15.0,,11.0,,,14.0,9.0,5.0,,26.0,2,,0,1.0,,,,,1.0,,,5.0,,15.0,,,7.11,6.9,UEFA Nations League,UEFA,UEFA
SEL-NATIONS_LEAGUE-2024-25-12057847,Qualification Round 1,2024-09-06,Gales,1,Turquía,0,0,,,15.0,1.0,11.0,3.0,0.0,,,,,,,,,,4.0,4.0,4.0,5.0,52.0,,27.0,67.0,87.9,529.0,602.0,,,22.0,,,,19.0,,,,38.1,8.0,21.0,,7.0,,,9.0,8.0,1.0,,5.0,0,,1,1.0,,,,,1.0,,,2.0,0.0,12.0,,,,,5.0,1.0,2.0,2.0,0.0,,,,,,,,,,0.0,3.0,3.0,5.0,27.0,,12.0,33.0,77.5,234.0,302.0,,,22.0,,,,12.0,,,,42.9,3.0,7.0,,8.0,,,7.0,5.0,2.0,,16.0,0,,1,1.0,,,,,0.0,,,6.0,1.0,20.0,,,7.15,6.73,UEFA Nations League,UEFA,UEFA
SEL-NATIONS_LEAGUE-2024-25-12057817,Qualification Round 1,2024-09-06,Kosovo,1,Rumania,0,3,,,12.0,1.0,8.0,3.0,0.0,,,,,,,,,,0.0,3.0,3.0,3.0,67.0,,18.0,56.0,81.7,365.0,447.0,,,25.0,,,,8.0,,,,20.0,5.0,25.0,,8.0,,,17.0,10.0,7.0,,7.0,3,,0,5.0,,,,,0.0,,0.0,5.0,1.0,11.0,,,,,15.0,8.0,6.0,1.0,2.0,,,,,,,,,,4.0,4.0,0.0,6.0,43.0,,15.0,44.0,76.2,278.0,365.0,,,22.0,,,,11.0,,,,33.3,3.0,9.0,,10.0,,,14.0,9.0,5.0,,25.0,0,,1,1.0,,,,,2.0,,1.0,2.0,0.0,8.0,,,6.56,7.21,UEFA Nations League,UEFA,UEFA
SEL-NATIONS_LEAGUE-2024-25-12057798,Qualification Round 1,2024-09-07,Islas Feroe,1,Macedonia del Norte,1,1,,,11.0,3.0,5.0,3.0,0.0,,,,,,,,,,3.0,4.0,3.0,8.0,49.0,,31.0,32.0,71.2,213.0,299.0,,,20.0,,,,5.0,,,,30.8,4.0,13.0,,18.0,,,15.0,12.0,3.0,,28.0,1,,0,3.0,,,,,,,,2.0,,17.0,,,,,17.0,5.0,5.0,7.0,0.0,,,,,,,,,,4.0,4.0,3.0,7.0,91.0,,27.0,68.0,83.2,545.0,655.0,,,28.0,,,,16.0,,,,25.0,4.0,16.0,,12.0,,,12.0,8.0,4.0,,15.0,1,,0,2.0,,,,,,,,3.0,,5.0,,,7.0,7.0,UEFA Nations League,UEFA,UEFA
SEL-NATIONS_LEAGUE-2024-25-12057880,Qualification Round 1,2024-09-07,Georgia,1,República Checa,4,1,,,13.0,6.0,4.0,3.0,0.0,,,,,,,,,,3.0,1.0,2.0,8.0,33.0,,22.0,44.0,81.4,294.0,361.0,,,24.0,,,,13.0,,,,25.0,2.0,8.0,,2.0,,,13.0,11.0,2.0,,30.0,1,,0,4.0,,,,,,,,3.0,,18.0,,,,,10.0,5.0,5.0,0.0,0.0,,,,,,,,,,0.0,4.0,0.0,3.0,62.0,,17.0,56.0,84.8,379.0,447.0,,,29.0,,,,18.0,,,,21.1,4.0,19.0,,7.0,,,16.0,8.0,8.0,,9.0,4,,0,2.0,,,,,,,,3.0,,13.0,,,7.23,6.48,UEFA Nations League,UEFA,UEFA
SEL-NATIONS_LEAGUE-2024-25-12057873,Qualification Round 1,2024-09-07,Irlanda,1,Inglaterra,0,2,,,6.0,1.0,4.0,1.0,0.0,,,,,,,,,,1.0,1.0,,5.0,31.0,,12.0,24.0,68.5,139.0,203.0,,,18.0,,,,8.0,,,,17.6,3.0,17.0,,11.0,,,5.0,3.0,2.0,,10.0,2,,0,7.0,,,,,1.0,,,4.0,,15.0,,,,,16.0,9.0,3.0,4.0,0.0,,,,,,,,,,7.0,4.0,,12.0,65.0,,36.0,76.0,88.9,634.0,713.0,,,28.0,,,,15.0,,,,23.1,3.0,13.0,,3.0,,,12.0,9.0,3.0,,11.0,0,,1,1.0,,,,,0.0,,,2.0,,9.0,,,6.6,7.45,UEFA Nations League,UEFA,UEFA
SEL-NATIONS_LEAGUE-2024-25-12057799,Qualification Round 1,2024-09-07,Armenia,1,Letonia,4,1,,,16.0,5.0,4.0,7.0,1.0,,,,,,,,,,2.0,8.0,0.0,12.0,55.0,,28.0,59.0,87.9,487.0,554.0,,,31.0,,,,13.0,,,,35.7,5.0,14.0,,12.0,,,9.0,4.0,5.0,,6.0,1,,0,1.0,,,,,,,1.0,0.0,,10.0,,,,,3.0,1.0,1.0,1.0,0.0,,,,,,,,,,0.0,3.0,1.0,5.0,40.0,,4.0,41.0,80.8,303.0,375.0,,,27.0,,,,8.0,,,,16.7,2.0,12.0,,10.0,,,22.0,15.0,7.0,,19.0,4,,0,2.0,,,,,,,0.0,2.0,,14.0,,,7.08,6.47,UEFA Nations League,UEFA,UEFA
SEL-NATIONS_LEAGUE-2024-25-12057787,Qualification Round 1,2024-09-07,Moldavia,1,Malta,2,0,,,15.0,4.0,6.0,5.0,1.0,,,,,,,,,,1.0,3.0,2.0,8.0,67.0,,29.0,58.0,82.6,459.0,556.0,,,36.0,,,,17.0,,,,33.3,5.0,15.0,,6.0,,,18.0,10.0,8.0,,8.0,0,,1,2.0,,,,,0.0,,,2.0,,16.0,,,,,6.0,2.0,3.0,1.0,0.0,,,,,,,,,,0.0,0.0,3.0,7.0,47.0,,9.0,42.0,79.4,323.0,407.0,,,30.0,,,,16.0,,,,25.0,2.0,8.0,,14.0,,,6.0,3.0,3.0,,20.0,2,,0,2.0,,,,,1.0,,,3.0,,17.0,,,7.44,6.54,UEFA Nations League,UEFA,UEFA
SEL-NATIONS_LEAGUE-2024-25-12057903,Qualification Round 1,2024-09-07,Alemania,1,Hungría,5,0,,,23.0,9.0,9.0,5.0,2.0,,,,,,,,,,9.0,4.0,1.0,9.0,55.0,,37.0,56.0,89.1,542.0,608.0,,,28.0,,,,11.0,,,,40.0,4.0,10.0,,3.0,,,16.0,7.0,9.0,,9.0,0,,1,1.0,,,,,3.0,,,0.0,,13.0,,,,,6.0,1.0,2.0,3.0,0.0,,,,,,,,,,2.0,2.0,2.0,4.0,34.0,,13.0,44.0,88.1,409.0,464.0,,,27.0,,,,13.0,,,,13.3,2.0,15.0,,13.0,,,18.0,8.0,10.0,,16.0,5,,0,3.0,,,,,0.0,,,1.0,,11.0,,,7.68,6.47,UEFA Nations League,UEFA,UEFA
SEL-NATIONS_LEAGUE-2024-25-12057896,Qualification Round 1,2024-09-07,Países Bajos,1,Bosnia,5,2,,,28.0,9.0,8.0,11.0,1.0,,,,,,,,,,8.0,10.0,0.0,5.0,67.0,,37.0,75.0,92.2,658.0,714.0,,,14.0,,,,15.0,,,,20.8,5.0,24.0,,8.0,,,10.0,7.0,3.0,,3.0,2,,0,1.0,,,,,0.0,,0.0,0.0,,10.0,,,,,4.0,3.0,1.0,0.0,0.0,,,,,,,,,,2.0,1.0,1.0,2.0,19.0,,4.0,25.0,69.5,164.0,236.0,,,7.0,,,,10.0,,,,20.0,1.0,5.0,,4.0,,,9.0,5.0,4.0,,31.0,5,,0,4.0,,,,,1.0,,1.0,2.0,,15.0,,,7.39,6.45,UEFA Nations League,UEFA,UEFA
SEL-NATIONS_LEAGUE-2024-25-12057879,Qualification Round 1,2024-09-07,Ucrania,1,Albania,1,2,,,16.0,3.0,7.0,6.0,0.0,,,,,,,,,,2.0,5.0,2.0,5.0,65.0,,18.0,59.0,87.0,421.0,484.0,,,24.0,,,,12.0,,,,28.0,7.0,25.0,,6.0,,,15.0,9.0,6.0,,7.0,2,,0,3.0,,,,,0.0,,0.0,0.0,,17.0,,,,,12.0,5.0,6.0,1.0,0.0,,,,,,,,,,2.0,4.0,1.0,5.0,48.0,,17.0,41.0,81.0,281.0,347.0,,,25.0,,,,17.0,,,,58.3,7.0,12.0,,8.0,,,8.0,7.0,1.0,,26.0,1,,0,2.0,,,,,1.0,,1.0,2.0,,13.0,,,6.91,7.03,UEFA Nations League,UEFA,UEFA
SEL-NATIONS_LEAGUE-2024-25-12057868,Qualification Round 1,2024-09-07,Grecia,1,Finlandia,3,0,,,9.0,5.0,3.0,1.0,1.0,,,,,,,,,,1.0,6.0,1.0,7.0,42.0,,25.0,46.0,83.6,402.0,481.0,,,34.0,,,,8.0,,,,8.3,1.0,12.0,,18.0,,,11.0,7.0,4.0,,19.0,0,,1,0.0,,,,,,,0.0,3.0,,10.0,,,,,6.0,1.0,3.0,2.0,0.0,,,,,,,,,,0.0,2.0,1.0,3.0,58.0,,20.0,54.0,86.1,490.0,569.0,,,19.0,,,,9.0,,,,25.0,4.0,16.0,,11.0,,,13.0,10.0,3.0,,17.0,3,,0,3.0,,,,,,,2.0,2.0,,8.0,,,7.25,6.63,UEFA Nations League,UEFA,UEFA
SEL-WC_QUALS_UEFA-2022-9223752,Final,2021-03-24,Turquía,1,Países Bajos,4,2,,,8.0,5.0,2.0,1.0,0.0,,,,,,,,,,1.0,3.0,1.0,7.0,52.0,,,34.0,74.0,247.0,334.0,,,31.0,,,,12.0,,,,28.6,2.0,7.0,,15.0,,,11.0,8.0,3.0,,35.0,2,,0,7.0,,,,,,,,5.0,,18.0,,,,,20.0,9.0,6.0,5.0,1.0,,,,,,,,,,3.0,11.0,1.0,8.0,65.0,,,66.0,86.9,550.0,633.0,,,14.0,,,,18.0,,,,26.5,9.0,34.0,,7.0,,,7.0,3.0,4.0,,7.0,4,,0,1.0,,,,,,,,1.0,,12.0,,,7.07,6.51,Clasificatorias WC UEFA,UEFA,UEFA
SEL-WC_QUALS_UEFA-2022-9223737,Final,2021-03-24,Portugal,1,Azerbaiyán,1,0,,,29.0,14.0,8.0,7.0,0.0,,,,,,,,,,1.0,10.0,1.0,12.0,99.0,,,67.0,86.2,631.0,732.0,,,26.0,,,,10.0,,,,35.3,12.0,34.0,,15.0,,,11.0,6.0,5.0,,5.0,0,,1,0.0,,,,,,,,1.0,,9.0,,,,,4.0,0.0,2.0,2.0,0.0,,,,,,,,,,0.0,0.0,2.0,5.0,41.0,,,33.0,72.1,269.0,373.0,,,25.0,,,,8.0,,,,50.0,1.0,2.0,,21.0,,,22.0,12.0,10.0,,40.0,1,,0,14.0,,,,,,,,1.0,,11.0,,,7.31,7.09,Clasificatorias WC UEFA,UEFA,UEFA
SEL-WC_QUALS_UEFA-2022-9223726,Final,2021-03-24,Serbia,1,Irlanda,3,2,,,14.0,4.0,4.0,6.0,0.0,,,,,,,,,,2.0,9.0,4.0,9.0,40.0,,,56.0,84.8,407.0,480.0,,,29.0,,,,17.0,,,,26.1,6.0,23.0,,9.0,,,11.0,8.0,3.0,,15.0,2,,0,0.0,,,,,,,,1.0,,11.0,,,,,6.0,2.0,3.0,1.0,0.0,,,,,,,,,,1.0,6.0,0.0,5.0,52.0,,,44.0,78.6,297.0,378.0,,,20.0,,,,11.0,,,,14.8,4.0,27.0,,11.0,,,15.0,9.0,6.0,,26.0,3,,0,1.0,,,,,,,,0.0,,18.0,,,6.93,6.58,Clasificatorias WC UEFA,UEFA,UEFA
SEL-WC_QUALS_UEFA-2022-9223725,Final,2021-03-24,Finlandia,1,Bosnia,2,2,,,12.0,7.0,3.0,2.0,1.0,,,,,,,,,,4.0,5.0,0.0,10.0,43.0,,,44.0,83.8,366.0,437.0,,,25.0,,,,9.0,,,,22.2,2.0,9.0,,19.0,,,11.0,6.0,5.0,,23.0,2,,0,5.0,,,,,,,,3.0,,11.0,,,,,19.0,7.0,4.0,8.0,0.0,,,,,,,,,,5.0,7.0,3.0,4.0,58.0,,,56.0,87.2,475.0,545.0,,,32.0,,,,10.0,,,,14.3,4.0,28.0,,16.0,,,12.0,8.0,4.0,,10.0,2,,0,5.0,,,,,,,,0.0,,10.0,,,7.08,6.85,Clasificatorias WC UEFA,UEFA,UEFA
SEL-WC_QUALS_UEFA-2022-9223734,Final,2021-03-24,Francia,1,Ucrania,1,1,,,18.0,3.0,9.0,6.0,0.0,,,,,,,,,,2.0,12.0,6.0,16.0,85.0,,,63.0,91.6,722.0,788.0,,,16.0,,,,3.0,,,,21.2,7.0,33.0,,9.0,,,8.0,6.0,2.0,,2.0,1,,0,0.0,,,,,,,,1.0,,17.0,,,,,3.0,1.0,2.0,0.0,0.0,,,,,,,,,,0.0,0.0,0.0,7.0,36.0,,,37.0,82.6,388.0,470.0,,,16.0,,,,16.0,,,,,0.0,4.0,,11.0,,,18.0,11.0,7.0,,36.0,1,,0,2.0,,,,,,,,0.0,,3.0,,,6.86,6.89,Clasificatorias WC UEFA,UEFA,UEFA
SEL-WC_QUALS_UEFA-2022-9223746,Final,2021-03-24,Bélgica,1,Gales,3,1,,,12.0,4.0,5.0,3.0,0.0,,,,,,,,,,3.0,4.0,3.0,8.0,71.0,,,75.0,90.0,807.0,897.0,,,25.0,,,,3.0,,,,30.8,4.0,13.0,,4.0,,,9.0,7.0,2.0,,7.0,1,,0,0.0,,,,,,,,1.0,,12.0,,,,,4.0,1.0,3.0,0.0,0.0,,,,,,,,,,1.0,1.0,0.0,4.0,59.0,,,25.0,74.2,221.0,298.0,,,22.0,,,,11.0,,,,33.3,3.0,9.0,,25.0,,,13.0,11.0,2.0,,19.0,3,,0,1.0,,,,,,,,0.0,,3.0,,,7.05,6.67,Clasificatorias WC UEFA,UEFA,UEFA
SEL-WC_QUALS_UEFA-2022-9223748,Final,2021-03-24,Estonia,1,República Checa,2,6,,,6.0,3.0,2.0,1.0,1.0,,,,,,,,,,1.0,0.0,1.0,0.0,34.0,,,24.0,61.7,145.0,235.0,,,31.0,,,,13.0,,,,14.3,1.0,7.0,,16.0,,,13.0,7.0,6.0,,24.0,6,,0,2.0,,,,,,,,,,10.0,,,,,20.0,8.0,8.0,4.0,0.0,,,,,,,,,,3.0,6.0,3.0,12.0,83.0,,,76.0,89.2,646.0,724.0,,,33.0,,,,9.0,,,,27.6,8.0,29.0,,22.0,,,7.0,5.0,2.0,,2.0,2,,0,1.0,,,,,,,,,,14.0,,,6.09,7.66,Clasificatorias WC UEFA,UEFA,UEFA
SEL-WC_QUALS_UEFA-2022-9223756,Final,2021-03-24,Gibraltar,1,Noruega,0,3,,,1.0,0.0,0.0,1.0,0.0,,,,,,,,,,0.0,1.0,1.0,6.0,34.0,,,16.0,52.7,77.0,146.0,,,16.0,,,,15.0,,,,,0.0,5.0,,14.0,,,14.0,9.0,5.0,,40.0,3,,0,12.0,,,,,,,,3.0,,15.0,,,,,29.0,14.0,11.0,4.0,1.0,,,,,,,,,,7.0,14.0,0.0,16.0,105.0,,,84.0,87.8,663.0,755.0,,,14.0,,,,15.0,,,,23.3,7.0,30.0,,8.0,,,15.0,8.0,7.0,,4.0,0,,1,0.0,,,,,,,,1.0,,16.0,,,6.43,7.43,Clasificatorias WC UEFA,UEFA,UEFA
SEL-WC_QUALS_UEFA-2022-9223744,Final,2021-03-24,Letonia,1,Montenegro,1,2,,,12.0,6.0,4.0,2.0,0.0,,,,,,,,,,2.0,3.0,1.0,6.0,55.0,,,38.0,54.3,176.0,324.0,,,24.0,,,,13.0,,,,36.4,4.0,11.0,,15.0,,,16.0,9.0,7.0,,33.0,2,,0,4.0,,,,,,,,4.0,,18.0,,,,,27.0,7.0,16.0,4.0,0.0,,,,,,,,,,3.0,11.0,2.0,8.0,86.0,,,62.0,71.2,359.0,504.0,,,39.0,,,,16.0,,,,25.9,7.0,27.0,,7.0,,,16.0,9.0,7.0,,6.0,1,,0,3.0,,,,,,,,1.0,,13.0,,,6.83,7.23,Clasificatorias WC UEFA,UEFA,UEFA
SEL-WC_QUALS_UEFA-2022-9223773,Final,2021-03-24,Chipre,1,Eslovaquia,0,0,,,11.0,4.0,3.0,4.0,0.0,,,,,,,,,,2.0,3.0,0.0,10.0,61.0,,,40.0,70.7,273.0,386.0,,,27.0,,,,19.0,,,,50.0,5.0,10.0,,11.0,,,11.0,6.0,5.0,,10.0,0,,1,3.0,,,,,,,,2.0,,16.0,,,,,7.0,3.0,3.0,1.0,0.0,,,,,,,,,,2.0,1.0,3.0,6.0,73.0,,,60.0,79.1,458.0,579.0,,,28.0,,,,16.0,,,,22.2,2.0,9.0,,9.0,,,20.0,11.0,9.0,,5.0,0,,1,4.0,,,,,,,,0.0,,20.0,,,6.85,7.1,Clasificatorias WC UEFA,UEFA,UEFA
SEL-WC_QUALS_UEFA-2022-9223766,Final,2021-03-24,Malta,1,Rusia,1,3,,,9.0,5.0,1.0,3.0,0.0,,,,,,,,,,0.0,1.0,1.0,11.0,51.0,,,45.0,77.2,315.0,408.0,,,37.0,,,,8.0,,,,12.5,1.0,8.0,,11.0,,,10.0,7.0,3.0,,20.0,3,,0,1.0,,,,,,,,1.0,,13.0,,,,,11.0,4.0,6.0,1.0,0.0,,,,,,,,,,1.0,5.0,4.0,15.0,61.0,,,55.0,83.0,400.0,482.0,,,36.0,,,,12.0,,,,32.0,8.0,25.0,,16.0,,,19.0,10.0,9.0,,13.0,1,,0,4.0,,,,,,,,1.0,,10.0,,,6.49,7.26,Clasificatorias WC UEFA,UEFA,UEFA
SEL-WC_QUALS_UEFA-2022-9223768,Final,2021-03-24,Eslovenia,1,Croacia,1,0,,,8.0,4.0,3.0,1.0,0.0,,,,,,,,,,,2.0,0.0,4.0,40.0,,,31.0,75.5,249.0,330.0,,,29.0,,,,15.0,,,,11.1,1.0,9.0,,14.0,,,19.0,10.0,9.0,,29.0,0,,1,3.0,,,,,,,,2.0,,11.0,,,,,11.0,3.0,6.0,2.0,1.0,,,,,,,,,,,3.0,2.0,13.0,75.0,,,69.0,89.3,657.0,736.0,,,36.0,,,,11.0,,,,22.9,8.0,35.0,,11.0,,,11.0,7.0,4.0,,6.0,1,,0,3.0,,,,,,,,5.0,,15.0,,,7.09,7.05,Clasificatorias WC UEFA,UEFA,UEFA
SEL-WC_QUALS_UEFA-2022-9223753,Final,2021-03-25,Bulgaria,1,Suiza,1,3,,,7.0,2.0,1.0,4.0,0.0,,,,,,,,,,0.0,1.0,0.0,7.0,41.0,,,30.0,73.4,213.0,290.0,,,14.0,,,,18.0,,,,28.6,2.0,7.0,,16.0,,,18.0,11.0,7.0,,30.0,3,,0,2.0,,,,,,,,1.0,,13.0,,,,,13.0,5.0,5.0,3.0,1.0,,,,,,,,,,5.0,7.0,4.0,8.0,77.0,,,70.0,88.1,571.0,648.0,,,18.0,,,,12.0,,,,32.3,10.0,31.0,,12.0,,,14.0,7.0,7.0,,9.0,1,,0,1.0,,,,,,,,1.0,,18.0,,,6.54,7.03,Clasificatorias WC UEFA,UEFA,UEFA
SEL-WC_QUALS_UEFA-2022-9223745,Final,2021-03-25,Israel,1,Dinamarca,0,2,,,14.0,2.0,2.0,10.0,0.0,,,,,,,,,,0.0,5.0,2.0,13.0,30.0,,,50.0,84.9,423.0,498.0,,,21.0,,,,10.0,,,,16.7,3.0,18.0,,10.0,,,18.0,11.0,7.0,,14.0,2,,0,5.0,,,,,,,,2.0,,9.0,,,,,14.0,7.0,5.0,2.0,1.0,,,,,,,,,,1.0,8.0,1.0,10.0,60.0,,,50.0,83.5,430.0,515.0,,,39.0,,,,9.0,,,,30.0,3.0,10.0,,13.0,,,16.0,10.0,6.0,,19.0,0,,1,2.0,,,,,,,,2.0,,10.0,,,6.65,7.41,Clasificatorias WC UEFA,UEFA,UEFA
SEL-WC_QUALS_UEFA-2022-9223717,Final,2021-03-25,España,1,Grecia,1,1,,,9.0,2.0,4.0,3.0,1.0,,,,,,,,,,1.0,3.0,1.0,4.0,99.0,,,80.0,92.3,850.0,921.0,,,47.0,,,,9.0,,,,17.9,5.0,28.0,,7.0,,,11.0,5.0,6.0,,2.0,1,,0,0.0,,,,,,,,1.0,,15.0,,,,,1.0,1.0,0.0,0.0,0.0,,,,,,,,,,1.0,0.0,2.0,3.0,25.0,,,20.0,62.0,147.0,237.0,,,18.0,,,,14.0,,,,,0.0,2.0,,13.0,,,16.0,5.0,11.0,,14.0,1,,0,1.0,,,,,,,,2.0,,10.0,,,6.85,6.64,Clasificatorias WC UEFA,UEFA,UEFA
SEL-WC_QUALS_UEFA-2022-9223713,Final,2021-03-25,Suecia,1,Georgia,1,0,,,10.0,4.0,5.0,1.0,0.0,,,,,,,,,,1.0,4.0,0.0,6.0,73.0,,,55.0,82.8,457.0,552.0,,,31.0,,,,8.0,,,,16.7,3.0,18.0,,13.0,,,15.0,7.0,8.0,,10.0,0,,1,3.0,,,,,,,,3.0,,19.0,,,,,8.0,3.0,2.0,3.0,0.0,,,,,,,,,,2.0,2.0,1.0,10.0,34.0,,,45.0,79.4,358.0,451.0,,,34.0,,,,16.0,,,,42.9,6.0,14.0,,8.0,,,12.0,5.0,7.0,,20.0,1,,0,3.0,,,,,,,,1.0,,9.0,,,7.25,6.7,Clasificatorias WC UEFA,UEFA,UEFA
SEL-WC_QUALS_UEFA-2022-9223761,Final,2021-03-25,Italia,1,Irlanda del Norte,2,0,,,12.0,5.0,7.0,0.0,0.0,,,,,,,,,,4.0,0.0,5.0,7.0,58.0,,,66.0,88.0,648.0,736.0,,,36.0,,,,11.0,,,,50.0,2.0,4.0,,8.0,,,8.0,4.0,4.0,,21.0,0,,1,3.0,,,,,,,,0.0,,8.0,,,,,8.0,3.0,3.0,2.0,0.0,,,,,,,,,,2.0,5.0,0.0,7.0,54.0,,,34.0,73.9,266.0,360.0,,,32.0,,,,8.0,,,,17.6,3.0,17.0,,5.0,,,8.0,8.0,0.0,,6.0,2,,0,3.0,,,,,,,,2.0,,12.0,,,7.27,6.53,Clasificatorias WC UEFA,UEFA,UEFA
SEL-WC_QUALS_UEFA-2022-9223743,Final,2021-03-25,Moldavia,1,Islas Feroe,1,1,,,8.0,3.0,2.0,3.0,1.0,,,,,,,,,,1.0,1.0,4.0,3.0,53.0,,,42.0,70.8,254.0,359.0,,,27.0,,,,21.0,,,,7.7,1.0,13.0,,19.0,,,13.0,7.0,6.0,,27.0,1,,0,2.0,,,,,,,,3.0,,15.0,,,,,12.0,4.0,2.0,6.0,0.0,,,,,,,,,,1.0,3.0,0.0,10.0,76.0,,,58.0,75.6,375.0,496.0,,,18.0,,,,14.0,,,,14.3,3.0,21.0,,12.0,,,13.0,7.0,6.0,,15.0,1,,0,2.0,,,,,,,,3.0,,21.0,,,6.86,6.66,Clasificatorias WC UEFA,UEFA,UEFA
SEL-WC_QUALS_UEFA-2022-9223733,Final,2021-03-25,Escocia,1,Austria,2,2,,,13.0,4.0,6.0,3.0,0.0,,,,,,,,,,1.0,6.0,1.0,10.0,53.0,,,40.0,75.3,292.0,388.0,,,30.0,,,,16.0,,,,18.2,4.0,22.0,,18.0,,,15.0,9.0,6.0,,19.0,2,,0,3.0,,,,,,,,4.0,,14.0,,,,,10.0,5.0,3.0,2.0,0.0,,,,,,,,,,1.0,2.0,0.0,9.0,48.0,,,60.0,82.5,498.0,604.0,,,22.0,,,,13.0,,,,15.4,2.0,13.0,,10.0,,,15.0,10.0,5.0,,16.0,2,,0,2.0,,,,,,,,3.0,,16.0,,,6.96,6.86,Clasificatorias WC UEFA,UEFA,UEFA
SEL-WC_QUALS_UEFA-2022-9223736,Final,2021-03-25,Andorra,1,Albania,0,1,,,2.0,1.0,1.0,0.0,0.0,,,,,,,,,,0.0,1.0,1.0,5.0,35.0,,,26.0,46.9,84.0,179.0,,,12.0,,,,12.0,,,,11.1,1.0,9.0,,18.0,,,20.0,14.0,6.0,,20.0,1,,0,3.0,,,,,,,,3.0,,25.0,,,,,14.0,4.0,6.0,4.0,0.0,,,,,,,,,,3.0,6.0,2.0,6.0,67.0,,,74.0,81.6,420.0,515.0,,,32.0,,,,23.0,,,,29.0,9.0,31.0,,11.0,,,10.0,7.0,3.0,,14.0,0,,1,1.0,,,,,,,,5.0,,13.0,,,6.59,7.09,Clasificatorias WC UEFA,UEFA,UEFA
SEL-WC_QUALS_UEFA-2022-9223727,Final,2021-03-25,Inglaterra,1,San Marino,5,0,,,32.0,15.0,13.0,4.0,1.0,,,,,,,,,,9.0,7.0,4.0,21.0,103.0,,,85.0,93.0,846.0,910.0,,,17.0,,,,5.0,,,,47.8,11.0,23.0,,3.0,,,9.0,3.0,6.0,,2.0,0,,1,0.0,,,,,,,,1.0,,8.0,,,,,2.0,0.0,1.0,1.0,0.0,,,,,,,,,,0.0,1.0,0.0,6.0,33.0,,,15.0,55.7,93.0,167.0,,,12.0,,,,8.0,,,,,0.0,2.0,,7.0,,,13.0,6.0,7.0,,28.0,5,,0,10.0,,,,,,,,0.0,,6.0,,,7.65,6.16,Clasificatorias WC UEFA,UEFA,UEFA
SEL-WC_QUALS_UEFA-2022-9223716,Final,2021-03-25,Hungría,1,Polonia,3,3,,,10.0,4.0,3.0,3.0,0.0,,,,,,,,,,5.0,3.0,3.0,4.0,34.0,,,36.0,72.0,236.0,328.0,,,16.0,,,,11.0,,,,25.0,3.0,12.0,,17.0,,,11.0,7.0,4.0,,19.0,3,,0,0.0,,,,,,,,5.0,1.0,20.0,,,,,10.0,3.0,6.0,1.0,0.0,,,,,,,,,,1.0,3.0,5.0,5.0,68.0,,,64.0,84.4,510.0,604.0,,,26.0,,,,19.0,,,,25.0,4.0,16.0,,11.0,,,12.0,9.0,3.0,,13.0,3,,0,1.0,,,,,,,,2.0,0.0,14.0,,,6.65,6.75,Clasificatorias WC UEFA,UEFA,UEFA
SEL-WC_QUALS_UEFA-2022-9223709,Final,2021-03-25,Alemania,1,Islandia,3,0,,,15.0,5.0,7.0,3.0,1.0,,,,,,,,,,1.0,3.0,2.0,10.0,80.0,,,81.0,92.6,972.0,1050.0,,,37.0,,,,11.0,,,,30.0,3.0,10.0,,12.0,,,11.0,5.0,6.0,,7.0,0,,1,2.0,,,,,,,,1.0,,8.0,,,,,8.0,2.0,4.0,2.0,0.0,,,,,,,,,,1.0,3.0,1.0,6.0,42.0,,,19.0,68.5,159.0,232.0,,,18.0,,,,8.0,,,,20.0,2.0,10.0,,6.0,,,11.0,5.0,6.0,,20.0,3,,0,2.0,,,,,,,,2.0,,11.0,,,7.57,6.39,Clasificatorias WC UEFA,UEFA,UEFA
SEL-WC_QUALS_UEFA-2022-9223708,Final,2021-03-25,Liechtenstein,1,Armenia,0,1,,,0.0,0.0,0.0,0.0,0.0,,,,,,,,,,0.0,1.0,1.0,1.0,36.0,,,31.0,54.4,123.0,226.0,,,29.0,,,,12.0,,,,,0.0,7.0,,10.0,,,19.0,12.0,7.0,,47.0,1,,0,5.0,,,,,,,,2.0,,13.0,,,,,26.0,5.0,17.0,4.0,0.0,,,,,,,,,,1.0,9.0,5.0,18.0,79.0,,,69.0,83.0,410.0,494.0,,,40.0,,,,13.0,,,,27.0,10.0,37.0,,5.0,,,8.0,6.0,2.0,,9.0,0,,1,0.0,,,,,,,,3.0,,12.0,,,6.67,7.33,Clasificatorias WC UEFA,UEFA,UEFA
SEL-WC_QUALS_UEFA-2022-9223707,Final,2021-03-25,Rumania,1,Macedonia del Norte,3,2,,,18.0,11.0,3.0,4.0,0.0,,,,,,,,,,2.0,3.0,1.0,9.0,38.0,,,46.0,79.8,352.0,441.0,,,19.0,,,,8.0,,,,20.0,2.0,10.0,,14.0,,,21.0,12.0,9.0,,9.0,2,,0,2.0,,,,,,,,3.0,,21.0,,,,,14.0,4.0,5.0,5.0,0.0,,,,,,,,,,6.0,2.0,4.0,10.0,54.0,,,54.0,82.6,413.0,500.0,,,32.0,,,,18.0,,,,29.4,5.0,17.0,,13.0,,,11.0,8.0,3.0,,10.0,3,,0,8.0,,,,,,,,4.0,,10.0,,,7.02,6.78,Clasificatorias WC UEFA,UEFA,UEFA
SEL-WC_QUALS_UEFA-2022-9223741,Semifinals,2021-03-27,Montenegro,1,Gibraltar,4,1,,,31.0,13.0,9.0,9.0,2.0,,,,,,,,,,4.0,12.0,2.0,17.0,84.0,,,77.0,88.3,624.0,707.0,,,34.0,,,,14.0,,,,35.1,13.0,37.0,,6.0,,,13.0,6.0,7.0,,4.0,1,,0,0.0,,,,,,,,1.0,,12.0,,,,,2.0,1.0,0.0,1.0,0.0,,,,,,,,,,1.0,0.0,1.0,3.0,32.0,,,23.0,56.6,124.0,219.0,,,17.0,,,,10.0,,,,,0.0,2.0,,12.0,,,17.0,9.0,8.0,,40.0,4,,0,9.0,,,,,,,,3.0,,14.0,,,7.42,6.35,Clasificatorias WC UEFA,UEFA,UEFA
SEL-WC_QUALS_UEFA-2022-9223759,Semifinals,2021-03-27,Rusia,1,Eslovenia,2,1,,,9.0,4.0,4.0,1.0,1.0,,,,,,,,,,3.0,6.0,2.0,7.0,55.0,,,44.0,79.3,333.0,420.0,,,41.0,,,,10.0,,,,22.7,5.0,22.0,,13.0,,,12.0,6.0,6.0,,17.0,1,,0,2.0,,,,,,,,3.0,,16.0,,,,,11.0,3.0,4.0,4.0,0.0,,,,,,,,,,0.0,6.0,0.0,9.0,65.0,,,56.0,83.2,452.0,543.0,,,33.0,,,,13.0,,,,20.0,4.0,20.0,,11.0,,,9.0,6.0,3.0,,21.0,2,,0,2.0,,,,,,,,2.0,,11.0,,,7.06,6.8,Clasificatorias WC UEFA,UEFA,UEFA
SEL-WC_QUALS_UEFA-2022-9223739,Semifinals,2021-03-27,Bielorrusia,1,Estonia,4,2,,,11.0,5.0,2.0,4.0,0.0,,,,,,,,,,3.0,5.0,4.0,13.0,66.0,,,64.0,68.7,287.0,418.0,,,41.0,,,,25.0,,,,25.0,6.0,24.0,,0.0,,,11.0,6.0,5.0,,12.0,2,,0,2.0,,,,,,,,3.0,0.0,16.0,,,,,10.0,4.0,4.0,2.0,0.0,,,,,,,,,,1.0,2.0,2.0,1.0,53.0,,,36.0,53.9,131.0,243.0,,,26.0,,,,16.0,,,,12.5,1.0,8.0,,12.0,,,20.0,7.0,13.0,,33.0,4,,0,1.0,,,,,,,,6.0,1.0,27.0,,,6.87,6.53,Clasificatorias WC UEFA,UEFA,UEFA
SEL-WC_QUALS_UEFA-2022-9223751,Semifinals,2021-03-27,Países Bajos,1,Letonia,2,0,,,36.0,11.0,13.0,12.0,2.0,,,,,,,,,,8.0,16.0,2.0,16.0,90.0,,,77.0,89.1,668.0,750.0,,,30.0,,,,10.0,,,,43.8,14.0,32.0,,10.0,,,12.0,4.0,8.0,,3.0,0,,1,0.0,,,,,,,,2.0,,5.0,,,,,4.0,0.0,3.0,1.0,1.0,,,,,,,,,,0.0,0.0,1.0,3.0,27.0,,,23.0,63.8,148.0,232.0,,,27.0,,,,4.0,,,,50.0,2.0,4.0,,15.0,,,16.0,9.0,7.0,,39.0,2,,0,8.0,,,,,,,,2.0,,11.0,,,7.73,6.79,Clasificatorias WC UEFA,UEFA,UEFA
SEL-WC_QUALS_UEFA-2022-9223738,Semifinals,2021-03-27,Noruega,1,Turquía,0,3,,,13.0,1.0,8.0,4.0,1.0,,,,,,,,,,1.0,7.0,2.0,6.0,78.0,,,58.0,87.2,537.0,616.0,,,18.0,,,,9.0,,,,16.0,4.0,25.0,,19.0,,,11.0,6.0,5.0,,3.0,3,,0,0.0,,,,,,,,2.0,1.0,14.0,,,,,10.0,3.0,3.0,4.0,0.0,,,,,,,,,,2.0,3.0,2.0,4.0,44.0,,,42.0,82.6,384.0,465.0,,,31.0,,,,10.0,,,,50.0,4.0,8.0,,12.0,,,9.0,5.0,4.0,,20.0,0,,1,1.0,,,,,,,,1.0,0.0,13.0,,,6.75,7.24,Clasificatorias WC UEFA,UEFA,UEFA
SEL-WC_QUALS_UEFA-2022-9223764,Semifinals,2021-03-27,Croacia,1,Chipre,1,0,,,17.0,3.0,11.0,3.0,0.0,,,,,,,,,,2.0,7.0,3.0,9.0,91.0,,,69.0,85.1,576.0,677.0,,,40.0,,,,5.0,,,,22.5,9.0,40.0,,11.0,,,17.0,10.0,7.0,,5.0,0,,1,2.0,,,,,,,,3.0,,12.0,,,,,3.0,2.0,1.0,0.0,0.0,,,,,,,,,,0.0,0.0,3.0,10.0,29.0,,,31.0,68.9,222.0,322.0,,,19.0,,,,12.0,,,,100.0,3.0,3.0,,23.0,,,16.0,8.0,8.0,,21.0,1,,0,2.0,,,,,,,,0.0,,7.0,,,7.12,6.8,Clasificatorias WC UEFA,UEFA,UEFA
SEL-WC_QUALS_UEFA-2022-9223771,Semifinals,2021-03-27,Irlanda,1,Luxemburgo,0,1,,,11.0,3.0,6.0,2.0,0.0,,,,,,,,,,2.0,3.0,2.0,7.0,60.0,,,63.0,83.7,468.0,559.0,,,18.0,,,,16.0,,,,38.1,8.0,21.0,,7.0,,,7.0,3.0,4.0,,10.0,1,,0,3.0,,,,,,,,2.0,,16.0,,,,,9.0,4.0,3.0,2.0,0.0,,,,,,,,,,0.0,4.0,2.0,5.0,35.0,,,37.0,74.8,249.0,333.0,,,27.0,,,,15.0,,,,20.0,2.0,10.0,,6.0,,,14.0,9.0,5.0,,20.0,0,,1,3.0,,,,,,,,3.0,,16.0,,,6.75,7.03,Clasificatorias WC UEFA,UEFA,UEFA
SEL-WC_QUALS_UEFA-2022-9223765,Semifinals,2021-03-27,Serbia,1,Portugal,2,2,,,16.0,5.0,7.0,4.0,0.0,,,,,,,,,,2.0,5.0,2.0,5.0,43.0,,,44.0,75.4,294.0,390.0,,,38.0,,,,11.0,,,,57.1,12.0,21.0,,9.0,,,11.0,8.0,3.0,,16.0,2,,0,1.0,,,,,,,,2.0,1.0,16.0,,,,,12.0,5.0,4.0,3.0,0.0,,,,,,,,,,4.0,4.0,5.0,6.0,51.0,,,56.0,81.9,416.0,508.0,,,35.0,,,,16.0,,,,8.3,1.0,12.0,,15.0,,,6.0,4.0,2.0,,16.0,2,,0,3.0,,,,,,,,3.0,0.0,12.0,,,7.05,6.86,Clasificatorias WC UEFA,UEFA,UEFA
SEL-WC_QUALS_UEFA-2022-9223742,Semifinals,2021-03-27,República Checa,1,Bélgica,1,1,,,14.0,6.0,6.0,2.0,2.0,,,,,,,,,,1.0,7.0,8.0,5.0,49.0,,,38.0,72.7,242.0,333.0,,,28.0,,,,12.0,,,,16.0,4.0,25.0,,20.0,,,13.0,8.0,5.0,,15.0,1,,0,3.0,,,,,,,,1.0,,11.0,,,,,9.0,4.0,4.0,1.0,1.0,,,,,,,,,,2.0,3.0,4.0,10.0,56.0,,,62.0,79.7,455.0,571.0,,,29.0,,,,11.0,,,,11.1,2.0,18.0,,8.0,,,12.0,8.0,4.0,,23.0,1,,0,4.0,,,,,,,,2.0,,12.0,,,6.95,7.0,Clasificatorias WC UEFA,UEFA,UEFA
SEL-WC_QUALS_UEFA-2022-9223767,Semifinals,2021-03-27,Eslovaquia,1,Malta,2,2,,,14.0,5.0,6.0,3.0,0.0,,,,,,,,,,5.0,8.0,7.0,16.0,63.0,,,66.0,86.8,480.0,553.0,,,22.0,,,,17.0,,,,30.0,6.0,20.0,,12.0,,,19.0,12.0,7.0,,5.0,2,,0,2.0,,,,,,,,2.0,,13.0,,,,,9.0,4.0,4.0,1.0,0.0,,,,,,,,,,2.0,1.0,0.0,10.0,25.0,,,34.0,73.9,204.0,276.0,,,21.0,,,,13.0,,,,23.1,3.0,13.0,,15.0,,,18.0,11.0,7.0,,22.0,2,,0,1.0,,,,,,,,2.0,,17.0,,,6.95,6.71,Clasificatorias WC UEFA,UEFA,UEFA
SEL-WC_QUALS_UEFA-2022-9223715,Semifinals,2021-03-28,Kazajistán,1,Francia,0,2,,,4.0,1.0,2.0,1.0,0.0,,,,,,,,,,0.0,0.0,4.0,4.0,26.0,,,37.0,80.4,340.0,423.0,,,16.0,,,,16.0,,,,,0.0,5.0,,19.0,,,20.0,13.0,7.0,,11.0,2,,0,7.0,,,,,,,,0.0,,13.0,,,,,15.0,9.0,3.0,3.0,0.0,,,,,,,,,,3.0,9.0,4.0,12.0,63.0,,,63.0,88.6,636.0,718.0,,,29.0,,,,13.0,,,,27.3,3.0,11.0,,6.0,,,6.0,1.0,5.0,,4.0,0,,1,1.0,,,,,,,,1.0,,17.0,,,6.74,7.1,Clasificatorias WC UEFA,UEFA,UEFA
SEL-WC_QUALS_UEFA-2022-9223769,Semifinals,2021-03-28,Georgia,1,España,1,2,,,5.0,2.0,1.0,2.0,0.0,,,,,,,,,,0.0,3.0,2.0,12.0,20.0,,,21.0,67.5,154.0,228.0,,,22.0,,,,7.0,,,,20.0,2.0,10.0,,14.0,,,26.0,14.0,12.0,,29.0,2,,0,1.0,,,,,,,,1.0,1.0,12.0,,,,,9.0,3.0,5.0,1.0,0.0,,,,,,,,,,1.0,6.0,2.0,14.0,79.0,,,79.0,89.8,780.0,869.0,,,35.0,,,,10.0,,,,23.8,5.0,21.0,,11.0,,,14.0,9.0,5.0,,8.0,1,,0,1.0,,,,,,,,2.0,0.0,8.0,,,6.68,7.02,Clasificatorias WC UEFA,UEFA,UEFA
SEL-WC_QUALS_UEFA-2022-9223718,Semifinals,2021-03-28,Dinamarca,1,Moldavia,8,0,,,18.0,11.0,3.0,4.0,0.0,,,,,,,,,,6.0,3.0,2.0,9.0,68.0,,,75.0,89.3,683.0,765.0,,,25.0,,,,6.0,,,,27.8,5.0,18.0,,15.0,,,12.0,4.0,8.0,,7.0,0,,1,2.0,,,,,,,,0.0,,14.0,,,,,4.0,2.0,1.0,1.0,0.0,,,,,,,,,,0.0,2.0,3.0,2.0,24.0,,,25.0,61.5,158.0,257.0,,,20.0,,,,13.0,,,,28.6,2.0,7.0,,11.0,,,18.0,8.0,10.0,,10.0,8,,0,3.0,,,,,,,,1.0,,7.0,,,7.86,5.7,Clasificatorias WC UEFA,UEFA,UEFA
SEL-WC_QUALS_UEFA-2022-9223730,Semifinals,2021-03-28,Albania,1,Inglaterra,0,2,,,2.0,0.0,1.0,1.0,0.0,,,,,,,,,,1.0,1.0,3.0,3.0,30.0,,,29.0,74.1,232.0,313.0,,,20.0,,,,10.0,,,,28.6,2.0,7.0,,11.0,,,13.0,4.0,9.0,,17.0,2,,0,2.0,,,,,,,,3.0,,13.0,,,,,9.0,4.0,4.0,1.0,2.0,,,,,,,,,,4.0,5.0,0.0,10.0,82.0,,,71.0,90.0,703.0,781.0,,,49.0,,,,13.0,,,,23.5,4.0,17.0,,13.0,,,16.0,4.0,12.0,,10.0,0,,1,0.0,,,,,,,,2.0,,12.0,,,6.35,7.45,Clasificatorias WC UEFA,UEFA,UEFA
SEL-WC_QUALS_UEFA-2022-9223710,Semifinals,2021-03-28,Armenia,1,Islandia,2,0,,,12.0,6.0,3.0,3.0,0.0,,,,,,,,,,0.0,1.0,2.0,8.0,53.0,,,41.0,73.2,219.0,299.0,,,18.0,,,,6.0,,,,22.2,2.0,9.0,,5.0,,,15.0,11.0,4.0,,27.0,0,,1,2.0,,,,,,,,2.0,,15.0,,,,,14.0,2.0,6.0,6.0,0.0,,,,,,,,,,1.0,10.0,2.0,10.0,56.0,,,59.0,82.0,342.0,417.0,,,46.0,,,,14.0,,,,41.7,15.0,36.0,,8.0,,,15.0,7.0,8.0,,14.0,2,,0,4.0,,,,,,,,3.0,,8.0,,,6.94,6.88,Clasificatorias WC UEFA,UEFA,UEFA
SEL-WC_QUALS_UEFA-2022-9223763,Semifinals,2021-03-28,Kosovo,1,Suecia,0,3,,,7.0,0.0,6.0,1.0,0.0,,,,,,,,,,1.0,2.0,5.0,9.0,51.0,,,50.0,79.5,334.0,420.0,,,28.0,,,,12.0,,,,26.3,5.0,19.0,,12.0,,,12.0,5.0,7.0,,14.0,3,,0,5.0,,,,,,,,6.0,1.0,9.0,,,,,20.0,8.0,5.0,7.0,0.0,,,,,,,,,,6.0,4.0,2.0,7.0,65.0,,,50.0,79.2,339.0,428.0,,,29.0,,,,8.0,,,,26.3,5.0,19.0,,5.0,,,6.0,4.0,2.0,,22.0,0,,1,0.0,,,,,,,,1.0,0.0,12.0,,,6.5,7.09,Clasificatorias WC UEFA,UEFA,UEFA
SEL-WC_QUALS_UEFA-2022-9223747,Semifinals,2021-03-28,Bulgaria,1,Italia,0,2,,,3.0,1.0,0.0,2.0,0.0,,,,,,,,,,0.0,0.0,2.0,6.0,45.0,,,33.0,73.7,210.0,285.0,,,34.0,,,,18.0,,,,8.3,1.0,12.0,,9.0,,,15.0,12.0,3.0,,15.0,2,,0,4.0,,,,,,,,3.0,,14.0,,,,,22.0,6.0,4.0,12.0,1.0,,,,,,,,,,4.0,12.0,1.0,5.0,47.0,,,67.0,87.5,520.0,594.0,,,34.0,,,,13.0,,,,27.3,6.0,22.0,,10.0,,,9.0,4.0,5.0,,11.0,0,,1,1.0,,,,,,,,2.0,,18.0,,,6.81,7.09,Clasificatorias WC UEFA,UEFA,UEFA
SEL-WC_QUALS_UEFA-2022-9223749,Semifinals,2021-03-28,Suiza,1,Lituania,1,0,,,21.0,9.0,8.0,4.0,2.0,,,,,,,,,,4.0,14.0,5.0,11.0,74.0,,,69.0,89.2,545.0,611.0,,,26.0,,,,8.0,,,,25.7,9.0,35.0,,13.0,,,11.0,9.0,2.0,,7.0,0,,1,1.0,,,,,,,,0.0,,8.0,,,,,4.0,1.0,0.0,3.0,0.0,,,,,,,,,,0.0,3.0,4.0,7.0,42.0,,,31.0,69.5,198.0,285.0,,,22.0,,,,8.0,,,,20.0,1.0,5.0,,9.0,,,9.0,6.0,3.0,,26.0,1,,0,8.0,,,,,,,,1.0,,8.0,,,7.33,6.68,Clasificatorias WC UEFA,UEFA,UEFA
SEL-WC_QUALS_UEFA-2022-9223721,Semifinals,2021-03-28,Ucrania,1,Finlandia,1,1,,,17.0,4.0,7.0,6.0,0.0,,,,,,,,,,1.0,3.0,1.0,7.0,73.0,,,61.0,90.5,571.0,631.0,,,20.0,,,,9.0,,,,25.0,4.0,16.0,,8.0,,,10.0,7.0,3.0,,8.0,1,,0,0.0,,,,,,,,3.0,1.0,10.0,,,,,7.0,1.0,4.0,2.0,1.0,,,,,,,,,,1.0,3.0,2.0,2.0,34.0,,,39.0,83.7,339.0,405.0,,,12.0,,,,9.0,,,,16.7,1.0,6.0,,14.0,,,10.0,8.0,2.0,,11.0,1,,0,3.0,,,,,,,,2.0,0.0,10.0,,,6.95,6.84,Clasificatorias WC UEFA,UEFA,UEFA
SEL-WC_QUALS_UEFA-2022-9223732,Semifinals,2021-03-28,Austria,1,Islas Feroe,3,1,,,27.0,8.0,12.0,7.0,1.0,,,,,,,,,,7.0,9.0,2.0,14.0,60.0,,,71.0,86.6,541.0,625.0,,,29.0,,,,7.0,,,,27.6,8.0,29.0,,7.0,,,11.0,10.0,1.0,,11.0,1,,0,3.0,,,,,,,,1.0,,10.0,,,,,9.0,4.0,3.0,2.0,0.0,,,,,,,,,,1.0,4.0,0.0,4.0,32.0,,,29.0,66.0,169.0,256.0,,,19.0,,,,8.0,,,,50.0,7.0,14.0,,11.0,,,10.0,3.0,7.0,,48.0,3,,0,5.0,,,,,,,,1.0,,7.0,,,7.4,6.55,Clasificatorias WC UEFA,UEFA,UEFA
SEL-WC_QUALS_UEFA-2022-9223728,Semifinals,2021-03-28,Israel,1,Escocia,1,1,,,14.0,3.0,6.0,5.0,0.0,,,,,,,,,,,0.0,1.0,6.0,62.0,,,55.0,86.1,510.0,592.0,,,25.0,,,,14.0,,,,20.0,2.0,10.0,,10.0,,,9.0,7.0,2.0,,14.0,1,,0,2.0,,,,,,,,1.0,,17.0,,,,,13.0,3.0,5.0,5.0,0.0,,,,,,,,,,,4.0,4.0,7.0,51.0,,,45.0,83.2,395.0,475.0,,,29.0,,,,16.0,,,,15.0,3.0,20.0,,12.0,,,20.0,10.0,10.0,,8.0,1,,0,2.0,,,,,,,,1.0,,15.0,,,6.85,7.01,Clasificatorias WC UEFA,UEFA,UEFA
SEL-WC_QUALS_UEFA-2022-9223719,Semifinals,2021-03-28,Polonia,1,Andorra,3,0,,,26.0,6.0,9.0,11.0,0.0,,,,,,,,,,6.0,13.0,0.0,15.0,62.0,,,85.0,88.8,608.0,685.0,,,33.0,,,,22.0,,,,29.1,16.0,55.0,,5.0,,,7.0,4.0,3.0,,3.0,0,,1,0.0,,,,,,,,0.0,,8.0,,,,,1.0,0.0,1.0,0.0,0.0,,,,,,,,,,0.0,0.0,1.0,5.0,29.0,,,15.0,39.1,50.0,128.0,,,11.0,,,,8.0,,,,,0.0,1.0,,24.0,,,7.0,3.0,4.0,,40.0,3,,0,2.0,,,,,,,,2.0,,22.0,,,7.42,6.43,Clasificatorias WC UEFA,UEFA,UEFA
SEL-WC_QUALS_UEFA-2022-9223712,Semifinals,2021-03-28,San Marino,1,Hungría,0,3,,,1.0,0.0,1.0,0.0,0.0,,,,,,,,,,0.0,1.0,1.0,1.0,25.0,,,20.0,56.4,101.0,179.0,,,21.0,,,,13.0,,,,50.0,1.0,2.0,,21.0,,,5.0,5.0,0.0,,43.0,3,,0,7.0,,,,,,,,4.0,,17.0,,,,,23.0,10.0,10.0,3.0,0.0,,,,,,,,,,5.0,16.0,3.0,5.0,85.0,,,80.0,89.8,633.0,705.0,,,20.0,,,,16.0,,,,23.3,10.0,43.0,,8.0,,,9.0,7.0,2.0,,3.0,0,,1,0.0,,,,,,,,2.0,,14.0,,,6.5,7.22,Clasificatorias WC UEFA,UEFA,UEFA
SEL-WC_QUALS_UEFA-2022-9223750,Semifinals,2021-03-28,Macedonia del Norte,1,Liechtenstein,5,0,,,21.0,11.0,8.0,2.0,1.0,,,,,,,,,,3.0,3.0,7.0,13.0,103.0,,,75.0,90.6,690.0,762.0,,,28.0,,,,19.0,,,,25.0,5.0,20.0,,7.0,,,15.0,5.0,10.0,,3.0,0,,1,1.0,,,,,,,,1.0,,6.0,,,,,2.0,1.0,0.0,1.0,0.0,,,,,,,,,,0.0,2.0,2.0,5.0,19.0,,,25.0,72.2,179.0,248.0,,,18.0,,,,6.0,,,,20.0,1.0,5.0,,14.0,,,9.0,3.0,6.0,,31.0,5,,0,6.0,,,,,,,,5.0,,21.0,,,7.48,6.05,Clasificatorias WC UEFA,UEFA,UEFA
SEL-WC_QUALS_UEFA-2022-9223755,Semifinals,2021-03-28,Rumania,1,Alemania,0,1,,,9.0,2.0,5.0,2.0,0.0,,,,,,,,,,2.0,3.0,2.0,10.0,31.0,,,34.0,75.6,269.0,356.0,,,17.0,,,,11.0,,,,16.7,1.0,6.0,,12.0,,,11.0,3.0,8.0,,25.0,1,,0,8.0,,,,,,,,1.0,,10.0,,,,,18.0,9.0,6.0,3.0,1.0,,,,,,,,,,5.0,6.0,5.0,13.0,67.0,,,66.0,89.8,625.0,696.0,,,29.0,,,,10.0,,,,19.0,4.0,21.0,,18.0,,,14.0,9.0,5.0,,9.0,0,,1,2.0,,,,,,,,1.0,,11.0,,,6.71,7.34,Clasificatorias WC UEFA,UEFA,UEFA
SEL-WC_QUALS_UEFA-2022-9223774,Ronda 3,2021-03-30,Azerbaiyán,1,Serbia,1,2,,,8.0,2.0,3.0,3.0,0.0,,,,,,,,,,3.0,2.0,1.0,3.0,37.0,,,33.0,72.0,229.0,318.0,,,17.0,,,,14.0,,,,20.0,1.0,5.0,,13.0,,,13.0,9.0,4.0,,12.0,2,,0,5.0,,,,,,,,1.0,,19.0,,,,,18.0,7.0,9.0,2.0,0.0,,,,,,,,,,1.0,9.0,2.0,13.0,71.0,,,67.0,87.8,568.0,647.0,,,57.0,,,,16.0,,,,36.4,8.0,22.0,,14.0,,,14.0,7.0,7.0,,9.0,1,,0,1.0,,,,,,,,2.0,,14.0,,,6.5,7.47,Clasificatorias WC UEFA,UEFA,UEFA
SEL-WC_QUALS_UEFA-2022-9223758,Ronda 3,2021-03-30,Chipre,1,Eslovenia,1,0,,,7.0,3.0,3.0,1.0,0.0,,,,,,,,,,0.0,2.0,2.0,13.0,50.0,,,38.0,68.6,238.0,347.0,,,23.0,,,,15.0,,,,16.7,2.0,12.0,,6.0,,,15.0,7.0,8.0,,24.0,0,,1,3.0,,,,,,,,0.0,,10.0,,,,,9.0,3.0,4.0,2.0,0.0,,,,,,,,,,1.0,6.0,6.0,4.0,73.0,,,62.0,78.1,447.0,572.0,,,31.0,,,,9.0,,,,13.3,2.0,15.0,,4.0,,,14.0,8.0,6.0,,12.0,1,,0,2.0,,,,,,,,2.0,,15.0,,,7.14,6.67,Clasificatorias WC UEFA,UEFA,UEFA
SEL-WC_QUALS_UEFA-2022-9223772,Ronda 3,2021-03-30,Luxemburgo,1,Portugal,1,3,,,6.0,1.0,2.0,3.0,0.0,,,,,,,,,,1.0,4.0,2.0,8.0,55.0,,,43.0,80.3,330.0,411.0,,,33.0,,,,15.0,,,,7.7,1.0,13.0,,12.0,,,20.0,12.0,8.0,,19.0,3,,0,8.0,,,,,,,,2.0,1.0,9.0,,,,,20.0,11.0,4.0,5.0,1.0,,,,,,,,,,5.0,9.0,5.0,19.0,54.0,,,57.0,87.0,457.0,525.0,,,32.0,,,,9.0,,,,25.9,7.0,27.0,,13.0,,,18.0,13.0,5.0,,12.0,1,,0,0.0,,,,,,,,3.0,0.0,15.0,,,6.65,6.98,Clasificatorias WC UEFA,UEFA,UEFA
SEL-WC_QUALS_UEFA-2022-9223722,Ronda 3,2021-03-30,Bélgica,1,Bielorrusia,8,0,,,21.0,15.0,5.0,1.0,0.0,,,,,,,,,,8.0,7.0,1.0,14.0,69.0,,,68.0,90.6,657.0,725.0,,,45.0,,,,7.0,,,,20.0,4.0,20.0,,12.0,,,20.0,9.0,11.0,,5.0,0,,1,0.0,,,,,,,,,,8.0,,,,,4.0,0.0,2.0,2.0,0.0,,,,,,,,,,0.0,1.0,2.0,5.0,38.0,,,32.0,78.5,270.0,344.0,,,31.0,,,,8.0,,,,,0.0,3.0,,22.0,,,18.0,12.0,6.0,,21.0,8,,0,7.0,,,,,,,,,,8.0,,,8.02,5.9,Clasificatorias WC UEFA,UEFA,UEFA
SEL-WC_QUALS_UEFA-2022-9223729,Ronda 3,2021-03-30,Gales,1,República Checa,1,0,,,8.0,3.0,3.0,2.0,0.0,,,,,,,,,,2.0,3.0,5.0,4.0,45.0,,,44.0,75.0,243.0,324.0,,,25.0,,,,14.0,,,,21.4,3.0,14.0,,7.0,,,10.0,5.0,5.0,,19.0,0,,1,3.0,,,,,,,,3.0,1.0,18.0,,,,,11.0,3.0,5.0,3.0,0.0,,,,,,,,,,1.0,5.0,1.0,3.0,66.0,,,56.0,76.7,329.0,429.0,,,35.0,,,,15.0,,,,13.3,2.0,15.0,,9.0,,,10.0,4.0,6.0,,15.0,1,,0,2.0,,,,,,,,1.0,1.0,16.0,,,6.88,6.76,Clasificatorias WC UEFA,UEFA,UEFA
SEL-WC_QUALS_UEFA-2022-9223723,Ronda 3,2021-03-30,Gibraltar,1,Países Bajos,0,7,,,0.0,0.0,0.0,0.0,0.0,,,,,,,,,,0.0,3.0,0.0,1.0,34.0,,,20.0,54.6,100.0,183.0,,,22.0,,,,10.0,,,,40.0,2.0,5.0,,12.0,,,11.0,8.0,3.0,,43.0,7,,0,9.0,,,,,,,,2.0,,13.0,,,,,35.0,16.0,12.0,7.0,0.0,,,,,,,,,,13.0,9.0,3.0,13.0,82.0,,,80.0,89.3,632.0,708.0,,,12.0,,,,12.0,,,,38.5,15.0,39.0,,7.0,,,10.0,7.0,3.0,,5.0,0,,1,0.0,,,,,,,,2.0,,11.0,,,6.02,7.93,Clasificatorias WC UEFA,UEFA,UEFA
SEL-WC_QUALS_UEFA-2022-9223770,Ronda 3,2021-03-30,Montenegro,1,Noruega,0,1,,,13.0,4.0,4.0,5.0,0.0,,,,,,,,,,1.0,2.0,2.0,4.0,53.0,,,42.0,70.5,284.0,403.0,,,42.0,,,,14.0,,,,28.6,4.0,14.0,,14.0,,,21.0,12.0,9.0,,13.0,1,,0,0.0,,,,,,,,0.0,,13.0,,,,,10.0,1.0,7.0,2.0,1.0,,,,,,,,,,1.0,4.0,1.0,5.0,82.0,,,58.0,82.3,464.0,564.0,,,35.0,,,,13.0,,,,33.3,5.0,15.0,,17.0,,,10.0,8.0,2.0,,24.0,0,,1,4.0,,,,,,,,2.0,,14.0,,,6.9,7.19,Clasificatorias WC UEFA,UEFA,UEFA
SEL-WC_QUALS_UEFA-2022-9223731,Ronda 3,2021-03-30,Turquía,1,Letonia,3,3,,,17.0,8.0,6.0,3.0,1.0,,,,,,,,,,3.0,7.0,0.0,7.0,66.0,,,64.0,87.0,557.0,640.0,,,27.0,,,,16.0,,,,10.0,2.0,20.0,,8.0,,,8.0,2.0,6.0,,16.0,3,,0,1.0,,,,,,,,3.0,,16.0,,,,,10.0,4.0,5.0,1.0,0.0,,,,,,,,,,2.0,3.0,1.0,2.0,47.0,,,36.0,74.8,267.0,357.0,,,25.0,,,,16.0,,,,25.0,3.0,12.0,,20.0,,,8.0,5.0,3.0,,21.0,3,,0,5.0,,,,,,,,3.0,,16.0,,,6.9,6.75,Clasificatorias WC UEFA,UEFA,UEFA
SEL-WC_QUALS_UEFA-2022-9223762,Ronda 3,2021-03-30,Croacia,1,Malta,3,0,,,17.0,6.0,6.0,5.0,1.0,,,,,,,,,,4.0,6.0,3.0,20.0,79.0,,,67.0,83.0,477.0,575.0,,,55.0,,,,10.0,,,,29.6,8.0,27.0,,4.0,,,16.0,12.0,4.0,,2.0,0,,1,1.0,,,,,,,,2.0,,11.0,,,,,2.0,1.0,0.0,1.0,0.0,,,,,,,,,,0.0,0.0,0.0,13.0,27.0,,,33.0,68.5,202.0,295.0,,,14.0,,,,10.0,,,,,0.0,2.0,,17.0,,,24.0,14.0,10.0,,29.0,3,,0,3.0,,,,,,,,0.0,,12.0,,,7.07,6.57,Clasificatorias WC UEFA,UEFA,UEFA
SEL-WC_QUALS_UEFA-2022-9223754,Ronda 3,2021-03-30,Eslovaquia,1,Rusia,2,1,,,7.0,3.0,3.0,1.0,0.0,,,,,,,,,,1.0,2.0,3.0,5.0,49.0,,,39.0,74.3,277.0,373.0,,,36.0,,,,13.0,,,,20.0,2.0,10.0,,16.0,,,21.0,10.0,11.0,,25.0,1,,0,2.0,,,,,,,,1.0,,8.0,,,,,10.0,3.0,6.0,1.0,0.0,,,,,,,,,,1.0,2.0,1.0,8.0,65.0,,,61.0,81.4,485.0,596.0,,,41.0,,,,8.0,,,,47.1,8.0,17.0,,16.0,,,13.0,7.0,6.0,,5.0,2,,0,1.0,,,,,,,,2.0,,14.0,,,6.96,6.87,Clasificatorias WC UEFA,UEFA,UEFA
SEL-WC_QUALS_UEFA-2022-9223833,Ronda 3,2021-03-31,Armenia,1,Rumania,3,2,,,16.0,8.0,5.0,3.0,0.0,,,,,,,,,,4.0,6.0,3.0,13.0,51.0,,,34.0,75.0,192.0,256.0,,,25.0,,,,15.0,,,,34.8,8.0,23.0,,15.0,,,18.0,9.0,9.0,,12.0,2,,0,5.0,,,,,,,,3.0,0.0,10.0,,,,,14.0,7.0,5.0,2.0,0.0,,,,,,,,,,1.0,5.0,0.0,7.0,68.0,,,66.0,85.1,450.0,529.0,,,21.0,,,,10.0,,,,27.3,3.0,11.0,,7.0,,,15.0,10.0,5.0,,16.0,3,,0,5.0,,,,,,,,4.0,1.0,15.0,,,7.06,6.75,Clasificatorias WC UEFA,UEFA,UEFA
SEL-WC_QUALS_UEFA-2022-9223757,Ronda 3,2021-03-31,Grecia,1,Georgia,1,1,,,6.0,2.0,3.0,1.0,0.0,,,,,,,,,,1.0,4.0,2.0,9.0,56.0,,,56.0,83.1,457.0,550.0,,,29.0,,,,12.0,,,,15.8,3.0,19.0,,17.0,,,12.0,7.0,5.0,,16.0,1,,0,3.0,,,,,,,,4.0,,18.0,,,,,9.0,4.0,2.0,3.0,0.0,,,,,,,,,,0.0,9.0,2.0,16.0,40.0,,,44.0,81.7,357.0,437.0,,,19.0,,,,18.0,,,,23.8,5.0,21.0,,17.0,,,18.0,12.0,6.0,,17.0,1,,0,2.0,,,,,,,,3.0,,13.0,,,6.75,6.91,Clasificatorias WC UEFA,UEFA,UEFA
SEL-WC_QUALS_UEFA-2022-9223775,Ronda 3,2021-03-31,España,1,Kosovo,3,1,,,24.0,11.0,8.0,5.0,0.0,,,,,,,,,,3.0,9.0,3.0,9.0,66.0,,,81.0,92.0,845.0,918.0,,,37.0,,,,9.0,,,,27.8,5.0,18.0,,10.0,,,16.0,10.0,6.0,,7.0,1,,0,0.0,,,,,,,,0.0,,9.0,,,,,3.0,1.0,2.0,0.0,0.0,,,,,,,,,,1.0,2.0,4.0,3.0,34.0,,,19.0,65.3,141.0,216.0,,,27.0,,,,8.0,,,,,0.0,6.0,,13.0,,,16.0,9.0,7.0,,14.0,3,,0,8.0,,,,,,,,1.0,,10.0,,,7.25,6.6,Clasificatorias WC UEFA,UEFA,UEFA
SEL-WC_QUALS_UEFA-2022-9223740,Ronda 3,2021-03-31,Lituania,1,Italia,0,2,,,7.0,2.0,2.0,3.0,0.0,,,,,,,,,,1.0,4.0,3.0,4.0,33.0,,,34.0,73.7,244.0,331.0,,,25.0,,,,13.0,,,,36.4,4.0,11.0,,15.0,,,11.0,8.0,3.0,,22.0,2,,0,9.0,,,,,,,,3.0,,14.0,,,,,29.0,11.0,11.0,7.0,0.0,,,,,,,,,,8.0,5.0,2.0,10.0,82.0,,,66.0,85.8,554.0,646.0,,,33.0,,,,14.0,,,,35.0,7.0,20.0,,15.0,,,10.0,8.0,2.0,,3.0,0,,1,2.0,,,,,,,,3.0,,13.0,,,6.76,7.15,Clasificatorias WC UEFA,UEFA,UEFA
SEL-WC_QUALS_UEFA-2022-9223735,Ronda 3,2021-03-31,Irlanda del Norte,1,Bulgaria,0,0,,,14.0,3.0,6.0,5.0,1.0,,,,,,,,,,,12.0,3.0,8.0,79.0,,,70.0,83.2,457.0,549.0,,,26.0,,,,15.0,,,,23.5,8.0,34.0,,4.0,,,15.0,7.0,8.0,,9.0,0,,1,1.0,,,,,,,,3.0,,17.0,,,,,3.0,1.0,2.0,0.0,0.0,,,,,,,,,,,2.0,5.0,5.0,36.0,,,30.0,59.8,143.0,239.0,,,16.0,,,,17.0,,,,33.3,2.0,6.0,,11.0,,,10.0,6.0,4.0,,37.0,0,,1,3.0,,,,,,,,3.0,,17.0,,,7.16,6.83,Clasificatorias WC UEFA,UEFA,UEFA
SEL-WC_QUALS_UEFA-2022-9223760,Ronda 3,2021-03-31,Bosnia,1,Francia,0,1,,,4.0,2.0,1.0,1.0,0.0,,,,,,,,,,1.0,4.0,1.0,6.0,43.0,,,44.0,83.4,357.0,428.0,,,26.0,,,,10.0,,,,20.0,2.0,10.0,,9.0,,,9.0,6.0,3.0,,19.0,1,,0,1.0,,,,,,,,3.0,,12.0,,,,,13.0,2.0,7.0,4.0,0.0,,,,,,,,,,2.0,8.0,3.0,11.0,63.0,,,56.0,87.9,470.0,535.0,,,37.0,,,,12.0,,,,26.7,8.0,30.0,,8.0,,,18.0,10.0,8.0,,11.0,0,,1,2.0,,,,,,,,3.0,,10.0,,,6.62,7.33,Clasificatorias WC UEFA,UEFA,UEFA
SEL-WC_QUALS_UEFA-2022-9223724,Ronda 3,2021-03-31,Ucrania,1,Kazajistán,1,1,,,28.0,10.0,12.0,6.0,0.0,,,,,,,,,,4.0,7.0,,11.0,89.0,,,71.0,89.1,681.0,764.0,,,25.0,,,,14.0,,,,26.3,5.0,19.0,,12.0,,,10.0,7.0,3.0,,7.0,1,,0,1.0,,,,,,,,2.0,,7.0,,,,,5.0,2.0,1.0,2.0,0.0,,,,,,,,,,0.0,1.0,,10.0,42.0,,,29.0,68.6,216.0,315.0,,,19.0,,,,7.0,,,,,0.0,3.0,,18.0,,,18.0,11.0,7.0,,25.0,1,,0,9.0,,,,,,,,6.0,,14.0,,,7.16,6.94,Clasificatorias WC UEFA,UEFA,UEFA
SEL-WC_QUALS_UEFA-2022-9223711,Ronda 3,2021-03-31,Austria,1,Dinamarca,0,4,,,5.0,0.0,4.0,1.0,0.0,,,,,,,,,,0.0,2.0,1.0,6.0,58.0,,,52.0,82.7,449.0,543.0,,,27.0,,,,10.0,,,,6.7,1.0,15.0,,5.0,,,18.0,11.0,7.0,,17.0,4,,0,1.0,,,,,,,,0.0,,12.0,,,,,11.0,6.0,2.0,3.0,0.0,,,,,,,,,,4.0,6.0,3.0,2.0,59.0,,,48.0,84.3,431.0,511.0,,,53.0,,,,12.0,,,,,0.0,9.0,,12.0,,,15.0,7.0,8.0,,19.0,0,,1,0.0,,,,,,,,1.0,,11.0,,,6.44,7.28,Clasificatorias WC UEFA,UEFA,UEFA
SEL-WC_QUALS_UEFA-2022-9223720,Ronda 3,2021-03-31,Moldavia,1,Israel,1,4,,,12.0,4.0,3.0,5.0,0.0,,,,,,,,,,2.0,4.0,0.0,7.0,44.0,,,26.0,59.1,137.0,232.0,,,16.0,,,,5.0,,,,50.0,8.0,16.0,,17.0,,,15.0,6.0,9.0,,17.0,4,,0,4.0,,,,,,,,4.0,1.0,14.0,,,,,20.0,8.0,7.0,5.0,0.0,,,,,,,,,,6.0,5.0,3.0,12.0,87.0,,,74.0,86.9,597.0,687.0,,,27.0,,,,13.0,,,,13.3,2.0,15.0,,10.0,,,15.0,10.0,5.0,,8.0,1,,0,3.0,,,,,,,,2.0,0.0,5.0,,,6.32,7.25,Clasificatorias WC UEFA,UEFA,UEFA
SEL-WC_QUALS_UEFA-2022-9223714,Ronda 3,2021-03-31,Escocia,1,Islas Feroe,4,0,,,12.0,6.0,6.0,0.0,0.0,,,,,,,,,,1.0,1.0,3.0,10.0,74.0,,,65.0,87.8,583.0,664.0,,,32.0,,,,13.0,,,,21.7,5.0,23.0,,10.0,,,6.0,5.0,1.0,,10.0,0,,1,2.0,,,,,,,,1.0,,9.0,,,,,7.0,2.0,3.0,2.0,0.0,,,,,,,,,,1.0,5.0,1.0,0.0,36.0,,,35.0,76.6,272.0,355.0,,,30.0,,,,8.0,,,,16.7,2.0,12.0,,15.0,,,17.0,11.0,6.0,,24.0,4,,0,3.0,,,,,,,,1.0,,13.0,,,7.5,6.32,Clasificatorias WC UEFA,UEFA,UEFA
SEL-WC_QUALS_UEFA-2022-9223793,Ronda 3,2021-03-31,Andorra,1,Hungría,1,4,,,4.0,3.0,0.0,1.0,0.0,,,,,,,,,,1.0,1.0,,4.0,48.0,,,24.0,54.6,112.0,205.0,,,12.0,,,,8.0,,,,12.5,1.0,8.0,,16.0,,,9.0,9.0,0.0,,17.0,4,,0,1.0,,,,,,,,4.0,,20.0,,,,,16.0,5.0,8.0,3.0,1.0,,,,,,,,,,3.0,4.0,,5.0,52.0,,,76.0,83.1,537.0,646.0,,,26.0,,,,19.0,,,,23.5,4.0,17.0,,8.0,,,11.0,8.0,3.0,,7.0,1,,0,2.0,,,,,,,,2.0,,9.0,,,6.19,7.05,Clasificatorias WC UEFA,UEFA,UEFA
SEL-WC_QUALS_UEFA-2022-9223812,Ronda 3,2021-03-31,Inglaterra,1,Polonia,2,1,,,10.0,4.0,2.0,4.0,0.0,,,,,,,,,,1.0,7.0,3.0,7.0,40.0,,,64.0,87.8,540.0,615.0,,,26.0,,,,16.0,,,,35.0,7.0,20.0,,12.0,,,15.0,10.0,5.0,,9.0,1,,0,0.0,,,,,,,,0.0,,11.0,,,,,4.0,1.0,2.0,1.0,0.0,,,,,,,,,,1.0,0.0,1.0,4.0,48.0,,,36.0,74.7,269.0,360.0,,,22.0,,,,10.0,,,,28.6,2.0,7.0,,2.0,,,15.0,6.0,9.0,,18.0,2,,0,2.0,,,,,,,,1.0,,17.0,,,7.05,6.55,Clasificatorias WC UEFA,UEFA,UEFA
SEL-WC_QUALS_UEFA-2022-9223811,Ronda 3,2021-03-31,San Marino,1,Albania,0,2,,,4.0,1.0,1.0,2.0,0.0,,,,,,,,,,0.0,0.0,2.0,3.0,33.0,,,21.0,57.2,107.0,187.0,,,15.0,,,,14.0,,,,,0.0,2.0,,13.0,,,20.0,10.0,10.0,,57.0,2,,0,3.0,,,,,,,,2.0,,10.0,,,,,26.0,5.0,13.0,8.0,2.0,,,,,,,,,,3.0,15.0,3.0,12.0,106.0,,,79.0,84.8,563.0,664.0,,,19.0,,,,10.0,,,,25.5,12.0,47.0,,7.0,,,16.0,11.0,5.0,,3.0,0,,1,1.0,,,,,,,,0.0,,15.0,,,6.65,7.27,Clasificatorias WC UEFA,UEFA,UEFA
SEL-WC_QUALS_UEFA-2022-9223819,Ronda 3,2021-03-31,Alemania,1,Macedonia del Norte,1,2,,,11.0,2.0,6.0,3.0,1.0,,,,,,,,,,2.0,2.0,1.0,9.0,76.0,,,70.0,88.8,645.0,726.0,,,40.0,,,,14.0,,,,35.0,7.0,20.0,,5.0,,,16.0,11.0,5.0,,12.0,2,,0,1.0,,,,,,,,5.0,,14.0,,,,,6.0,3.0,0.0,3.0,0.0,,,,,,,,,,1.0,5.0,1.0,4.0,31.0,,,30.0,72.0,221.0,307.0,,,16.0,,,,13.0,,,,11.1,2.0,18.0,,7.0,,,14.0,7.0,7.0,,24.0,1,,0,1.0,,,,,,,,3.0,,14.0,,,7.0,6.8,Clasificatorias WC UEFA,UEFA,UEFA
SEL-WC_QUALS_UEFA-2022-9223831,Ronda 3,2021-03-31,Liechtenstein,1,Islandia,1,4,,,3.0,3.0,0.0,0.0,0.0,,,,,,,,,,0.0,1.0,0.0,2.0,27.0,,,31.0,68.0,202.0,297.0,,,17.0,,,,9.0,,,,,0.0,0.0,,11.0,,,20.0,11.0,9.0,,31.0,4,,0,7.0,,,,,,,,,,10.0,,,,,26.0,11.0,8.0,7.0,0.0,,,,,,,,,,7.0,13.0,2.0,11.0,81.0,,,69.0,86.9,551.0,634.0,,,61.0,,,,10.0,,,,37.5,15.0,40.0,,10.0,,,10.0,7.0,3.0,,0.0,1,,0,2.0,,,,,,,,,,10.0,,,6.56,7.42,Clasificatorias WC UEFA,UEFA,UEFA
SEL-WC_QUALS_UEFA-2022-9223816,Ronda 4,2021-09-01,Kazajistán,1,Ucrania,2,2,,,11.0,6.0,3.0,2.0,0.0,,,,,,,,,,0.0,3.0,1.0,6.0,44.0,,,41.0,77.6,316.0,407.0,,,28.0,,,,8.0,,,,6.2,1.0,16.0,,15.0,,,9.0,4.0,5.0,,13.0,2,,0,7.0,,,,,,,,2.0,,11.0,,,,,25.0,9.0,7.0,9.0,3.0,,,,,,,,,,7.0,4.0,1.0,16.0,62.0,,,59.0,85.8,494.0,576.0,,,22.0,,,,10.0,,,,42.1,8.0,19.0,,10.0,,,6.0,4.0,2.0,,8.0,2,,0,4.0,,,,,,,,2.0,,8.0,,,6.98,6.98,Clasificatorias WC UEFA,UEFA,UEFA
SEL-WC_QUALS_UEFA-2022-9223846,Ronda 4,2021-09-01,Luxemburgo,1,Azerbaiyán,2,1,,,16.0,5.0,8.0,3.0,0.0,,,,,,,,,,2.0,5.0,3.0,10.0,51.0,,,47.0,79.8,317.0,397.0,,,39.0,,,,10.0,,,,45.0,9.0,20.0,,17.0,,,8.0,6.0,2.0,,13.0,1,,0,2.0,,,,,,,,2.0,,15.0,,,,,8.0,3.0,4.0,1.0,0.0,,,,,,,,,,0.0,3.0,5.0,4.0,46.0,,,53.0,83.1,383.0,461.0,,,27.0,,,,15.0,,,,33.3,5.0,15.0,,11.0,,,25.0,14.0,11.0,,14.0,2,,0,2.0,,,,,,,,3.0,,11.0,,,6.96,6.71,Clasificatorias WC UEFA,UEFA,UEFA
SEL-WC_QUALS_UEFA-2022-9223845,Ronda 4,2021-09-01,Portugal,1,Irlanda,2,1,,,29.0,7.0,10.0,12.0,1.0,,,,,,,,,,3.0,14.0,2.0,10.0,69.0,,,72.0,87.6,528.0,603.0,,,31.0,,,,10.0,,,,24.4,11.0,45.0,,10.0,,,18.0,12.0,6.0,,4.0,1,,0,1.0,,,,,,,,1.0,,9.0,,,,,6.0,2.0,4.0,0.0,0.0,,,,,,,,,,1.0,3.0,0.0,5.0,50.0,,,28.0,71.6,174.0,243.0,,,26.0,,,,9.0,,,,33.3,3.0,9.0,,13.0,,,12.0,6.0,6.0,,40.0,2,,0,5.0,,,,,,,,4.0,,11.0,,,7.12,6.82,Clasificatorias WC UEFA,UEFA,UEFA
SEL-WC_QUALS_UEFA-2022-9223803,Ronda 4,2021-09-01,Francia,1,Bosnia,1,1,,,9.0,2.0,5.0,2.0,1.0,,,,,,,,,,,4.0,2.0,10.0,66.0,,,54.0,91.0,533.0,586.0,,,37.0,,,,5.0,,,,22.7,5.0,22.0,,6.0,,,14.0,8.0,6.0,,17.0,1,,0,1.0,,,,,,,,1.0,1.0,10.0,,,,,6.0,2.0,4.0,0.0,0.0,,,,,,,,,,,6.0,2.0,4.0,44.0,,,46.0,90.0,440.0,489.0,,,21.0,,,,10.0,,,,5.3,1.0,19.0,,12.0,,,17.0,8.0,9.0,,33.0,1,,0,1.0,,,,,,,,1.0,0.0,6.0,,,6.71,6.85,Clasificatorias WC UEFA,UEFA,UEFA
SEL-WC_QUALS_UEFA-2022-9223790,Ronda 4,2021-09-01,Dinamarca,1,Escocia,2,0,,,11.0,5.0,5.0,1.0,0.0,,,,,,,,,,3.0,2.0,1.0,8.0,53.0,,,61.0,89.4,599.0,670.0,,,28.0,,,,11.0,,,,50.0,4.0,8.0,,6.0,,,8.0,3.0,5.0,,8.0,0,,1,2.0,,,,,,,,,,11.0,,,,,5.0,2.0,3.0,0.0,0.0,,,,,,,,,,1.0,5.0,1.0,6.0,45.0,,,39.0,81.0,337.0,416.0,,,26.0,,,,8.0,,,,30.8,4.0,13.0,,8.0,,,21.0,10.0,11.0,,11.0,2,,0,3.0,,,,,,,,,,12.0,,,7.11,6.69,Clasificatorias WC UEFA,UEFA,UEFA
SEL-WC_QUALS_UEFA-2022-9223800,Ronda 4,2021-09-01,Islas Feroe,1,Israel,0,4,,,9.0,1.0,6.0,2.0,0.0,,,,,,,,,,0.0,7.0,2.0,6.0,46.0,,,41.0,76.6,324.0,423.0,,,36.0,,,,11.0,,,,17.4,4.0,23.0,,16.0,,,18.0,10.0,8.0,,13.0,4,,0,5.0,,,,,,,,1.0,,14.0,,,,,13.0,9.0,4.0,0.0,0.0,,,,,,,,,,8.0,2.0,1.0,7.0,73.0,,,59.0,85.1,552.0,649.0,,,27.0,,,,14.0,,,,27.3,3.0,11.0,,19.0,,,13.0,8.0,5.0,,21.0,0,,1,1.0,,,,,,,,0.0,,11.0,,,6.48,7.43,Clasificatorias WC UEFA,UEFA,UEFA
SEL-WC_QUALS_UEFA-2022-9223799,Ronda 4,2021-09-01,Moldavia,1,Austria,0,2,,,4.0,1.0,3.0,0.0,0.0,,,,,,,,,,0.0,2.0,0.0,7.0,35.0,,,30.0,65.3,194.0,297.0,,,17.0,,,,5.0,,,,25.0,2.0,8.0,,10.0,,,21.0,12.0,9.0,,29.0,2,,0,2.0,,,,,,,,2.0,,13.0,,,,,13.0,4.0,8.0,1.0,0.0,,,,,,,,,,2.0,3.0,2.0,7.0,84.0,,,70.0,85.3,598.0,701.0,,,36.0,,,,13.0,,,,14.3,3.0,21.0,,3.0,,,18.0,10.0,8.0,,4.0,0,,1,1.0,,,,,,,,0.0,,5.0,,,6.55,7.27,Clasificatorias WC UEFA,UEFA,UEFA
SEL-WC_QUALS_UEFA-2022-9223817,Ronda 4,2021-09-01,Letonia,1,Gibraltar,3,1,,,23.0,4.0,14.0,5.0,0.0,,,,,,,,,,2.0,6.0,2.0,8.0,71.0,,,63.0,78.6,337.0,429.0,,,27.0,,,,12.0,,,,39.1,9.0,23.0,,9.0,,,21.0,11.0,10.0,,8.0,1,,0,0.0,,,,,,,,1.0,,14.0,,,,,4.0,1.0,1.0,2.0,0.0,,,,,,,,,,1.0,0.0,1.0,7.0,38.0,,,37.0,64.0,171.0,267.0,,,18.0,,,,14.0,,,,,0.0,4.0,,8.0,,,11.0,5.0,6.0,,23.0,3,,0,1.0,,,,,,,,3.0,,13.0,,,7.25,6.28,Clasificatorias WC UEFA,UEFA,UEFA
SEL-WC_QUALS_UEFA-2022-9223823,Ronda 4,2021-09-01,Noruega,1,Países Bajos,1,1,,,7.0,2.0,3.0,2.0,1.0,,,,,,,,,,1.0,3.0,2.0,6.0,34.0,,,35.0,70.2,236.0,336.0,,,30.0,,,,11.0,,,,11.1,1.0,9.0,,11.0,,,22.0,14.0,8.0,,28.0,1,,0,5.0,,,,,,,,3.0,,12.0,,,,,17.0,6.0,8.0,3.0,0.0,,,,,,,,,,3.0,4.0,1.0,13.0,86.0,,,65.0,86.6,543.0,627.0,,,44.0,,,,12.0,,,,30.4,7.0,23.0,,5.0,,,7.0,4.0,3.0,,11.0,1,,0,1.0,,,,,,,,2.0,,11.0,,,6.91,7.04,Clasificatorias WC UEFA,UEFA,UEFA
SEL-WC_QUALS_UEFA-2022-9223806,Ronda 4,2021-09-01,Turquía,1,Montenegro,2,2,,,15.0,5.0,7.0,3.0,1.0,,,,,,,,,,1.0,2.0,3.0,6.0,47.0,,,60.0,86.4,425.0,492.0,,,29.0,,,,14.0,,,,31.2,5.0,16.0,,18.0,,,14.0,7.0,7.0,,14.0,2,,0,2.0,,,,,,,,4.0,,17.0,,,,,9.0,4.0,4.0,1.0,0.0,,,,,,,,,,1.0,3.0,2.0,10.0,38.0,,,40.0,78.1,246.0,315.0,,,16.0,,,,17.0,,,,33.3,5.0,15.0,,20.0,,,12.0,5.0,7.0,,12.0,2,,0,3.0,,,,,,,,4.0,,15.0,,,6.95,6.77,Clasificatorias WC UEFA,UEFA,UEFA
SEL-WC_QUALS_UEFA-2022-9223829,Ronda 4,2021-09-01,Malta,1,Chipre,3,0,,,9.0,5.0,4.0,0.0,0.0,,,,,,,,,,5.0,1.0,1.0,8.0,51.0,,,74.0,90.2,653.0,724.0,,,30.0,,,,5.0,,,,38.5,5.0,13.0,,16.0,,,14.0,10.0,4.0,,11.0,0,,1,3.0,,,,,,,,3.0,0.0,9.0,,,,,5.0,3.0,1.0,1.0,1.0,,,,,,,,,,0.0,4.0,3.0,3.0,33.0,,,26.0,68.9,173.0,251.0,,,17.0,,,,8.0,,,,37.5,3.0,8.0,,13.0,,,11.0,4.0,7.0,,12.0,3,,0,2.0,,,,,,,,3.0,1.0,6.0,,,7.49,6.3,Clasificatorias WC UEFA,UEFA,UEFA
SEL-WC_QUALS_UEFA-2022-9223858,Ronda 4,2021-09-01,Rusia,1,Croacia,0,0,,,8.0,3.0,3.0,2.0,0.0,,,,,,,,,,,3.0,2.0,7.0,52.0,,,40.0,74.8,299.0,400.0,,,31.0,,,,6.0,,,,40.0,4.0,10.0,,16.0,,,9.0,6.0,3.0,,27.0,0,,1,2.0,,,,,,,,2.0,,8.0,,,,,15.0,2.0,9.0,4.0,0.0,,,,,,,,,,,6.0,1.0,14.0,74.0,,,60.0,83.2,480.0,577.0,,,48.0,,,,8.0,,,,20.0,6.0,30.0,,11.0,,,11.0,9.0,2.0,,10.0,0,,1,3.0,,,,,,,,0.0,,6.0,,,6.95,7.22,Clasificatorias WC UEFA,UEFA,UEFA
SEL-WC_QUALS_UEFA-2022-9223849,Ronda 4,2021-09-01,Eslovenia,1,Eslovaquia,1,1,,,9.0,5.0,3.0,1.0,0.0,,,,,,,,,,1.0,2.0,1.0,8.0,57.0,,,48.0,84.5,408.0,483.0,,,30.0,,,,17.0,,,,9.1,1.0,11.0,,11.0,,,8.0,3.0,5.0,,15.0,1,,0,1.0,,,,,,,,2.0,,16.0,,,,,11.0,2.0,8.0,1.0,2.0,,,,,,,,,,2.0,4.0,0.0,13.0,43.0,,,52.0,84.3,445.0,528.0,,,30.0,,,,16.0,,,,28.6,4.0,14.0,,15.0,,,17.0,7.0,10.0,,15.0,1,,0,4.0,,,,,,,,2.0,,20.0,,,6.73,7.15,Clasificatorias WC UEFA,UEFA,UEFA
SEL-WC_QUALS_UEFA-2022-9223853,Ronda 4,2021-09-02,Georgia,1,Kosovo,0,1,,,14.0,2.0,4.0,8.0,0.0,,,,,,,,,,0.0,4.0,0.0,6.0,68.0,,,59.0,86.5,521.0,602.0,,,37.0,,,,17.0,,,,21.7,5.0,23.0,,12.0,,,6.0,3.0,3.0,,8.0,1,,0,2.0,,,,,,,,3.0,,15.0,,,,,7.0,4.0,2.0,1.0,0.0,,,,,,,,,,1.0,1.0,4.0,7.0,41.0,,,41.0,79.0,342.0,433.0,,,22.0,,,,13.0,,,,30.0,3.0,10.0,,11.0,,,19.0,9.0,10.0,,25.0,0,,1,2.0,,,,,,,,3.0,,18.0,,,6.85,7.17,Clasificatorias WC UEFA,UEFA,UEFA
SEL-WC_QUALS_UEFA-2022-9223852,Ronda 4,2021-09-02,Suecia,1,España,2,1,,,6.0,4.0,2.0,0.0,0.0,,,,,,,,,,1.0,7.0,3.0,9.0,34.0,,,25.0,70.5,182.0,258.0,,,17.0,,,,5.0,,,,36.4,4.0,11.0,,6.0,,,8.0,2.0,6.0,,51.0,1,,0,3.0,,,,,,,,2.0,,14.0,,,,,12.0,4.0,4.0,4.0,0.0,,,,,,,,,,2.0,9.0,1.0,8.0,88.0,,,75.0,90.8,692.0,762.0,,,37.0,,,,14.0,,,,25.0,10.0,40.0,,9.0,,,8.0,4.0,4.0,,10.0,2,,0,2.0,,,,,,,,2.0,,6.0,,,6.88,6.87,Clasificatorias WC UEFA,UEFA,UEFA
SEL-WC_QUALS_UEFA-2022-9223826,Ronda 4,2021-09-02,Italia,1,Bulgaria,1,1,,,27.0,8.0,8.0,11.0,0.0,,,,,,,,,,3.0,10.0,5.0,9.0,74.0,,,79.0,90.0,730.0,811.0,,,27.0,,,,11.0,,,,17.2,5.0,29.0,,6.0,,,15.0,10.0,5.0,,5.0,1,,0,1.0,,,,,,,,2.0,,9.0,,,,,4.0,2.0,1.0,1.0,0.0,,,,,,,,,,1.0,0.0,0.0,5.0,35.0,,,21.0,61.9,135.0,218.0,,,14.0,,,,8.0,,,,,0.0,2.0,,9.0,,,16.0,9.0,7.0,,37.0,1,,0,7.0,,,,,,,,2.0,,12.0,,,7.21,6.88,Clasificatorias WC UEFA,UEFA,UEFA
SEL-WC_QUALS_UEFA-2022-9223818,Ronda 4,2021-09-02,Lituania,1,Irlanda del Norte,1,4,,,12.0,3.0,3.0,6.0,0.0,,,,,,,,,,2.0,6.0,2.0,7.0,51.0,,,50.0,79.6,339.0,426.0,,,30.0,,,,5.0,,,,26.3,5.0,19.0,,18.0,,,8.0,3.0,5.0,,28.0,4,,0,2.0,,,,,,,,4.0,,14.0,,,,,9.0,6.0,2.0,1.0,0.0,,,,,,,,,,7.0,5.0,2.0,8.0,50.0,,,50.0,78.3,332.0,424.0,,,27.0,,,,13.0,,,,12.5,3.0,24.0,,11.0,,,15.0,7.0,8.0,,15.0,1,,0,2.0,,,,,,,,2.0,,5.0,,,6.4,7.25,Clasificatorias WC UEFA,UEFA,UEFA
SEL-WC_QUALS_UEFA-2022-9223810,Ronda 4,2021-09-02,República Checa,1,Bielorrusia,1,0,,,24.0,6.0,7.0,11.0,0.0,,,,,,,,,,2.0,12.0,1.0,17.0,71.0,,,66.0,80.3,448.0,558.0,,,29.0,,,,8.0,,,,18.9,7.0,37.0,,6.0,,,15.0,6.0,9.0,,10.0,0,,1,2.0,,,,,,,,1.0,,9.0,,,,,7.0,2.0,2.0,3.0,0.0,,,,,,,,,,0.0,2.0,0.0,9.0,31.0,,,34.0,62.7,185.0,295.0,,,23.0,,,,8.0,,,,22.2,2.0,9.0,,15.0,,,19.0,9.0,10.0,,48.0,1,,0,5.0,,,,,,,,1.0,,9.0,,,7.28,6.84,Clasificatorias WC UEFA,UEFA,UEFA
SEL-WC_QUALS_UEFA-2022-9223798,Ronda 4,2021-09-02,Estonia,1,Bélgica,2,5,,,10.0,3.0,2.0,5.0,0.0,,,,,,,,,,1.0,4.0,3.0,6.0,41.0,,,27.0,74.2,193.0,260.0,,,28.0,,,,7.0,,,,44.4,4.0,9.0,,18.0,,,17.0,9.0,8.0,,29.0,5,,0,4.0,,,,,,,,1.0,,9.0,,,,,25.0,9.0,11.0,5.0,1.0,,,,,,,,,,4.0,9.0,1.0,9.0,69.0,,,73.0,91.3,644.0,705.0,,,38.0,,,,8.0,,,,26.9,7.0,26.0,,5.0,,,6.0,5.0,1.0,,7.0,2,,0,1.0,,,,,,,,2.0,,7.0,,,6.31,7.42,Clasificatorias WC UEFA,UEFA,UEFA
SEL-WC_QUALS_UEFA-2022-9223802,Ronda 4,2021-09-02,Andorra,1,San Marino,2,0,,,16.0,5.0,7.0,4.0,0.0,,,,,,,,,,1.0,9.0,1.0,11.0,59.0,,,54.0,74.3,272.0,366.0,,,26.0,,,,13.0,,,,37.5,9.0,24.0,,12.0,,,16.0,11.0,5.0,,25.0,0,,1,2.0,,,,,,,,2.0,,23.0,,,,,15.0,2.0,9.0,4.0,0.0,,,,,,,,,,2.0,7.0,0.0,8.0,56.0,,,46.0,65.8,202.0,307.0,,,33.0,,,,23.0,,,,22.2,4.0,18.0,,9.0,,,22.0,11.0,11.0,,20.0,2,,0,3.0,,,,,,,,2.0,,14.0,,,7.25,6.73,Clasificatorias WC UEFA,UEFA,UEFA
SEL-WC_QUALS_UEFA-2022-9223780,Ronda 4,2021-09-02,Hungría,1,Inglaterra,0,4,,,4.0,1.0,3.0,0.0,0.0,,,,,,,,,,0.0,0.0,0.0,6.0,39.0,,,36.0,81.1,296.0,365.0,,,26.0,,,,10.0,,,,25.0,1.0,4.0,,9.0,,,15.0,7.0,8.0,,16.0,4,,0,4.0,,,,,,,,3.0,,13.0,,,,,12.0,8.0,3.0,1.0,0.0,,,,,,,,,,6.0,6.0,2.0,9.0,58.0,,,64.0,88.7,589.0,664.0,,,15.0,,,,13.0,,,,30.8,4.0,13.0,,8.0,,,13.0,8.0,5.0,,7.0,0,,1,1.0,,,,,,,,2.0,,10.0,,,6.25,7.43,Clasificatorias WC UEFA,UEFA,UEFA
SEL-WC_QUALS_UEFA-2022-9223783,Ronda 4,2021-09-02,Polonia,1,Albania,4,1,,,6.0,4.0,1.0,1.0,0.0,,,,,,,,,,3.0,2.0,2.0,7.0,46.0,,,49.0,78.3,324.0,414.0,,,17.0,,,,10.0,,,,22.2,2.0,9.0,,21.0,,,21.0,9.0,12.0,,27.0,1,,0,3.0,,,,,,,,2.0,,25.0,,,,,12.0,4.0,6.0,2.0,0.0,,,,,,,,,,0.0,3.0,4.0,13.0,61.0,,,51.0,77.1,324.0,420.0,,,24.0,,,,25.0,,,,8.7,2.0,23.0,,12.0,,,12.0,6.0,6.0,,13.0,4,,0,0.0,,,,,,,,5.0,,10.0,,,7.01,6.52,Clasificatorias WC UEFA,UEFA,UEFA
SEL-WC_QUALS_UEFA-2022-9223814,Ronda 4,2021-09-02,Islandia,1,Rumania,0,2,,,13.0,3.0,8.0,2.0,0.0,,,,,,,,,,1.0,8.0,3.0,5.0,64.0,,,55.0,82.9,393.0,474.0,,,34.0,,,,9.0,,,,41.9,13.0,31.0,,9.0,,,9.0,4.0,5.0,,11.0,2,,0,4.0,,,,,,,,2.0,,11.0,,,,,19.0,6.0,10.0,3.0,0.0,,,,,,,,,,2.0,2.0,3.0,8.0,60.0,,,45.0,82.4,341.0,414.0,,,20.0,,,,11.0,,,,28.6,2.0,7.0,,13.0,,,16.0,11.0,5.0,,21.0,0,,1,3.0,,,,,,,,4.0,,9.0,,,6.76,7.35,Clasificatorias WC UEFA,UEFA,UEFA
SEL-WC_QUALS_UEFA-2022-9223820,Ronda 4,2021-09-02,Liechtenstein,1,Alemania,0,2,,,2.0,0.0,2.0,0.0,0.0,,,,,,,,,,0.0,0.0,0.0,3.0,30.0,,,15.0,44.2,57.0,129.0,,,15.0,,,,10.0,,,,100.0,1.0,1.0,,17.0,,,13.0,10.0,3.0,,47.0,2,,0,4.0,,,,,,,,,,3.0,,,,,30.0,7.0,14.0,9.0,1.0,,,,,,,,,,4.0,15.0,6.0,10.0,103.0,,,85.0,89.6,673.0,751.0,,,29.0,,,,3.0,,,,22.0,9.0,41.0,,2.0,,,14.0,9.0,5.0,,1.0,0,,1,0.0,,,,,,,,,,11.0,,,6.75,7.36,Clasificatorias WC UEFA,UEFA,UEFA
SEL-WC_QUALS_UEFA-2022-9223825,Ronda 4,2021-09-02,Macedonia del Norte,1,Armenia,0,0,,,13.0,1.0,8.0,4.0,0.0,,,,,,,,,,,3.0,3.0,18.0,79.0,,,67.0,87.1,593.0,681.0,,,38.0,,,,15.0,,,,23.1,3.0,13.0,,12.0,,,13.0,8.0,5.0,,0.0,0,,1,3.0,,,,,,,,2.0,,13.0,,,,,6.0,3.0,1.0,2.0,0.0,,,,,,,,,,,0.0,3.0,11.0,36.0,,,33.0,73.5,244.0,332.0,,,24.0,,,,13.0,,,,20.0,1.0,5.0,,18.0,,,22.0,12.0,10.0,,13.0,0,,1,1.0,,,,,,,,3.0,,14.0,,,7.05,6.95,Clasificatorias WC UEFA,UEFA,UEFA
SEL-WC_QUALS_UEFA-2022-9223801,Ronda 5,2021-09-04,Finlandia,1,Kazajistán,1,0,,,13.0,4.0,3.0,6.0,0.0,,,,,,,,,,,4.0,,6.0,56.0,,,57.0,81.3,452.0,556.0,,,29.0,,,,13.0,,,,12.5,3.0,24.0,,2.0,,,16.0,10.0,6.0,,17.0,0,,1,2.0,,,,,,,,1.0,,8.0,,,,,8.0,2.0,4.0,2.0,0.0,,,,,,,,,,,3.0,,10.0,58.0,,,43.0,75.9,321.0,423.0,,,18.0,,,,7.0,,,,16.7,3.0,18.0,,17.0,,,16.0,7.0,9.0,,27.0,1,,0,3.0,,,,,,,,3.0,,13.0,,,7.1,6.85,Clasificatorias WC UEFA,UEFA,UEFA
SEL-WC_QUALS_UEFA-2022-9223844,Ronda 5,2021-09-04,Irlanda,1,Azerbaiyán,1,1,,,21.0,5.0,9.0,7.0,0.0,,,,,,,,,,4.0,5.0,1.0,19.0,73.0,,,59.0,84.2,417.0,495.0,,,35.0,,,,13.0,,,,22.5,9.0,40.0,,7.0,,,9.0,7.0,2.0,,12.0,1,,0,3.0,,,,,,,,2.0,,10.0,,,,,10.0,4.0,3.0,3.0,0.0,,,,,,,,,,0.0,3.0,1.0,3.0,38.0,,,41.0,74.6,273.0,366.0,,,18.0,,,,10.0,,,,25.0,2.0,8.0,,14.0,,,25.0,12.0,13.0,,32.0,1,,0,4.0,,,,,,,,2.0,,13.0,,,7.01,6.99,Clasificatorias WC UEFA,UEFA,UEFA
SEL-WC_QUALS_UEFA-2022-9223838,Ronda 5,2021-09-04,Serbia,1,Luxemburgo,4,1,,,17.0,8.0,7.0,2.0,0.0,,,,,,,,,,7.0,4.0,6.0,7.0,51.0,,,54.0,84.9,389.0,458.0,,,23.0,,,,10.0,,,,38.5,10.0,26.0,,14.0,,,13.0,7.0,6.0,,14.0,1,,0,0.0,,,,,,,,1.0,0.0,17.0,,,,,11.0,1.0,5.0,5.0,0.0,,,,,,,,,,0.0,8.0,1.0,2.0,36.0,,,46.0,78.4,312.0,398.0,,,33.0,,,,17.0,,,,,0.0,15.0,,15.0,,,14.0,10.0,4.0,,13.0,4,,0,5.0,,,,,,,,3.0,1.0,10.0,,,7.42,6.49,Clasificatorias WC UEFA,UEFA,UEFA
SEL-WC_QUALS_UEFA-2022-9223797,Ronda 5,2021-09-04,Letonia,1,Noruega,0,2,,,2.0,2.0,0.0,0.0,0.0,,,,,,,,,,0.0,3.0,0.0,3.0,36.0,,,30.0,71.1,177.0,249.0,,,26.0,,,,10.0,,,,,0.0,10.0,,8.0,,,12.0,7.0,5.0,,24.0,2,,0,9.0,,,,,,,,2.0,,8.0,,,,,23.0,12.0,6.0,5.0,2.0,,,,,,,,,,5.0,9.0,1.0,22.0,71.0,,,70.0,86.8,513.0,591.0,,,27.0,,,,8.0,,,,34.6,9.0,26.0,,7.0,,,9.0,9.0,0.0,,16.0,0,,1,2.0,,,,,,,,0.0,,10.0,,,6.47,7.46,Clasificatorias WC UEFA,UEFA,UEFA
SEL-WC_QUALS_UEFA-2022-9223848,Ronda 5,2021-09-04,Chipre,1,Rusia,0,2,,,16.0,3.0,6.0,7.0,0.0,,,,,,,,,,0.0,6.0,4.0,7.0,43.0,,,42.0,77.5,286.0,369.0,,,28.0,,,,18.0,,,,31.2,5.0,16.0,,11.0,,,13.0,8.0,5.0,,18.0,2,,0,2.0,,,,,,,,2.0,,8.0,,,,,9.0,4.0,3.0,2.0,0.0,,,,,,,,,,3.0,4.0,2.0,2.0,54.0,,,58.0,83.3,438.0,526.0,,,22.0,,,,6.0,,,,16.7,2.0,12.0,,5.0,,,17.0,10.0,7.0,,13.0,0,,1,3.0,,,,,,,,3.0,,19.0,,,6.74,7.08,Clasificatorias WC UEFA,UEFA,UEFA
SEL-WC_QUALS_UEFA-2022-9223839,Ronda 5,2021-09-04,Eslovenia,1,Malta,1,0,,,12.0,3.0,6.0,3.0,0.0,,,,,,,,,,3.0,4.0,1.0,5.0,65.0,,,52.0,82.5,367.0,445.0,,,35.0,,,,15.0,,,,23.8,5.0,21.0,,7.0,,,20.0,13.0,7.0,,15.0,0,,1,1.0,,,,,,,,1.0,,10.0,,,,,4.0,1.0,1.0,2.0,0.0,,,,,,,,,,0.0,5.0,3.0,3.0,29.0,,,48.0,81.0,336.0,415.0,,,35.0,,,,10.0,,,,25.0,3.0,12.0,,9.0,,,19.0,11.0,8.0,,16.0,1,,0,2.0,,,,,,,,4.0,,17.0,,,7.14,6.71,Clasificatorias WC UEFA,UEFA,UEFA
SEL-WC_QUALS_UEFA-2022-9223795,Ronda 5,2021-09-04,Ucrania,1,Francia,1,1,,,8.0,3.0,5.0,0.0,0.0,,,,,,,,,,3.0,3.0,1.0,4.0,38.0,,,39.0,83.9,339.0,404.0,,,19.0,,,,6.0,,,,25.0,3.0,12.0,,6.0,,,9.0,6.0,3.0,,16.0,1,,0,4.0,,,,,,,,2.0,,9.0,,,,,16.0,5.0,8.0,3.0,1.0,,,,,,,,,,3.0,3.0,1.0,6.0,79.0,,,61.0,89.8,583.0,649.0,,,18.0,,,,8.0,,,,35.3,6.0,17.0,,9.0,,,14.0,4.0,10.0,,10.0,1,,0,2.0,,,,,,,,1.0,,6.0,,,6.75,7.04,Clasificatorias WC UEFA,UEFA,UEFA
SEL-WC_QUALS_UEFA-2022-9223843,Ronda 5,2021-09-04,Islas Feroe,1,Dinamarca,0,1,,,5.0,3.0,2.0,0.0,1.0,,,,,,,,,,2.0,1.0,0.0,2.0,47.0,,,20.0,56.6,107.0,189.0,,,16.0,,,,10.0,,,,16.7,1.0,6.0,,12.0,,,14.0,10.0,4.0,,47.0,1,,0,7.0,,,,,,,,3.0,1.0,18.0,,,,,19.0,8.0,4.0,7.0,1.0,,,,,,,,,,3.0,10.0,4.0,6.0,88.0,,,80.0,87.3,645.0,739.0,,,37.0,,,,16.0,,,,30.4,7.0,23.0,,8.0,,,10.0,4.0,6.0,,13.0,0,,1,3.0,,,,,,,,2.0,0.0,7.0,,,6.82,7.43,Clasificatorias WC UEFA,UEFA,UEFA
SEL-WC_QUALS_UEFA-2022-9223835,Ronda 5,2021-09-04,Israel,1,Austria,5,2,,,9.0,7.0,0.0,2.0,0.0,,,,,,,,,,3.0,4.0,3.0,15.0,35.0,,,41.0,75.7,283.0,374.0,,,17.0,,,,11.0,,,,11.1,1.0,9.0,,12.0,,,21.0,8.0,13.0,,20.0,2,,0,5.0,,,,,,,,3.0,,8.0,,,,,19.0,7.0,8.0,4.0,1.0,,,,,,,,,,4.0,3.0,3.0,9.0,55.0,,,59.0,82.4,446.0,541.0,,,24.0,,,,8.0,,,,21.4,3.0,14.0,,6.0,,,18.0,13.0,5.0,,9.0,5,,0,2.0,,,,,,,,2.0,,12.0,,,7.04,6.57,Clasificatorias WC UEFA,UEFA,UEFA
SEL-WC_QUALS_UEFA-2022-9223842,Ronda 5,2021-09-04,Escocia,1,Moldavia,1,0,,,16.0,7.0,7.0,2.0,0.0,,,,,,,,,,4.0,7.0,2.0,10.0,56.0,,,54.0,82.5,425.0,515.0,,,23.0,,,,11.0,,,,30.4,7.0,23.0,,9.0,,,15.0,10.0,5.0,,5.0,0,,1,1.0,,,,,,,,0.0,,13.0,,,,,6.0,1.0,4.0,1.0,0.0,,,,,,,,,,0.0,3.0,2.0,8.0,47.0,,,46.0,79.6,358.0,450.0,,,28.0,,,,13.0,,,,10.0,1.0,10.0,,16.0,,,14.0,9.0,5.0,,15.0,1,,0,6.0,,,,,,,,1.0,,12.0,,,7.14,6.83,Clasificatorias WC UEFA,UEFA,UEFA
SEL-WC_QUALS_UEFA-2022-9223807,Ronda 5,2021-09-04,Gibraltar,1,Turquía,0,3,,,3.0,3.0,0.0,0.0,1.0,,,,,,,,,,0.0,2.0,2.0,7.0,37.0,,,25.0,66.4,152.0,229.0,,,25.0,,,,5.0,,,,20.0,1.0,5.0,,15.0,,,8.0,7.0,1.0,,29.0,3,,0,6.0,,,,,,,,2.0,,9.0,,,,,21.0,9.0,8.0,4.0,1.0,,,,,,,,,,3.0,8.0,8.0,8.0,102.0,,,75.0,87.3,598.0,685.0,,,25.0,,,,8.0,,,,17.9,5.0,28.0,,5.0,,,26.0,12.0,14.0,,4.0,0,,1,3.0,,,,,,,,1.0,,6.0,,,6.41,7.28,Clasificatorias WC UEFA,UEFA,UEFA
SEL-WC_QUALS_UEFA-2022-9223809,Ronda 5,2021-09-04,Países Bajos,1,Montenegro,4,0,,,28.0,12.0,7.0,9.0,1.0,,,,,,,,,,2.0,9.0,1.0,17.0,71.0,,,72.0,89.7,619.0,690.0,,,24.0,,,,10.0,,,,27.8,5.0,18.0,,10.0,,,9.0,7.0,2.0,,9.0,0,,1,1.0,,,,,,,,1.0,,13.0,,,,,4.0,1.0,2.0,1.0,0.0,,,,,,,,,,1.0,0.0,0.0,2.0,49.0,,,28.0,67.5,181.0,268.0,,,27.0,,,,13.0,,,,10.0,1.0,10.0,,15.0,,,20.0,12.0,8.0,,21.0,4,,0,8.0,,,,,,,,4.0,,11.0,,,7.65,6.4,Clasificatorias WC UEFA,UEFA,UEFA
SEL-WC_QUALS_UEFA-2022-9223847,Ronda 5,2021-09-04,Eslovaquia,1,Croacia,0,1,,,16.0,4.0,6.0,6.0,0.0,,,,,,,,,,2.0,6.0,2.0,7.0,39.0,,,45.0,81.2,372.0,458.0,,,23.0,,,,12.0,,,,25.0,4.0,16.0,,11.0,,,16.0,10.0,6.0,,19.0,1,,0,2.0,,,,,,,,2.0,,13.0,,,,,13.0,3.0,5.0,5.0,1.0,,,,,,,,,,0.0,3.0,0.0,9.0,56.0,,,55.0,85.9,475.0,553.0,,,33.0,,,,13.0,,,,15.0,3.0,20.0,,12.0,,,13.0,7.0,6.0,,18.0,0,,1,4.0,,,,,,,,1.0,,13.0,,,6.89,7.29,Clasificatorias WC UEFA,UEFA,UEFA
SEL-WC_QUALS_UEFA-2022-9223808,Ronda 5,2021-09-05,Bielorrusia,1,Gales,2,3,,,7.0,3.0,4.0,0.0,0.0,,,,,,,,,,3.0,2.0,2.0,7.0,42.0,,,34.0,60.4,177.0,293.0,,,16.0,,,,10.0,,,,14.3,1.0,7.0,,12.0,,,17.0,3.0,14.0,,30.0,3,,0,4.0,,,,,,,,2.0,,17.0,,,,,17.0,7.0,8.0,2.0,0.0,,,,,,,,,,4.0,6.0,3.0,5.0,77.0,,,66.0,80.4,454.0,565.0,,,29.0,,,,17.0,,,,24.0,6.0,25.0,,9.0,,,22.0,14.0,8.0,,11.0,2,,0,1.0,,,,,,,,1.0,,10.0,,,6.62,7.02,Clasificatorias WC UEFA,UEFA,UEFA
SEL-WC_QUALS_UEFA-2022-9223827,Ronda 5,2021-09-05,Bulgaria,1,Lituania,1,0,,,14.0,5.0,7.0,2.0,0.0,,,,,,,,,,5.0,8.0,4.0,7.0,55.0,,,64.0,83.8,439.0,524.0,,,20.0,,,,19.0,,,,16.7,4.0,24.0,,7.0,,,9.0,4.0,5.0,,7.0,0,,1,1.0,,,,,,,,1.0,1.0,5.0,,,,,3.0,1.0,2.0,0.0,0.0,,,,,,,,,,0.0,2.0,2.0,4.0,46.0,,,36.0,71.5,218.0,305.0,,,24.0,,,,5.0,,,,,0.0,9.0,,16.0,,,14.0,9.0,5.0,,21.0,1,,0,4.0,,,,,,,,3.0,0.0,19.0,,,7.02,6.7,Clasificatorias WC UEFA,UEFA,UEFA
SEL-WC_QUALS_UEFA-2022-9223787,Ronda 5,2021-09-05,Albania,1,Hungría,1,0,,,15.0,3.0,9.0,3.0,0.0,,,,,,,,,,3.0,7.0,0.0,15.0,60.0,,,46.0,76.5,326.0,426.0,,,19.0,,,,9.0,,,,23.5,4.0,17.0,,13.0,,,8.0,7.0,1.0,,11.0,0,,1,2.0,,,,,,,,3.0,,15.0,,,,,7.0,2.0,4.0,1.0,0.0,,,,,,,,,,1.0,2.0,1.0,7.0,53.0,,,54.0,78.9,404.0,512.0,,,25.0,,,,15.0,,,,12.5,1.0,8.0,,14.0,,,17.0,8.0,9.0,,12.0,1,,0,2.0,,,,,,,,1.0,,10.0,,,6.97,6.77,Clasificatorias WC UEFA,UEFA,UEFA
SEL-WC_QUALS_UEFA-2022-9223788,Ronda 5,2021-09-05,Inglaterra,1,Andorra,4,0,,,20.0,6.0,10.0,4.0,1.0,,,,,,,,,,4.0,5.0,6.0,12.0,84.0,,,88.0,91.2,702.0,770.0,,,39.0,,,,16.0,,,,25.0,5.0,20.0,,4.0,,,12.0,7.0,5.0,,3.0,0,,1,1.0,,,,,,,,1.0,,13.0,,,,,1.0,1.0,0.0,0.0,0.0,,,,,,,,,,0.0,0.0,0.0,1.0,30.0,,,12.0,31.8,34.0,107.0,,,8.0,,,,12.0,,,,,0.0,0.0,,5.0,,,9.0,5.0,4.0,,26.0,4,,0,2.0,,,,,,,,6.0,,16.0,,,7.57,5.91,Clasificatorias WC UEFA,UEFA,UEFA
SEL-WC_QUALS_UEFA-2022-9223789,Ronda 5,2021-09-05,Islandia,1,Macedonia del Norte,2,2,,,9.0,3.0,4.0,2.0,0.0,,,,,,,,,,1.0,4.0,1.0,7.0,63.0,,,44.0,73.9,300.0,406.0,,,20.0,,,,13.0,,,,17.6,3.0,17.0,,11.0,,,13.0,6.0,7.0,,16.0,2,,0,5.0,,,,,,,,2.0,,14.0,,,,,20.0,8.0,6.0,6.0,1.0,,,,,,,,,,2.0,8.0,1.0,17.0,56.0,,,56.0,82.7,431.0,521.0,,,26.0,,,,14.0,,,,36.8,7.0,19.0,,10.0,,,9.0,3.0,6.0,,17.0,2,,0,1.0,,,,,,,,3.0,,15.0,,,6.63,6.99,Clasificatorias WC UEFA,UEFA,UEFA
SEL-WC_QUALS_UEFA-2022-9223830,Ronda 5,2021-09-05,Kosovo,1,Grecia,1,1,,,10.0,1.0,6.0,3.0,0.0,,,,,,,,,,1.0,6.0,2.0,9.0,58.0,,,59.0,80.8,416.0,515.0,,,23.0,,,,8.0,,,,16.1,5.0,31.0,,8.0,,,12.0,8.0,4.0,,9.0,1,,0,1.0,,,,,,,,3.0,,15.0,,,,,4.0,2.0,1.0,1.0,0.0,,,,,,,,,,1.0,3.0,0.0,10.0,51.0,,,41.0,74.8,276.0,369.0,,,24.0,,,,15.0,,,,8.3,1.0,12.0,,8.0,,,13.0,6.0,7.0,,30.0,1,,0,0.0,,,,,,,,2.0,,9.0,,,6.73,6.88,Clasificatorias WC UEFA,UEFA,UEFA
SEL-WC_QUALS_UEFA-2022-9223821,Ronda 5,2021-09-05,España,1,Georgia,4,0,,,14.0,8.0,4.0,2.0,0.0,,,,,,,,,,3.0,2.0,3.0,9.0,107.0,,,75.0,92.1,754.0,819.0,,,38.0,,,,4.0,,,,31.8,7.0,22.0,,10.0,,,9.0,5.0,4.0,,10.0,0,,1,3.0,,,,,,,,0.0,,10.0,,,,,5.0,3.0,2.0,0.0,1.0,,,,,,,,,,1.0,2.0,1.0,7.0,29.0,,,25.0,71.4,190.0,266.0,,,22.0,,,,10.0,,,,14.3,1.0,7.0,,10.0,,,19.0,11.0,8.0,,23.0,4,,0,4.0,,,,,,,,2.0,,4.0,,,7.37,6.26,Clasificatorias WC UEFA,UEFA,UEFA
SEL-WC_QUALS_UEFA-2022-9223828,Ronda 5,2021-09-05,Suiza,1,Italia,0,0,,,8.0,2.0,3.0,3.0,0.0,,,,,,,,,,0.0,8.0,0.0,7.0,43.0,,,48.0,84.4,410.0,486.0,,,21.0,,,,7.0,,,,20.0,4.0,20.0,,10.0,,,10.0,7.0,3.0,,6.0,0,,1,7.0,,,,,,,,4.0,,16.0,,,,,10.0,7.0,2.0,1.0,0.0,,,,,,,,,,3.0,2.0,5.0,3.0,60.0,,,52.0,86.8,479.0,552.0,,,29.0,,,,16.0,,,,,0.0,4.0,,8.0,,,12.0,6.0,6.0,,17.0,0,,1,2.0,,,,,,,,1.0,,7.0,,,6.97,7.06,Clasificatorias WC UEFA,UEFA,UEFA
SEL-WC_QUALS_UEFA-2022-9223794,Ronda 5,2021-09-05,Bélgica,1,República Checa,3,0,,,16.0,6.0,7.0,3.0,0.0,,,,,,,,,,4.0,4.0,2.0,9.0,51.0,,,53.0,85.5,479.0,560.0,,,32.0,,,,12.0,,,,25.0,3.0,12.0,,7.0,,,14.0,10.0,4.0,,20.0,0,,1,4.0,,,,,,,,3.0,,8.0,,,,,12.0,4.0,4.0,4.0,0.0,,,,,,,,,,2.0,3.0,2.0,6.0,57.0,,,47.0,81.2,390.0,480.0,,,25.0,,,,8.0,,,,17.4,4.0,23.0,,15.0,,,7.0,3.0,4.0,,12.0,3,,0,3.0,,,,,,,,1.0,,15.0,,,7.53,6.41,Clasificatorias WC UEFA,UEFA,UEFA
SEL-WC_QUALS_UEFA-2022-9223859,Ronda 5,2021-09-05,San Marino,1,Polonia,1,7,,,7.0,3.0,2.0,2.0,0.0,,,,,,,,,,1.0,3.0,1.0,3.0,24.0,,,24.0,60.1,110.0,183.0,,,18.0,,,,12.0,,,,,0.0,9.0,,7.0,,,15.0,12.0,3.0,,30.0,7,,0,4.0,,,,,,,,4.0,,14.0,,,,,24.0,11.0,7.0,6.0,0.0,,,,,,,,,,9.0,13.0,2.0,10.0,74.0,,,76.0,87.9,518.0,589.0,,,46.0,,,,13.0,,,,25.6,10.0,39.0,,10.0,,,12.0,9.0,3.0,,6.0,1,,0,2.0,,,,,,,,0.0,,12.0,,,6.01,7.51,Clasificatorias WC UEFA,UEFA,UEFA
SEL-WC_QUALS_UEFA-2022-9223804,Ronda 5,2021-09-05,Alemania,1,Armenia,6,0,,,23.0,12.0,9.0,2.0,1.0,,,,,,,,,,6.0,6.0,4.0,12.0,92.0,,,76.0,91.8,737.0,803.0,,,24.0,,,,6.0,,,,27.8,5.0,18.0,,7.0,,,16.0,11.0,5.0,,4.0,0,,1,1.0,,,,,,,,0.0,,7.0,,,,,3.0,1.0,1.0,1.0,0.0,,,,,,,,,,0.0,0.0,1.0,6.0,26.0,,,24.0,70.2,172.0,245.0,,,12.0,,,,7.0,,,,,0.0,4.0,,12.0,,,16.0,7.0,9.0,,28.0,6,,0,5.0,,,,,,,,1.0,,6.0,,,7.81,6.03,Clasificatorias WC UEFA,UEFA,UEFA
SEL-WC_QUALS_UEFA-2022-9223815,Ronda 5,2021-09-05,Rumania,1,Liechtenstein,2,0,,,27.0,7.0,13.0,7.0,1.0,,,,,,,,,,1.0,16.0,3.0,8.0,93.0,,,72.0,86.8,478.0,551.0,,,41.0,,,,6.0,,,,10.8,4.0,37.0,,9.0,,,10.0,6.0,4.0,,3.0,0,,1,1.0,,,,,,,,0.0,,8.0,,,,,3.0,1.0,2.0,0.0,0.0,,,,,,,,,,0.0,1.0,3.0,5.0,16.0,,,28.0,58.2,131.0,225.0,,,14.0,,,,8.0,,,,,0.0,2.0,,10.0,,,17.0,4.0,13.0,,31.0,2,,0,5.0,,,,,,,,1.0,,6.0,,,7.31,6.61,Clasificatorias WC UEFA,UEFA,UEFA
SEL-WC_QUALS_UEFA-2022-9223781,Ronda 6,2021-09-07,Azerbaiyán,1,Portugal,0,3,,,4.0,0.0,3.0,1.0,0.0,,,,,,,,,,0.0,2.0,2.0,4.0,37.0,,,33.0,73.7,238.0,323.0,,,18.0,,,,15.0,,,,,0.0,5.0,,15.0,,,20.0,12.0,8.0,,26.0,3,,0,4.0,,,,,,,,3.0,,13.0,,,,,21.0,7.0,9.0,5.0,0.0,,,,,,,,,,4.0,4.0,2.0,26.0,86.0,,,67.0,85.7,573.0,669.0,,,40.0,,,,13.0,,,,47.6,10.0,21.0,,7.0,,,14.0,12.0,2.0,,10.0,0,,1,0.0,,,,,,,,2.0,,16.0,,,6.42,7.59,Clasificatorias WC UEFA,UEFA,UEFA
SEL-WC_QUALS_UEFA-2022-9223857,Ronda 6,2021-09-07,Irlanda,1,Serbia,1,1,,,7.0,2.0,3.0,2.0,0.0,,,,,,,,,,0.0,4.0,3.0,12.0,34.0,,,42.0,83.2,336.0,404.0,,,38.0,,,,10.0,,,,25.0,6.0,24.0,,19.0,,,8.0,6.0,2.0,,19.0,1,,0,9.0,,,,,,,,3.0,,11.0,,,,,18.0,10.0,6.0,2.0,1.0,,,,,,,,,,2.0,8.0,2.0,6.0,66.0,,,58.0,88.9,506.0,569.0,,,24.0,,,,10.0,,,,20.0,5.0,25.0,,8.0,,,16.0,9.0,7.0,,20.0,1,,0,2.0,,,,,,,,2.0,,11.0,,,6.91,7.15,Clasificatorias WC UEFA,UEFA,UEFA
SEL-WC_QUALS_UEFA-2022-9223796,Ronda 6,2021-09-07,Bosnia,1,Kazajistán,2,2,,,24.0,5.0,13.0,6.0,0.0,,,,,,,,,,4.0,6.0,2.0,9.0,72.0,,,60.0,85.3,475.0,557.0,,,34.0,,,,7.0,,,,34.6,9.0,26.0,,8.0,,,7.0,3.0,4.0,,14.0,2,,0,1.0,,,,,,,,2.0,,13.0,,,,,6.0,3.0,2.0,1.0,0.0,,,,,,,,,,1.0,4.0,3.0,11.0,38.0,,,40.0,71.1,273.0,384.0,,,28.0,,,,13.0,,,,22.2,2.0,9.0,,19.0,,,9.0,7.0,2.0,,18.0,2,,0,3.0,,,,,,,,3.0,,9.0,,,6.95,6.69,Clasificatorias WC UEFA,UEFA,UEFA
SEL-WC_QUALS_UEFA-2022-9223791,Ronda 6,2021-09-07,Francia,1,Finlandia,2,0,,,20.0,6.0,9.0,5.0,0.0,,,,,,,,,,1.0,9.0,0.0,8.0,87.0,,,64.0,92.4,695.0,752.0,,,33.0,,,,9.0,,,,12.5,3.0,24.0,,14.0,,,13.0,10.0,3.0,,16.0,0,,1,1.0,,,,,,,,0.0,,7.0,,,,,3.0,1.0,1.0,1.0,1.0,,,,,,,,,,1.0,4.0,1.0,4.0,47.0,,,36.0,84.7,361.0,426.0,,,14.0,,,,7.0,,,,9.1,1.0,11.0,,8.0,,,15.0,9.0,6.0,,28.0,2,,0,4.0,,,,,,,,3.0,,10.0,,,7.54,6.58,Clasificatorias WC UEFA,UEFA,UEFA
SEL-WC_QUALS_UEFA-2022-9223836,Ronda 6,2021-09-07,Austria,1,Escocia,0,1,,,17.0,3.0,8.0,6.0,0.0,,,,,,,,,,1.0,5.0,4.0,7.0,57.0,,,65.0,84.2,465.0,552.0,,,34.0,,,,6.0,,,,13.2,5.0,38.0,,7.0,,,16.0,11.0,5.0,,4.0,1,,0,2.0,,,,,,,,2.0,,16.0,,,,,8.0,3.0,5.0,0.0,0.0,,,,,,,,,,1.0,3.0,2.0,9.0,56.0,,,35.0,70.6,216.0,306.0,,,26.0,,,,16.0,,,,12.5,1.0,8.0,,7.0,,,16.0,12.0,4.0,,30.0,0,,1,3.0,,,,,,,,2.0,,7.0,,,6.75,7.16,Clasificatorias WC UEFA,UEFA,UEFA
SEL-WC_QUALS_UEFA-2022-9223832,Ronda 6,2021-09-07,Dinamarca,1,Israel,5,0,,,15.0,10.0,2.0,3.0,0.0,,,,,,,,,,7.0,4.0,2.0,13.0,71.0,,,62.0,86.4,513.0,594.0,,,23.0,,,,13.0,,,,47.1,8.0,17.0,,8.0,,,10.0,6.0,4.0,,4.0,0,,1,1.0,,,,,,,,2.0,,7.0,,,,,3.0,0.0,3.0,0.0,0.0,,,,,,,,,,0.0,1.0,2.0,4.0,29.0,,,38.0,72.7,271.0,373.0,,,22.0,,,,6.0,,,,,0.0,4.0,,11.0,,,16.0,10.0,6.0,,10.0,5,,0,4.0,,,,,,,,4.0,,13.0,,,7.44,6.08,Clasificatorias WC UEFA,UEFA,UEFA
SEL-WC_QUALS_UEFA-2022-9223834,Ronda 6,2021-09-07,Islas Feroe,1,Moldavia,2,1,,,10.0,4.0,4.0,2.0,1.0,,,,,,,,,,3.0,3.0,3.0,6.0,63.0,,,57.0,81.0,439.0,542.0,,,35.0,,,,7.0,,,,13.0,3.0,23.0,,13.0,,,17.0,5.0,12.0,,28.0,1,,0,4.0,,,,,,,,0.0,,8.0,,,,,13.0,5.0,5.0,3.0,0.0,,,,,,,,,,2.0,3.0,3.0,11.0,69.0,,,43.0,70.5,287.0,407.0,,,36.0,,,,7.0,,,,19.2,5.0,26.0,,13.0,,,24.0,9.0,15.0,,19.0,2,,0,2.0,,,,,,,,2.0,,7.0,,,6.96,6.87,Clasificatorias WC UEFA,UEFA,UEFA
SEL-WC_QUALS_UEFA-2022-9223779,Ronda 6,2021-09-07,Montenegro,1,Letonia,0,0,,,21.0,6.0,9.0,6.0,0.0,,,,,,,,,,0.0,12.0,1.0,12.0,64.0,,,61.0,74.1,295.0,398.0,,,28.0,,,,15.0,,,,27.0,10.0,37.0,,6.0,,,15.0,10.0,5.0,,4.0,0,,1,3.0,,,,,,,,2.0,,16.0,,,,,8.0,3.0,4.0,1.0,0.0,,,,,,,,,,2.0,2.0,1.0,6.0,45.0,,,39.0,64.9,176.0,271.0,,,28.0,,,,16.0,,,,22.2,2.0,9.0,,17.0,,,23.0,15.0,8.0,,39.0,0,,1,6.0,,,,,,,,2.0,,17.0,,,7.05,7.15,Clasificatorias WC UEFA,UEFA,UEFA
SEL-WC_QUALS_UEFA-2022-9223785,Ronda 6,2021-09-07,Países Bajos,1,Turquía,6,1,,,29.0,12.0,11.0,6.0,0.0,,,,,,,,,,8.0,3.0,1.0,9.0,73.0,,,67.0,90.6,579.0,639.0,,,40.0,,,,7.0,,,,28.6,4.0,14.0,,5.0,,,10.0,5.0,5.0,,7.0,1,,0,1.0,,,,,,,,2.0,0.0,12.0,,,,,10.0,2.0,4.0,4.0,0.0,,,,,,,,,,1.0,0.0,2.0,7.0,29.0,,,33.0,77.2,241.0,312.0,,,18.0,,,,11.0,,,,25.0,1.0,4.0,,8.0,,,15.0,11.0,4.0,,17.0,6,,0,6.0,,,,,,,,5.0,1.0,7.0,,,7.3,6.22,Clasificatorias WC UEFA,UEFA,UEFA
SEL-WC_QUALS_UEFA-2022-9223786,Ronda 6,2021-09-07,Noruega,1,Gibraltar,5,1,,,43.0,14.0,14.0,15.0,1.0,,,,,,,,,,6.0,12.0,2.0,18.0,81.0,,,74.0,86.9,493.0,567.0,,,28.0,,,,6.0,,,,33.3,13.0,39.0,,6.0,,,13.0,8.0,5.0,,3.0,1,,0,1.0,,,,,,,,1.0,,5.0,,,,,5.0,2.0,2.0,1.0,0.0,,,,,,,,,,1.0,1.0,0.0,2.0,25.0,,,26.0,62.7,131.0,209.0,,,19.0,,,,4.0,,,,,0.0,4.0,,12.0,,,17.0,8.0,9.0,,42.0,5,,0,8.0,,,,,,,,1.0,,6.0,,,7.83,6.35,Clasificatorias WC UEFA,UEFA,UEFA
SEL-WC_QUALS_UEFA-2022-9223855,Ronda 6,2021-09-07,Croacia,1,Eslovenia,3,0,,,22.0,10.0,10.0,2.0,1.0,,,,,,,,,,5.0,8.0,4.0,12.0,48.0,,,64.0,89.6,566.0,632.0,,,37.0,,,,10.0,,,,22.6,7.0,31.0,,6.0,,,18.0,11.0,7.0,,6.0,0,,1,2.0,,,,,,,,0.0,,13.0,,,,,6.0,2.0,3.0,1.0,0.0,,,,,,,,,,0.0,3.0,1.0,8.0,30.0,,,36.0,78.0,290.0,372.0,,,24.0,,,,13.0,,,,25.0,1.0,4.0,,11.0,,,11.0,6.0,5.0,,29.0,3,,0,7.0,,,,,,,,1.0,,10.0,,,7.42,6.65,Clasificatorias WC UEFA,UEFA,UEFA
SEL-WC_QUALS_UEFA-2022-9223841,Ronda 6,2021-09-07,Rusia,1,Malta,2,0,,,20.0,7.0,8.0,5.0,0.0,,,,,,,,,,3.0,12.0,3.0,14.0,55.0,,,53.0,81.4,349.0,429.0,,,29.0,,,,5.0,,,,31.8,7.0,22.0,,10.0,,,14.0,7.0,7.0,,15.0,0,,1,3.0,,,,,,,,1.0,,13.0,,,,,9.0,3.0,4.0,2.0,0.0,,,,,,,,,,1.0,1.0,0.0,14.0,41.0,,,47.0,81.2,311.0,383.0,,,23.0,,,,12.0,,,,10.0,1.0,10.0,,9.0,,,12.0,6.0,6.0,,29.0,2,,0,5.0,,,,,,,,2.0,,6.0,,,7.15,6.69,Clasificatorias WC UEFA,UEFA,UEFA
SEL-WC_QUALS_UEFA-2022-9223837,Ronda 6,2021-09-07,Eslovaquia,1,Chipre,2,0,,,24.0,7.0,10.0,7.0,0.0,,,,,,,,,,2.0,7.0,1.0,11.0,82.0,,,64.0,85.3,501.0,587.0,,,25.0,,,,9.0,,,,37.9,11.0,29.0,,11.0,,,17.0,14.0,3.0,,15.0,0,,1,0.0,,,,,,,,1.0,,12.0,,,,,9.0,0.0,7.0,2.0,0.0,,,,,,,,,,0.0,3.0,0.0,14.0,43.0,,,36.0,75.6,251.0,332.0,,,24.0,,,,11.0,,,,,0.0,7.0,,13.0,,,19.0,9.0,10.0,,25.0,2,,0,5.0,,,,,,,,2.0,,9.0,,,7.28,6.77,Clasificatorias WC UEFA,UEFA,UEFA
SEL-WC_QUALS_UEFA-2022-9223782,Ronda 6,2021-09-08,Armenia,1,Liechtenstein,1,1,,,28.0,10.0,10.0,8.0,1.0,,,,,,,,,,2.0,9.0,3.0,11.0,91.0,,,78.0,88.9,601.0,676.0,,,23.0,,,,9.0,,,,14.6,7.0,48.0,,4.0,,,8.0,7.0,1.0,,5.0,1,,0,2.0,,,,,,,,0.0,,6.0,,,,,3.0,3.0,0.0,0.0,0.0,,,,,,,,,,1.0,2.0,0.0,4.0,37.0,,,22.0,52.4,100.0,191.0,,,13.0,,,,6.0,,,,20.0,1.0,5.0,,10.0,,,8.0,5.0,3.0,,52.0,1,,0,9.0,,,,,,,,3.0,,9.0,,,7.11,6.76,Clasificatorias WC UEFA,UEFA,UEFA
SEL-WC_QUALS_UEFA-2022-9223824,Ronda 6,2021-09-08,Grecia,1,Suecia,2,1,,,15.0,5.0,8.0,2.0,0.0,,,,,,,,,,4.0,8.0,1.0,22.0,44.0,,,49.0,77.4,305.0,394.0,,,31.0,,,,11.0,,,,34.8,8.0,23.0,,22.0,,,19.0,9.0,10.0,,32.0,1,,0,4.0,,,,,,,,2.0,,12.0,,,,,17.0,5.0,8.0,4.0,2.0,,,,,,,,,,4.0,9.0,0.0,10.0,53.0,,,51.0,76.7,316.0,412.0,,,16.0,,,,11.0,,,,20.0,5.0,25.0,,15.0,,,12.0,5.0,7.0,,18.0,2,,0,3.0,,,,,,,,4.0,,11.0,,,7.39,6.58,Clasificatorias WC UEFA,UEFA,UEFA
SEL-WC_QUALS_UEFA-2022-9223822,Ronda 6,2021-09-08,Kosovo,1,España,0,2,,,7.0,3.0,4.0,0.0,0.0,,,,,,,,,,1.0,2.0,5.0,4.0,32.0,,,27.0,72.8,206.0,283.0,,,27.0,,,,11.0,,,,37.5,3.0,8.0,,4.0,,,8.0,4.0,4.0,,19.0,2,,0,3.0,,,,,,,,,,15.0,,,,,19.0,4.0,13.0,2.0,0.0,,,,,,,,,,1.0,6.0,0.0,4.0,74.0,,,73.0,92.1,723.0,785.0,,,36.0,,,,15.0,,,,32.0,8.0,25.0,,6.0,,,18.0,9.0,9.0,,9.0,0,,1,3.0,,,,,,,,,,12.0,,,6.42,7.4,Clasificatorias WC UEFA,UEFA,UEFA
SEL-WC_QUALS_UEFA-2022-9223813,Ronda 6,2021-09-08,Italia,1,Lituania,5,0,,,21.0,5.0,11.0,5.0,1.0,,,,,,,,,,3.0,2.0,2.0,14.0,82.0,,,72.0,88.8,645.0,726.0,,,53.0,,,,9.0,,,,41.7,5.0,12.0,,10.0,,,17.0,8.0,9.0,,6.0,0,,1,1.0,,,,,,,,0.0,,9.0,,,,,6.0,1.0,1.0,4.0,0.0,,,,,,,,,,0.0,2.0,0.0,2.0,34.0,,,28.0,71.4,200.0,280.0,,,26.0,,,,9.0,,,,27.3,3.0,11.0,,12.0,,,9.0,8.0,1.0,,26.0,5,,0,1.0,,,,,,,,1.0,,12.0,,,7.65,5.82,Clasificatorias WC UEFA,UEFA,UEFA
SEL-WC_QUALS_UEFA-2022-9223840,Ronda 6,2021-09-08,Irlanda del Norte,1,Suiza,0,0,,,4.0,0.0,1.0,3.0,0.0,,,,,,,,,,1.0,1.0,1.0,5.0,56.0,,,25.0,60.9,137.0,225.0,,,24.0,,,,11.0,,,,25.0,3.0,12.0,,11.0,,,10.0,6.0,4.0,,19.0,0,,1,3.0,,,,,,,,3.0,,11.0,,,,,8.0,3.0,4.0,1.0,0.0,,,,,,,,,,3.0,4.0,1.0,9.0,74.0,,,75.0,86.7,606.0,699.0,,,32.0,,,,11.0,,,,17.9,5.0,28.0,,5.0,,,5.0,5.0,0.0,,17.0,0,,1,0.0,,,,,,,,2.0,,11.0,,,6.87,6.89,Clasificatorias WC UEFA,UEFA,UEFA
SEL-WC_QUALS_UEFA-2022-9223805,Ronda 6,2021-09-08,Bielorrusia,1,Bélgica,0,1,,,4.0,2.0,2.0,0.0,0.0,,,,,,,,,,,1.0,1.0,8.0,44.0,,,25.0,65.6,168.0,256.0,,,21.0,,,,6.0,,,,20.0,1.0,5.0,,10.0,,,13.0,6.0,7.0,,23.0,1,,0,4.0,,,,,,,,4.0,,13.0,,,,,12.0,5.0,6.0,1.0,1.0,,,,,,,,,,,4.0,5.0,11.0,89.0,,,75.0,89.1,672.0,754.0,,,24.0,,,,13.0,,,,18.5,5.0,27.0,,5.0,,,22.0,11.0,11.0,,12.0,0,,1,2.0,,,,,,,,1.0,,7.0,,,6.58,7.31,Clasificatorias WC UEFA,UEFA,UEFA
SEL-WC_QUALS_UEFA-2022-9223784,Ronda 6,2021-09-08,Gales,1,Estonia,0,0,,,20.0,6.0,10.0,4.0,2.0,,,,,,,,,,3.0,6.0,1.0,13.0,49.0,,,66.0,86.3,505.0,585.0,,,27.0,,,,18.0,,,,27.3,6.0,22.0,,17.0,,,7.0,5.0,2.0,,6.0,0,,1,2.0,,,,,,,,1.0,,8.0,,,,,3.0,2.0,1.0,0.0,1.0,,,,,,,,,,0.0,3.0,0.0,9.0,30.0,,,34.0,65.9,203.0,308.0,,,18.0,,,,7.0,,,,16.7,1.0,6.0,,9.0,,,13.0,9.0,4.0,,26.0,0,,1,6.0,,,,,,,,2.0,,19.0,,,7.29,6.89,Clasificatorias WC UEFA,UEFA,UEFA
SEL-WC_QUALS_UEFA-2022-9223851,Ronda 6,2021-09-08,Albania,1,San Marino,5,0,,,25.0,10.0,10.0,5.0,1.0,,,,,,,,,,6.0,12.0,6.0,14.0,70.0,,,72.0,86.4,560.0,648.0,,,38.0,,,,3.0,,,,32.1,9.0,28.0,,11.0,,,16.0,6.0,10.0,,1.0,0,,1,0.0,,,,,,,,1.0,,10.0,,,,,0.0,0.0,0.0,0.0,0.0,,,,,,,,,,0.0,0.0,1.0,4.0,26.0,,,28.0,61.6,162.0,263.0,,,26.0,,,,10.0,,,,100.0,1.0,1.0,,12.0,,,18.0,8.0,10.0,,41.0,5,,0,5.0,,,,,,,,1.0,,4.0,,,7.35,6.19,Clasificatorias WC UEFA,UEFA,UEFA
SEL-WC_QUALS_UEFA-2022-9223850,Ronda 6,2021-09-08,Hungría,1,Andorra,2,1,,,14.0,5.0,8.0,1.0,0.0,,,,,,,,,,2.0,8.0,3.0,9.0,54.0,,,83.0,88.3,640.0,725.0,,,35.0,,,,19.0,,,,40.0,8.0,20.0,,3.0,,,14.0,9.0,5.0,,11.0,1,,0,1.0,,,,,,,,3.0,,8.0,,,,,6.0,2.0,3.0,1.0,0.0,,,,,,,,,,1.0,0.0,1.0,1.0,35.0,,,17.0,47.6,68.0,143.0,,,12.0,,,,7.0,,,,50.0,3.0,6.0,,9.0,,,12.0,5.0,7.0,,16.0,2,,0,3.0,,,,,,,,4.0,,20.0,,,7.11,6.33,Clasificatorias WC UEFA,UEFA,UEFA
SEL-WC_QUALS_UEFA-2022-9223854,Ronda 6,2021-09-08,Polonia,1,Inglaterra,1,1,,,11.0,4.0,3.0,4.0,0.0,,,,,,,,,,1.0,1.0,2.0,8.0,48.0,,,37.0,78.5,245.0,312.0,,,26.0,,,,8.0,,,,36.4,4.0,11.0,,13.0,,,13.0,7.0,6.0,,22.0,1,,0,1.0,,,,,,,,5.0,,16.0,,,,,13.0,2.0,5.0,6.0,0.0,,,,,,,,,,0.0,3.0,3.0,15.0,61.0,,,63.0,86.5,463.0,535.0,,,40.0,,,,16.0,,,,22.2,4.0,18.0,,4.0,,,17.0,8.0,9.0,,4.0,1,,0,3.0,,,,,,,,2.0,,8.0,,,6.81,7.06,Clasificatorias WC UEFA,UEFA,UEFA
SEL-WC_QUALS_UEFA-2022-9223792,Ronda 6,2021-09-08,Islandia,1,Alemania,0,4,,,4.0,2.0,2.0,0.0,1.0,,,,,,,,,,0.0,0.0,2.0,0.0,38.0,,,29.0,74.7,230.0,308.0,,,24.0,,,,8.0,,,,14.3,1.0,7.0,,16.0,,,12.0,7.0,5.0,,18.0,4,,0,4.0,,,,,,,,2.0,,13.0,,,,,19.0,8.0,6.0,5.0,0.0,,,,,,,,,,5.0,8.0,5.0,10.0,74.0,,,71.0,90.0,692.0,769.0,,,29.0,,,,13.0,,,,33.3,5.0,15.0,,12.0,,,9.0,5.0,4.0,,3.0,0,,1,2.0,,,,,,,,0.0,,8.0,,,6.44,7.58,Clasificatorias WC UEFA,UEFA,UEFA
SEL-WC_QUALS_UEFA-2022-9223856,Ronda 6,2021-09-08,Macedonia del Norte,1,Rumania,0,0,,,14.0,6.0,4.0,4.0,0.0,,,,,,,,,,,2.0,3.0,11.0,70.0,,,58.0,79.5,383.0,482.0,,,31.0,,,,10.0,,,,6.2,1.0,16.0,,12.0,,,15.0,8.0,7.0,,10.0,0,,1,2.0,,,,,,,,3.0,,14.0,,,,,7.0,2.0,5.0,0.0,0.0,,,,,,,,,,,2.0,3.0,10.0,43.0,,,42.0,74.6,261.0,350.0,,,16.0,,,,12.0,,,,8.3,1.0,12.0,,12.0,,,12.0,8.0,4.0,,17.0,0,,1,6.0,,,,,,,,1.0,,11.0,,,7.02,7.05,Clasificatorias WC UEFA,UEFA,UEFA
SEL-WC_QUALS_UEFA-2022-9223864,Ronda 7,2021-10-08,República Checa,1,Gales,2,2,,,12.0,3.0,3.0,6.0,0.0,,,,,,,,,,1.0,4.0,0.0,7.0,66.0,,,51.0,75.4,315.0,418.0,,,25.0,,,,14.0,,,,20.0,2.0,10.0,,7.0,,,8.0,6.0,2.0,,26.0,2,,0,3.0,,,,,,,,2.0,,11.0,,,,,16.0,5.0,7.0,4.0,0.0,,,,,,,,,,4.0,5.0,2.0,6.0,59.0,,,49.0,75.4,297.0,394.0,,,27.0,,,,11.0,,,,26.9,7.0,26.0,,14.0,,,15.0,11.0,4.0,,23.0,2,,0,2.0,,,,,,,,3.0,,14.0,,,6.67,6.77,Clasificatorias WC UEFA,UEFA,UEFA
SEL-WC_QUALS_UEFA-2022-9223865,Ronda 7,2021-10-08,Estonia,1,Bielorrusia,2,0,,,13.0,3.0,4.0,6.0,0.0,,,,,,,,,,4.0,14.0,0.0,11.0,57.0,,,58.0,77.0,375.0,487.0,,,40.0,,,,8.0,,,,11.1,3.0,27.0,,9.0,,,23.0,13.0,10.0,,28.0,0,,1,2.0,,,,,,,,3.0,,13.0,,,,,7.0,2.0,3.0,2.0,0.0,,,,,,,,,,1.0,3.0,1.0,8.0,42.0,,,42.0,74.1,269.0,363.0,,,24.0,,,,11.0,,,,7.1,1.0,14.0,,18.0,,,17.0,8.0,9.0,,27.0,2,,0,1.0,,,,,,,,1.0,,8.0,,,7.12,6.66,Clasificatorias WC UEFA,UEFA,UEFA
SEL-WC_QUALS_UEFA-2022-9223939,Ronda 7,2021-10-08,Gibraltar,1,Montenegro,0,3,,,1.0,0.0,1.0,0.0,0.0,,,,,,,,,,0.0,1.0,2.0,10.0,35.0,,,34.0,80.8,295.0,365.0,,,20.0,,,,10.0,,,,,0.0,6.0,,4.0,,,9.0,3.0,6.0,,25.0,3,,0,2.0,,,,,,,,1.0,,9.0,,,,,16.0,5.0,7.0,4.0,0.0,,,,,,,,,,4.0,6.0,1.0,6.0,102.0,,,66.0,89.4,625.0,699.0,,,33.0,,,,8.0,,,,18.2,4.0,22.0,,3.0,,,7.0,7.0,0.0,,5.0,0,,1,0.0,,,,,,,,2.0,,12.0,,,6.34,7.32,Clasificatorias WC UEFA,UEFA,UEFA
SEL-WC_QUALS_UEFA-2022-9223938,Ronda 7,2021-10-08,Letonia,1,Países Bajos,0,1,,,10.0,1.0,5.0,4.0,0.0,,,,,,,,,,0.0,4.0,1.0,6.0,30.0,,,22.0,60.3,126.0,209.0,,,17.0,,,,8.0,,,,30.8,4.0,13.0,,7.0,,,11.0,6.0,5.0,,31.0,1,,0,3.0,,,,,,,,,,13.0,,,,,19.0,4.0,11.0,4.0,0.0,,,,,,,,,,3.0,7.0,0.0,7.0,114.0,,,78.0,88.9,674.0,758.0,,,35.0,,,,13.0,,,,33.3,10.0,30.0,,1.0,,,9.0,6.0,3.0,,10.0,0,,1,1.0,,,,,,,,,,9.0,,,6.75,7.35,Clasificatorias WC UEFA,UEFA,UEFA
SEL-WC_QUALS_UEFA-2022-9223918,Ronda 7,2021-10-08,Turquía,1,Noruega,1,1,,,10.0,2.0,7.0,1.0,0.0,,,,,,,,,,1.0,3.0,3.0,4.0,73.0,,,53.0,78.0,400.0,513.0,,,50.0,,,,8.0,,,,,0.0,19.0,,9.0,,,10.0,5.0,5.0,,20.0,1,,0,1.0,,,,,,,,3.0,,7.0,,,,,13.0,2.0,6.0,5.0,1.0,,,,,,,,,,2.0,5.0,3.0,8.0,54.0,,,47.0,74.9,343.0,458.0,,,27.0,,,,6.0,,,,36.4,8.0,22.0,,7.0,,,10.0,5.0,5.0,,14.0,1,,0,1.0,,,,,,,,2.0,,8.0,,,6.93,6.9,Clasificatorias WC UEFA,UEFA,UEFA
SEL-WC_QUALS_UEFA-2022-9223935,Ronda 7,2021-10-08,Chipre,1,Croacia,0,3,,,7.0,1.0,3.0,3.0,0.0,,,,,,,,,,0.0,2.0,6.0,4.0,28.0,,,26.0,66.7,158.0,237.0,,,17.0,,,,7.0,,,,8.3,1.0,12.0,,10.0,,,19.0,12.0,7.0,,26.0,3,,0,8.0,,,,,,,,2.0,,11.0,,,,,27.0,11.0,10.0,6.0,0.0,,,,,,,,,,6.0,7.0,4.0,6.0,85.0,,,74.0,88.2,623.0,706.0,,,19.0,,,,11.0,,,,33.3,7.0,21.0,,7.0,,,12.0,6.0,6.0,,14.0,0,,1,1.0,,,,,,,,2.0,,7.0,,,6.65,7.39,Clasificatorias WC UEFA,UEFA,UEFA
SEL-WC_QUALS_UEFA-2022-9223932,Ronda 7,2021-10-08,Malta,1,Eslovenia,0,4,,,5.0,1.0,3.0,1.0,0.0,,,,,,,,,,3.0,3.0,2.0,8.0,38.0,,,45.0,82.1,385.0,469.0,,,23.0,,,,9.0,,,,25.0,4.0,16.0,,7.0,,,16.0,12.0,4.0,,4.0,4,,0,1.0,,,,,,,,2.0,,7.0,,,,,20.0,5.0,8.0,7.0,1.0,,,,,,,,,,2.0,4.0,3.0,8.0,65.0,,,55.0,89.8,527.0,587.0,,,43.0,,,,7.0,,,,50.0,5.0,10.0,,12.0,,,16.0,5.0,11.0,,12.0,0,,1,1.0,,,,,,,,0.0,,9.0,,,6.35,7.46,Clasificatorias WC UEFA,UEFA,UEFA
SEL-WC_QUALS_UEFA-2022-9223900,Ronda 7,2021-10-08,Rusia,1,Eslovaquia,1,0,,,10.0,1.0,5.0,4.0,0.0,,,,,,,,,,,6.0,1.0,6.0,31.0,,,26.0,62.5,155.0,248.0,,,16.0,,,,8.0,,,,37.5,3.0,8.0,,16.0,,,9.0,7.0,2.0,,26.0,0,,1,5.0,,,,,,,,1.0,,12.0,,,,,27.0,5.0,12.0,10.0,0.0,,,,,,,,,,,14.0,0.0,5.0,66.0,,,74.0,88.5,617.0,697.0,,,54.0,,,,12.0,,,,26.5,9.0,34.0,,9.0,,,6.0,3.0,3.0,,10.0,1,,0,1.0,,,,,,,,2.0,,9.0,,,7.06,7.06,Clasificatorias WC UEFA,UEFA,UEFA
SEL-WC_QUALS_UEFA-2022-9223920,Ronda 7,2021-10-08,Alemania,1,Rumania,2,1,,,22.0,6.0,10.0,6.0,0.0,,,,,,,,,,3.0,4.0,1.0,8.0,105.0,,,77.0,89.0,720.0,809.0,,,30.0,,,,10.0,,,,26.1,6.0,23.0,,15.0,,,21.0,11.0,10.0,,6.0,1,,0,0.0,,,,,,,,1.0,,6.0,,,,,9.0,1.0,6.0,2.0,0.0,,,,,,,,,,1.0,3.0,1.0,7.0,25.0,,,23.0,62.6,149.0,238.0,,,23.0,,,,6.0,,,,20.0,1.0,5.0,,20.0,,,18.0,9.0,9.0,,30.0,2,,0,4.0,,,,,,,,3.0,,10.0,,,7.23,6.7,Clasificatorias WC UEFA,UEFA,UEFA
SEL-WC_QUALS_UEFA-2022-9223913,Ronda 7,2021-10-08,Islandia,1,Armenia,1,1,,,12.0,2.0,6.0,4.0,0.0,,,,,,,,,,3.0,4.0,2.0,7.0,55.0,,,53.0,81.6,409.0,501.0,,,28.0,,,,13.0,,,,26.7,4.0,15.0,,9.0,,,15.0,9.0,6.0,,19.0,1,,0,0.0,,,,,,,,3.0,,17.0,,,,,11.0,1.0,5.0,5.0,0.0,,,,,,,,,,0.0,10.0,3.0,11.0,53.0,,,47.0,77.1,336.0,436.0,,,24.0,,,,16.0,,,,20.0,4.0,20.0,,8.0,,,16.0,13.0,3.0,,10.0,1,,0,1.0,,,,,,,,1.0,,13.0,,,6.78,6.85,Clasificatorias WC UEFA,UEFA,UEFA
SEL-WC_QUALS_UEFA-2022-9223914,Ronda 7,2021-10-08,Liechtenstein,1,Macedonia del Norte,0,4,,,2.0,0.0,1.0,1.0,0.0,,,,,,,,,,0.0,0.0,0.0,2.0,23.0,,,21.0,58.5,121.0,207.0,,,12.0,,,,5.0,,,,,0.0,3.0,,8.0,,,15.0,7.0,8.0,,32.0,4,,0,7.0,,,,,,,,2.0,,6.0,,,,,26.0,12.0,12.0,2.0,2.0,,,,,,,,,,6.0,5.0,1.0,17.0,126.0,,,79.0,92.1,726.0,788.0,,,50.0,,,,5.0,,,,27.3,9.0,33.0,,13.0,,,10.0,7.0,3.0,,5.0,0,,1,0.0,,,,,,,,1.0,,5.0,,,6.23,7.65,Clasificatorias WC UEFA,UEFA,UEFA
SEL-WC_QUALS_UEFA-2022-9223861,Ronda 7,2021-10-09,Lituania,1,Bulgaria,3,1,,,15.0,5.0,7.0,3.0,1.0,,,,,,,,,,2.0,2.0,3.0,1.0,78.0,,,45.0,70.8,264.0,373.0,,,38.0,,,,12.0,,,,25.0,4.0,16.0,,4.0,,,18.0,8.0,10.0,,11.0,1,,0,3.0,,,,,,,,4.0,,19.0,,,,,15.0,4.0,5.0,6.0,0.0,,,,,,,,,,1.0,2.0,1.0,8.0,71.0,,,55.0,74.7,351.0,470.0,,,36.0,,,,16.0,,,,25.0,3.0,12.0,,3.0,,,11.0,4.0,7.0,,18.0,3,,0,2.0,,,,,,,,3.0,,12.0,,,7.15,6.59,Clasificatorias WC UEFA,UEFA,UEFA
SEL-WC_QUALS_UEFA-2022-9223863,Ronda 7,2021-10-09,Kazajistán,1,Bosnia,0,2,,,6.0,1.0,2.0,3.0,0.0,,,,,,,,,,0.0,1.0,5.0,6.0,54.0,,,45.0,81.8,346.0,423.0,,,33.0,,,,4.0,,,,20.0,3.0,15.0,,13.0,,,11.0,10.0,1.0,,17.0,2,,0,4.0,,,,,,,,2.0,,7.0,,,,,19.0,6.0,11.0,2.0,2.0,,,,,,,,,,4.0,7.0,0.0,11.0,65.0,,,55.0,84.1,428.0,509.0,,,28.0,,,,6.0,,,,40.0,8.0,20.0,,5.0,,,19.0,14.0,5.0,,19.0,0,,1,1.0,,,,,,,,1.0,,4.0,,,6.53,7.49,Clasificatorias WC UEFA,UEFA,UEFA
SEL-WC_QUALS_UEFA-2022-9223915,Ronda 7,2021-10-09,Azerbaiyán,1,Irlanda,0,3,,,15.0,5.0,7.0,3.0,1.0,,,,,,,,,,0.0,8.0,1.0,8.0,51.0,,,64.0,85.1,481.0,565.0,,,23.0,,,,7.0,,,,8.0,2.0,25.0,,8.0,,,20.0,11.0,9.0,,6.0,3,,0,5.0,,,,,,,,0.0,,11.0,,,,,18.0,8.0,7.0,3.0,0.0,,,,,,,,,,5.0,4.0,0.0,12.0,48.0,,,36.0,74.9,239.0,319.0,,,15.0,,,,11.0,,,,35.7,5.0,14.0,,4.0,,,17.0,9.0,8.0,,28.0,0,,1,5.0,,,,,,,,1.0,,7.0,,,6.62,7.23,Clasificatorias WC UEFA,UEFA,UEFA
SEL-WC_QUALS_UEFA-2022-9223921,Ronda 7,2021-10-09,Georgia,1,Grecia,0,2,,,3.0,2.0,0.0,1.0,0.0,,,,,,,,,,0.0,3.0,1.0,10.0,39.0,,,45.0,78.2,320.0,409.0,,,28.0,,,,8.0,,,,,0.0,12.0,,7.0,,,10.0,6.0,4.0,,24.0,2,,0,6.0,,,,,,,,3.0,,17.0,,,,,16.0,8.0,5.0,3.0,0.0,,,,,,,,,,2.0,6.0,1.0,8.0,60.0,,,55.0,83.9,411.0,490.0,,,27.0,,,,15.0,,,,23.1,6.0,26.0,,12.0,,,15.0,10.0,5.0,,10.0,0,,1,2.0,,,,,,,,4.0,,8.0,,,6.47,7.18,Clasificatorias WC UEFA,UEFA,UEFA
SEL-WC_QUALS_UEFA-2022-9223929,Ronda 7,2021-10-09,Suecia,1,Kosovo,3,0,,,20.0,10.0,6.0,4.0,1.0,,,,,,,,,,3.0,8.0,1.0,12.0,67.0,,,55.0,80.1,370.0,462.0,,,20.0,,,,13.0,,,,23.8,5.0,21.0,,5.0,,,13.0,7.0,6.0,,17.0,0,,1,3.0,,,,,,,,3.0,,17.0,,,,,12.0,3.0,5.0,4.0,0.0,,,,,,,,,,0.0,3.0,3.0,5.0,52.0,,,45.0,73.7,275.0,373.0,,,24.0,,,,16.0,,,,42.9,6.0,14.0,,10.0,,,12.0,9.0,3.0,,25.0,3,,0,7.0,,,,,,,,4.0,,14.0,,,7.37,6.6,Clasificatorias WC UEFA,UEFA,UEFA
SEL-WC_QUALS_UEFA-2022-9223860,Ronda 7,2021-10-09,Finlandia,1,Ucrania,1,2,,,11.0,5.0,4.0,2.0,1.0,,,,,,,,,,1.0,3.0,1.0,8.0,50.0,,,55.0,83.5,472.0,565.0,,,17.0,,,,12.0,,,,15.4,2.0,13.0,,16.0,,,8.0,6.0,2.0,,18.0,2,,0,3.0,,,,,,,,0.0,,13.0,,,,,16.0,5.0,9.0,2.0,0.0,,,,,,,,,,2.0,2.0,0.0,4.0,44.0,,,45.0,79.6,374.0,470.0,,,26.0,,,,13.0,,,,25.0,3.0,12.0,,11.0,,,11.0,7.0,4.0,,18.0,1,,0,4.0,,,,,,,,1.0,,12.0,,,6.75,7.05,Clasificatorias WC UEFA,UEFA,UEFA
SEL-WC_QUALS_UEFA-2022-9223874,Ronda 7,2021-10-09,Escocia,1,Israel,3,2,,,17.0,9.0,4.0,4.0,0.0,,,,,,,,,,5.0,10.0,0.0,13.0,77.0,,,55.0,80.5,396.0,492.0,,,31.0,,,,15.0,,,,43.5,10.0,23.0,,7.0,,,8.0,3.0,5.0,,5.0,2,,0,1.0,,,,,,,,4.0,,13.0,,,,,6.0,3.0,1.0,2.0,0.0,,,,,,,,,,2.0,1.0,3.0,13.0,40.0,,,45.0,77.3,320.0,414.0,,,21.0,,,,13.0,,,,33.3,2.0,6.0,,10.0,,,19.0,10.0,9.0,,35.0,3,,0,6.0,,,,,,,,3.0,,15.0,,,6.92,6.91,Clasificatorias WC UEFA,UEFA,UEFA
SEL-WC_QUALS_UEFA-2022-9223942,Ronda 7,2021-10-09,Luxemburgo,1,Serbia,0,1,,,11.0,1.0,4.0,6.0,0.0,,,,,,,,,,1.0,7.0,1.0,8.0,37.0,,,52.0,80.4,361.0,449.0,,,23.0,,,,13.0,,,,23.1,3.0,13.0,,15.0,,,10.0,1.0,9.0,,16.0,1,,0,3.0,,,,,,,,2.0,,18.0,,,,,11.0,4.0,5.0,2.0,0.0,,,,,,,,,,4.0,7.0,4.0,7.0,58.0,,,48.0,84.4,346.0,410.0,,,39.0,,,,18.0,,,,17.4,4.0,23.0,,17.0,,,16.0,8.0,8.0,,18.0,0,,1,1.0,,,,,,,,2.0,,14.0,,,6.74,7.22,Clasificatorias WC UEFA,UEFA,UEFA
SEL-WC_QUALS_UEFA-2022-9223892,Ronda 7,2021-10-09,Suiza,1,Irlanda del Norte,2,0,,,27.0,8.0,12.0,7.0,0.0,,,,,,,,,,7.0,10.0,3.0,7.0,66.0,,,72.0,84.3,498.0,591.0,,,28.0,,,,10.0,,,,16.7,4.0,24.0,,7.0,,,11.0,6.0,5.0,,9.0,0,,1,1.0,,,,,,,,1.0,0.0,11.0,,,,,2.0,1.0,0.0,1.0,0.0,,,,,,,,,,0.0,1.0,0.0,1.0,52.0,,,28.0,55.7,127.0,228.0,,,20.0,,,,11.0,,,,20.0,1.0,5.0,,4.0,,,6.0,3.0,3.0,,26.0,2,,0,6.0,,,,,,,,4.0,1.0,11.0,,,7.33,6.38,Clasificatorias WC UEFA,UEFA,UEFA
SEL-WC_QUALS_UEFA-2022-9223926,Ronda 7,2021-10-09,Islas Feroe,1,Austria,0,2,,,6.0,3.0,1.0,2.0,0.0,,,,,,,,,,0.0,5.0,2.0,6.0,70.0,,,33.0,61.3,179.0,292.0,,,21.0,,,,5.0,,,,7.1,1.0,14.0,,15.0,,,17.0,11.0,6.0,,14.0,2,,0,6.0,,,,,,,,3.0,,15.0,,,,,24.0,8.0,9.0,7.0,1.0,,,,,,,,,,3.0,8.0,2.0,13.0,73.0,,,67.0,83.5,490.0,587.0,,,27.0,,,,15.0,,,,28.0,7.0,25.0,,12.0,,,11.0,6.0,5.0,,16.0,0,,1,3.0,,,,,,,,1.0,,5.0,,,6.59,7.35,Clasificatorias WC UEFA,UEFA,UEFA
SEL-WC_QUALS_UEFA-2022-9223867,Ronda 7,2021-10-09,Moldavia,1,Dinamarca,0,4,,,0.0,0.0,0.0,0.0,0.0,,,,,,,,,,0.0,1.0,1.0,5.0,31.0,,,31.0,68.3,218.0,319.0,,,30.0,,,,11.0,,,,,0.0,6.0,,26.0,,,9.0,3.0,6.0,,18.0,4,,0,6.0,,,,,,,,3.0,,21.0,,,,,21.0,10.0,5.0,6.0,1.0,,,,,,,,,,5.0,8.0,3.0,11.0,83.0,,,69.0,87.2,631.0,724.0,,,32.0,,,,19.0,,,,30.8,4.0,13.0,,5.0,,,9.0,7.0,2.0,,2.0,0,,1,0.0,,,,,,,,0.0,,11.0,,,6.29,7.36,Clasificatorias WC UEFA,UEFA,UEFA
SEL-WC_QUALS_UEFA-2022-9223901,Ronda 7,2021-10-09,Andorra,1,Inglaterra,0,5,,,1.0,0.0,1.0,0.0,0.0,,,,,,,,,,0.0,2.0,3.0,0.0,30.0,,,14.0,40.7,46.0,113.0,,,12.0,,,,8.0,,,,14.3,1.0,7.0,,8.0,,,15.0,8.0,7.0,,28.0,5,,0,3.0,,,,,,,,2.0,,20.0,,,,,17.0,8.0,4.0,5.0,0.0,,,,,,,,,,8.0,7.0,7.0,16.0,89.0,,,86.0,90.8,638.0,703.0,,,37.0,,,,18.0,,,,31.2,5.0,16.0,,2.0,,,6.0,4.0,2.0,,7.0,0,,1,0.0,,,,,,,,3.0,,9.0,,,6.01,7.44,Clasificatorias WC UEFA,UEFA,UEFA
SEL-WC_QUALS_UEFA-2022-9223897,Ronda 7,2021-10-09,Hungría,1,Albania,0,1,,,7.0,2.0,5.0,0.0,1.0,,,,,,,,,,2.0,1.0,1.0,5.0,54.0,,,64.0,83.7,564.0,674.0,,,24.0,,,,14.0,,,,25.0,3.0,12.0,,7.0,,,17.0,9.0,8.0,,17.0,1,,0,2.0,,,,,,,,2.0,,12.0,,,,,9.0,3.0,2.0,4.0,0.0,,,,,,,,,,2.0,2.0,2.0,6.0,65.0,,,36.0,72.8,276.0,379.0,,,16.0,,,,12.0,,,,22.2,2.0,9.0,,12.0,,,17.0,8.0,9.0,,15.0,0,,1,2.0,,,,,,,,4.0,,15.0,,,6.85,6.85,Clasificatorias WC UEFA,UEFA,UEFA
SEL-WC_QUALS_UEFA-2022-9223909,Ronda 7,2021-10-09,Polonia,1,San Marino,5,0,,,31.0,12.0,10.0,9.0,1.0,,,,,,,,,,5.0,15.0,,15.0,104.0,,,83.0,88.3,648.0,734.0,,,14.0,,,,10.0,,,,35.0,14.0,40.0,,8.0,,,14.0,7.0,7.0,,2.0,0,,1,1.0,,,,,,,,1.0,,8.0,,,,,2.0,1.0,0.0,1.0,0.0,,,,,,,,,,0.0,0.0,,1.0,24.0,,,17.0,54.9,84.0,153.0,,,8.0,,,,8.0,,,,,0.0,4.0,,9.0,,,16.0,11.0,5.0,,53.0,5,,0,8.0,,,,,,,,1.0,,10.0,,,7.7,6.3,Clasificatorias WC UEFA,UEFA,UEFA
SEL-WC_QUALS_UEFA-2022-9223889,Ronda 8,2021-10-11,Chipre,1,Malta,2,2,,,13.0,5.0,5.0,3.0,0.0,,,,,,,,,,1.0,1.0,2.0,16.0,48.0,,,47.0,81.3,360.0,443.0,,,38.0,,,,12.0,,,,22.2,2.0,9.0,,22.0,,,16.0,5.0,11.0,,18.0,2,,0,1.0,,,,,,,,3.0,,14.0,,,,,10.0,3.0,1.0,6.0,0.0,,,,,,,,,,2.0,4.0,3.0,12.0,54.0,,,53.0,78.9,388.0,492.0,,,29.0,,,,13.0,,,,11.8,2.0,17.0,,13.0,,,25.0,16.0,9.0,,6.0,2,,0,3.0,,,,,,,,2.0,,12.0,,,6.98,6.81,Clasificatorias WC UEFA,UEFA,UEFA
SEL-WC_QUALS_UEFA-2022-9223876,Ronda 8,2021-10-11,Bielorrusia,1,República Checa,0,2,,,6.0,0.0,3.0,3.0,0.0,,,,,,,,,,0.0,1.0,1.0,7.0,58.0,,,42.0,77.6,323.0,416.0,,,30.0,,,,16.0,,,,28.6,2.0,7.0,,10.0,,,10.0,6.0,4.0,,26.0,2,,0,4.0,,,,,,,,3.0,,12.0,,,,,16.0,6.0,5.0,5.0,0.0,,,,,,,,,,3.0,7.0,1.0,10.0,64.0,,,58.0,83.7,482.0,576.0,,,33.0,,,,11.0,,,,28.0,7.0,25.0,,10.0,,,15.0,10.0,5.0,,5.0,0,,1,0.0,,,,,,,,2.0,,16.0,,,6.63,7.42,Clasificatorias WC UEFA,UEFA,UEFA
SEL-WC_QUALS_UEFA-2022-9223866,Ronda 8,2021-10-11,Estonia,1,Gales,0,1,,,9.0,4.0,3.0,2.0,0.0,,,,,,,,,,2.0,2.0,2.0,4.0,65.0,,,43.0,63.3,197.0,311.0,,,33.0,,,,13.0,,,,15.0,3.0,20.0,,8.0,,,11.0,6.0,5.0,,18.0,1,,0,4.0,,,,,,,,3.0,,14.0,,,,,14.0,5.0,4.0,5.0,0.0,,,,,,,,,,1.0,4.0,0.0,11.0,51.0,,,57.0,75.7,317.0,419.0,,,29.0,,,,14.0,,,,21.7,5.0,23.0,,5.0,,,6.0,3.0,3.0,,19.0,0,,1,3.0,,,,,,,,4.0,,13.0,,,6.64,7.15,Clasificatorias WC UEFA,UEFA,UEFA
SEL-WC_QUALS_UEFA-2022-9223919,Ronda 8,2021-10-11,Letonia,1,Turquía,1,2,,,6.0,2.0,1.0,3.0,0.0,,,,,,,,,,0.0,7.0,,6.0,54.0,,,32.0,55.5,132.0,238.0,,,20.0,,,,13.0,,,,23.5,4.0,17.0,,12.0,,,12.0,9.0,3.0,,39.0,2,,0,7.0,,,,,,,,4.0,,18.0,,,,,23.0,9.0,7.0,7.0,0.0,,,,,,,,,,1.0,9.0,,15.0,79.0,,,68.0,82.5,421.0,510.0,,,30.0,,,,18.0,,,,14.3,4.0,28.0,,12.0,,,14.0,5.0,9.0,,23.0,1,,0,1.0,,,,,,,,2.0,,13.0,,,6.63,7.25,Clasificatorias WC UEFA,UEFA,UEFA
SEL-WC_QUALS_UEFA-2022-9223912,Ronda 8,2021-10-11,Países Bajos,1,Gibraltar,6,0,,,32.0,12.0,9.0,11.0,0.0,,,,,,,,,,8.0,16.0,7.0,21.0,103.0,,,83.0,89.0,647.0,727.0,,,25.0,,,,0.0,,,,32.6,14.0,43.0,,7.0,,,6.0,2.0,4.0,,4.0,0,,1,0.0,,,,,,,,0.0,,8.0,,,,,1.0,0.0,0.0,1.0,0.0,,,,,,,,,,0.0,0.0,3.0,4.0,18.0,,,17.0,54.0,88.0,163.0,,,16.0,,,,8.0,,,,,0.0,0.0,,16.0,,,16.0,9.0,7.0,,50.0,6,,0,5.0,,,,,,,,1.0,,2.0,,,7.74,6.13,Clasificatorias WC UEFA,UEFA,UEFA
SEL-WC_QUALS_UEFA-2022-9223916,Ronda 8,2021-10-11,Noruega,1,Montenegro,2,0,,,11.0,5.0,1.0,5.0,0.0,,,,,,,,,,1.0,3.0,2.0,14.0,84.0,,,51.0,74.7,340.0,455.0,,,33.0,,,,9.0,,,,44.4,4.0,9.0,,20.0,,,18.0,11.0,7.0,,24.0,0,,1,0.0,,,,,,,,2.0,0.0,11.0,,,,,9.0,0.0,6.0,3.0,0.0,,,,,,,,,,1.0,4.0,3.0,9.0,79.0,,,49.0,73.7,308.0,418.0,,,38.0,,,,11.0,,,,4.5,1.0,22.0,,10.0,,,21.0,11.0,10.0,,10.0,2,,0,3.0,,,,,,,,6.0,1.0,9.0,,,7.31,6.71,Clasificatorias WC UEFA,UEFA,UEFA
SEL-WC_QUALS_UEFA-2022-9223899,Ronda 8,2021-10-11,Croacia,1,Eslovaquia,2,2,,,21.0,10.0,7.0,4.0,2.0,,,,,,,,,,3.0,10.0,4.0,16.0,74.0,,,68.0,86.5,507.0,586.0,,,23.0,,,,14.0,,,,15.0,6.0,40.0,,5.0,,,15.0,7.0,8.0,,11.0,2,,0,0.0,,,,,,,,1.0,,12.0,,,,,6.0,2.0,3.0,1.0,0.0,,,,,,,,,,2.0,3.0,2.0,5.0,35.0,,,32.0,70.3,196.0,279.0,,,31.0,,,,11.0,,,,36.4,4.0,11.0,,13.0,,,16.0,7.0,9.0,,38.0,2,,0,8.0,,,,,,,,4.0,,16.0,,,7.01,6.86,Clasificatorias WC UEFA,UEFA,UEFA
SEL-WC_QUALS_UEFA-2022-9223890,Ronda 8,2021-10-11,Eslovenia,1,Rusia,1,2,,,15.0,5.0,6.0,4.0,0.0,,,,,,,,,,0.0,1.0,2.0,5.0,73.0,,,54.0,76.4,356.0,466.0,,,48.0,,,,24.0,,,,35.7,10.0,28.0,,8.0,,,10.0,7.0,3.0,,12.0,2,,0,4.0,,,,,,,,6.0,,16.0,,,,,11.0,6.0,2.0,3.0,0.0,,,,,,,,,,1.0,8.0,2.0,11.0,61.0,,,46.0,72.2,289.0,400.0,,,23.0,,,,16.0,,,,23.1,3.0,13.0,,12.0,,,5.0,2.0,3.0,,32.0,1,,0,4.0,,,,,,,,1.0,,24.0,,,6.84,7.07,Clasificatorias WC UEFA,UEFA,UEFA
SEL-WC_QUALS_UEFA-2022-9223911,Ronda 8,2021-10-11,Islandia,1,Liechtenstein,4,0,,,21.0,10.0,6.0,5.0,0.0,,,,,,,,,,8.0,5.0,1.0,8.0,95.0,,,72.0,89.5,611.0,683.0,,,59.0,,,,9.0,,,,26.7,8.0,30.0,,5.0,,,14.0,8.0,6.0,,2.0,0,,1,0.0,,,,,,,,0.0,0.0,19.0,,,,,1.0,0.0,1.0,0.0,0.0,,,,,,,,,,0.0,0.0,2.0,8.0,15.0,,,28.0,72.8,201.0,276.0,,,19.0,,,,18.0,,,,50.0,1.0,2.0,,11.0,,,10.0,6.0,4.0,,28.0,4,,0,6.0,,,,,,,,3.0,1.0,11.0,,,7.35,6.36,Clasificatorias WC UEFA,UEFA,UEFA
SEL-WC_QUALS_UEFA-2022-9223906,Ronda 8,2021-10-11,Macedonia del Norte,1,Alemania,0,4,,,7.0,1.0,5.0,1.0,0.0,,,,,,,,,,1.0,2.0,2.0,13.0,30.0,,,26.0,71.5,183.0,256.0,,,19.0,,,,8.0,,,,30.0,3.0,10.0,,16.0,,,24.0,16.0,8.0,,26.0,4,,0,7.0,,,,,,,,1.0,,13.0,,,,,24.0,10.0,9.0,5.0,1.0,,,,,,,,,,6.0,7.0,1.0,15.0,84.0,,,74.0,88.5,665.0,751.0,,,21.0,,,,13.0,,,,32.3,10.0,31.0,,13.0,,,15.0,11.0,4.0,,7.0,0,,1,1.0,,,,,,,,1.0,,8.0,,,6.55,7.54,Clasificatorias WC UEFA,UEFA,UEFA
SEL-WC_QUALS_UEFA-2022-9223917,Ronda 8,2021-10-11,Rumania,1,Armenia,1,0,,,15.0,5.0,6.0,4.0,1.0,,,,,,,,,,1.0,8.0,1.0,18.0,67.0,,,59.0,85.7,466.0,544.0,,,38.0,,,,21.0,,,,28.6,4.0,14.0,,13.0,,,20.0,11.0,9.0,,7.0,0,,1,1.0,,,,,,,,2.0,,9.0,,,,,6.0,1.0,3.0,2.0,0.0,,,,,,,,,,0.0,2.0,3.0,8.0,29.0,,,41.0,76.8,281.0,366.0,,,18.0,,,,8.0,,,,28.6,4.0,14.0,,7.0,,,18.0,13.0,5.0,,14.0,1,,0,4.0,,,,,,,,5.0,,21.0,,,7.35,6.55,Clasificatorias WC UEFA,UEFA,UEFA
SEL-WC_QUALS_UEFA-2022-9223910,Ronda 8,2021-10-12,Kazajistán,1,Finlandia,0,2,,,7.0,1.0,4.0,2.0,0.0,,,,,,,,,,0.0,0.0,0.0,7.0,56.0,,,38.0,71.8,282.0,393.0,,,33.0,,,,3.0,,,,7.1,1.0,14.0,,20.0,,,25.0,18.0,7.0,,19.0,2,,0,6.0,,,,,,,,3.0,,12.0,,,,,20.0,8.0,8.0,4.0,1.0,,,,,,,,,,4.0,5.0,1.0,9.0,80.0,,,62.0,80.6,532.0,660.0,,,23.0,,,,10.0,,,,14.3,2.0,14.0,,6.0,,,14.0,9.0,5.0,,13.0,0,,1,1.0,,,,,,,,1.0,,4.0,,,6.82,7.19,Clasificatorias WC UEFA,UEFA,UEFA
SEL-WC_QUALS_UEFA-2022-9223936,Ronda 8,2021-10-12,Portugal,1,Luxemburgo,5,0,,,21.0,11.0,6.0,4.0,0.0,,,,,,,,,,12.0,8.0,1.0,14.0,41.0,,,55.0,86.2,413.0,479.0,,,28.0,,,,13.0,,,,50.0,10.0,20.0,,8.0,,,12.0,7.0,5.0,,5.0,0,,1,2.0,,,,,,,,2.0,,12.0,,,,,3.0,2.0,1.0,0.0,0.0,,,,,,,,,,1.0,2.0,0.0,8.0,38.0,,,45.0,84.0,331.0,394.0,,,30.0,,,,12.0,,,,,0.0,5.0,,9.0,,,8.0,1.0,7.0,,13.0,5,,0,6.0,,,,,,,,1.0,,13.0,,,7.63,6.17,Clasificatorias WC UEFA,UEFA,UEFA
SEL-WC_QUALS_UEFA-2022-9223891,Ronda 8,2021-10-12,Serbia,1,Azerbaiyán,3,1,,,22.0,11.0,7.0,4.0,4.0,,,,,,,,,,6.0,7.0,1.0,13.0,71.0,,,57.0,86.1,484.0,562.0,,,33.0,,,,9.0,,,,33.3,8.0,24.0,,12.0,,,16.0,10.0,6.0,,12.0,1,,0,0.0,,,,,,,,0.0,,13.0,,,,,6.0,1.0,5.0,0.0,1.0,,,,,,,,,,2.0,0.0,2.0,13.0,44.0,,,43.0,80.5,343.0,426.0,,,21.0,,,,13.0,,,,20.0,2.0,10.0,,16.0,,,14.0,7.0,7.0,,26.0,3,,0,8.0,,,,,,,,2.0,,10.0,,,7.19,6.71,Clasificatorias WC UEFA,UEFA,UEFA
SEL-WC_QUALS_UEFA-2022-9223922,Ronda 8,2021-10-12,Kosovo,1,Georgia,1,2,,,12.0,4.0,4.0,4.0,0.0,,,,,,,,,,4.0,5.0,0.0,7.0,60.0,,,54.0,85.0,442.0,520.0,,,26.0,,,,7.0,,,,15.6,5.0,32.0,,7.0,,,18.0,9.0,9.0,,10.0,2,,0,0.0,,,,,,,,4.0,,9.0,,,,,6.0,3.0,3.0,0.0,0.0,,,,,,,,,,3.0,2.0,1.0,9.0,38.0,,,46.0,82.4,379.0,460.0,,,20.0,,,,8.0,,,,30.0,3.0,10.0,,9.0,,,8.0,6.0,2.0,,33.0,1,,0,2.0,,,,,,,,5.0,,8.0,,,6.89,6.79,Clasificatorias WC UEFA,UEFA,UEFA
SEL-WC_QUALS_UEFA-2022-9223862,Ronda 8,2021-10-12,Suecia,1,Grecia,2,0,,,7.0,4.0,1.0,2.0,0.0,,,,,,,,,,2.0,5.0,0.0,7.0,55.0,,,42.0,80.6,320.0,397.0,,,20.0,,,,15.0,,,,7.7,1.0,13.0,,5.0,,,17.0,13.0,4.0,,21.0,0,,1,3.0,,,,,,,,2.0,0.0,13.0,,,,,10.0,3.0,6.0,1.0,2.0,,,,,,,,,,0.0,4.0,5.0,6.0,48.0,,,58.0,84.1,466.0,554.0,,,19.0,,,,13.0,,,,27.3,3.0,11.0,,7.0,,,18.0,9.0,9.0,,13.0,2,,0,2.0,,,,,,,,4.0,1.0,15.0,,,7.09,6.59,Clasificatorias WC UEFA,UEFA,UEFA
SEL-WC_QUALS_UEFA-2022-9223885,Ronda 8,2021-10-12,Bulgaria,1,Irlanda del Norte,2,1,,,10.0,4.0,3.0,3.0,0.0,,,,,,,,,,0.0,10.0,2.0,4.0,55.0,,,46.0,74.0,271.0,366.0,,,32.0,,,,13.0,,,,16.7,4.0,24.0,,4.0,,,13.0,8.0,5.0,,27.0,1,,0,5.0,,,,,,,,1.0,,16.0,,,,,15.0,6.0,5.0,4.0,0.0,,,,,,,,,,5.0,5.0,3.0,5.0,50.0,,,54.0,76.7,329.0,429.0,,,30.0,,,,15.0,,,,13.0,3.0,23.0,,7.0,,,10.0,6.0,4.0,,20.0,2,,0,2.0,,,,,,,,2.0,,13.0,,,7.04,6.64,Clasificatorias WC UEFA,UEFA,UEFA
SEL-WC_QUALS_UEFA-2022-9223925,Ronda 8,2021-10-12,Lituania,1,Suiza,0,4,,,6.0,0.0,6.0,0.0,0.0,,,,,,,,,,1.0,3.0,,7.0,40.0,,,30.0,73.2,221.0,302.0,,,27.0,,,,11.0,,,,23.1,3.0,13.0,,11.0,,,21.0,12.0,9.0,,27.0,4,,0,6.0,,,,,,,,,,4.0,,,,,22.0,11.0,8.0,3.0,1.0,,,,,,,,,,4.0,8.0,,10.0,78.0,,,70.0,87.7,643.0,733.0,,,36.0,,,,4.0,,,,26.1,6.0,23.0,,3.0,,,8.0,3.0,5.0,,9.0,0,,1,0.0,,,,,,,,,,11.0,,,6.62,7.39,Clasificatorias WC UEFA,UEFA,UEFA
SEL-WC_QUALS_UEFA-2022-9223934,Ronda 8,2021-10-12,Ucrania,1,Bosnia,1,1,,,10.0,2.0,3.0,5.0,0.0,,,,,,,,,,3.0,3.0,2.0,8.0,42.0,,,55.0,87.1,459.0,527.0,,,32.0,,,,6.0,,,,7.1,1.0,14.0,,3.0,,,16.0,9.0,7.0,,24.0,1,,0,5.0,,,,,,,,0.0,,8.0,,,,,14.0,5.0,3.0,6.0,0.0,,,,,,,,,,1.0,3.0,2.0,2.0,66.0,,,45.0,84.6,358.0,423.0,,,30.0,,,,8.0,,,,16.7,3.0,18.0,,8.0,,,19.0,12.0,7.0,,10.0,1,,0,1.0,,,,,,,,3.0,,6.0,,,7.0,6.93,Clasificatorias WC UEFA,UEFA,UEFA
SEL-WC_QUALS_UEFA-2022-9223923,Ronda 8,2021-10-12,Dinamarca,1,Austria,1,0,,,9.0,4.0,3.0,2.0,0.0,,,,,,,,,,1.0,1.0,3.0,8.0,83.0,,,49.0,77.3,374.0,484.0,,,31.0,,,,20.0,,,,35.7,5.0,14.0,,13.0,,,13.0,7.0,6.0,,9.0,0,,1,0.0,,,,,,,,1.0,,10.0,,,,,7.0,0.0,4.0,3.0,0.0,,,,,,,,,,0.0,1.0,2.0,10.0,57.0,,,51.0,75.6,384.0,508.0,,,27.0,,,,10.0,,,,18.2,2.0,11.0,,13.0,,,21.0,12.0,9.0,,10.0,1,,0,3.0,,,,,,,,2.0,,20.0,,,7.1,6.81,Clasificatorias WC UEFA,UEFA,UEFA
SEL-WC_QUALS_UEFA-2022-9223873,Ronda 8,2021-10-12,Islas Feroe,1,Escocia,0,1,,,9.0,3.0,5.0,1.0,0.0,,,,,,,,,,2.0,1.0,3.0,5.0,58.0,,,32.0,66.3,177.0,267.0,,,24.0,,,,10.0,,,,33.3,3.0,9.0,,15.0,,,15.0,11.0,4.0,,32.0,1,,0,4.0,,,,,,,,1.0,,15.0,,,,,19.0,5.0,8.0,6.0,0.0,,,,,,,,,,1.0,7.0,3.0,9.0,68.0,,,68.0,84.4,469.0,556.0,,,26.0,,,,15.0,,,,17.2,5.0,29.0,,2.0,,,9.0,4.0,5.0,,9.0,0,,1,3.0,,,,,,,,3.0,,10.0,,,6.83,7.11,Clasificatorias WC UEFA,UEFA,UEFA
SEL-WC_QUALS_UEFA-2022-9223869,Ronda 8,2021-10-12,Israel,1,Moldavia,2,1,,,9.0,4.0,2.0,3.0,0.0,,,,,,,,,,4.0,3.0,1.0,12.0,53.0,,,55.0,82.8,423.0,511.0,,,28.0,,,,17.0,,,,,0.0,8.0,,11.0,,,14.0,9.0,5.0,,13.0,1,,0,5.0,,,,,,,,0.0,0.0,11.0,,,,,11.0,6.0,4.0,1.0,0.0,,,,,,,,,,2.0,4.0,2.0,10.0,60.0,,,45.0,78.1,329.0,421.0,,,24.0,,,,11.0,,,,26.7,4.0,15.0,,31.0,,,13.0,9.0,4.0,,6.0,2,,0,2.0,,,,,,,,4.0,1.0,17.0,,,7.0,6.73,Clasificatorias WC UEFA,UEFA,UEFA
SEL-WC_QUALS_UEFA-2022-9223940,Ronda 8,2021-10-12,Albania,1,Polonia,0,1,,,6.0,1.0,2.0,3.0,0.0,,,,,,,,,,0.0,2.0,0.0,11.0,52.0,,,41.0,70.4,233.0,331.0,,,27.0,,,,24.0,,,,,0.0,9.0,,7.0,,,14.0,10.0,4.0,,21.0,1,,0,1.0,,,,,,,,3.0,,17.0,,,,,5.0,2.0,2.0,1.0,0.0,,,,,,,,,,1.0,4.0,2.0,5.0,57.0,,,59.0,79.0,383.0,485.0,,,26.0,,,,17.0,,,,11.8,2.0,17.0,,7.0,,,14.0,8.0,6.0,,21.0,0,,1,1.0,,,,,,,,3.0,,24.0,,,6.67,6.86,Clasificatorias WC UEFA,UEFA,UEFA
SEL-WC_QUALS_UEFA-2022-9223931,Ronda 8,2021-10-12,Inglaterra,1,Hungría,1,1,,,11.0,5.0,5.0,1.0,0.0,,,,,,,,,,4.0,8.0,2.0,13.0,77.0,,,64.0,91.2,578.0,634.0,,,34.0,,,,7.0,,,,10.7,3.0,28.0,,9.0,,,11.0,7.0,4.0,,8.0,1,,0,0.0,,,,,,,,1.0,,8.0,,,,,6.0,1.0,2.0,3.0,0.0,,,,,,,,,,1.0,2.0,2.0,4.0,17.0,,,36.0,81.8,296.0,362.0,,,9.0,,,,8.0,,,,16.7,2.0,12.0,,10.0,,,16.0,13.0,3.0,,30.0,1,,0,4.0,,,,,,,,1.0,,9.0,,,7.0,6.81,Clasificatorias WC UEFA,UEFA,UEFA
SEL-WC_QUALS_UEFA-2022-9223898,Ronda 8,2021-10-12,San Marino,1,Andorra,0,3,,,5.0,1.0,1.0,3.0,0.0,,,,,,,,,,0.0,4.0,0.0,4.0,61.0,,,42.0,65.1,218.0,335.0,,,20.0,,,,13.0,,,,6.2,1.0,16.0,,9.0,,,12.0,6.0,6.0,,26.0,3,,0,6.0,,,,,,,,4.0,,22.0,,,,,13.0,9.0,3.0,1.0,0.0,,,,,,,,,,2.0,3.0,2.0,10.0,69.0,,,58.0,75.9,366.0,482.0,,,33.0,,,,22.0,,,,,0.0,11.0,,6.0,,,12.0,6.0,6.0,,22.0,0,,1,1.0,,,,,,,,1.0,,13.0,,,6.35,7.22,Clasificatorias WC UEFA,UEFA,UEFA
SEL-WC_QUALS_UEFA-2022-9223930,Ronda 9,2021-11-11,Azerbaiyán,1,Luxemburgo,1,3,,,8.0,2.0,5.0,1.0,1.0,,,,,,,,,,1.0,2.0,0.0,9.0,30.0,,,34.0,68.5,191.0,279.0,,,25.0,,,,8.0,,,,37.5,3.0,8.0,,7.0,,,20.0,11.0,9.0,,20.0,3,,0,3.0,,,,,,,,4.0,1.0,15.0,,,,,23.0,6.0,11.0,6.0,1.0,,,,,,,,,,2.0,3.0,1.0,13.0,83.0,,,66.0,86.6,473.0,546.0,,,28.0,,,,15.0,,,,25.0,4.0,16.0,,14.0,,,13.0,7.0,6.0,,4.0,1,,0,1.0,,,,,,,,1.0,0.0,10.0,,,6.36,7.15,Clasificatorias WC UEFA,UEFA,UEFA
SEL-WC_QUALS_UEFA-2022-9223894,Ronda 9,2021-11-11,Georgia,1,Suecia,2,0,,,10.0,6.0,3.0,1.0,0.0,,,,,,,,,,2.0,5.0,2.0,11.0,30.0,,,41.0,81.1,287.0,354.0,,,24.0,,,,9.0,,,,36.4,4.0,11.0,,8.0,,,8.0,6.0,2.0,,33.0,0,,1,7.0,,,,,,,,3.0,,14.0,,,,,20.0,8.0,6.0,6.0,0.0,,,,,,,,,,5.0,8.0,9.0,12.0,71.0,,,59.0,86.0,437.0,508.0,,,22.0,,,,14.0,,,,17.9,5.0,28.0,,7.0,,,13.0,7.0,6.0,,6.0,2,,0,3.0,,,,,,,,1.0,,10.0,,,7.28,6.83,Clasificatorias WC UEFA,UEFA,UEFA
SEL-WC_QUALS_UEFA-2022-9223893,Ronda 9,2021-11-11,Rusia,1,Chipre,6,0,,,22.0,13.0,6.0,3.0,1.0,,,,,,,,,,8.0,3.0,4.0,14.0,66.0,,,61.0,83.6,460.0,550.0,,,27.0,,,,9.0,,,,30.0,3.0,10.0,,10.0,,,14.0,9.0,5.0,,7.0,0,,1,1.0,,,,,,,,,,10.0,,,,,7.0,1.0,4.0,2.0,0.0,,,,,,,,,,0.0,4.0,0.0,6.0,22.0,,,39.0,74.0,256.0,346.0,,,23.0,,,,8.0,,,,27.3,3.0,11.0,,11.0,,,10.0,4.0,6.0,,17.0,6,,0,6.0,,,,,,,,,,10.0,,,7.65,6.19,Clasificatorias WC UEFA,UEFA,UEFA
SEL-WC_QUALS_UEFA-2022-9223945,Ronda 9,2021-11-11,Armenia,1,Macedonia del Norte,0,5,,,7.0,1.0,4.0,2.0,0.0,,,,,,,,,,1.0,5.0,3.0,11.0,68.0,,,55.0,83.3,453.0,544.0,,,21.0,,,,11.0,,,,12.5,2.0,16.0,,9.0,,,21.0,13.0,8.0,,14.0,5,,0,1.0,,,,,,,,0.0,,12.0,,,,,8.0,6.0,2.0,0.0,0.0,,,,,,,,,,5.0,3.0,1.0,11.0,61.0,,,45.0,80.1,363.0,453.0,,,40.0,,,,12.0,,,,50.0,2.0,4.0,,12.0,,,16.0,6.0,10.0,,23.0,0,,1,1.0,,,,,,,,1.0,,11.0,,,6.23,7.32,Clasificatorias WC UEFA,UEFA,UEFA
SEL-WC_QUALS_UEFA-2022-9223924,Ronda 9,2021-11-11,Irlanda,1,Portugal,0,0,,,12.0,2.0,6.0,4.0,0.0,,,,,,,,,,,4.0,2.0,11.0,56.0,,,49.0,79.1,351.0,444.0,,,20.0,,,,11.0,,,,37.5,9.0,24.0,,14.0,,,15.0,9.0,6.0,,5.0,0,,1,3.0,,,,,,,,3.0,0.0,13.0,,,,,12.0,3.0,3.0,6.0,0.0,,,,,,,,,,,4.0,1.0,7.0,56.0,,,51.0,81.4,389.0,478.0,,,33.0,,,,12.0,,,,21.4,3.0,14.0,,9.0,,,10.0,3.0,7.0,,20.0,0,,1,2.0,,,,,,,,3.0,1.0,12.0,,,7.15,6.87,Clasificatorias WC UEFA,UEFA,UEFA
SEL-WC_QUALS_UEFA-2022-9223888,Ronda 9,2021-11-11,Grecia,1,España,0,1,,,3.0,1.0,1.0,1.0,0.0,,,,,,,,,,0.0,2.0,3.0,6.0,36.0,,,27.0,75.5,228.0,302.0,,,23.0,,,,14.0,,,,22.2,2.0,9.0,,14.0,,,19.0,14.0,5.0,,15.0,1,,0,2.0,,,,,,,,4.0,,9.0,,,,,12.0,3.0,3.0,6.0,0.0,,,,,,,,,,2.0,5.0,2.0,16.0,87.0,,,73.0,92.5,754.0,815.0,,,40.0,,,,9.0,,,,27.8,5.0,18.0,,9.0,,,14.0,8.0,6.0,,15.0,0,,1,1.0,,,,,,,,2.0,,15.0,,,6.55,7.13,Clasificatorias WC UEFA,UEFA,UEFA
SEL-WC_QUALS_UEFA-2022-9223884,Ronda 9,2021-11-11,Malta,1,Croacia,1,7,,,2.0,0.0,2.0,0.0,0.0,,,,,,,,,,0.0,2.0,3.0,7.0,35.0,,,33.0,75.8,254.0,335.0,,,22.0,,,,6.0,,,,20.0,1.0,5.0,,5.0,,,11.0,7.0,4.0,,27.0,7,,0,5.0,,,,,,,,1.0,,7.0,,,,,20.0,12.0,5.0,3.0,0.0,,,,,,,,,,8.0,4.0,7.0,9.0,88.0,,,67.0,90.4,613.0,678.0,,,50.0,,,,7.0,,,,28.6,8.0,28.0,,7.0,,,8.0,5.0,3.0,,5.0,1,,0,0.0,,,,,,,,0.0,,7.0,,,5.96,7.6,Clasificatorias WC UEFA,UEFA,UEFA
SEL-WC_QUALS_UEFA-2022-9223927,Ronda 9,2021-11-11,Eslovaquia,1,Eslovenia,2,2,,,21.0,6.0,7.0,8.0,0.0,,,,,,,,,,2.0,8.0,1.0,12.0,61.0,,,64.0,90.8,553.0,609.0,,,22.0,,,,14.0,,,,31.6,12.0,38.0,,2.0,,,12.0,7.0,5.0,,6.0,2,,0,1.0,,,,,,,,2.0,0.0,17.0,,,,,5.0,3.0,0.0,2.0,0.0,,,,,,,,,,1.0,3.0,0.0,12.0,35.0,,,36.0,80.6,282.0,350.0,,,23.0,,,,16.0,,,,16.7,1.0,6.0,,12.0,,,16.0,6.0,10.0,,29.0,2,,0,4.0,,,,,,,,3.0,1.0,17.0,,,6.76,6.77,Clasificatorias WC UEFA,UEFA,UEFA
SEL-WC_QUALS_UEFA-2022-9223951,Ronda 9,2021-11-11,Alemania,1,Liechtenstein,9,0,,,42.0,23.0,11.0,8.0,2.0,,,,,,,,,,11.0,13.0,3.0,9.0,95.0,,,82.0,88.3,674.0,763.0,,,21.0,,,,1.0,,,,23.7,9.0,38.0,,7.0,,,17.0,12.0,5.0,,0.0,0,,1,0.0,,,,,,,,1.0,0.0,5.0,,,,,4.0,0.0,3.0,1.0,0.0,,,,,,,,,,0.0,0.0,2.0,9.0,13.0,,,18.0,58.5,100.0,171.0,,,24.0,,,,5.0,,,,,0.0,1.0,,15.0,,,10.0,1.0,9.0,,48.0,9,,0,14.0,,,,,,,,0.0,1.0,1.0,,,7.95,5.74,Clasificatorias WC UEFA,UEFA,UEFA
SEL-WC_QUALS_UEFA-2022-9223949,Ronda 9,2021-11-11,Rumania,1,Islandia,0,0,,,23.0,7.0,5.0,11.0,1.0,,,,,,,,,,0.0,11.0,1.0,11.0,64.0,,,63.0,84.6,466.0,551.0,,,34.0,,,,7.0,,,,26.7,8.0,30.0,,12.0,,,10.0,4.0,6.0,,20.0,0,,1,0.0,,,,,,,,1.0,,6.0,,,,,8.0,1.0,4.0,3.0,0.0,,,,,,,,,,1.0,6.0,3.0,10.0,42.0,,,37.0,71.6,222.0,310.0,,,19.0,,,,6.0,,,,19.0,4.0,21.0,,10.0,,,18.0,5.0,13.0,,39.0,0,,1,7.0,,,,,,,,1.0,,7.0,,,7.21,7.26,Clasificatorias WC UEFA,UEFA,UEFA
SEL-WC_QUALS_UEFA-2022-9223896,Ronda 9,2021-11-12,Moldavia,1,Escocia,0,2,,,6.0,3.0,2.0,1.0,0.0,,,,,,,,,,2.0,2.0,1.0,3.0,55.0,,,45.0,72.6,289.0,398.0,,,29.0,,,,5.0,,,,14.3,1.0,7.0,,19.0,,,18.0,14.0,4.0,,21.0,2,,0,5.0,,,,,,,,5.0,,14.0,,,,,16.0,8.0,4.0,4.0,0.0,,,,,,,,,,2.0,8.0,3.0,18.0,63.0,,,55.0,78.5,372.0,474.0,,,34.0,,,,14.0,,,,23.5,4.0,17.0,,9.0,,,17.0,11.0,6.0,,9.0,0,,1,3.0,,,,,,,,1.0,,6.0,,,6.62,7.47,Clasificatorias WC UEFA,UEFA,UEFA
SEL-WC_QUALS_UEFA-2022-9223877,Ronda 9,2021-11-12,Italia,1,Suiza,1,1,,,11.0,4.0,3.0,4.0,0.0,,,,,,,,,,3.0,6.0,2.0,9.0,82.0,,,64.0,86.6,564.0,651.0,,,38.0,,,,11.0,,,,41.7,5.0,12.0,,11.0,,,14.0,7.0,7.0,,8.0,1,,0,1.0,,,,,,,,2.0,,8.0,,,,,10.0,2.0,6.0,2.0,0.0,,,,,,,,,,1.0,1.0,1.0,6.0,42.0,,,36.0,76.6,281.0,367.0,,,24.0,,,,8.0,,,,28.6,2.0,7.0,,14.0,,,10.0,6.0,4.0,,15.0,1,,0,3.0,,,,,,,,3.0,,13.0,,,6.87,6.78,Clasificatorias WC UEFA,UEFA,UEFA
SEL-WC_QUALS_UEFA-2022-9223875,Ronda 9,2021-11-12,Irlanda del Norte,1,Lituania,1,0,,,15.0,5.0,5.0,5.0,0.0,,,,,,,,,,1.0,7.0,3.0,7.0,65.0,,,65.0,80.1,442.0,552.0,,,29.0,,,,16.0,,,,24.0,6.0,25.0,,15.0,,,12.0,8.0,4.0,,14.0,0,,1,3.0,,,,,,,,0.0,,9.0,,,,,7.0,3.0,3.0,1.0,0.0,,,,,,,,,,0.0,4.0,1.0,4.0,44.0,,,35.0,62.1,187.0,301.0,,,16.0,,,,8.0,,,,22.2,2.0,9.0,,12.0,,,10.0,9.0,1.0,,20.0,1,,0,5.0,,,,,,,,1.0,,16.0,,,7.19,6.65,Clasificatorias WC UEFA,UEFA,UEFA
SEL-WC_QUALS_UEFA-2022-9223871,Ronda 9,2021-11-12,Austria,1,Israel,4,2,,,25.0,13.0,7.0,5.0,0.0,,,,,,,,,,5.0,4.0,5.0,14.0,67.0,,,63.0,84.2,452.0,537.0,,,21.0,,,,13.0,,,,33.3,4.0,12.0,,15.0,,,6.0,3.0,3.0,,6.0,2,,0,1.0,,,,,,,,1.0,,15.0,,,,,6.0,3.0,3.0,0.0,0.0,,,,,,,,,,0.0,2.0,1.0,8.0,28.0,,,37.0,70.6,221.0,313.0,,,14.0,,,,15.0,,,,,0.0,6.0,,17.0,,,10.0,8.0,2.0,,23.0,4,,0,9.0,,,,,,,,1.0,,13.0,,,6.99,6.68,Clasificatorias WC UEFA,UEFA,UEFA
SEL-WC_QUALS_UEFA-2022-9223868,Ronda 9,2021-11-12,Dinamarca,1,Islas Feroe,3,1,,,19.0,4.0,7.0,8.0,0.0,,,,,,,,,,3.0,2.0,0.0,4.0,69.0,,,68.0,83.1,502.0,604.0,,,22.0,,,,16.0,,,,45.5,5.0,11.0,,10.0,,,14.0,10.0,4.0,,21.0,1,,0,1.0,,,,,,,,1.0,,6.0,,,,,3.0,2.0,0.0,1.0,0.0,,,,,,,,,,1.0,0.0,1.0,6.0,49.0,,,32.0,62.9,175.0,278.0,,,25.0,,,,6.0,,,,27.3,3.0,11.0,,19.0,,,21.0,12.0,9.0,,24.0,3,,0,1.0,,,,,,,,3.0,,18.0,,,6.96,6.5,Clasificatorias WC UEFA,UEFA,UEFA
SEL-WC_QUALS_UEFA-2022-9223887,Ronda 9,2021-11-12,Andorra,1,Polonia,1,4,,,2.0,1.0,1.0,0.0,0.0,,,,,,,,,,0.0,0.0,0.0,5.0,46.0,,,21.0,46.8,73.0,156.0,,,19.0,,,,17.0,,,,33.3,1.0,3.0,,12.0,,,11.0,4.0,7.0,,17.0,4,,0,4.0,,,,,,,,3.0,1.0,17.0,,,,,18.0,8.0,7.0,3.0,0.0,,,,,,,,,,7.0,7.0,1.0,4.0,81.0,,,79.0,86.8,498.0,574.0,,,32.0,,,,17.0,,,,41.4,12.0,29.0,,7.0,,,9.0,7.0,2.0,,11.0,1,,0,0.0,,,,,,,,2.0,0.0,17.0,,,6.0,7.28,Clasificatorias WC UEFA,UEFA,UEFA
SEL-WC_QUALS_UEFA-2022-9223883,Ronda 9,2021-11-12,Inglaterra,1,Albania,5,0,,,15.0,6.0,6.0,3.0,0.0,,,,,,,,,,4.0,4.0,1.0,18.0,55.0,,,64.0,87.0,580.0,667.0,,,31.0,,,,11.0,,,,38.5,5.0,13.0,,5.0,,,14.0,8.0,6.0,,4.0,0,,1,4.0,,,,,,,,0.0,,3.0,,,,,5.0,4.0,0.0,1.0,0.0,,,,,,,,,,1.0,0.0,3.0,5.0,18.0,,,36.0,81.2,316.0,389.0,,,20.0,,,,3.0,,,,,0.0,1.0,,16.0,,,20.0,11.0,9.0,,16.0,5,,0,1.0,,,,,,,,4.0,,14.0,,,7.7,6.11,Clasificatorias WC UEFA,UEFA,UEFA
SEL-WC_QUALS_UEFA-2022-9223928,Ronda 9,2021-11-12,Hungría,1,San Marino,4,0,,,23.0,11.0,8.0,4.0,0.0,,,,,,,,,,2.0,12.0,5.0,7.0,103.0,,,79.0,88.8,684.0,770.0,,,32.0,,,,5.0,,,,16.3,8.0,49.0,,6.0,,,14.0,8.0,6.0,,3.0,0,,1,0.0,,,,,,,,0.0,,7.0,,,,,1.0,0.0,0.0,1.0,0.0,,,,,,,,,,0.0,0.0,0.0,2.0,28.0,,,21.0,53.8,114.0,212.0,,,15.0,,,,7.0,,,,,0.0,4.0,,19.0,,,10.0,5.0,5.0,,44.0,4,,0,7.0,,,,,,,,1.0,,5.0,,,7.55,6.45,Clasificatorias WC UEFA,UEFA,UEFA
SEL-WC_QUALS_UEFA-2022-9223895,Ronda 9,2021-11-13,Bosnia,1,Finlandia,1,3,,,28.0,7.0,15.0,6.0,0.0,,,,,,,,,,1.0,13.0,0.0,4.0,65.0,,,68.0,87.7,497.0,567.0,,,31.0,,,,11.0,,,,30.4,17.0,56.0,,8.0,,,11.0,6.0,5.0,,7.0,3,,0,2.0,,,,,,,,2.0,0.0,14.0,,,,,8.0,5.0,1.0,2.0,0.0,,,,,,,,,,3.0,1.0,1.0,7.0,57.0,,,32.0,74.1,215.0,290.0,,,25.0,,,,12.0,,,,30.0,3.0,10.0,,9.0,,,10.0,5.0,5.0,,43.0,1,,0,6.0,,,,,,,,0.0,1.0,11.0,,,6.81,7.08,Clasificatorias WC UEFA,UEFA,UEFA
SEL-WC_QUALS_UEFA-2022-9223908,Ronda 9,2021-11-13,Noruega,1,Letonia,0,0,,,25.0,5.0,13.0,7.0,1.0,,,,,,,,,,3.0,9.0,1.0,16.0,92.0,,,72.0,83.1,516.0,621.0,,,39.0,,,,7.0,,,,33.3,14.0,42.0,,8.0,,,13.0,6.0,7.0,,5.0,0,,1,2.0,,,,,,,,2.0,,8.0,,,,,6.0,2.0,2.0,2.0,0.0,,,,,,,,,,0.0,3.0,2.0,3.0,36.0,,,28.0,56.6,138.0,244.0,,,29.0,,,,7.0,,,,40.0,4.0,10.0,,17.0,,,17.0,10.0,7.0,,38.0,0,,1,5.0,,,,,,,,2.0,,7.0,,,7.38,6.99,Clasificatorias WC UEFA,UEFA,UEFA
SEL-WC_QUALS_UEFA-2022-9223941,Ronda 9,2021-11-13,Turquía,1,Gibraltar,6,0,,,36.0,15.0,11.0,10.0,1.0,,,,,,,,,,4.0,14.0,6.0,6.0,88.0,,,78.0,88.8,505.0,569.0,,,35.0,,,,6.0,,,,28.8,15.0,52.0,,4.0,,,16.0,10.0,6.0,,7.0,0,,1,0.0,,,,,,,,1.0,0.0,14.0,,,,,2.0,0.0,1.0,1.0,0.0,,,,,,,,,,0.0,0.0,0.0,6.0,37.0,,,22.0,52.0,90.0,173.0,,,23.0,,,,13.0,,,,20.0,1.0,5.0,,5.0,,,13.0,4.0,9.0,,44.0,6,,0,8.0,,,,,,,,2.0,1.0,6.0,,,7.65,6.05,Clasificatorias WC UEFA,UEFA,UEFA
SEL-WC_QUALS_UEFA-2022-9223937,Ronda 9,2021-11-13,Francia,1,Kazajistán,8,0,,,20.0,14.0,3.0,3.0,1.0,,,,,,,,,,8.0,6.0,2.0,14.0,74.0,,,66.0,91.4,660.0,722.0,,,34.0,,,,9.0,,,,35.0,7.0,20.0,,5.0,,,6.0,5.0,1.0,,4.0,0,,1,3.0,,,,,,,,1.0,,13.0,,,,,5.0,3.0,1.0,1.0,0.0,,,,,,,,,,0.0,1.0,0.0,1.0,42.0,,,34.0,80.3,305.0,380.0,,,22.0,,,,13.0,,,,33.3,2.0,6.0,,3.0,,,18.0,12.0,6.0,,17.0,8,,0,6.0,,,,,,,,2.0,,9.0,,,8.01,5.75,Clasificatorias WC UEFA,UEFA,UEFA
SEL-WC_QUALS_UEFA-2022-9223878,Ronda 9,2021-11-13,Bélgica,1,Estonia,3,1,,,20.0,10.0,6.0,4.0,2.0,,,,,,,,,,3.0,9.0,4.0,19.0,80.0,,,81.0,91.2,808.0,886.0,,,31.0,,,,13.0,,,,23.1,3.0,13.0,,7.0,,,12.0,8.0,4.0,,13.0,1,,0,4.0,,,,,,,,0.0,,6.0,,,,,11.0,5.0,4.0,2.0,0.0,,,,,,,,,,1.0,3.0,0.0,4.0,40.0,,,19.0,60.1,122.0,203.0,,,15.0,,,,6.0,,,,28.6,2.0,7.0,,6.0,,,17.0,8.0,9.0,,28.0,3,,0,7.0,,,,,,,,1.0,,15.0,,,7.43,6.5,Clasificatorias WC UEFA,UEFA,UEFA
SEL-WC_QUALS_UEFA-2022-9223880,Ronda 9,2021-11-13,Gales,1,Bielorrusia,5,1,,,18.0,7.0,6.0,5.0,0.0,,,,,,,,,,3.0,5.0,2.0,12.0,57.0,,,67.0,80.5,471.0,585.0,,,30.0,,,,17.0,,,,29.4,5.0,17.0,,17.0,,,9.0,4.0,5.0,,5.0,1,,0,1.0,,,,,,,,1.0,,9.0,,,,,6.0,2.0,4.0,0.0,0.0,,,,,,,,,,0.0,3.0,2.0,2.0,36.0,,,33.0,65.5,188.0,287.0,,,12.0,,,,8.0,,,,50.0,4.0,8.0,,28.0,,,15.0,7.0,8.0,,21.0,5,,0,2.0,,,,,,,,3.0,,19.0,,,7.28,6.3,Clasificatorias WC UEFA,UEFA,UEFA
SEL-WC_QUALS_UEFA-2022-9223907,Ronda 9,2021-11-13,Montenegro,1,Países Bajos,2,2,,,11.0,3.0,3.0,5.0,0.0,,,,,,,,,,1.0,5.0,0.0,6.0,29.0,,,26.0,68.9,155.0,225.0,,,19.0,,,,11.0,,,,35.7,5.0,14.0,,13.0,,,10.0,4.0,6.0,,12.0,2,,0,1.0,,,,,,,,2.0,,16.0,,,,,9.0,3.0,4.0,2.0,0.0,,,,,,,,,,2.0,1.0,2.0,9.0,98.0,,,74.0,89.0,607.0,682.0,,,28.0,,,,15.0,,,,20.0,3.0,15.0,,7.0,,,9.0,3.0,6.0,,9.0,2,,0,1.0,,,,,,,,1.0,,11.0,,,6.52,6.97,Clasificatorias WC UEFA,UEFA,UEFA
SEL-WC_QUALS_UEFA-2022-9223881,Ronda 10,2021-11-14,Croacia,1,Rusia,1,0,,,19.0,5.0,9.0,5.0,0.0,,,,,,,,,,3.0,7.0,1.0,13.0,96.0,,,68.0,80.0,497.0,621.0,,,40.0,,,,9.0,,,,23.4,11.0,47.0,,7.0,,,6.0,1.0,5.0,,9.0,0,,1,0.0,,,,,,,,2.0,,13.0,,,,,2.0,0.0,2.0,0.0,0.0,,,,,,,,,,0.0,2.0,1.0,2.0,49.0,,,32.0,55.6,169.0,304.0,,,25.0,,,,13.0,,,,,0.0,6.0,,11.0,,,9.0,8.0,1.0,,36.0,1,,0,5.0,,,,,,,,2.0,,9.0,,,7.25,6.64,Clasificatorias WC UEFA,UEFA,UEFA
SEL-WC_QUALS_UEFA-2022-9223933,Ronda 10,2021-11-14,Malta,1,Eslovaquia,0,6,,,1.0,0.0,1.0,0.0,0.0,,,,,,,,,,0.0,0.0,0.0,8.0,33.0,,,30.0,74.0,196.0,265.0,,,12.0,,,,5.0,,,,33.3,1.0,3.0,,13.0,,,13.0,5.0,8.0,,23.0,6,,0,10.0,,,,,,,,6.0,2.0,11.0,,,,,26.0,16.0,5.0,5.0,0.0,,,,,,,,,,5.0,10.0,3.0,8.0,72.0,,,70.0,90.1,557.0,618.0,,,27.0,,,,11.0,,,,31.8,7.0,22.0,,10.0,,,17.0,11.0,6.0,,2.0,0,,1,0.0,,,,,,,,0.0,0.0,6.0,,,6.13,7.8,Clasificatorias WC UEFA,UEFA,UEFA
SEL-WC_QUALS_UEFA-2022-9223879,Ronda 10,2021-11-14,Eslovenia,1,Chipre,2,1,,,16.0,4.0,7.0,5.0,1.0,,,,,,,,,,4.0,8.0,1.0,13.0,77.0,,,68.0,88.3,589.0,667.0,,,29.0,,,,10.0,,,,29.2,7.0,24.0,,10.0,,,16.0,11.0,5.0,,11.0,1,,0,1.0,,,,,,,,2.0,,12.0,,,,,4.0,2.0,1.0,1.0,0.0,,,,,,,,,,0.0,2.0,4.0,7.0,38.0,,,32.0,75.4,233.0,309.0,,,22.0,,,,11.0,,,,7.7,1.0,13.0,,12.0,,,23.0,13.0,10.0,,28.0,2,,0,2.0,,,,,,,,3.0,,10.0,,,7.0,6.65,Clasificatorias WC UEFA,UEFA,UEFA
SEL-WC_QUALS_UEFA-2022-9223963,Ronda 10,2021-11-14,Armenia,1,Alemania,1,4,,,4.0,1.0,2.0,1.0,0.0,,,,,,,,,,1.0,1.0,0.0,6.0,33.0,,,26.0,67.7,193.0,285.0,,,17.0,,,,7.0,,,,,0.0,6.0,,10.0,,,14.0,7.0,7.0,,19.0,4,,0,5.0,,,,,,,,1.0,,9.0,,,,,20.0,9.0,7.0,4.0,1.0,,,,,,,,,,5.0,8.0,1.0,12.0,99.0,,,74.0,89.3,739.0,828.0,,,20.0,,,,9.0,,,,28.6,6.0,21.0,,8.0,,,12.0,8.0,4.0,,7.0,1,,0,0.0,,,,,,,,2.0,,7.0,,,6.15,7.49,Clasificatorias WC UEFA,UEFA,UEFA
SEL-WC_QUALS_UEFA-2022-9223961,Ronda 10,2021-11-14,Liechtenstein,1,Rumania,0,2,,,3.0,1.0,2.0,0.0,0.0,,,,,,,,,,0.0,2.0,1.0,4.0,41.0,,,28.0,61.9,159.0,257.0,,,22.0,,,,10.0,,,,,0.0,7.0,,13.0,,,21.0,16.0,5.0,,39.0,2,,0,15.0,,,,,,,,3.0,,12.0,,,,,38.0,17.0,16.0,5.0,1.0,,,,,,,,,,6.0,15.0,0.0,10.0,111.0,,,72.0,88.9,583.0,656.0,,,52.0,,,,10.0,,,,28.6,14.0,49.0,,7.0,,,17.0,6.0,11.0,,7.0,0,,1,1.0,,,,,,,,0.0,,10.0,,,6.86,7.63,Clasificatorias WC UEFA,UEFA,UEFA
SEL-WC_QUALS_UEFA-2022-9223944,Ronda 10,2021-11-14,Macedonia del Norte,1,Islandia,3,1,,,19.0,7.0,7.0,5.0,0.0,,,,,,,,,,2.0,7.0,2.0,8.0,64.0,,,57.0,84.0,393.0,468.0,,,43.0,,,,18.0,,,,17.6,3.0,17.0,,4.0,,,7.0,4.0,3.0,,11.0,1,,0,0.0,,,,,,,,5.0,0.0,9.0,,,,,5.0,1.0,1.0,3.0,0.0,,,,,,,,,,1.0,3.0,1.0,8.0,41.0,,,43.0,75.6,272.0,360.0,,,24.0,,,,9.0,,,,11.1,1.0,9.0,,7.0,,,10.0,7.0,3.0,,24.0,3,,0,4.0,,,,,,,,5.0,1.0,18.0,,,7.15,6.62,Clasificatorias WC UEFA,UEFA,UEFA
SEL-WC_QUALS_UEFA-2022-9223872,Ronda 10,2021-11-14,Luxemburgo,1,Irlanda,0,3,,,8.0,2.0,2.0,4.0,0.0,,,,,,,,,,0.0,2.0,0.0,12.0,28.0,,,44.0,78.0,290.0,372.0,,,20.0,,,,13.0,,,,8.3,1.0,12.0,,10.0,,,8.0,3.0,5.0,,23.0,3,,0,4.0,,,,,,,,4.0,,14.0,,,,,17.0,7.0,6.0,4.0,0.0,,,,,,,,,,3.0,8.0,2.0,8.0,51.0,,,56.0,83.2,381.0,458.0,,,28.0,,,,14.0,,,,29.2,7.0,24.0,,8.0,,,7.0,2.0,5.0,,10.0,0,,1,2.0,,,,,,,,4.0,,14.0,,,6.53,7.34,Clasificatorias WC UEFA,UEFA,UEFA
SEL-WC_QUALS_UEFA-2022-9223870,Ronda 10,2021-11-14,Portugal,1,Serbia,1,2,,,9.0,3.0,4.0,2.0,0.0,,,,,,,,,,,3.0,1.0,13.0,29.0,,,43.0,78.2,269.0,344.0,,,17.0,,,,13.0,,,,15.4,2.0,13.0,,21.0,,,14.0,8.0,6.0,,25.0,2,,0,1.0,,,,,,,,3.0,,8.0,,,,,11.0,3.0,7.0,1.0,1.0,,,,,,,,,,,10.0,3.0,8.0,52.0,,,57.0,81.6,359.0,440.0,,,17.0,,,,8.0,,,,19.4,7.0,36.0,,11.0,,,15.0,10.0,5.0,,15.0,1,,0,2.0,,,,,,,,4.0,,13.0,,,6.65,6.95,Clasificatorias WC UEFA,UEFA,UEFA
SEL-WC_QUALS_UEFA-2022-9223886,Ronda 10,2021-11-14,Grecia,1,Kosovo,1,1,,,20.0,6.0,11.0,3.0,1.0,,,,,,,,,,1.0,5.0,0.0,7.0,79.0,,,70.0,90.3,639.0,708.0,,,40.0,,,,16.0,,,,28.1,9.0,32.0,,7.0,,,9.0,5.0,4.0,,11.0,1,,0,2.0,,,,,,,,0.0,,15.0,,,,,8.0,3.0,5.0,0.0,0.0,,,,,,,,,,2.0,2.0,1.0,9.0,32.0,,,30.0,77.2,233.0,302.0,,,18.0,,,,13.0,,,,20.0,2.0,10.0,,11.0,,,12.0,9.0,3.0,,28.0,1,,0,5.0,,,,,,,,2.0,,16.0,,,7.11,6.89,Clasificatorias WC UEFA,UEFA,UEFA
SEL-WC_QUALS_UEFA-2022-9223882,Ronda 10,2021-11-14,España,1,Suecia,1,0,,,12.0,4.0,5.0,3.0,1.0,,,,,,,,,,1.0,5.0,3.0,8.0,62.0,,,72.0,89.4,669.0,748.0,,,23.0,,,,15.0,,,,5.0,1.0,20.0,,7.0,,,2.0,2.0,0.0,,20.0,0,,1,0.0,,,,,,,,1.0,,13.0,,,,,8.0,0.0,6.0,2.0,0.0,,,,,,,,,,1.0,4.0,1.0,8.0,44.0,,,28.0,69.8,196.0,281.0,,,21.0,,,,11.0,,,,22.2,2.0,9.0,,13.0,,,10.0,4.0,6.0,,28.0,1,,0,3.0,,,,,,,,2.0,,15.0,,,7.02,6.78,Clasificatorias WC UEFA,UEFA,UEFA
SEL-WC_QUALS_UEFA-2022-9223955,Ronda 10,2021-11-15,Irlanda del Norte,1,Italia,0,0,,,4.0,2.0,2.0,0.0,0.0,,,,,,,,,,2.0,3.0,1.0,1.0,38.0,,,29.0,67.4,182.0,270.0,,,27.0,,,,10.0,,,,10.0,1.0,10.0,,6.0,,,10.0,6.0,4.0,,32.0,0,,1,6.0,,,,,,,,2.0,,11.0,,,,,12.0,6.0,4.0,2.0,0.0,,,,,,,,,,1.0,12.0,3.0,11.0,85.0,,,71.0,87.7,607.0,692.0,,,58.0,,,,9.0,,,,27.3,6.0,22.0,,8.0,,,12.0,6.0,6.0,,13.0,0,,1,1.0,,,,,,,,2.0,,11.0,,,6.86,7.3,Clasificatorias WC UEFA,UEFA,UEFA
SEL-WC_QUALS_UEFA-2022-9223962,Ronda 10,2021-11-15,Suiza,1,Bulgaria,4,0,,,18.0,9.0,7.0,2.0,2.0,,,,,,,,,,3.0,18.0,3.0,9.0,71.0,,,69.0,83.7,466.0,557.0,,,34.0,,,,5.0,,,,13.2,5.0,38.0,,12.0,,,8.0,3.0,5.0,,4.0,0,,1,0.0,,,,,,,,2.0,,15.0,,,,,1.0,0.0,1.0,0.0,0.0,,,,,,,,,,0.0,1.0,0.0,4.0,39.0,,,31.0,59.7,157.0,263.0,,,28.0,,,,15.0,,,,,0.0,5.0,,15.0,,,15.0,7.0,8.0,,35.0,4,,0,5.0,,,,,,,,2.0,,5.0,,,7.44,6.47,Clasificatorias WC UEFA,UEFA,UEFA
SEL-WC_QUALS_UEFA-2022-9223958,Ronda 10,2021-11-15,Austria,1,Moldavia,4,1,,,17.0,7.0,3.0,7.0,0.0,,,,,,,,,,1.0,8.0,4.0,21.0,58.0,,,64.0,88.2,532.0,603.0,,,27.0,,,,18.0,,,,19.0,4.0,21.0,,7.0,,,12.0,10.0,2.0,,7.0,1,,0,0.0,,,,,,,,0.0,,12.0,,,,,6.0,1.0,2.0,3.0,0.0,,,,,,,,,,1.0,1.0,1.0,10.0,43.0,,,36.0,79.8,264.0,331.0,,,15.0,,,,12.0,,,,,0.0,11.0,,15.0,,,12.0,8.0,4.0,,20.0,4,,0,3.0,,,,,,,,1.0,,19.0,,,7.32,6.31,Clasificatorias WC UEFA,UEFA,UEFA
SEL-WC_QUALS_UEFA-2022-9223948,Ronda 10,2021-11-15,Israel,1,Islas Feroe,3,2,,,14.0,6.0,6.0,2.0,0.0,,,,,,,,,,6.0,10.0,4.0,5.0,64.0,,,62.0,83.6,448.0,536.0,,,26.0,,,,8.0,,,,28.6,4.0,14.0,,15.0,,,20.0,11.0,9.0,,11.0,2,,0,1.0,,,,,,,,1.0,,9.0,,,,,7.0,3.0,3.0,1.0,0.0,,,,,,,,,,2.0,2.0,2.0,7.0,42.0,,,38.0,75.7,243.0,321.0,,,20.0,,,,9.0,,,,22.2,2.0,9.0,,12.0,,,15.0,10.0,5.0,,19.0,3,,0,3.0,,,,,,,,0.0,,9.0,,,7.02,6.54,Clasificatorias WC UEFA,UEFA,UEFA
SEL-WC_QUALS_UEFA-2022-9223956,Ronda 10,2021-11-15,Escocia,1,Dinamarca,2,0,,,9.0,5.0,2.0,2.0,1.0,,,,,,,,,,3.0,10.0,1.0,6.0,58.0,,,41.0,76.1,296.0,389.0,,,33.0,,,,8.0,,,,20.0,5.0,25.0,,13.0,,,9.0,3.0,6.0,,28.0,0,,1,2.0,,,,,,,,0.0,,6.0,,,,,10.0,2.0,2.0,6.0,0.0,,,,,,,,,,0.0,6.0,1.0,5.0,39.0,,,59.0,83.7,481.0,575.0,,,22.0,,,,4.0,,,,11.1,3.0,27.0,,11.0,,,10.0,4.0,6.0,,29.0,2,,0,2.0,,,,,,,,1.0,,8.0,,,7.17,6.77,Clasificatorias WC UEFA,UEFA,UEFA
SEL-WC_QUALS_UEFA-2022-9223950,Ronda 10,2021-11-15,Albania,1,Andorra,1,0,,,19.0,6.0,7.0,6.0,1.0,,,,,,,,,,5.0,4.0,3.0,16.0,68.0,,,75.0,82.8,466.0,563.0,,,30.0,,,,17.0,,,,40.6,13.0,32.0,,3.0,,,13.0,10.0,3.0,,9.0,0,,1,3.0,,,,,,,,1.0,,8.0,,,,,9.0,3.0,5.0,1.0,0.0,,,,,,,,,,0.0,4.0,4.0,6.0,38.0,,,25.0,52.4,98.0,187.0,,,17.0,,,,7.0,,,,9.1,1.0,11.0,,9.0,,,10.0,6.0,4.0,,40.0,1,,0,4.0,,,,,,,,3.0,,18.0,,,7.37,6.57,Clasificatorias WC UEFA,UEFA,UEFA
SEL-WC_QUALS_UEFA-2022-9223965,Ronda 10,2021-11-15,Polonia,1,Hungría,1,2,,,15.0,6.0,2.0,7.0,0.0,,,,,,,,,,1.0,9.0,,15.0,69.0,,,63.0,85.3,471.0,552.0,,,26.0,,,,16.0,,,,14.3,4.0,28.0,,12.0,,,22.0,16.0,6.0,,12.0,2,,0,2.0,,,,,,,,4.0,,17.0,,,,,8.0,4.0,2.0,2.0,0.0,,,,,,,,,,2.0,2.0,,5.0,23.0,,,37.0,74.1,240.0,324.0,,,15.0,,,,17.0,,,,,0.0,11.0,,7.0,,,23.0,13.0,10.0,,32.0,1,,0,5.0,,,,,,,,4.0,,16.0,,,6.83,6.82,Clasificatorias WC UEFA,UEFA,UEFA
SEL-WC_QUALS_UEFA-2022-9223947,Ronda 10,2021-11-15,San Marino,1,Inglaterra,0,10,,,2.0,1.0,1.0,0.0,0.0,,,,,,,,,,0.0,1.0,,1.0,20.0,,,15.0,59.2,93.0,157.0,,,10.0,,,,7.0,,,,,0.0,3.0,,12.0,,,18.0,10.0,8.0,,20.0,10,,0,4.0,,,,,,,,5.0,1.0,11.0,,,,,22.0,13.0,5.0,4.0,1.0,,,,,,,,,,11.0,4.0,,20.0,111.0,,,85.0,93.6,824.0,880.0,,,41.0,,,,9.0,,,,38.1,8.0,21.0,,6.0,,,8.0,6.0,2.0,,9.0,0,,1,1.0,,,,,,,,1.0,0.0,8.0,,,5.41,8.04,Clasificatorias WC UEFA,UEFA,UEFA
SEL-WC_QUALS_UEFA-2022-9223957,Ronda 10,2021-11-16,Bosnia,1,Ucrania,0,2,,,7.0,3.0,2.0,2.0,1.0,,,,,,,,,,1.0,4.0,2.0,8.0,50.0,,,43.0,78.0,323.0,414.0,,,26.0,,,,6.0,,,,38.5,5.0,13.0,,20.0,,,21.0,10.0,11.0,,15.0,2,,0,2.0,,,,,,,,2.0,,12.0,,,,,15.0,5.0,8.0,2.0,0.0,,,,,,,,,,5.0,3.0,1.0,8.0,60.0,,,57.0,82.6,461.0,558.0,,,27.0,,,,12.0,,,,9.1,1.0,11.0,,15.0,,,16.0,8.0,8.0,,14.0,0,,1,3.0,,,,,,,,1.0,,6.0,,,6.72,7.13,Clasificatorias WC UEFA,UEFA,UEFA
SEL-WC_QUALS_UEFA-2022-9223952,Ronda 10,2021-11-16,Finlandia,1,Francia,0,2,,,8.0,1.0,5.0,2.0,0.0,,,,,,,,,,,6.0,1.0,7.0,70.0,,,47.0,83.0,401.0,483.0,,,15.0,,,,4.0,,,,15.4,2.0,13.0,,12.0,,,10.0,5.0,5.0,,10.0,2,,0,3.0,,,,,,,,1.0,,3.0,,,,,8.0,5.0,3.0,0.0,0.0,,,,,,,,,,,1.0,2.0,7.0,53.0,,,53.0,84.7,466.0,550.0,,,33.0,,,,3.0,,,,,0.0,8.0,,12.0,,,11.0,7.0,4.0,,24.0,0,,1,1.0,,,,,,,,0.0,,4.0,,,6.6,7.15,Clasificatorias WC UEFA,UEFA,UEFA
SEL-WC_QUALS_UEFA-2022-9223964,Ronda 10,2021-11-16,República Checa,1,Estonia,2,0,,,22.0,7.0,10.0,5.0,0.0,,,,,,,,,,2.0,6.0,,6.0,74.0,,,62.0,77.8,390.0,501.0,,,29.0,,,,11.0,,,,24.0,6.0,25.0,,11.0,,,8.0,5.0,3.0,,10.0,0,,1,2.0,,,,,,,,2.0,,11.0,,,,,12.0,2.0,4.0,6.0,0.0,,,,,,,,,,0.0,3.0,,1.0,41.0,,,38.0,66.6,207.0,311.0,,,32.0,,,,11.0,,,,9.1,1.0,11.0,,8.0,,,14.0,4.0,10.0,,38.0,2,,0,5.0,,,,,,,,3.0,,11.0,,,7.25,6.75,Clasificatorias WC UEFA,UEFA,UEFA
SEL-WC_QUALS_UEFA-2022-9223959,Ronda 10,2021-11-16,Gales,1,Bélgica,1,1,,,8.0,3.0,2.0,3.0,0.0,,,,,,,,,,0.0,3.0,1.0,7.0,47.0,,,24.0,69.1,183.0,265.0,,,21.0,,,,9.0,,,,7.1,1.0,14.0,,12.0,,,14.0,7.0,7.0,,13.0,1,,0,3.0,,,,,,,,2.0,,7.0,,,,,16.0,4.0,7.0,5.0,1.0,,,,,,,,,,1.0,6.0,1.0,10.0,55.0,,,76.0,90.6,778.0,859.0,,,22.0,,,,7.0,,,,23.1,3.0,13.0,,6.0,,,6.0,2.0,4.0,,14.0,1,,0,2.0,,,,,,,,3.0,,9.0,,,6.86,6.95,Clasificatorias WC UEFA,UEFA,UEFA
SEL-WC_QUALS_UEFA-2022-9223946,Ronda 10,2021-11-16,Gibraltar,1,Letonia,1,3,,,8.0,3.0,3.0,2.0,0.0,,,,,,,,,,1.0,1.0,0.0,12.0,49.0,,,43.0,76.1,261.0,343.0,,,31.0,,,,15.0,,,,16.7,2.0,12.0,,5.0,,,9.0,6.0,3.0,,22.0,3,,0,2.0,,,,,,,,4.0,,10.0,,,,,9.0,5.0,3.0,1.0,0.0,,,,,,,,,,3.0,5.0,2.0,7.0,70.0,,,57.0,80.7,352.0,436.0,,,28.0,,,,10.0,,,,37.1,13.0,35.0,,6.0,,,14.0,6.0,8.0,,14.0,1,,0,2.0,,,,,,,,3.0,,15.0,,,6.55,7.02,Clasificatorias WC UEFA,UEFA,UEFA
SEL-WC_QUALS_UEFA-2022-9223954,Ronda 10,2021-11-16,Montenegro,1,Turquía,1,2,,,12.0,3.0,7.0,2.0,0.0,,,,,,,,,,1.0,3.0,1.0,12.0,43.0,,,28.0,69.7,182.0,261.0,,,20.0,,,,7.0,,,,14.3,2.0,14.0,,10.0,,,10.0,3.0,7.0,,26.0,2,,0,6.0,,,,,,,,2.0,,5.0,,,,,16.0,8.0,4.0,4.0,0.0,,,,,,,,,,3.0,7.0,1.0,3.0,103.0,,,72.0,86.3,609.0,706.0,,,36.0,,,,5.0,,,,33.3,8.0,24.0,,4.0,,,13.0,7.0,6.0,,13.0,1,,0,1.0,,,,,,,,0.0,,8.0,,,6.87,7.12,Clasificatorias WC UEFA,UEFA,UEFA
SEL-WC_QUALS_UEFA-2022-9223960,Ronda 10,2021-11-16,Países Bajos,1,Noruega,2,0,,,10.0,5.0,4.0,1.0,0.0,,,,,,,,,,3.0,1.0,1.0,11.0,63.0,,,65.0,83.7,482.0,576.0,,,46.0,,,,15.0,,,,35.7,5.0,14.0,,9.0,,,13.0,7.0,6.0,,14.0,0,,1,0.0,,,,,,,,2.0,,5.0,,,,,2.0,0.0,2.0,0.0,0.0,,,,,,,,,,0.0,2.0,2.0,3.0,41.0,,,35.0,72.6,223.0,307.0,,,25.0,,,,5.0,,,,14.3,1.0,7.0,,12.0,,,13.0,8.0,5.0,,16.0,2,,0,3.0,,,,,,,,2.0,,17.0,,,7.37,6.43,Clasificatorias WC UEFA,UEFA,UEFA
SEL-WC_QUALS_UEFA-2022-9223741,Semifinals,2021-03-27,Montenegro,1,Gibraltar,4,1,,,31.0,13.0,9.0,9.0,2.0,,,,,,,,,,4.0,12.0,2.0,17.0,84.0,,,77.0,88.3,624.0,707.0,,,34.0,,,,14.0,,,,35.1,13.0,37.0,,6.0,,,13.0,6.0,7.0,,4.0,1,,0,0.0,,,,,,,,1.0,,12.0,,,,,2.0,1.0,0.0,1.0,0.0,,,,,,,,,,1.0,0.0,1.0,3.0,32.0,,,23.0,56.6,124.0,219.0,,,17.0,,,,10.0,,,,,0.0,2.0,,12.0,,,17.0,9.0,8.0,,40.0,4,,0,9.0,,,,,,,,3.0,,14.0,,,7.42,6.35,Clasificatorias WC UEFA,UEFA,UEFA
SEL-WC_QUALS_UEFA-2022-9223759,Semifinals,2021-03-27,Rusia,1,Eslovenia,2,1,,,9.0,4.0,4.0,1.0,1.0,,,,,,,,,,3.0,6.0,2.0,7.0,55.0,,,44.0,79.3,333.0,420.0,,,41.0,,,,10.0,,,,22.7,5.0,22.0,,13.0,,,12.0,6.0,6.0,,17.0,1,,0,2.0,,,,,,,,3.0,,16.0,,,,,11.0,3.0,4.0,4.0,0.0,,,,,,,,,,0.0,6.0,0.0,9.0,65.0,,,56.0,83.2,452.0,543.0,,,33.0,,,,13.0,,,,20.0,4.0,20.0,,11.0,,,9.0,6.0,3.0,,21.0,2,,0,2.0,,,,,,,,2.0,,11.0,,,7.06,6.8,Clasificatorias WC UEFA,UEFA,UEFA
SEL-WC_QUALS_UEFA-2022-9223739,Semifinals,2021-03-27,Bielorrusia,1,Estonia,4,2,,,11.0,5.0,2.0,4.0,0.0,,,,,,,,,,3.0,5.0,4.0,13.0,66.0,,,64.0,68.7,287.0,418.0,,,41.0,,,,25.0,,,,25.0,6.0,24.0,,0.0,,,11.0,6.0,5.0,,12.0,2,,0,2.0,,,,,,,,3.0,0.0,16.0,,,,,10.0,4.0,4.0,2.0,0.0,,,,,,,,,,1.0,2.0,2.0,1.0,53.0,,,36.0,53.9,131.0,243.0,,,26.0,,,,16.0,,,,12.5,1.0,8.0,,12.0,,,20.0,7.0,13.0,,33.0,4,,0,1.0,,,,,,,,6.0,1.0,27.0,,,6.87,6.53,Clasificatorias WC UEFA,UEFA,UEFA
SEL-WC_QUALS_UEFA-2022-9223751,Semifinals,2021-03-27,Países Bajos,1,Letonia,2,0,,,36.0,11.0,13.0,12.0,2.0,,,,,,,,,,8.0,16.0,2.0,16.0,90.0,,,77.0,89.1,668.0,750.0,,,30.0,,,,10.0,,,,43.8,14.0,32.0,,10.0,,,12.0,4.0,8.0,,3.0,0,,1,0.0,,,,,,,,2.0,,5.0,,,,,4.0,0.0,3.0,1.0,1.0,,,,,,,,,,0.0,0.0,1.0,3.0,27.0,,,23.0,63.8,148.0,232.0,,,27.0,,,,4.0,,,,50.0,2.0,4.0,,15.0,,,16.0,9.0,7.0,,39.0,2,,0,8.0,,,,,,,,2.0,,11.0,,,7.73,6.79,Clasificatorias WC UEFA,UEFA,UEFA
SEL-WC_QUALS_UEFA-2022-9223738,Semifinals,2021-03-27,Noruega,1,Turquía,0,3,,,13.0,1.0,8.0,4.0,1.0,,,,,,,,,,1.0,7.0,2.0,6.0,78.0,,,58.0,87.2,537.0,616.0,,,18.0,,,,9.0,,,,16.0,4.0,25.0,,19.0,,,11.0,6.0,5.0,,3.0,3,,0,0.0,,,,,,,,2.0,1.0,14.0,,,,,10.0,3.0,3.0,4.0,0.0,,,,,,,,,,2.0,3.0,2.0,4.0,44.0,,,42.0,82.6,384.0,465.0,,,31.0,,,,10.0,,,,50.0,4.0,8.0,,12.0,,,9.0,5.0,4.0,,20.0,0,,1,1.0,,,,,,,,1.0,0.0,13.0,,,6.75,7.24,Clasificatorias WC UEFA,UEFA,UEFA
SEL-WC_QUALS_UEFA-2022-9223764,Semifinals,2021-03-27,Croacia,1,Chipre,1,0,,,17.0,3.0,11.0,3.0,0.0,,,,,,,,,,2.0,7.0,3.0,9.0,91.0,,,69.0,85.1,576.0,677.0,,,40.0,,,,5.0,,,,22.5,9.0,40.0,,11.0,,,17.0,10.0,7.0,,5.0,0,,1,2.0,,,,,,,,3.0,,12.0,,,,,3.0,2.0,1.0,0.0,0.0,,,,,,,,,,0.0,0.0,3.0,10.0,29.0,,,31.0,68.9,222.0,322.0,,,19.0,,,,12.0,,,,100.0,3.0,3.0,,23.0,,,16.0,8.0,8.0,,21.0,1,,0,2.0,,,,,,,,0.0,,7.0,,,7.12,6.8,Clasificatorias WC UEFA,UEFA,UEFA
SEL-WC_QUALS_UEFA-2022-9223771,Semifinals,2021-03-27,Irlanda,1,Luxemburgo,0,1,,,11.0,3.0,6.0,2.0,0.0,,,,,,,,,,2.0,3.0,2.0,7.0,60.0,,,63.0,83.7,468.0,559.0,,,18.0,,,,16.0,,,,38.1,8.0,21.0,,7.0,,,7.0,3.0,4.0,,10.0,1,,0,3.0,,,,,,,,2.0,,16.0,,,,,9.0,4.0,3.0,2.0,0.0,,,,,,,,,,0.0,4.0,2.0,5.0,35.0,,,37.0,74.8,249.0,333.0,,,27.0,,,,15.0,,,,20.0,2.0,10.0,,6.0,,,14.0,9.0,5.0,,20.0,0,,1,3.0,,,,,,,,3.0,,16.0,,,6.75,7.03,Clasificatorias WC UEFA,UEFA,UEFA
SEL-WC_QUALS_UEFA-2022-9223765,Semifinals,2021-03-27,Serbia,1,Portugal,2,2,,,16.0,5.0,7.0,4.0,0.0,,,,,,,,,,2.0,5.0,2.0,5.0,43.0,,,44.0,75.4,294.0,390.0,,,38.0,,,,11.0,,,,57.1,12.0,21.0,,9.0,,,11.0,8.0,3.0,,16.0,2,,0,1.0,,,,,,,,2.0,1.0,16.0,,,,,12.0,5.0,4.0,3.0,0.0,,,,,,,,,,4.0,4.0,5.0,6.0,51.0,,,56.0,81.9,416.0,508.0,,,35.0,,,,16.0,,,,8.3,1.0,12.0,,15.0,,,6.0,4.0,2.0,,16.0,2,,0,3.0,,,,,,,,3.0,0.0,12.0,,,7.05,6.86,Clasificatorias WC UEFA,UEFA,UEFA
SEL-WC_QUALS_UEFA-2022-9223742,Semifinals,2021-03-27,República Checa,1,Bélgica,1,1,,,14.0,6.0,6.0,2.0,2.0,,,,,,,,,,1.0,7.0,8.0,5.0,49.0,,,38.0,72.7,242.0,333.0,,,28.0,,,,12.0,,,,16.0,4.0,25.0,,20.0,,,13.0,8.0,5.0,,15.0,1,,0,3.0,,,,,,,,1.0,,11.0,,,,,9.0,4.0,4.0,1.0,1.0,,,,,,,,,,2.0,3.0,4.0,10.0,56.0,,,62.0,79.7,455.0,571.0,,,29.0,,,,11.0,,,,11.1,2.0,18.0,,8.0,,,12.0,8.0,4.0,,23.0,1,,0,4.0,,,,,,,,2.0,,12.0,,,6.95,7.0,Clasificatorias WC UEFA,UEFA,UEFA
SEL-WC_QUALS_UEFA-2022-9223767,Semifinals,2021-03-27,Eslovaquia,1,Malta,2,2,,,14.0,5.0,6.0,3.0,0.0,,,,,,,,,,5.0,8.0,7.0,16.0,63.0,,,66.0,86.8,480.0,553.0,,,22.0,,,,17.0,,,,30.0,6.0,20.0,,12.0,,,19.0,12.0,7.0,,5.0,2,,0,2.0,,,,,,,,2.0,,13.0,,,,,9.0,4.0,4.0,1.0,0.0,,,,,,,,,,2.0,1.0,0.0,10.0,25.0,,,34.0,73.9,204.0,276.0,,,21.0,,,,13.0,,,,23.1,3.0,13.0,,15.0,,,18.0,11.0,7.0,,22.0,2,,0,1.0,,,,,,,,2.0,,17.0,,,6.95,6.71,Clasificatorias WC UEFA,UEFA,UEFA
SEL-WC_QUALS_UEFA-2022-9223715,Semifinals,2021-03-28,Kazajistán,1,Francia,0,2,,,4.0,1.0,2.0,1.0,0.0,,,,,,,,,,0.0,0.0,4.0,4.0,26.0,,,37.0,80.4,340.0,423.0,,,16.0,,,,16.0,,,,,0.0,5.0,,19.0,,,20.0,13.0,7.0,,11.0,2,,0,7.0,,,,,,,,0.0,,13.0,,,,,15.0,9.0,3.0,3.0,0.0,,,,,,,,,,3.0,9.0,4.0,12.0,63.0,,,63.0,88.6,636.0,718.0,,,29.0,,,,13.0,,,,27.3,3.0,11.0,,6.0,,,6.0,1.0,5.0,,4.0,0,,1,1.0,,,,,,,,1.0,,17.0,,,6.74,7.1,Clasificatorias WC UEFA,UEFA,UEFA
SEL-WC_QUALS_UEFA-2022-9223769,Semifinals,2021-03-28,Georgia,1,España,1,2,,,5.0,2.0,1.0,2.0,0.0,,,,,,,,,,0.0,3.0,2.0,12.0,20.0,,,21.0,67.5,154.0,228.0,,,22.0,,,,7.0,,,,20.0,2.0,10.0,,14.0,,,26.0,14.0,12.0,,29.0,2,,0,1.0,,,,,,,,1.0,1.0,12.0,,,,,9.0,3.0,5.0,1.0,0.0,,,,,,,,,,1.0,6.0,2.0,14.0,79.0,,,79.0,89.8,780.0,869.0,,,35.0,,,,10.0,,,,23.8,5.0,21.0,,11.0,,,14.0,9.0,5.0,,8.0,1,,0,1.0,,,,,,,,2.0,0.0,8.0,,,6.68,7.02,Clasificatorias WC UEFA,UEFA,UEFA
SEL-WC_QUALS_UEFA-2022-9223718,Semifinals,2021-03-28,Dinamarca,1,Moldavia,8,0,,,18.0,11.0,3.0,4.0,0.0,,,,,,,,,,6.0,3.0,2.0,9.0,68.0,,,75.0,89.3,683.0,765.0,,,25.0,,,,6.0,,,,27.8,5.0,18.0,,15.0,,,12.0,4.0,8.0,,7.0,0,,1,2.0,,,,,,,,0.0,,14.0,,,,,4.0,2.0,1.0,1.0,0.0,,,,,,,,,,0.0,2.0,3.0,2.0,24.0,,,25.0,61.5,158.0,257.0,,,20.0,,,,13.0,,,,28.6,2.0,7.0,,11.0,,,18.0,8.0,10.0,,10.0,8,,0,3.0,,,,,,,,1.0,,7.0,,,7.86,5.7,Clasificatorias WC UEFA,UEFA,UEFA
SEL-WC_QUALS_UEFA-2022-9223730,Semifinals,2021-03-28,Albania,1,Inglaterra,0,2,,,2.0,0.0,1.0,1.0,0.0,,,,,,,,,,1.0,1.0,3.0,3.0,30.0,,,29.0,74.1,232.0,313.0,,,20.0,,,,10.0,,,,28.6,2.0,7.0,,11.0,,,13.0,4.0,9.0,,17.0,2,,0,2.0,,,,,,,,3.0,,13.0,,,,,9.0,4.0,4.0,1.0,2.0,,,,,,,,,,4.0,5.0,0.0,10.0,82.0,,,71.0,90.0,703.0,781.0,,,49.0,,,,13.0,,,,23.5,4.0,17.0,,13.0,,,16.0,4.0,12.0,,10.0,0,,1,0.0,,,,,,,,2.0,,12.0,,,6.35,7.45,Clasificatorias WC UEFA,UEFA,UEFA
SEL-WC_QUALS_UEFA-2022-9223710,Semifinals,2021-03-28,Armenia,1,Islandia,2,0,,,12.0,6.0,3.0,3.0,0.0,,,,,,,,,,0.0,1.0,2.0,8.0,53.0,,,41.0,73.2,219.0,299.0,,,18.0,,,,6.0,,,,22.2,2.0,9.0,,5.0,,,15.0,11.0,4.0,,27.0,0,,1,2.0,,,,,,,,2.0,,15.0,,,,,14.0,2.0,6.0,6.0,0.0,,,,,,,,,,1.0,10.0,2.0,10.0,56.0,,,59.0,82.0,342.0,417.0,,,46.0,,,,14.0,,,,41.7,15.0,36.0,,8.0,,,15.0,7.0,8.0,,14.0,2,,0,4.0,,,,,,,,3.0,,8.0,,,6.94,6.88,Clasificatorias WC UEFA,UEFA,UEFA
SEL-WC_QUALS_UEFA-2022-9223763,Semifinals,2021-03-28,Kosovo,1,Suecia,0,3,,,7.0,0.0,6.0,1.0,0.0,,,,,,,,,,1.0,2.0,5.0,9.0,51.0,,,50.0,79.5,334.0,420.0,,,28.0,,,,12.0,,,,26.3,5.0,19.0,,12.0,,,12.0,5.0,7.0,,14.0,3,,0,5.0,,,,,,,,6.0,1.0,9.0,,,,,20.0,8.0,5.0,7.0,0.0,,,,,,,,,,6.0,4.0,2.0,7.0,65.0,,,50.0,79.2,339.0,428.0,,,29.0,,,,8.0,,,,26.3,5.0,19.0,,5.0,,,6.0,4.0,2.0,,22.0,0,,1,0.0,,,,,,,,1.0,0.0,12.0,,,6.5,7.09,Clasificatorias WC UEFA,UEFA,UEFA
SEL-WC_QUALS_UEFA-2022-9223747,Semifinals,2021-03-28,Bulgaria,1,Italia,0,2,,,3.0,1.0,0.0,2.0,0.0,,,,,,,,,,0.0,0.0,2.0,6.0,45.0,,,33.0,73.7,210.0,285.0,,,34.0,,,,18.0,,,,8.3,1.0,12.0,,9.0,,,15.0,12.0,3.0,,15.0,2,,0,4.0,,,,,,,,3.0,,14.0,,,,,22.0,6.0,4.0,12.0,1.0,,,,,,,,,,4.0,12.0,1.0,5.0,47.0,,,67.0,87.5,520.0,594.0,,,34.0,,,,13.0,,,,27.3,6.0,22.0,,10.0,,,9.0,4.0,5.0,,11.0,0,,1,1.0,,,,,,,,2.0,,18.0,,,6.81,7.09,Clasificatorias WC UEFA,UEFA,UEFA
SEL-WC_QUALS_UEFA-2022-9223749,Semifinals,2021-03-28,Suiza,1,Lituania,1,0,,,21.0,9.0,8.0,4.0,2.0,,,,,,,,,,4.0,14.0,5.0,11.0,74.0,,,69.0,89.2,545.0,611.0,,,26.0,,,,8.0,,,,25.7,9.0,35.0,,13.0,,,11.0,9.0,2.0,,7.0,0,,1,1.0,,,,,,,,0.0,,8.0,,,,,4.0,1.0,0.0,3.0,0.0,,,,,,,,,,0.0,3.0,4.0,7.0,42.0,,,31.0,69.5,198.0,285.0,,,22.0,,,,8.0,,,,20.0,1.0,5.0,,9.0,,,9.0,6.0,3.0,,26.0,1,,0,8.0,,,,,,,,1.0,,8.0,,,7.33,6.68,Clasificatorias WC UEFA,UEFA,UEFA
SEL-WC_QUALS_UEFA-2022-9223721,Semifinals,2021-03-28,Ucrania,1,Finlandia,1,1,,,17.0,4.0,7.0,6.0,0.0,,,,,,,,,,1.0,3.0,1.0,7.0,73.0,,,61.0,90.5,571.0,631.0,,,20.0,,,,9.0,,,,25.0,4.0,16.0,,8.0,,,10.0,7.0,3.0,,8.0,1,,0,0.0,,,,,,,,3.0,1.0,10.0,,,,,7.0,1.0,4.0,2.0,1.0,,,,,,,,,,1.0,3.0,2.0,2.0,34.0,,,39.0,83.7,339.0,405.0,,,12.0,,,,9.0,,,,16.7,1.0,6.0,,14.0,,,10.0,8.0,2.0,,11.0,1,,0,3.0,,,,,,,,2.0,0.0,10.0,,,6.95,6.84,Clasificatorias WC UEFA,UEFA,UEFA
SEL-WC_QUALS_UEFA-2022-9223732,Semifinals,2021-03-28,Austria,1,Islas Feroe,3,1,,,27.0,8.0,12.0,7.0,1.0,,,,,,,,,,7.0,9.0,2.0,14.0,60.0,,,71.0,86.6,541.0,625.0,,,29.0,,,,7.0,,,,27.6,8.0,29.0,,7.0,,,11.0,10.0,1.0,,11.0,1,,0,3.0,,,,,,,,1.0,,10.0,,,,,9.0,4.0,3.0,2.0,0.0,,,,,,,,,,1.0,4.0,0.0,4.0,32.0,,,29.0,66.0,169.0,256.0,,,19.0,,,,8.0,,,,50.0,7.0,14.0,,11.0,,,10.0,3.0,7.0,,48.0,3,,0,5.0,,,,,,,,1.0,,7.0,,,7.4,6.55,Clasificatorias WC UEFA,UEFA,UEFA
SEL-WC_QUALS_UEFA-2022-9223728,Semifinals,2021-03-28,Israel,1,Escocia,1,1,,,14.0,3.0,6.0,5.0,0.0,,,,,,,,,,,0.0,1.0,6.0,62.0,,,55.0,86.1,510.0,592.0,,,25.0,,,,14.0,,,,20.0,2.0,10.0,,10.0,,,9.0,7.0,2.0,,14.0,1,,0,2.0,,,,,,,,1.0,,17.0,,,,,13.0,3.0,5.0,5.0,0.0,,,,,,,,,,,4.0,4.0,7.0,51.0,,,45.0,83.2,395.0,475.0,,,29.0,,,,16.0,,,,15.0,3.0,20.0,,12.0,,,20.0,10.0,10.0,,8.0,1,,0,2.0,,,,,,,,1.0,,15.0,,,6.85,7.01,Clasificatorias WC UEFA,UEFA,UEFA
SEL-WC_QUALS_UEFA-2022-9223719,Semifinals,2021-03-28,Polonia,1,Andorra,3,0,,,26.0,6.0,9.0,11.0,0.0,,,,,,,,,,6.0,13.0,0.0,15.0,62.0,,,85.0,88.8,608.0,685.0,,,33.0,,,,22.0,,,,29.1,16.0,55.0,,5.0,,,7.0,4.0,3.0,,3.0,0,,1,0.0,,,,,,,,0.0,,8.0,,,,,1.0,0.0,1.0,0.0,0.0,,,,,,,,,,0.0,0.0,1.0,5.0,29.0,,,15.0,39.1,50.0,128.0,,,11.0,,,,8.0,,,,,0.0,1.0,,24.0,,,7.0,3.0,4.0,,40.0,3,,0,2.0,,,,,,,,2.0,,22.0,,,7.42,6.43,Clasificatorias WC UEFA,UEFA,UEFA
SEL-WC_QUALS_UEFA-2022-9223712,Semifinals,2021-03-28,San Marino,1,Hungría,0,3,,,1.0,0.0,1.0,0.0,0.0,,,,,,,,,,0.0,1.0,1.0,1.0,25.0,,,20.0,56.4,101.0,179.0,,,21.0,,,,13.0,,,,50.0,1.0,2.0,,21.0,,,5.0,5.0,0.0,,43.0,3,,0,7.0,,,,,,,,4.0,,17.0,,,,,23.0,10.0,10.0,3.0,0.0,,,,,,,,,,5.0,16.0,3.0,5.0,85.0,,,80.0,89.8,633.0,705.0,,,20.0,,,,16.0,,,,23.3,10.0,43.0,,8.0,,,9.0,7.0,2.0,,3.0,0,,1,0.0,,,,,,,,2.0,,14.0,,,6.5,7.22,Clasificatorias WC UEFA,UEFA,UEFA
SEL-WC_QUALS_UEFA-2022-9223750,Semifinals,2021-03-28,Macedonia del Norte,1,Liechtenstein,5,0,,,21.0,11.0,8.0,2.0,1.0,,,,,,,,,,3.0,3.0,7.0,13.0,103.0,,,75.0,90.6,690.0,762.0,,,28.0,,,,19.0,,,,25.0,5.0,20.0,,7.0,,,15.0,5.0,10.0,,3.0,0,,1,1.0,,,,,,,,1.0,,6.0,,,,,2.0,1.0,0.0,1.0,0.0,,,,,,,,,,0.0,2.0,2.0,5.0,19.0,,,25.0,72.2,179.0,248.0,,,18.0,,,,6.0,,,,20.0,1.0,5.0,,14.0,,,9.0,3.0,6.0,,31.0,5,,0,6.0,,,,,,,,5.0,,21.0,,,7.48,6.05,Clasificatorias WC UEFA,UEFA,UEFA
SEL-WC_QUALS_UEFA-2022-9223755,Semifinals,2021-03-28,Rumania,1,Alemania,0,1,,,9.0,2.0,5.0,2.0,0.0,,,,,,,,,,2.0,3.0,2.0,10.0,31.0,,,34.0,75.6,269.0,356.0,,,17.0,,,,11.0,,,,16.7,1.0,6.0,,12.0,,,11.0,3.0,8.0,,25.0,1,,0,8.0,,,,,,,,1.0,,10.0,,,,,18.0,9.0,6.0,3.0,1.0,,,,,,,,,,5.0,6.0,5.0,13.0,67.0,,,66.0,89.8,625.0,696.0,,,29.0,,,,10.0,,,,19.0,4.0,21.0,,18.0,,,14.0,9.0,5.0,,9.0,0,,1,2.0,,,,,,,,1.0,,11.0,,,6.71,7.34,Clasificatorias WC UEFA,UEFA,UEFA
SEL-WC_QUALS_UEFA-2022-9223752,Final,2021-03-24,Turquía,1,Países Bajos,4,2,,,8.0,5.0,2.0,1.0,0.0,,,,,,,,,,1.0,3.0,1.0,7.0,52.0,,,34.0,74.0,247.0,334.0,,,31.0,,,,12.0,,,,28.6,2.0,7.0,,15.0,,,11.0,8.0,3.0,,35.0,2,,0,7.0,,,,,,,,5.0,,18.0,,,,,20.0,9.0,6.0,5.0,1.0,,,,,,,,,,3.0,11.0,1.0,8.0,65.0,,,66.0,86.9,550.0,633.0,,,14.0,,,,18.0,,,,26.5,9.0,34.0,,7.0,,,7.0,3.0,4.0,,7.0,4,,0,1.0,,,,,,,,1.0,,12.0,,,7.07,6.51,Clasificatorias WC UEFA,UEFA,UEFA
SEL-WC_QUALS_UEFA-2022-9223737,Final,2021-03-24,Portugal,1,Azerbaiyán,1,0,,,29.0,14.0,8.0,7.0,0.0,,,,,,,,,,1.0,10.0,1.0,12.0,99.0,,,67.0,86.2,631.0,732.0,,,26.0,,,,10.0,,,,35.3,12.0,34.0,,15.0,,,11.0,6.0,5.0,,5.0,0,,1,0.0,,,,,,,,1.0,,9.0,,,,,4.0,0.0,2.0,2.0,0.0,,,,,,,,,,0.0,0.0,2.0,5.0,41.0,,,33.0,72.1,269.0,373.0,,,25.0,,,,8.0,,,,50.0,1.0,2.0,,21.0,,,22.0,12.0,10.0,,40.0,1,,0,14.0,,,,,,,,1.0,,11.0,,,7.31,7.09,Clasificatorias WC UEFA,UEFA,UEFA
SEL-WC_QUALS_UEFA-2022-9223726,Final,2021-03-24,Serbia,1,Irlanda,3,2,,,14.0,4.0,4.0,6.0,0.0,,,,,,,,,,2.0,9.0,4.0,9.0,40.0,,,56.0,84.8,407.0,480.0,,,29.0,,,,17.0,,,,26.1,6.0,23.0,,9.0,,,11.0,8.0,3.0,,15.0,2,,0,0.0,,,,,,,,1.0,,11.0,,,,,6.0,2.0,3.0,1.0,0.0,,,,,,,,,,1.0,6.0,0.0,5.0,52.0,,,44.0,78.6,297.0,378.0,,,20.0,,,,11.0,,,,14.8,4.0,27.0,,11.0,,,15.0,9.0,6.0,,26.0,3,,0,1.0,,,,,,,,0.0,,18.0,,,6.93,6.58,Clasificatorias WC UEFA,UEFA,UEFA
SEL-WC_QUALS_UEFA-2022-9223725,Final,2021-03-24,Finlandia,1,Bosnia,2,2,,,12.0,7.0,3.0,2.0,1.0,,,,,,,,,,4.0,5.0,0.0,10.0,43.0,,,44.0,83.8,366.0,437.0,,,25.0,,,,9.0,,,,22.2,2.0,9.0,,19.0,,,11.0,6.0,5.0,,23.0,2,,0,5.0,,,,,,,,3.0,,11.0,,,,,19.0,7.0,4.0,8.0,0.0,,,,,,,,,,5.0,7.0,3.0,4.0,58.0,,,56.0,87.2,475.0,545.0,,,32.0,,,,10.0,,,,14.3,4.0,28.0,,16.0,,,12.0,8.0,4.0,,10.0,2,,0,5.0,,,,,,,,0.0,,10.0,,,7.08,6.85,Clasificatorias WC UEFA,UEFA,UEFA
SEL-WC_QUALS_UEFA-2022-9223734,Final,2021-03-24,Francia,1,Ucrania,1,1,,,18.0,3.0,9.0,6.0,0.0,,,,,,,,,,2.0,12.0,6.0,16.0,85.0,,,63.0,91.6,722.0,788.0,,,16.0,,,,3.0,,,,21.2,7.0,33.0,,9.0,,,8.0,6.0,2.0,,2.0,1,,0,0.0,,,,,,,,1.0,,17.0,,,,,3.0,1.0,2.0,0.0,0.0,,,,,,,,,,0.0,0.0,0.0,7.0,36.0,,,37.0,82.6,388.0,470.0,,,16.0,,,,16.0,,,,,0.0,4.0,,11.0,,,18.0,11.0,7.0,,36.0,1,,0,2.0,,,,,,,,0.0,,3.0,,,6.86,6.89,Clasificatorias WC UEFA,UEFA,UEFA
SEL-WC_QUALS_UEFA-2022-9223746,Final,2021-03-24,Bélgica,1,Gales,3,1,,,12.0,4.0,5.0,3.0,0.0,,,,,,,,,,3.0,4.0,3.0,8.0,71.0,,,75.0,90.0,807.0,897.0,,,25.0,,,,3.0,,,,30.8,4.0,13.0,,4.0,,,9.0,7.0,2.0,,7.0,1,,0,0.0,,,,,,,,1.0,,12.0,,,,,4.0,1.0,3.0,0.0,0.0,,,,,,,,,,1.0,1.0,0.0,4.0,59.0,,,25.0,74.2,221.0,298.0,,,22.0,,,,11.0,,,,33.3,3.0,9.0,,25.0,,,13.0,11.0,2.0,,19.0,3,,0,1.0,,,,,,,,0.0,,3.0,,,7.05,6.67,Clasificatorias WC UEFA,UEFA,UEFA
SEL-WC_QUALS_UEFA-2022-9223748,Final,2021-03-24,Estonia,1,República Checa,2,6,,,6.0,3.0,2.0,1.0,1.0,,,,,,,,,,1.0,0.0,1.0,0.0,34.0,,,24.0,61.7,145.0,235.0,,,31.0,,,,13.0,,,,14.3,1.0,7.0,,16.0,,,13.0,7.0,6.0,,24.0,6,,0,2.0,,,,,,,,,,10.0,,,,,20.0,8.0,8.0,4.0,0.0,,,,,,,,,,3.0,6.0,3.0,12.0,83.0,,,76.0,89.2,646.0,724.0,,,33.0,,,,9.0,,,,27.6,8.0,29.0,,22.0,,,7.0,5.0,2.0,,2.0,2,,0,1.0,,,,,,,,,,14.0,,,6.09,7.66,Clasificatorias WC UEFA,UEFA,UEFA
SEL-WC_QUALS_UEFA-2022-9223756,Final,2021-03-24,Gibraltar,1,Noruega,0,3,,,1.0,0.0,0.0,1.0,0.0,,,,,,,,,,0.0,1.0,1.0,6.0,34.0,,,16.0,52.7,77.0,146.0,,,16.0,,,,15.0,,,,,0.0,5.0,,14.0,,,14.0,9.0,5.0,,40.0,3,,0,12.0,,,,,,,,3.0,,15.0,,,,,29.0,14.0,11.0,4.0,1.0,,,,,,,,,,7.0,14.0,0.0,16.0,105.0,,,84.0,87.8,663.0,755.0,,,14.0,,,,15.0,,,,23.3,7.0,30.0,,8.0,,,15.0,8.0,7.0,,4.0,0,,1,0.0,,,,,,,,1.0,,16.0,,,6.43,7.43,Clasificatorias WC UEFA,UEFA,UEFA
SEL-WC_QUALS_UEFA-2022-9223744,Final,2021-03-24,Letonia,1,Montenegro,1,2,,,12.0,6.0,4.0,2.0,0.0,,,,,,,,,,2.0,3.0,1.0,6.0,55.0,,,38.0,54.3,176.0,324.0,,,24.0,,,,13.0,,,,36.4,4.0,11.0,,15.0,,,16.0,9.0,7.0,,33.0,2,,0,4.0,,,,,,,,4.0,,18.0,,,,,27.0,7.0,16.0,4.0,0.0,,,,,,,,,,3.0,11.0,2.0,8.0,86.0,,,62.0,71.2,359.0,504.0,,,39.0,,,,16.0,,,,25.9,7.0,27.0,,7.0,,,16.0,9.0,7.0,,6.0,1,,0,3.0,,,,,,,,1.0,,13.0,,,6.83,7.23,Clasificatorias WC UEFA,UEFA,UEFA
SEL-WC_QUALS_UEFA-2022-9223773,Final,2021-03-24,Chipre,1,Eslovaquia,0,0,,,11.0,4.0,3.0,4.0,0.0,,,,,,,,,,2.0,3.0,0.0,10.0,61.0,,,40.0,70.7,273.0,386.0,,,27.0,,,,19.0,,,,50.0,5.0,10.0,,11.0,,,11.0,6.0,5.0,,10.0,0,,1,3.0,,,,,,,,2.0,,16.0,,,,,7.0,3.0,3.0,1.0,0.0,,,,,,,,,,2.0,1.0,3.0,6.0,73.0,,,60.0,79.1,458.0,579.0,,,28.0,,,,16.0,,,,22.2,2.0,9.0,,9.0,,,20.0,11.0,9.0,,5.0,0,,1,4.0,,,,,,,,0.0,,20.0,,,6.85,7.1,Clasificatorias WC UEFA,UEFA,UEFA
SEL-WC_QUALS_UEFA-2022-9223766,Final,2021-03-24,Malta,1,Rusia,1,3,,,9.0,5.0,1.0,3.0,0.0,,,,,,,,,,0.0,1.0,1.0,11.0,51.0,,,45.0,77.2,315.0,408.0,,,37.0,,,,8.0,,,,12.5,1.0,8.0,,11.0,,,10.0,7.0,3.0,,20.0,3,,0,1.0,,,,,,,,1.0,,13.0,,,,,11.0,4.0,6.0,1.0,0.0,,,,,,,,,,1.0,5.0,4.0,15.0,61.0,,,55.0,83.0,400.0,482.0,,,36.0,,,,12.0,,,,32.0,8.0,25.0,,16.0,,,19.0,10.0,9.0,,13.0,1,,0,4.0,,,,,,,,1.0,,10.0,,,6.49,7.26,Clasificatorias WC UEFA,UEFA,UEFA
SEL-WC_QUALS_UEFA-2022-9223768,Final,2021-03-24,Eslovenia,1,Croacia,1,0,,,8.0,4.0,3.0,1.0,0.0,,,,,,,,,,,2.0,0.0,4.0,40.0,,,31.0,75.5,249.0,330.0,,,29.0,,,,15.0,,,,11.1,1.0,9.0,,14.0,,,19.0,10.0,9.0,,29.0,0,,1,3.0,,,,,,,,2.0,,11.0,,,,,11.0,3.0,6.0,2.0,1.0,,,,,,,,,,,3.0,2.0,13.0,75.0,,,69.0,89.3,657.0,736.0,,,36.0,,,,11.0,,,,22.9,8.0,35.0,,11.0,,,11.0,7.0,4.0,,6.0,1,,0,3.0,,,,,,,,5.0,,15.0,,,7.09,7.05,Clasificatorias WC UEFA,UEFA,UEFA
SEL-WC_QUALS_UEFA-2022-9223753,Final,2021-03-25,Bulgaria,1,Suiza,1,3,,,7.0,2.0,1.0,4.0,0.0,,,,,,,,,,0.0,1.0,0.0,7.0,41.0,,,30.0,73.4,213.0,290.0,,,14.0,,,,18.0,,,,28.6,2.0,7.0,,16.0,,,18.0,11.0,7.0,,30.0,3,,0,2.0,,,,,,,,1.0,,13.0,,,,,13.0,5.0,5.0,3.0,1.0,,,,,,,,,,5.0,7.0,4.0,8.0,77.0,,,70.0,88.1,571.0,648.0,,,18.0,,,,12.0,,,,32.3,10.0,31.0,,12.0,,,14.0,7.0,7.0,,9.0,1,,0,1.0,,,,,,,,1.0,,18.0,,,6.54,7.03,Clasificatorias WC UEFA,UEFA,UEFA
SEL-WC_QUALS_UEFA-2022-9223745,Final,2021-03-25,Israel,1,Dinamarca,0,2,,,14.0,2.0,2.0,10.0,0.0,,,,,,,,,,0.0,5.0,2.0,13.0,30.0,,,50.0,84.9,423.0,498.0,,,21.0,,,,10.0,,,,16.7,3.0,18.0,,10.0,,,18.0,11.0,7.0,,14.0,2,,0,5.0,,,,,,,,2.0,,9.0,,,,,14.0,7.0,5.0,2.0,1.0,,,,,,,,,,1.0,8.0,1.0,10.0,60.0,,,50.0,83.5,430.0,515.0,,,39.0,,,,9.0,,,,30.0,3.0,10.0,,13.0,,,16.0,10.0,6.0,,19.0,0,,1,2.0,,,,,,,,2.0,,10.0,,,6.65,7.41,Clasificatorias WC UEFA,UEFA,UEFA
SEL-WC_QUALS_UEFA-2022-9223717,Final,2021-03-25,España,1,Grecia,1,1,,,9.0,2.0,4.0,3.0,1.0,,,,,,,,,,1.0,3.0,1.0,4.0,99.0,,,80.0,92.3,850.0,921.0,,,47.0,,,,9.0,,,,17.9,5.0,28.0,,7.0,,,11.0,5.0,6.0,,2.0,1,,0,0.0,,,,,,,,1.0,,15.0,,,,,1.0,1.0,0.0,0.0,0.0,,,,,,,,,,1.0,0.0,2.0,3.0,25.0,,,20.0,62.0,147.0,237.0,,,18.0,,,,14.0,,,,,0.0,2.0,,13.0,,,16.0,5.0,11.0,,14.0,1,,0,1.0,,,,,,,,2.0,,10.0,,,6.85,6.64,Clasificatorias WC UEFA,UEFA,UEFA
SEL-WC_QUALS_UEFA-2022-9223713,Final,2021-03-25,Suecia,1,Georgia,1,0,,,10.0,4.0,5.0,1.0,0.0,,,,,,,,,,1.0,4.0,0.0,6.0,73.0,,,55.0,82.8,457.0,552.0,,,31.0,,,,8.0,,,,16.7,3.0,18.0,,13.0,,,15.0,7.0,8.0,,10.0,0,,1,3.0,,,,,,,,3.0,,19.0,,,,,8.0,3.0,2.0,3.0,0.0,,,,,,,,,,2.0,2.0,1.0,10.0,34.0,,,45.0,79.4,358.0,451.0,,,34.0,,,,16.0,,,,42.9,6.0,14.0,,8.0,,,12.0,5.0,7.0,,20.0,1,,0,3.0,,,,,,,,1.0,,9.0,,,7.25,6.7,Clasificatorias WC UEFA,UEFA,UEFA
SEL-WC_QUALS_UEFA-2022-9223761,Final,2021-03-25,Italia,1,Irlanda del Norte,2,0,,,12.0,5.0,7.0,0.0,0.0,,,,,,,,,,4.0,0.0,5.0,7.0,58.0,,,66.0,88.0,648.0,736.0,,,36.0,,,,11.0,,,,50.0,2.0,4.0,,8.0,,,8.0,4.0,4.0,,21.0,0,,1,3.0,,,,,,,,0.0,,8.0,,,,,8.0,3.0,3.0,2.0,0.0,,,,,,,,,,2.0,5.0,0.0,7.0,54.0,,,34.0,73.9,266.0,360.0,,,32.0,,,,8.0,,,,17.6,3.0,17.0,,5.0,,,8.0,8.0,0.0,,6.0,2,,0,3.0,,,,,,,,2.0,,12.0,,,7.27,6.53,Clasificatorias WC UEFA,UEFA,UEFA
SEL-WC_QUALS_UEFA-2022-9223743,Final,2021-03-25,Moldavia,1,Islas Feroe,1,1,,,8.0,3.0,2.0,3.0,1.0,,,,,,,,,,1.0,1.0,4.0,3.0,53.0,,,42.0,70.8,254.0,359.0,,,27.0,,,,21.0,,,,7.7,1.0,13.0,,19.0,,,13.0,7.0,6.0,,27.0,1,,0,2.0,,,,,,,,3.0,,15.0,,,,,12.0,4.0,2.0,6.0,0.0,,,,,,,,,,1.0,3.0,0.0,10.0,76.0,,,58.0,75.6,375.0,496.0,,,18.0,,,,14.0,,,,14.3,3.0,21.0,,12.0,,,13.0,7.0,6.0,,15.0,1,,0,2.0,,,,,,,,3.0,,21.0,,,6.86,6.66,Clasificatorias WC UEFA,UEFA,UEFA
SEL-WC_QUALS_UEFA-2022-9223733,Final,2021-03-25,Escocia,1,Austria,2,2,,,13.0,4.0,6.0,3.0,0.0,,,,,,,,,,1.0,6.0,1.0,10.0,53.0,,,40.0,75.3,292.0,388.0,,,30.0,,,,16.0,,,,18.2,4.0,22.0,,18.0,,,15.0,9.0,6.0,,19.0,2,,0,3.0,,,,,,,,4.0,,14.0,,,,,10.0,5.0,3.0,2.0,0.0,,,,,,,,,,1.0,2.0,0.0,9.0,48.0,,,60.0,82.5,498.0,604.0,,,22.0,,,,13.0,,,,15.4,2.0,13.0,,10.0,,,15.0,10.0,5.0,,16.0,2,,0,2.0,,,,,,,,3.0,,16.0,,,6.96,6.86,Clasificatorias WC UEFA,UEFA,UEFA
SEL-WC_QUALS_UEFA-2022-9223736,Final,2021-03-25,Andorra,1,Albania,0,1,,,2.0,1.0,1.0,0.0,0.0,,,,,,,,,,0.0,1.0,1.0,5.0,35.0,,,26.0,46.9,84.0,179.0,,,12.0,,,,12.0,,,,11.1,1.0,9.0,,18.0,,,20.0,14.0,6.0,,20.0,1,,0,3.0,,,,,,,,3.0,,25.0,,,,,14.0,4.0,6.0,4.0,0.0,,,,,,,,,,3.0,6.0,2.0,6.0,67.0,,,74.0,81.6,420.0,515.0,,,32.0,,,,23.0,,,,29.0,9.0,31.0,,11.0,,,10.0,7.0,3.0,,14.0,0,,1,1.0,,,,,,,,5.0,,13.0,,,6.59,7.09,Clasificatorias WC UEFA,UEFA,UEFA
SEL-WC_QUALS_UEFA-2022-9223727,Final,2021-03-25,Inglaterra,1,San Marino,5,0,,,32.0,15.0,13.0,4.0,1.0,,,,,,,,,,9.0,7.0,4.0,21.0,103.0,,,85.0,93.0,846.0,910.0,,,17.0,,,,5.0,,,,47.8,11.0,23.0,,3.0,,,9.0,3.0,6.0,,2.0,0,,1,0.0,,,,,,,,1.0,,8.0,,,,,2.0,0.0,1.0,1.0,0.0,,,,,,,,,,0.0,1.0,0.0,6.0,33.0,,,15.0,55.7,93.0,167.0,,,12.0,,,,8.0,,,,,0.0,2.0,,7.0,,,13.0,6.0,7.0,,28.0,5,,0,10.0,,,,,,,,0.0,,6.0,,,7.65,6.16,Clasificatorias WC UEFA,UEFA,UEFA
SEL-WC_QUALS_UEFA-2022-9223716,Final,2021-03-25,Hungría,1,Polonia,3,3,,,10.0,4.0,3.0,3.0,0.0,,,,,,,,,,5.0,3.0,3.0,4.0,34.0,,,36.0,72.0,236.0,328.0,,,16.0,,,,11.0,,,,25.0,3.0,12.0,,17.0,,,11.0,7.0,4.0,,19.0,3,,0,0.0,,,,,,,,5.0,1.0,20.0,,,,,10.0,3.0,6.0,1.0,0.0,,,,,,,,,,1.0,3.0,5.0,5.0,68.0,,,64.0,84.4,510.0,604.0,,,26.0,,,,19.0,,,,25.0,4.0,16.0,,11.0,,,12.0,9.0,3.0,,13.0,3,,0,1.0,,,,,,,,2.0,0.0,14.0,,,6.65,6.75,Clasificatorias WC UEFA,UEFA,UEFA
SEL-WC_QUALS_UEFA-2022-9223709,Final,2021-03-25,Alemania,1,Islandia,3,0,,,15.0,5.0,7.0,3.0,1.0,,,,,,,,,,1.0,3.0,2.0,10.0,80.0,,,81.0,92.6,972.0,1050.0,,,37.0,,,,11.0,,,,30.0,3.0,10.0,,12.0,,,11.0,5.0,6.0,,7.0,0,,1,2.0,,,,,,,,1.0,,8.0,,,,,8.0,2.0,4.0,2.0,0.0,,,,,,,,,,1.0,3.0,1.0,6.0,42.0,,,19.0,68.5,159.0,232.0,,,18.0,,,,8.0,,,,20.0,2.0,10.0,,6.0,,,11.0,5.0,6.0,,20.0,3,,0,2.0,,,,,,,,2.0,,11.0,,,7.57,6.39,Clasificatorias WC UEFA,UEFA,UEFA
SEL-WC_QUALS_UEFA-2022-9223708,Final,2021-03-25,Liechtenstein,1,Armenia,0,1,,,0.0,0.0,0.0,0.0,0.0,,,,,,,,,,0.0,1.0,1.0,1.0,36.0,,,31.0,54.4,123.0,226.0,,,29.0,,,,12.0,,,,,0.0,7.0,,10.0,,,19.0,12.0,7.0,,47.0,1,,0,5.0,,,,,,,,2.0,,13.0,,,,,26.0,5.0,17.0,4.0,0.0,,,,,,,,,,1.0,9.0,5.0,18.0,79.0,,,69.0,83.0,410.0,494.0,,,40.0,,,,13.0,,,,27.0,10.0,37.0,,5.0,,,8.0,6.0,2.0,,9.0,0,,1,0.0,,,,,,,,3.0,,12.0,,,6.67,7.33,Clasificatorias WC UEFA,UEFA,UEFA
SEL-WC_QUALS_UEFA-2022-9223707,Final,2021-03-25,Rumania,1,Macedonia del Norte,3,2,,,18.0,11.0,3.0,4.0,0.0,,,,,,,,,,2.0,3.0,1.0,9.0,38.0,,,46.0,79.8,352.0,441.0,,,19.0,,,,8.0,,,,20.0,2.0,10.0,,14.0,,,21.0,12.0,9.0,,9.0,2,,0,2.0,,,,,,,,3.0,,21.0,,,,,14.0,4.0,5.0,5.0,0.0,,,,,,,,,,6.0,2.0,4.0,10.0,54.0,,,54.0,82.6,413.0,500.0,,,32.0,,,,18.0,,,,29.4,5.0,17.0,,13.0,,,11.0,8.0,3.0,,10.0,3,,0,8.0,,,,,,,,4.0,,10.0,,,7.02,6.78,Clasificatorias WC UEFA,UEFA,UEFA
SEL-WC_QUALS_UEFA-2026-13233398,Ronda 1,2025-03-21,Chipre,1,San Marino,2,0,,,26.0,11.0,10.0,5.0,1.0,,,,,,,,,,6.0,7.0,2.0,10.0,89.0,,54.0,70.0,87.8,567.0,646.0,,,28.0,,,,17.0,,,,36.0,9.0,25.0,,6.0,,,24.0,17.0,7.0,,9.0,0,,1,2.0,,,,,0.0,,,0.0,,14.0,,,,,5.0,2.0,2.0,1.0,0.0,,,,,,,,,,1.0,2.0,1.0,4.0,28.0,,10.0,30.0,70.9,200.0,282.0,,,18.0,,,,14.0,,,,33.3,2.0,6.0,,12.0,,,17.0,11.0,6.0,,37.0,2,,0,9.0,,,,,2.0,,,2.0,,17.0,,,7.68,6.77,Clasificatorias WC UEFA,UEFA,UEFA
SEL-WC_QUALS_UEFA-2026-13233402,Ronda 1,2025-03-21,Malta,1,Finlandia,0,1,,,19.0,6.0,6.0,7.0,0.0,,,,,,,,,,2.0,6.0,1.0,9.0,69.0,,25.0,58.0,88.6,490.0,553.0,,,39.0,,,,12.0,,,,23.5,4.0,17.0,,5.0,,,14.0,10.0,4.0,,26.0,1,,0,4.0,,,,,1.0,,,0.0,1.0,9.0,,,,,10.0,5.0,3.0,2.0,0.0,,,,,,,,,,4.0,3.0,0.0,6.0,58.0,,11.0,42.0,82.7,324.0,392.0,,,21.0,,,,9.0,,,,30.0,3.0,10.0,,4.0,,,17.0,9.0,8.0,,25.0,0,,1,6.0,,,,,1.0,,,1.0,0.0,12.0,,,7.06,7.02,Clasificatorias WC UEFA,UEFA,UEFA
SEL-WC_QUALS_UEFA-2026-13233401,Ronda 1,2025-03-21,Polonia,1,Lituania,1,0,,,24.0,7.0,4.0,13.0,0.0,,,,,,,,,,3.0,11.0,,8.0,84.0,,34.0,62.0,80.9,410.0,507.0,,,21.0,,,,18.0,,,,8.8,3.0,34.0,,6.0,,,19.0,6.0,13.0,,26.0,0,,1,2.0,,,,,0.0,,0.0,1.0,,14.0,,,,,8.0,2.0,2.0,4.0,0.0,,,,,,,,,,1.0,1.0,,4.0,53.0,,10.0,38.0,72.2,231.0,320.0,,,27.0,,,,14.0,,,,50.0,3.0,6.0,,18.0,,,16.0,10.0,6.0,,50.0,1,,0,6.0,,,,,1.0,,1.0,1.0,,18.0,,,7.2,7.06,Clasificatorias WC UEFA,UEFA,UEFA
SEL-WC_QUALS_UEFA-2026-13233397,Ronda 1,2025-03-21,Rumania,1,Bosnia,0,1,,,15.0,3.0,7.0,5.0,0.0,,,,,,,,,,2.0,5.0,0.0,9.0,59.0,,30.0,66.0,85.1,491.0,577.0,,,35.0,,,,25.0,,,,40.0,8.0,20.0,,12.0,,,7.0,2.0,5.0,,17.0,1,,0,0.0,,,,,1.0,,0.0,5.0,,14.0,,,,,5.0,1.0,2.0,2.0,0.0,,,,,,,,,,2.0,1.0,3.0,4.0,48.0,,10.0,34.0,69.6,211.0,303.0,,,18.0,,,,14.0,,,,28.6,2.0,7.0,,9.0,,,23.0,11.0,12.0,,33.0,0,,1,3.0,,,,,0.0,,1.0,3.0,,25.0,,,6.81,6.99,Clasificatorias WC UEFA,UEFA,UEFA
SEL-WC_QUALS_UEFA-2026-13233400,Ronda 1,2025-03-21,Andorra,1,Letonia,0,1,,,7.0,2.0,4.0,1.0,1.0,,,,,,,,,,,3.0,1.0,6.0,55.0,,7.0,37.0,62.7,188.0,300.0,,,31.0,,,,12.0,,,,18.8,3.0,16.0,,11.0,,,8.0,5.0,3.0,,25.0,1,,0,1.0,,,,,0.0,,0.0,0.0,,14.0,,,,,6.0,2.0,2.0,2.0,0.0,,,,,,,,,,,1.0,2.0,2.0,76.0,,9.0,63.0,79.4,433.0,545.0,,,28.0,,,,14.0,,,,27.3,3.0,11.0,,7.0,,,13.0,10.0,3.0,,25.0,0,,1,2.0,,,,,2.0,,1.0,2.0,,12.0,,,6.67,7.05,Clasificatorias WC UEFA,UEFA,UEFA
SEL-WC_QUALS_UEFA-2026-13233399,Ronda 1,2025-03-21,Inglaterra,1,Albania,2,0,,,12.0,6.0,2.0,4.0,2.0,,,,,,,,,,4.0,4.0,2.0,9.0,101.0,,34.0,74.0,94.0,811.0,863.0,,,17.0,,,,7.0,,,,42.9,6.0,14.0,,4.0,,,15.0,10.0,5.0,,9.0,0,,1,0.0,,,,,,,,0.0,,9.0,,,,,3.0,0.0,2.0,1.0,1.0,,,,,,,,,,0.0,1.0,2.0,7.0,31.0,,6.0,26.0,83.3,249.0,299.0,,,10.0,,,,9.0,,,,,0.0,6.0,,8.0,,,8.0,5.0,3.0,,29.0,2,,0,3.0,,,,,,,,1.0,,7.0,,,7.55,6.55,Clasificatorias WC UEFA,UEFA,UEFA
SEL-WC_QUALS_UEFA-2026-13233403,Ronda 1,2025-03-22,Liechtenstein,1,Macedonia del Norte,0,3,,,5.0,1.0,1.0,3.0,1.0,,,,,,,,,,0.0,0.0,2.0,10.0,24.0,,5.0,26.0,60.4,116.0,192.0,,,9.0,,,,7.0,,,,33.3,1.0,3.0,,8.0,,,26.0,15.0,11.0,,28.0,3,,0,6.0,,,,,,,,3.0,,12.0,,,,,17.0,9.0,3.0,5.0,0.0,,,,,,,,,,7.0,7.0,6.0,12.0,67.0,,29.0,74.0,87.3,490.0,561.0,,,28.0,,,,12.0,,,,35.7,5.0,14.0,,7.0,,,9.0,7.0,2.0,,6.0,0,,1,1.0,,,,,,,,1.0,,7.0,,,6.47,7.35,Clasificatorias WC UEFA,UEFA,UEFA
SEL-WC_QUALS_UEFA-2026-13233404,Ronda 1,2025-03-22,Moldavia,1,Noruega,0,5,,,10.0,4.0,4.0,2.0,0.0,,,,,,,,,,3.0,6.0,2.0,6.0,38.0,,14.0,31.0,79.4,212.0,267.0,,,16.0,,,,9.0,,,,6.7,1.0,15.0,,8.0,,,16.0,8.0,8.0,,37.0,5,,0,4.0,,,,,,,2.0,1.0,,10.0,,,,,24.0,8.0,6.0,10.0,0.0,,,,,,,,,,6.0,6.0,0.0,10.0,60.0,,37.0,69.0,90.8,565.0,622.0,,,22.0,,,,10.0,,,,20.0,5.0,25.0,,2.0,,,5.0,4.0,1.0,,17.0,0,,1,4.0,,,,,,,0.0,1.0,,9.0,,,6.29,7.53,Clasificatorias WC UEFA,UEFA,UEFA
SEL-WC_QUALS_UEFA-2026-13233405,Ronda 1,2025-03-22,Montenegro,1,Gibraltar,3,1,,,25.0,10.0,11.0,4.0,2.0,,,,,,,,,,6.0,7.0,3.0,9.0,48.0,,51.0,66.0,81.9,335.0,409.0,,,43.0,,,,12.0,,,,34.4,11.0,32.0,,1.0,,,20.0,13.0,7.0,,36.0,1,,0,1.0,,,,,2.0,,1.0,3.0,,20.0,,,,,7.0,2.0,2.0,3.0,2.0,,,,,,,,,,1.0,5.0,3.0,12.0,58.0,,6.0,34.0,62.9,132.0,210.0,,,14.0,,,,20.0,,,,,0.0,15.0,,4.0,,,15.0,9.0,6.0,,39.0,3,,0,5.0,,,,,1.0,,1.0,2.0,,12.0,,,7.27,6.72,Clasificatorias WC UEFA,UEFA,UEFA
SEL-WC_QUALS_UEFA-2026-13233406,Ronda 1,2025-03-22,Israel,1,Estonia,2,1,,,29.0,11.0,8.0,10.0,1.0,,,,,,,,,,6.0,14.0,6.0,8.0,66.0,,60.0,75.0,87.9,554.0,630.0,,,23.0,,,,16.0,,,,21.7,5.0,23.0,,4.0,,,6.0,5.0,1.0,,21.0,1,,0,2.0,,,,,0.0,,0.0,1.0,0.0,5.0,,,,,7.0,3.0,2.0,2.0,0.0,,,,,,,,,,0.0,1.0,2.0,1.0,40.0,,8.0,25.0,66.7,136.0,204.0,,,23.0,,,,5.0,,,,27.3,3.0,11.0,,15.0,,,19.0,9.0,10.0,,45.0,2,,0,9.0,,,,,1.0,,2.0,4.0,1.0,16.0,,,7.43,6.92,Clasificatorias WC UEFA,UEFA,UEFA
SEL-WC_QUALS_UEFA-2026-13233407,Ronda 1,2025-03-22,Gales,1,Kazajistán,3,1,,,12.0,7.0,3.0,2.0,0.0,,,,,,,,,,3.0,4.0,0.0,11.0,74.0,,29.0,72.0,92.2,629.0,682.0,,,23.0,,,,7.0,,,,33.3,8.0,24.0,,2.0,,,17.0,9.0,8.0,,17.0,1,,0,1.0,,,,,1.0,,,0.0,,5.0,,,,,10.0,2.0,4.0,4.0,0.0,,,,,,,,,,1.0,4.0,1.0,6.0,30.0,,11.0,28.0,78.5,208.0,265.0,,,24.0,,,,4.0,,,,36.4,4.0,11.0,,9.0,,,14.0,7.0,7.0,,22.0,3,,0,4.0,,,,,1.0,,,2.0,,7.0,,,7.32,6.31,Clasificatorias WC UEFA,UEFA,UEFA
SEL-WC_QUALS_UEFA-2026-13233408,Ronda 1,2025-03-22,República Checa,1,Islas Feroe,2,1,,,16.0,7.0,7.0,2.0,0.0,,,,,,,,,,6.0,6.0,3.0,2.0,71.0,,47.0,68.0,83.0,433.0,522.0,,,37.0,,,,9.0,,,,60.0,18.0,30.0,,11.0,,,3.0,2.0,1.0,,22.0,1,,0,2.0,,,,,0.0,,0.0,1.0,,12.0,,,,,5.0,3.0,1.0,1.0,0.0,,,,,,,,,,1.0,3.0,0.0,4.0,49.0,,13.0,32.0,61.7,156.0,253.0,,,17.0,,,,12.0,,,,38.5,5.0,13.0,,8.0,,,12.0,6.0,6.0,,42.0,2,,0,4.0,,,,,3.0,,1.0,3.0,,9.0,,,7.28,6.86,Clasificatorias WC UEFA,UEFA,UEFA
SEL-WC_QUALS_UEFA-2026-13233413,Ronda 2,2025-03-24,Lituania,1,Finlandia,2,2,,,11.0,6.0,4.0,1.0,0.0,,,,,,,,,,0.0,2.0,1.0,1.0,40.0,,12.0,44.0,83.7,344.0,411.0,,,32.0,,,,15.0,,,,50.0,4.0,8.0,,9.0,,,13.0,9.0,4.0,,25.0,2,,0,2.0,,,,,2.0,,1.0,3.0,,17.0,,,,,13.0,4.0,3.0,6.0,0.0,,,,,,,,,,2.0,5.0,2.0,8.0,58.0,,33.0,56.0,86.6,445.0,514.0,,,20.0,,,,16.0,,,,15.8,3.0,19.0,,8.0,,,20.0,9.0,11.0,,16.0,2,,0,4.0,,,,,1.0,,0.0,2.0,,15.0,,,6.83,6.95,Clasificatorias WC UEFA,UEFA,UEFA
SEL-WC_QUALS_UEFA-2026-13233414,Ronda 2,2025-03-24,Polonia,1,Malta,2,0,,,28.0,12.0,11.0,5.0,0.0,,,,,,,,,,4.0,5.0,,10.0,61.0,,42.0,58.0,88.0,469.0,533.0,,,24.0,,,,16.0,,,,26.7,4.0,15.0,,17.0,,,9.0,8.0,1.0,,13.0,0,,1,3.0,,,,,1.0,,,2.0,0.0,12.0,,,,,9.0,3.0,4.0,2.0,0.0,,,,,,,,,,0.0,3.0,,10.0,33.0,,8.0,42.0,79.8,309.0,387.0,,,31.0,,,,12.0,,,,45.5,5.0,11.0,,10.0,,,26.0,19.0,7.0,,15.0,2,,0,10.0,,,,,0.0,,,3.0,1.0,16.0,,,7.55,6.89,Clasificatorias WC UEFA,UEFA,UEFA
SEL-WC_QUALS_UEFA-2026-13233409,Ronda 2,2025-03-24,Bosnia,1,Chipre,2,1,,,14.0,6.0,7.0,1.0,2.0,,,,,,,,,,3.0,7.0,2.0,14.0,69.0,,34.0,56.0,75.9,299.0,394.0,,,27.0,,,,16.0,,,,36.8,7.0,19.0,,5.0,,,15.0,12.0,3.0,,32.0,1,,0,3.0,,,,,1.0,,1.0,2.0,0.0,14.0,,,,,11.0,4.0,6.0,1.0,1.0,,,,,,,,,,3.0,7.0,4.0,7.0,52.0,,16.0,44.0,72.6,223.0,307.0,,,20.0,,,,14.0,,,,29.4,5.0,17.0,,7.0,,,13.0,10.0,3.0,,43.0,2,,0,4.0,,,,,0.0,,1.0,3.0,1.0,16.0,,,7.06,6.75,Clasificatorias WC UEFA,UEFA,UEFA
SEL-WC_QUALS_UEFA-2026-13233410,Ronda 2,2025-03-24,San Marino,1,Rumania,1,5,,,1.0,1.0,0.0,0.0,0.0,,,,,,,,,,1.0,2.0,1.0,2.0,18.0,,5.0,25.0,74.4,177.0,238.0,,,13.0,,,,13.0,,,,16.7,1.0,6.0,,10.0,,,12.0,10.0,2.0,,25.0,5,,0,4.0,,,,,0.0,,,3.0,,11.0,,,,,18.0,8.0,7.0,3.0,1.0,,,,,,,,,,6.0,10.0,2.0,11.0,79.0,,54.0,75.0,90.4,649.0,718.0,,,37.0,,,,9.0,,,,25.0,6.0,24.0,,6.0,,,9.0,3.0,6.0,,6.0,1,,0,0.0,,,,,1.0,,,1.0,,13.0,,,6.17,7.44,Clasificatorias WC UEFA,UEFA,UEFA
SEL-WC_QUALS_UEFA-2026-13233411,Ronda 2,2025-03-24,Albania,1,Andorra,3,0,,,15.0,7.0,5.0,3.0,0.0,,,,,,,,,,3.0,2.0,0.0,6.0,86.0,,24.0,85.0,92.8,889.0,958.0,,,33.0,,,,21.0,,,,28.6,4.0,14.0,,3.0,,,12.0,8.0,4.0,,2.0,0,,1,0.0,,,,,,,,0.0,,2.0,,,,,0.0,0.0,0.0,0.0,0.0,,,,,,,,,,0.0,0.0,2.0,2.0,12.0,,0.0,15.0,72.8,118.0,162.0,,,14.0,,,,2.0,,,,,0.0,2.0,,7.0,,,15.0,9.0,6.0,,28.0,3,,0,4.0,,,,,,,,2.0,,21.0,,,7.52,6.29,Clasificatorias WC UEFA,UEFA,UEFA
SEL-WC_QUALS_UEFA-2026-13233412,Ronda 2,2025-03-24,Inglaterra,1,Letonia,3,0,,,27.0,8.0,9.0,10.0,0.0,,,,,,,,,,5.0,10.0,0.0,12.0,93.0,,70.0,73.0,94.8,660.0,696.0,,,11.0,,,,13.0,,,,30.6,11.0,36.0,,11.0,,,7.0,6.0,1.0,,5.0,0,,1,1.0,,,,,0.0,,,1.0,,11.0,,,,,3.0,1.0,1.0,1.0,0.0,,,,,,,,,,1.0,2.0,2.0,2.0,10.0,,3.0,27.0,76.7,197.0,257.0,,,15.0,,,,11.0,,,,,0.0,4.0,,6.0,,,25.0,14.0,11.0,,43.0,3,,0,5.0,,,,,4.0,,,2.0,,13.0,,,7.59,6.61,Clasificatorias WC UEFA,UEFA,UEFA
SEL-WC_QUALS_UEFA-2026-13233416,Ronda 2,2025-03-25,Moldavia,1,Estonia,2,3,,,14.0,6.0,3.0,5.0,0.0,,,,,,,,,,2.0,5.0,0.0,9.0,50.0,,27.0,50.0,75.1,262.0,349.0,,,25.0,,,,15.0,,,,26.1,6.0,23.0,,4.0,,,20.0,9.0,11.0,,21.0,3,,0,4.0,,,,,,,,3.0,1.0,14.0,,,,,10.0,7.0,1.0,2.0,0.0,,,,,,,,,,2.0,3.0,3.0,3.0,52.0,,16.0,50.0,80.7,296.0,367.0,,,20.0,,,,14.0,,,,10.0,1.0,10.0,,8.0,,,18.0,11.0,7.0,,49.0,2,,0,4.0,,,,,,,,5.0,1.0,15.0,,,6.42,6.92,Clasificatorias WC UEFA,UEFA,UEFA
SEL-WC_QUALS_UEFA-2026-13233415,Ronda 2,2025-03-25,Israel,1,Noruega,2,4,,,10.0,6.0,4.0,0.0,0.0,,,,,,,,,,0.0,2.0,1.0,4.0,44.0,,18.0,44.0,88.9,416.0,468.0,,,27.0,,,,9.0,,,,,0.0,1.0,,3.0,,,24.0,15.0,9.0,,29.0,4,,0,8.0,,,,,2.0,,3.0,1.0,,7.0,,,,,23.0,12.0,5.0,6.0,3.0,,,,,,,,,,7.0,7.0,1.0,5.0,70.0,,46.0,56.0,92.6,526.0,568.0,,,16.0,,,,7.0,,,,45.0,9.0,20.0,,6.0,,,11.0,7.0,4.0,,8.0,2,,0,4.0,,,,,0.0,,0.0,2.0,,9.0,,,6.94,7.45,Clasificatorias WC UEFA,UEFA,UEFA
SEL-WC_QUALS_UEFA-2026-13233417,Ronda 2,2025-03-25,Liechtenstein,1,Kazajistán,0,2,,,3.0,2.0,0.0,1.0,0.0,,,,,,,,,,0.0,1.0,0.0,5.0,33.0,,14.0,30.0,66.4,174.0,262.0,,,16.0,,,,10.0,,,,,0.0,4.0,,9.0,,,27.0,15.0,12.0,,22.0,2,,0,2.0,,,,,,,,1.0,,6.0,,,,,16.0,4.0,7.0,5.0,0.0,,,,,,,,,,4.0,6.0,1.0,13.0,82.0,,35.0,70.0,84.6,506.0,598.0,,,71.0,,,,6.0,,,,38.9,7.0,18.0,,5.0,,,14.0,8.0,6.0,,17.0,0,,1,2.0,,,,,,,,1.0,,10.0,,,6.62,7.43,Clasificatorias WC UEFA,UEFA,UEFA
SEL-WC_QUALS_UEFA-2026-13233418,Ronda 2,2025-03-25,Macedonia del Norte,1,Gales,1,1,,,8.0,2.0,4.0,2.0,0.0,,,,,,,,,,1.0,5.0,2.0,4.0,45.0,,10.0,32.0,66.7,164.0,246.0,,,17.0,,,,16.0,,,,7.7,1.0,13.0,,9.0,,,12.0,10.0,2.0,,34.0,1,,0,4.0,,,,,,,3.0,2.0,,10.0,,,,,11.0,6.0,3.0,2.0,0.0,,,,,,,,,,3.0,5.0,1.0,4.0,74.0,,25.0,68.0,87.0,468.0,538.0,,,18.0,,,,10.0,,,,9.1,2.0,22.0,,6.0,,,11.0,6.0,5.0,,30.0,1,,0,1.0,,,,,,,0.0,2.0,,16.0,,,6.87,6.95,Clasificatorias WC UEFA,UEFA,UEFA
SEL-WC_QUALS_UEFA-2026-13233419,Ronda 2,2025-03-25,Gibraltar,1,República Checa,0,4,,,1.0,0.0,0.0,1.0,0.0,,,,,,,,,,0.0,0.0,5.0,5.0,40.0,,3.0,20.0,54.6,83.0,152.0,,,11.0,,,,10.0,,,,16.7,1.0,6.0,,4.0,,,9.0,5.0,4.0,,62.0,4,,0,7.0,,,,,,,1.0,3.0,,10.0,,,,,29.0,12.0,9.0,8.0,1.0,,,,,,,,,,7.0,12.0,3.0,11.0,74.0,,87.0,80.0,87.0,529.0,608.0,,,31.0,,,,10.0,,,,28.2,11.0,39.0,,9.0,,,19.0,9.0,10.0,,18.0,0,,1,0.0,,,,,,,0.0,1.0,,10.0,,,6.37,7.97,Clasificatorias WC UEFA,UEFA,UEFA
SEL-WC_QUALS_UEFA-2026-13233420,Ronda 2,2025-03-25,Montenegro,1,Islas Feroe,1,0,,,20.0,5.0,8.0,7.0,0.0,,,,,,,,,,1.0,7.0,0.0,7.0,82.0,,27.0,66.0,86.3,446.0,517.0,,,40.0,,,,10.0,,,,25.6,10.0,39.0,,4.0,,,16.0,10.0,6.0,,27.0,0,,1,1.0,,,,,,,1.0,1.0,,9.0,,,,,4.0,1.0,3.0,0.0,0.0,,,,,,,,,,0.0,3.0,1.0,7.0,49.0,,5.0,34.0,71.6,194.0,271.0,,,19.0,,,,9.0,,,,8.3,1.0,12.0,,8.0,,,11.0,7.0,4.0,,44.0,1,,0,4.0,,,,,,,1.0,1.0,,10.0,,,7.09,6.77,Clasificatorias WC UEFA,UEFA,UEFA
SEL-WC_QUALS_UEFA-2026-13233421,Ronda 3,2025-06-06,Estonia,1,Israel,1,3,,,8.0,2.0,5.0,1.0,1.0,,,,,,,,,,2.0,5.0,1.0,13.0,49.0,,18.0,53.0,85.0,380.0,447.0,,,25.0,,,,7.0,,,,16.7,4.0,24.0,,7.0,,,9.0,3.0,6.0,,21.0,3,,0,4.0,,,,,0.0,,,1.0,,13.0,,,,,16.0,7.0,4.0,5.0,0.0,,,,,,,,,,2.0,5.0,0.0,8.0,45.0,,29.0,47.0,81.7,339.0,415.0,,,11.0,,,,12.0,,,,25.0,2.0,8.0,,5.0,,,16.0,10.0,6.0,,21.0,1,,0,0.0,,,,,1.0,,,0.0,,7.0,,,6.69,7.26,Clasificatorias WC UEFA,UEFA,UEFA
SEL-WC_QUALS_UEFA-2026-13233422,Ronda 3,2025-06-06,Noruega,1,Italia,3,0,,,8.0,4.0,1.0,3.0,1.0,,,,,,,,,,2.0,6.0,0.0,7.0,58.0,,18.0,38.0,85.9,305.0,355.0,,,32.0,,,,10.0,,,,,0.0,11.0,,5.0,,,10.0,7.0,3.0,,22.0,0,,1,1.0,,,,,,,1.0,2.0,,11.0,,,,,6.0,1.0,2.0,3.0,0.0,,,,,,,,,,0.0,2.0,2.0,9.0,66.0,,19.0,62.0,89.9,526.0,585.0,,,22.0,,,,11.0,,,,11.1,2.0,18.0,,8.0,,,17.0,10.0,7.0,,16.0,3,,0,1.0,,,,,,,0.0,0.0,,10.0,,,7.25,6.67,Clasificatorias WC UEFA,UEFA,UEFA
SEL-WC_QUALS_UEFA-2026-13233423,Ronda 3,2025-06-06,Macedonia del Norte,1,Bélgica,1,1,,,7.0,2.0,3.0,2.0,2.0,,,,,,,,,,2.0,1.0,2.0,17.0,27.0,,22.0,32.0,76.6,200.0,261.0,,,15.0,,,,11.0,,,,,0.0,2.0,,3.0,,,18.0,14.0,4.0,,26.0,1,,0,2.0,,,,,1.0,,1.0,6.0,,13.0,,,,,17.0,4.0,6.0,7.0,1.0,,,,,,,,,,2.0,10.0,1.0,9.0,60.0,,40.0,68.0,88.1,479.0,544.0,,,39.0,,,,13.0,,,,31.6,6.0,19.0,,9.0,,,12.0,7.0,5.0,,12.0,1,,0,1.0,,,,,0.0,,0.0,1.0,,11.0,,,6.99,7.03,Clasificatorias WC UEFA,UEFA,UEFA
SEL-WC_QUALS_UEFA-2026-13233424,Ronda 3,2025-06-06,Gales,1,Liechtenstein,3,0,,,26.0,11.0,9.0,6.0,0.0,,,,,,,,,,5.0,12.0,1.0,12.0,119.0,,54.0,79.0,90.9,640.0,704.0,,,25.0,,,,8.0,,,,28.0,14.0,50.0,,10.0,,,7.0,6.0,1.0,,2.0,0,,1,0.0,,,,,0.0,,0.0,1.0,,9.0,,,,,0.0,0.0,0.0,0.0,0.0,,,,,,,,,,0.0,0.0,3.0,5.0,22.0,,0.0,21.0,57.0,110.0,193.0,,,8.0,,,,9.0,,,,,0.0,0.0,,8.0,,,11.0,5.0,6.0,,49.0,3,,0,8.0,,,,,4.0,,2.0,2.0,,8.0,,,7.57,6.59,Clasificatorias WC UEFA,UEFA,UEFA
SEL-WC_QUALS_UEFA-2026-13233426,Ronda 3,2025-06-06,República Checa,1,Montenegro,2,0,,,13.0,7.0,3.0,3.0,0.0,,,,,,,,,,2.0,8.0,4.0,3.0,64.0,,32.0,58.0,82.1,363.0,442.0,,,14.0,,,,10.0,,,,28.6,8.0,28.0,,10.0,,,11.0,6.0,5.0,,12.0,0,,1,2.0,,,,,0.0,,,1.0,,23.0,,,,,6.0,3.0,3.0,0.0,0.0,,,,,,,,,,1.0,4.0,1.0,6.0,42.0,,15.0,42.0,75.1,251.0,334.0,,,23.0,,,,23.0,,,,30.8,4.0,13.0,,11.0,,,17.0,8.0,9.0,,29.0,2,,0,4.0,,,,,2.0,,,3.0,,10.0,,,7.19,6.84,Clasificatorias WC UEFA,UEFA,UEFA
SEL-WC_QUALS_UEFA-2026-13233427,Ronda 3,2025-06-06,Gibraltar,1,Croacia,0,7,,,3.0,0.0,2.0,1.0,0.0,,,,,,,,,,0.0,1.0,2.0,5.0,39.0,,4.0,32.0,68.2,161.0,236.0,,,19.0,,,,10.0,,,,16.7,1.0,6.0,,8.0,,,12.0,7.0,5.0,,35.0,7,,0,5.0,,,,,,,,0.0,,9.0,,,,,30.0,13.0,10.0,7.0,0.0,,,,,,,,,,13.0,12.0,6.0,3.0,65.0,,58.0,68.0,89.1,432.0,485.0,,,31.0,,,,9.0,,,,28.6,10.0,35.0,,8.0,,,24.0,13.0,11.0,,16.0,0,,1,0.0,,,,,,,,1.0,,10.0,,,6.21,7.7,Clasificatorias WC UEFA,UEFA,UEFA
SEL-WC_QUALS_UEFA-2026-13233428,Ronda 3,2025-06-07,Bosnia,1,San Marino,1,0,,,21.0,6.0,9.0,6.0,0.0,,,,,,,,,,3.0,5.0,0.0,10.0,80.0,,45.0,67.0,83.9,447.0,533.0,,,22.0,,,,12.0,,,,38.1,8.0,21.0,,9.0,,,13.0,7.0,6.0,,13.0,0,,1,0.0,,,,,,,0.0,1.0,,21.0,,,,,5.0,0.0,2.0,3.0,0.0,,,,,,,,,,0.0,2.0,1.0,5.0,37.0,,8.0,33.0,69.3,176.0,254.0,,,22.0,,,,21.0,,,,,0.0,9.0,,8.0,,,19.0,14.0,5.0,,32.0,1,,0,4.0,,,,,,,1.0,2.0,,12.0,,,7.1,6.91,Clasificatorias WC UEFA,UEFA,UEFA
SEL-WC_QUALS_UEFA-2026-13233430,Ronda 3,2025-06-07,Malta,1,Lituania,0,0,,,6.0,1.0,3.0,2.0,0.0,,,,,,,,,,1.0,2.0,1.0,4.0,48.0,,14.0,49.0,78.2,309.0,395.0,,,26.0,,,,19.0,,,,9.1,1.0,11.0,,3.0,,,14.0,8.0,6.0,,33.0,0,,1,2.0,,,,,0.0,,,3.0,,23.0,,,,,8.0,2.0,5.0,1.0,1.0,,,,,,,,,,0.0,2.0,0.0,8.0,74.0,,16.0,51.0,78.6,316.0,402.0,,,33.0,,,,23.0,,,,13.6,3.0,22.0,,7.0,,,14.0,9.0,5.0,,17.0,0,,1,1.0,,,,,2.0,,,2.0,,19.0,,,6.82,7.15,Clasificatorias WC UEFA,UEFA,UEFA
SEL-WC_QUALS_UEFA-2026-13233429,Ronda 3,2025-06-07,Andorra,1,Inglaterra,0,1,,,4.0,0.0,3.0,1.0,0.0,,,,,,,,,,0.0,0.0,0.0,3.0,30.0,,5.0,17.0,57.9,88.0,152.0,,,8.0,,,,8.0,,,,,0.0,3.0,,8.0,,,8.0,2.0,6.0,,39.0,1,,0,9.0,,,,,1.0,,1.0,,,13.0,,,,,20.0,10.0,7.0,3.0,0.0,,,,,,,,,,6.0,12.0,2.0,13.0,113.0,,52.0,83.0,90.9,683.0,751.0,,,25.0,,,,13.0,,,,18.5,5.0,27.0,,5.0,,,14.0,6.0,8.0,,5.0,0,,1,0.0,,,,,0.0,,0.0,,,8.0,,,6.57,7.6,Clasificatorias WC UEFA,UEFA,UEFA
SEL-WC_QUALS_UEFA-2026-13233433,Ronda 3,2025-06-07,Finlandia,1,Países Bajos,0,2,,,5.0,2.0,1.0,2.0,0.0,,,,,,,,,,0.0,1.0,0.0,3.0,30.0,,19.0,40.0,86.0,392.0,456.0,,,19.0,,,,9.0,,,,,0.0,7.0,,2.0,,,14.0,6.0,8.0,,23.0,2,,0,4.0,,,,,,,,1.0,,9.0,,,,,17.0,6.0,8.0,3.0,0.0,,,,,,,,,,4.0,6.0,2.0,4.0,63.0,,33.0,60.0,92.4,624.0,675.0,,,10.0,,,,9.0,,,,26.7,4.0,15.0,,8.0,,,11.0,6.0,5.0,,14.0,0,,1,2.0,,,,,,,,2.0,,9.0,,,6.62,7.47,Clasificatorias WC UEFA,UEFA,UEFA
SEL-WC_QUALS_UEFA-2026-13233431,Ronda 3,2025-06-07,Austria,1,Rumania,2,1,,,14.0,9.0,3.0,2.0,0.0,,,,,,,,,,0.0,5.0,1.0,8.0,67.0,,33.0,60.0,87.5,443.0,506.0,,,27.0,,,,10.0,,,,18.2,4.0,22.0,,9.0,,,28.0,19.0,9.0,,16.0,1,,0,2.0,,,,,1.0,,,1.0,,11.0,,,,,10.0,3.0,3.0,4.0,0.0,,,,,,,,,,1.0,4.0,2.0,11.0,29.0,,18.0,40.0,78.7,266.0,338.0,,,20.0,,,,11.0,,,,75.0,6.0,8.0,,7.0,,,20.0,14.0,6.0,,39.0,2,,0,7.0,,,,,2.0,,,1.0,,10.0,,,7.28,6.82,Clasificatorias WC UEFA,UEFA,UEFA
SEL-WC_QUALS_UEFA-2026-13233432,Ronda 3,2025-06-07,Albania,1,Serbia,0,0,,,10.0,4.0,4.0,2.0,0.0,,,,,,,,,,1.0,4.0,,8.0,36.0,,11.0,44.0,82.6,303.0,367.0,,,28.0,,,,12.0,,,,9.1,1.0,11.0,,5.0,,,10.0,7.0,3.0,,12.0,0,,1,2.0,,,0.0,,1.0,,1.0,1.0,,9.0,,,,,8.0,2.0,4.0,2.0,0.0,,,,,,,,,,1.0,4.0,,4.0,49.0,,18.0,56.0,88.8,419.0,472.0,,,32.0,,,,9.0,,,,27.8,5.0,18.0,,8.0,,,14.0,12.0,2.0,,19.0,0,,1,4.0,,,1.0,,0.0,,0.0,2.0,,13.0,,,6.97,7.15,Clasificatorias WC UEFA,UEFA,UEFA
SEL-WC_QUALS_UEFA-2026-13233434,Ronda 4,2025-06-09,Kazajistán,1,Macedonia del Norte,0,1,,,13.0,3.0,6.0,4.0,3.0,,,,,,,,,,1.0,6.0,1.0,5.0,65.0,,24.0,53.0,80.8,323.0,400.0,,,40.0,,,,11.0,,,,22.2,4.0,18.0,,5.0,,,26.0,18.0,8.0,,17.0,1,,0,4.0,,,,,,,,2.0,,21.0,,,,,9.0,5.0,1.0,3.0,0.0,,,,,,,,,,0.0,0.0,1.0,7.0,46.0,,10.0,47.0,77.6,287.0,370.0,,,20.0,,,,21.0,,,,,0.0,3.0,,5.0,,,28.0,12.0,16.0,,19.0,0,,1,3.0,,,,,,,,2.0,,11.0,,,6.97,6.95,Clasificatorias WC UEFA,UEFA,UEFA
SEL-WC_QUALS_UEFA-2026-13233435,Ronda 4,2025-06-09,Estonia,1,Noruega,0,1,,,7.0,2.0,2.0,3.0,3.0,,,,,,,,,,0.0,2.0,,9.0,42.0,,7.0,38.0,82.3,292.0,355.0,,,26.0,,,,9.0,,,,14.3,2.0,14.0,,16.0,,,12.0,8.0,4.0,,22.0,1,,0,2.0,,,,,1.0,,,1.0,,7.0,,,,,19.0,3.0,10.0,6.0,2.0,,,,,,,,,,2.0,2.0,,14.0,56.0,,35.0,62.0,87.2,512.0,587.0,,,21.0,,,,7.0,,,,35.0,7.0,20.0,,10.0,,,15.0,8.0,7.0,,10.0,0,,1,2.0,,,,,1.0,,,1.0,,9.0,,,6.87,7.42,Clasificatorias WC UEFA,UEFA,UEFA
SEL-WC_QUALS_UEFA-2026-13233436,Ronda 4,2025-06-09,Italia,1,Moldavia,2,0,,,28.0,7.0,9.0,12.0,1.0,,,,,,,,,,2.0,7.0,0.0,8.0,64.0,,48.0,65.0,90.2,554.0,614.0,,,29.0,,,,12.0,,,,28.1,9.0,32.0,,3.0,,,8.0,2.0,6.0,,9.0,0,,1,6.0,,,,,1.0,,,1.0,,8.0,,,,,18.0,7.0,8.0,3.0,0.0,,,,,,,,,,0.0,6.0,1.0,3.0,33.0,,19.0,35.0,81.4,263.0,323.0,,,20.0,,,,8.0,,,,53.3,8.0,15.0,,11.0,,,11.0,9.0,2.0,,43.0,2,,0,5.0,,,,,1.0,,,1.0,,12.0,,,7.56,6.91,Clasificatorias WC UEFA,UEFA,UEFA
SEL-WC_QUALS_UEFA-2026-13233438,Ronda 4,2025-06-09,Bélgica,1,Gales,4,3,,,18.0,4.0,6.0,8.0,0.0,,,,,,,,,,5.0,7.0,1.0,10.0,34.0,,41.0,46.0,87.8,352.0,401.0,,,15.0,,,,8.0,,,,27.3,3.0,11.0,,3.0,,,6.0,0.0,6.0,,15.0,3,,0,5.0,,,,,,,1.0,3.0,,13.0,,,,,12.0,8.0,1.0,3.0,0.0,,,,,,,,,,6.0,5.0,0.0,2.0,49.0,,20.0,54.0,90.0,423.0,470.0,,,24.0,,,,12.0,,,,34.8,8.0,23.0,,7.0,,,22.0,11.0,11.0,,21.0,4,,0,0.0,,,,,,,0.0,3.0,,9.0,,,7.07,7.01,Clasificatorias WC UEFA,UEFA,UEFA
SEL-WC_QUALS_UEFA-2026-13233446,Ronda 4,2025-06-09,Croacia,1,República Checa,5,1,,,18.0,11.0,2.0,5.0,0.0,,,,,,,,,,6.0,0.0,3.0,9.0,59.0,,36.0,61.0,87.2,465.0,533.0,,,30.0,,,,9.0,,,,11.8,2.0,17.0,,13.0,,,8.0,2.0,6.0,,23.0,1,,0,3.0,,,,,1.0,,1.0,0.0,,3.0,,,,,14.0,5.0,3.0,6.0,1.0,,,,,,,,,,2.0,6.0,1.0,8.0,46.0,,27.0,39.0,74.6,244.0,327.0,,,20.0,,,,3.0,,,,18.8,3.0,16.0,,5.0,,,11.0,5.0,6.0,,25.0,5,,0,4.0,,,,,2.0,,1.0,2.0,,11.0,,,7.7,6.57,Clasificatorias WC UEFA,UEFA,UEFA
SEL-WC_QUALS_UEFA-2026-13233445,Ronda 4,2025-06-09,Islas Feroe,1,Gibraltar,2,1,,,22.0,5.0,10.0,7.0,1.0,,,,,,,,,,1.0,11.0,3.0,3.0,69.0,,42.0,73.0,87.9,522.0,594.0,,,30.0,,,,7.0,,,,12.5,5.0,40.0,,3.0,,,11.0,7.0,4.0,,16.0,1,,0,0.0,,,,,0.0,,0.0,1.0,,12.0,,,,,5.0,1.0,2.0,2.0,0.0,,,,,,,,,,0.0,3.0,2.0,3.0,42.0,,12.0,27.0,66.4,150.0,226.0,,,23.0,,,,12.0,,,,,0.0,5.0,,10.0,,,9.0,6.0,3.0,,37.0,2,,0,3.0,,,,,1.0,,3.0,1.0,,7.0,,,7.13,6.84,Clasificatorias WC UEFA,UEFA,UEFA
SEL-WC_QUALS_UEFA-2026-13233451,Ronda 4,2025-06-10,Finlandia,1,Polonia,2,1,,,13.0,4.0,5.0,4.0,1.0,,,,,,,,,,5.0,4.0,1.0,4.0,38.0,,21.0,47.0,80.9,318.0,393.0,,,11.0,,,,9.0,,,,36.4,4.0,11.0,,12.0,,,13.0,8.0,5.0,,38.0,1,,0,7.0,,,,,2.0,,0.0,1.0,,10.0,,,,,24.0,9.0,8.0,7.0,0.0,,,,,,,,,,4.0,4.0,1.0,10.0,51.0,,37.0,53.0,82.3,349.0,424.0,,,18.0,,,,10.0,,,,21.4,6.0,28.0,,7.0,,,16.0,12.0,4.0,,18.0,2,,0,1.0,,,,,0.0,,2.0,2.0,,10.0,,,7.1,7.03,Clasificatorias WC UEFA,UEFA,UEFA
SEL-WC_QUALS_UEFA-2026-13233452,Ronda 4,2025-06-10,Países Bajos,1,Malta,8,0,,,27.0,9.0,11.0,7.0,0.0,,,,,,,,,,9.0,6.0,3.0,9.0,82.0,,70.0,65.0,92.3,562.0,609.0,,,23.0,,,,14.0,,,,38.5,10.0,26.0,,14.0,,,17.0,10.0,7.0,,13.0,0,,1,2.0,,,,,2.0,,,1.0,,12.0,,,,,5.0,2.0,2.0,1.0,0.0,,,,,,,,,,0.0,2.0,2.0,4.0,25.0,,7.0,35.0,81.1,274.0,338.0,,,15.0,,,,12.0,,,,,0.0,8.0,,13.0,,,18.0,8.0,10.0,,20.0,8,,0,1.0,,,,,0.0,,,2.0,,15.0,,,8.05,5.9,Clasificatorias WC UEFA,UEFA,UEFA
SEL-WC_QUALS_UEFA-2026-13233447,Ronda 4,2025-06-10,Rumania,1,Chipre,2,0,,,19.0,6.0,3.0,10.0,0.0,,,,,,,,,,2.0,10.0,2.0,12.0,58.0,,37.0,60.0,86.7,469.0,541.0,,,30.0,,,,9.0,,,,26.1,6.0,23.0,,7.0,,,16.0,9.0,7.0,,18.0,0,,1,1.0,,,,,1.0,,,1.0,,12.0,,,,,5.0,1.0,2.0,2.0,0.0,,,,,,,,,,1.0,3.0,2.0,8.0,48.0,,10.0,40.0,82.8,298.0,360.0,,,22.0,,,,12.0,,,,20.0,2.0,10.0,,9.0,,,20.0,13.0,7.0,,28.0,2,,0,4.0,,,,,0.0,,,2.0,,9.0,,,7.3,6.79,Clasificatorias WC UEFA,UEFA,UEFA
SEL-WC_QUALS_UEFA-2026-13233448,Ronda 4,2025-06-10,San Marino,1,Austria,0,4,,,8.0,2.0,2.0,4.0,0.0,,,,,,,,,,1.0,5.0,0.0,9.0,27.0,,6.0,33.0,71.3,186.0,261.0,,,22.0,,,,15.0,,,,36.4,4.0,11.0,,8.0,,,17.0,11.0,6.0,,31.0,4,,0,7.0,,,1.0,,2.0,,2.0,1.0,,16.0,,,,,22.0,13.0,5.0,4.0,2.0,,,,,,,,,,5.0,6.0,3.0,14.0,70.0,,56.0,67.0,85.1,473.0,556.0,,,22.0,,,,15.0,,,,31.8,7.0,22.0,,5.0,,,23.0,12.0,11.0,,11.0,0,,1,2.0,,,0.0,,1.0,,0.0,2.0,,15.0,,,6.51,7.65,Clasificatorias WC UEFA,UEFA,UEFA
SEL-WC_QUALS_UEFA-2026-13233449,Ronda 4,2025-06-10,Letonia,1,Albania,1,1,,,7.0,4.0,3.0,0.0,0.0,,,,,,,,,,2.0,6.0,1.0,1.0,29.0,,8.0,34.0,82.1,257.0,313.0,,,14.0,,,,9.0,,,,16.7,3.0,18.0,,3.0,,,17.0,11.0,6.0,,42.0,1,,0,3.0,,,0.0,,2.0,,2.0,3.0,,14.0,,,,,13.0,3.0,5.0,5.0,0.0,,,,,,,,,,1.0,9.0,0.0,6.0,85.0,,25.0,66.0,92.5,577.0,624.0,,,34.0,,,,14.0,,,,10.0,3.0,30.0,,6.0,,,9.0,4.0,5.0,,14.0,1,,0,3.0,,,1.0,,0.0,,0.0,0.0,,10.0,,,6.91,7.1,Clasificatorias WC UEFA,UEFA,UEFA
SEL-WC_QUALS_UEFA-2026-13233450,Ronda 4,2025-06-10,Serbia,1,Andorra,3,0,,,20.0,7.0,9.0,4.0,0.0,,,,,,,,,,3.0,10.0,1.0,9.0,98.0,,33.0,71.0,90.2,591.0,655.0,,,26.0,,,,11.0,,,,37.5,9.0,24.0,,1.0,,,7.0,6.0,1.0,,6.0,0,,1,0.0,,,,,0.0,,,1.0,,11.0,,,,,5.0,0.0,4.0,1.0,0.0,,,,,,,,,,0.0,1.0,1.0,0.0,42.0,,5.0,29.0,77.9,215.0,276.0,,,25.0,,,,11.0,,,,25.0,2.0,8.0,,13.0,,,8.0,6.0,2.0,,23.0,3,,0,4.0,,,,,1.0,,,2.0,,12.0,,,7.55,6.38,Clasificatorias WC UEFA,UEFA,UEFA
SEL-WC_QUALS_UEFA-2026-13233453,Ronda 5,2025-09-04,Kazajistán,1,Gales,0,1,,,14.0,3.0,9.0,2.0,2.0,,,,,,,,,,0.0,6.0,,5.0,36.0,,22.0,32.0,76.7,201.0,262.0,,,26.0,,,,13.0,,,,41.2,7.0,17.0,,8.0,,,15.0,7.0,8.0,,24.0,1,,0,4.0,,,,,,,1.0,1.0,,12.0,,,,,16.0,5.0,5.0,6.0,0.0,,,,,,,,,,1.0,6.0,,6.0,57.0,,23.0,68.0,89.7,516.0,575.0,,,13.0,,,,12.0,,,,21.7,5.0,23.0,,5.0,,,10.0,3.0,7.0,,16.0,0,,1,3.0,,,,,,,0.0,1.0,,13.0,,,6.95,7.17,Clasificatorias WC UEFA,UEFA,UEFA
SEL-WC_QUALS_UEFA-2026-13233454,Ronda 5,2025-09-04,Georgia,1,Turquía,2,3,,,15.0,4.0,9.0,2.0,1.0,,,,,,,,,,2.0,6.0,2.0,8.0,50.0,,35.0,54.0,86.2,351.0,407.0,,,26.0,,,,14.0,,,,17.4,4.0,23.0,,1.0,,,16.0,6.0,10.0,,13.0,3,,0,0.0,,,,,0.0,,0.0,4.0,0.0,13.0,,,,,6.0,3.0,1.0,2.0,0.0,,,,,,,,,,2.0,2.0,0.0,6.0,54.0,,9.0,46.0,82.8,298.0,360.0,,,29.0,,,,13.0,,,,20.0,1.0,5.0,,4.0,,,20.0,15.0,5.0,,40.0,2,,0,2.0,,,,,1.0,,1.0,3.0,1.0,14.0,,,6.57,6.95,Clasificatorias WC UEFA,UEFA,UEFA
SEL-WC_QUALS_UEFA-2026-13233459,Ronda 5,2025-09-04,Lituania,1,Malta,1,1,,,14.0,4.0,7.0,3.0,0.0,,,,,,,,,,3.0,4.0,3.0,9.0,60.0,,28.0,55.0,72.8,225.0,309.0,,,26.0,,,,17.0,,,,25.0,5.0,20.0,,3.0,,,16.0,10.0,6.0,,26.0,1,,0,2.0,,,,,1.0,,2.0,5.0,1.0,17.0,,,,,14.0,3.0,6.0,5.0,0.0,,,,,,,,,,2.0,2.0,1.0,11.0,28.0,,29.0,45.0,75.5,191.0,253.0,,,20.0,,,,17.0,,,,20.0,3.0,15.0,,8.0,,,17.0,12.0,5.0,,44.0,1,,0,3.0,,,,,1.0,,0.0,6.0,1.0,18.0,,,6.98,6.99,Clasificatorias WC UEFA,UEFA,UEFA
SEL-WC_QUALS_UEFA-2026-13233455,Ronda 5,2025-09-04,Luxemburgo,1,Irlanda del Norte,1,3,,,7.0,3.0,3.0,1.0,0.0,,,,,,,,,,2.0,2.0,1.0,8.0,42.0,,10.0,49.0,85.8,337.0,393.0,,,18.0,,,,9.0,,,,,0.0,9.0,,5.0,,,6.0,4.0,2.0,,21.0,3,,0,3.0,,,1.0,,2.0,,2.0,4.0,1.0,12.0,,,,,11.0,6.0,3.0,2.0,1.0,,,,,,,,,,2.0,5.0,0.0,5.0,49.0,,12.0,51.0,85.1,354.0,416.0,,,11.0,,,,11.0,,,,23.5,4.0,17.0,,9.0,,,17.0,14.0,3.0,,22.0,1,,0,2.0,,,0.0,,0.0,,1.0,1.0,0.0,9.0,,,6.47,7.02,Clasificatorias WC UEFA,UEFA,UEFA
SEL-WC_QUALS_UEFA-2026-13233456,Ronda 5,2025-09-04,Eslovaquia,1,Alemania,2,0,,,8.0,5.0,1.0,2.0,1.0,,,,,,,,,,3.0,5.0,1.0,5.0,28.0,,18.0,30.0,81.0,213.0,263.0,,,24.0,,,,18.0,,,,20.0,3.0,15.0,,5.0,,,18.0,10.0,8.0,,40.0,0,,1,5.0,,,,,,,1.0,1.0,,12.0,,,,,14.0,4.0,6.0,4.0,0.0,,,,,,,,,,2.0,8.0,0.0,6.0,59.0,,33.0,70.0,88.8,547.0,616.0,,,24.0,,,,12.0,,,,17.4,4.0,23.0,,4.0,,,11.0,7.0,4.0,,13.0,2,,0,3.0,,,,,,,1.0,2.0,,18.0,,,7.42,6.82,Clasificatorias WC UEFA,UEFA,UEFA
SEL-WC_QUALS_UEFA-2026-13233457,Ronda 5,2025-09-04,Bulgaria,1,España,0,3,,,3.0,0.0,1.0,2.0,1.0,,,,,,,,,,0.0,1.0,4.0,3.0,42.0,,3.0,22.0,69.7,159.0,228.0,,,22.0,,,,17.0,,,,20.0,1.0,5.0,,4.0,,,17.0,9.0,8.0,,35.0,3,,0,8.0,,,,,,,,0.0,,6.0,,,,,24.0,12.0,5.0,7.0,1.0,,,,,,,,,,6.0,6.0,1.0,10.0,100.0,,55.0,78.0,92.1,753.0,818.0,,,32.0,,,,6.0,,,,20.0,3.0,15.0,,3.0,,,5.0,3.0,2.0,,12.0,0,,1,0.0,,,,,,,,1.0,,17.0,,,6.62,7.65,Clasificatorias WC UEFA,UEFA,UEFA
SEL-WC_QUALS_UEFA-2026-13233460,Ronda 5,2025-09-04,Países Bajos,1,Polonia,1,1,,,14.0,5.0,4.0,5.0,2.0,,,,,,,,,,3.0,7.0,5.0,4.0,81.0,,36.0,74.0,93.8,670.0,714.0,,,15.0,,,,11.0,,,,25.0,5.0,20.0,,4.0,,,12.0,9.0,3.0,,16.0,1,,0,1.0,,,,,1.0,,0.0,,,11.0,,,,,6.0,2.0,3.0,1.0,0.0,,,,,,,,,,1.0,4.0,2.0,5.0,20.0,,14.0,26.0,76.3,187.0,245.0,,,16.0,,,,11.0,,,,26.7,4.0,15.0,,4.0,,,19.0,8.0,11.0,,33.0,1,,0,4.0,,,,,0.0,,1.0,,,11.0,,,7.13,6.76,Clasificatorias WC UEFA,UEFA,UEFA
SEL-WC_QUALS_UEFA-2026-13233458,Ronda 5,2025-09-04,Liechtenstein,1,Bélgica,0,6,,,0.0,0.0,0.0,0.0,0.0,,,,,,,,,,0.0,0.0,3.0,3.0,30.0,,3.0,18.0,54.4,86.0,158.0,,,8.0,,,,12.0,,,,,0.0,2.0,,8.0,,,12.0,6.0,6.0,,47.0,6,,0,3.0,,,,,,,1.0,2.0,,11.0,,,,,24.0,9.0,9.0,6.0,1.0,,,,,,,,,,6.0,10.0,3.0,16.0,101.0,,65.0,82.0,88.7,628.0,708.0,,,49.0,,,,10.0,,,,32.4,11.0,34.0,,3.0,,,8.0,7.0,1.0,,6.0,0,,1,0.0,,,,,,,0.0,0.0,,12.0,,,5.92,8.03,Clasificatorias WC UEFA,UEFA,UEFA
SEL-WC_QUALS_UEFA-2026-13233461,Ronda 5,2025-09-05,Eslovenia,1,Suecia,2,2,,,9.0,4.0,2.0,3.0,0.0,,,,,,,,,,0.0,1.0,1.0,2.0,47.0,,14.0,40.0,70.8,226.0,319.0,,,35.0,,,,21.0,,,,44.4,4.0,9.0,,15.0,,,13.0,9.0,4.0,,21.0,2,,0,1.0,,,,,,,1.0,2.0,,19.0,,,,,6.0,2.0,4.0,0.0,0.0,,,,,,,,,,2.0,4.0,2.0,4.0,67.0,,25.0,60.0,77.6,367.0,473.0,,,20.0,,,,19.0,,,,23.1,3.0,13.0,,8.0,,,12.0,7.0,5.0,,19.0,2,,0,2.0,,,,,,,0.0,2.0,,21.0,,,6.7,6.9,Clasificatorias WC UEFA,UEFA,UEFA
SEL-WC_QUALS_UEFA-2026-13233462,Ronda 5,2025-09-05,Suiza,1,Kosovo,4,0,,,10.0,5.0,3.0,2.0,0.0,,,,,,,,,,5.0,3.0,2.0,11.0,60.0,,26.0,62.0,88.2,552.0,626.0,,,20.0,,,,10.0,,,,45.5,5.0,11.0,,7.0,,,12.0,9.0,3.0,,12.0,0,,1,1.0,,,,,0.0,,0.0,2.0,,11.0,,,,,7.0,1.0,1.0,5.0,0.0,,,,,,,,,,0.0,4.0,1.0,5.0,36.0,,16.0,38.0,80.7,293.0,363.0,,,23.0,,,,11.0,,,,46.2,6.0,13.0,,10.0,,,16.0,11.0,5.0,,14.0,4,,0,1.0,,,,,1.0,,1.0,0.0,,10.0,,,7.54,6.29,Clasificatorias WC UEFA,UEFA,UEFA
SEL-WC_QUALS_UEFA-2026-13233464,Ronda 5,2025-09-05,Dinamarca,1,Escocia,0,0,,,16.0,2.0,5.0,9.0,0.0,,,,,,,,,,1.0,13.0,2.0,3.0,56.0,,28.0,74.0,90.2,543.0,602.0,,,23.0,,,,15.0,,,,20.8,10.0,48.0,,4.0,,,12.0,7.0,5.0,,23.0,0,,1,1.0,,,,,1.0,,1.0,3.0,,12.0,,,,,11.0,1.0,6.0,4.0,0.0,,,,,,,,,,0.0,4.0,1.0,10.0,39.0,,23.0,26.0,68.7,145.0,211.0,,,22.0,,,,12.0,,,,33.3,7.0,21.0,,10.0,,,10.0,7.0,3.0,,52.0,0,,1,2.0,,,,,0.0,,4.0,5.0,,15.0,,,7.18,7.18,Clasificatorias WC UEFA,UEFA,UEFA
SEL-WC_QUALS_UEFA-2026-13233463,Ronda 5,2025-09-05,Grecia,1,Bielorrusia,5,1,,,30.0,14.0,14.0,2.0,0.0,,,,,,,,,,7.0,11.0,1.0,9.0,54.0,,49.0,64.0,86.6,439.0,507.0,,,25.0,,,,12.0,,,,56.5,13.0,23.0,,10.0,,,17.0,11.0,6.0,,17.0,1,,0,3.0,,,,,,,1.0,1.0,,7.0,,,,,11.0,4.0,2.0,5.0,0.0,,,,,,,,,,1.0,7.0,1.0,8.0,34.0,,9.0,36.0,78.2,226.0,289.0,,,13.0,,,,6.0,,,,11.8,2.0,17.0,,11.0,,,16.0,5.0,11.0,,26.0,5,,0,8.0,,,,,,,0.0,2.0,,12.0,,,7.95,6.35,Clasificatorias WC UEFA,UEFA,UEFA
SEL-WC_QUALS_UEFA-2026-13233465,Ronda 5,2025-09-05,Islandia,1,Azerbaiyán,5,0,,,14.0,7.0,6.0,1.0,0.0,,,,,,,,,,5.0,3.0,0.0,6.0,94.0,,33.0,71.0,88.5,608.0,687.0,,,34.0,,,,12.0,,,,21.4,6.0,28.0,,5.0,,,5.0,4.0,1.0,,9.0,0,,1,0.0,,,,,0.0,,0.0,1.0,,12.0,,,,,2.0,0.0,2.0,0.0,0.0,,,,,,,,,,0.0,2.0,3.0,4.0,31.0,,6.0,29.0,70.1,197.0,281.0,,,15.0,,,,12.0,,,,40.0,2.0,5.0,,11.0,,,12.0,7.0,5.0,,35.0,5,,0,4.0,,,,,1.0,,1.0,2.0,,12.0,,,7.59,6.31,Clasificatorias WC UEFA,UEFA,UEFA
SEL-WC_QUALS_UEFA-2026-13233466,Ronda 5,2025-09-05,Ucrania,1,Francia,0,2,,,8.0,3.0,4.0,1.0,1.0,,,,,,,,,,4.0,4.0,1.0,3.0,44.0,,11.0,44.0,86.3,353.0,409.0,,,23.0,,,,8.0,,,,6.2,1.0,16.0,,6.0,,,20.0,13.0,7.0,,19.0,2,,0,4.0,,,,,2.0,,1.0,,,10.0,,,,,16.0,6.0,6.0,4.0,0.0,,,,,,,,,,5.0,4.0,0.0,9.0,84.0,,29.0,56.0,88.7,477.0,538.0,,,26.0,,,,10.0,,,,11.1,1.0,9.0,,7.0,,,19.0,14.0,5.0,,15.0,0,,1,2.0,,,,,0.0,,0.0,,,8.0,,,6.66,7.59,Clasificatorias WC UEFA,UEFA,UEFA
SEL-WC_QUALS_UEFA-2026-13233468,Ronda 5,2025-09-05,Italia,1,Estonia,5,0,,,40.0,13.0,14.0,13.0,3.0,,,,,,,,,,11.0,12.0,1.0,4.0,74.0,,61.0,70.0,90.0,569.0,632.0,,,32.0,,,,14.0,,,,43.8,14.0,32.0,,4.0,,,8.0,6.0,2.0,,16.0,0,,1,2.0,,,,,1.0,,0.0,1.0,,9.0,,,,,4.0,2.0,2.0,0.0,0.0,,,,,,,,,,1.0,3.0,1.0,2.0,33.0,,9.0,30.0,76.1,210.0,276.0,,,28.0,,,,9.0,,,,25.0,2.0,8.0,,4.0,,,12.0,4.0,8.0,,35.0,5,,0,8.0,,,,,2.0,,2.0,3.0,,14.0,,,7.86,6.56,Clasificatorias WC UEFA,UEFA,UEFA
SEL-WC_QUALS_UEFA-2026-13233467,Ronda 5,2025-09-05,Moldavia,1,Israel,0,4,,,12.0,3.0,5.0,4.0,0.0,,,,,,,,,,1.0,3.0,1.0,4.0,42.0,,17.0,44.0,79.1,276.0,349.0,,,36.0,,,,10.0,,,,26.3,5.0,19.0,,10.0,,,11.0,7.0,4.0,,24.0,4,,0,5.0,,,,,,,,0.0,,5.0,,,,,16.0,9.0,4.0,3.0,0.0,,,,,,,,,,6.0,5.0,3.0,16.0,41.0,,35.0,56.0,85.6,399.0,466.0,,,16.0,,,,5.0,,,,11.1,1.0,9.0,,7.0,,,17.0,10.0,7.0,,31.0,0,,1,3.0,,,,,,,,2.0,,10.0,,,6.45,7.54,Clasificatorias WC UEFA,UEFA,UEFA
SEL-WC_QUALS_UEFA-2026-13233469,Ronda 5,2025-09-05,Islas Feroe,1,Croacia,0,1,,,6.0,3.0,2.0,1.0,0.0,,,,,,,,,,1.0,3.0,2.0,3.0,50.0,,14.0,26.0,67.3,146.0,217.0,,,18.0,,,,8.0,,,,11.1,2.0,18.0,,9.0,,,22.0,14.0,8.0,,50.0,1,,0,8.0,,,,,,,1.0,2.0,,12.0,,,,,26.0,8.0,9.0,9.0,1.0,,,,,,,,,,3.0,17.0,2.0,9.0,73.0,,44.0,74.0,90.0,549.0,610.0,,,22.0,,,,12.0,,,,26.7,12.0,45.0,,4.0,,,5.0,4.0,1.0,,32.0,0,,1,3.0,,,,,,,1.0,1.0,,8.0,,,7.14,7.38,Clasificatorias WC UEFA,UEFA,UEFA
SEL-WC_QUALS_UEFA-2026-13233470,Ronda 5,2025-09-05,Montenegro,1,República Checa,0,2,,,22.0,5.0,10.0,7.0,1.0,,,,,,,,,,2.0,6.0,0.0,11.0,61.0,,20.0,51.0,79.7,295.0,370.0,,,37.0,,,,16.0,,,,19.2,5.0,26.0,,10.0,,,12.0,7.0,5.0,,24.0,2,,0,8.0,,,,,1.0,,0.0,4.0,,13.0,,,,,20.0,10.0,7.0,3.0,1.0,,,,,,,,,,5.0,6.0,2.0,7.0,57.0,,26.0,49.0,77.6,280.0,361.0,,,35.0,,,,13.0,,,,30.4,7.0,23.0,,8.0,,,12.0,7.0,5.0,,33.0,0,,1,5.0,,,,,1.0,,2.0,1.0,,16.0,,,7.02,7.26,Clasificatorias WC UEFA,UEFA,UEFA
SEL-WC_QUALS_UEFA-2026-13233471,Ronda 5,2025-09-06,Letonia,1,Serbia,0,1,,,8.0,2.0,2.0,4.0,1.0,,,,,,,,,,1.0,3.0,0.0,7.0,29.0,,14.0,45.0,88.4,426.0,482.0,,,22.0,,,,13.0,,,,15.4,2.0,13.0,,7.0,,,14.0,7.0,7.0,,27.0,1,,0,6.0,,,,,1.0,,1.0,1.0,,9.0,,,,,20.0,7.0,7.0,6.0,0.0,,,,,,,,,,1.0,7.0,2.0,12.0,70.0,,39.0,55.0,93.9,539.0,574.0,,,23.0,,,,9.0,,,,35.7,10.0,28.0,,6.0,,,8.0,3.0,5.0,,15.0,0,,1,2.0,,,,,1.0,,0.0,1.0,,13.0,,,6.83,7.55,Clasificatorias WC UEFA,UEFA,UEFA
SEL-WC_QUALS_UEFA-2026-13233472,Ronda 5,2025-09-06,Armenia,1,Portugal,0,5,,,7.0,3.0,2.0,2.0,0.0,,,,,,,,,,0.0,2.0,3.0,4.0,21.0,,7.0,29.0,84.0,221.0,263.0,,,17.0,,,,7.0,,,,,0.0,4.0,,10.0,,,19.0,14.0,5.0,,22.0,5,,0,4.0,,,,,1.0,,,1.0,,10.0,,,,,24.0,9.0,11.0,4.0,1.0,,,,,,,,,,9.0,4.0,1.0,15.0,56.0,,54.0,71.0,93.1,590.0,634.0,,,29.0,,,,10.0,,,,61.1,11.0,18.0,,4.0,,,11.0,6.0,5.0,,10.0,0,,1,3.0,,,,,0.0,,,0.0,,7.0,,,6.2,7.85,Clasificatorias WC UEFA,UEFA,UEFA
SEL-WC_QUALS_UEFA-2026-13233474,Ronda 5,2025-09-06,Inglaterra,1,Andorra,2,0,,,11.0,7.0,3.0,1.0,0.0,,,,,,,,,,3.0,8.0,5.0,5.0,124.0,,46.0,83.0,90.2,710.0,787.0,,,22.0,,,,8.0,,,,30.0,6.0,20.0,,2.0,,,11.0,9.0,2.0,,4.0,0,,1,0.0,,,,,0.0,,,1.0,,10.0,,,,,2.0,0.0,2.0,0.0,0.0,,,,,,,,,,0.0,0.0,1.0,5.0,24.0,,4.0,17.0,56.4,93.0,165.0,,,20.0,,,,10.0,,,,50.0,1.0,2.0,,8.0,,,18.0,15.0,3.0,,43.0,2,,0,5.0,,,,,1.0,,,1.0,,8.0,,,7.26,6.56,Clasificatorias WC UEFA,UEFA,UEFA
SEL-WC_QUALS_UEFA-2026-13233475,Ronda 5,2025-09-06,Irlanda,1,Hungría,2,2,,,23.0,8.0,10.0,5.0,0.0,,,,,,,,,,3.0,4.0,1.0,2.0,72.0,,49.0,67.0,83.2,437.0,525.0,,,32.0,,,,13.0,,,,42.2,19.0,45.0,,2.0,,,10.0,6.0,4.0,,17.0,2,,0,4.0,,,,,1.0,,,3.0,0.0,14.0,,,,,9.0,6.0,3.0,0.0,0.0,,,,,,,,,,4.0,1.0,0.0,0.0,42.0,,11.0,33.0,73.7,205.0,278.0,,,13.0,,,,14.0,,,,50.0,3.0,6.0,,9.0,,,5.0,4.0,1.0,,61.0,2,,0,6.0,,,,,0.0,,,5.0,1.0,13.0,,,7.27,6.92,Clasificatorias WC UEFA,UEFA,UEFA
SEL-WC_QUALS_UEFA-2026-13233476,Ronda 5,2025-09-06,Austria,1,Chipre,1,0,,,10.0,3.0,6.0,1.0,0.0,,,,,,,,,,2.0,7.0,4.0,3.0,66.0,,30.0,71.0,83.9,431.0,514.0,,,25.0,,,,5.0,,,,14.3,4.0,28.0,,6.0,,,15.0,8.0,7.0,,20.0,0,,1,4.0,,,,,,,,1.0,,14.0,,,,,16.0,5.0,5.0,6.0,1.0,,,,,,,,,,2.0,3.0,2.0,8.0,39.0,,18.0,29.0,62.9,134.0,213.0,,,26.0,,,,14.0,,,,45.5,5.0,11.0,,10.0,,,14.0,8.0,6.0,,40.0,1,,0,2.0,,,,,,,,4.0,,6.0,,,7.21,6.78,Clasificatorias WC UEFA,UEFA,UEFA
SEL-WC_QUALS_UEFA-2026-13233477,Ronda 5,2025-09-06,San Marino,1,Bosnia,0,6,,,4.0,1.0,2.0,1.0,0.0,,,,,,,,,,0.0,0.0,2.0,1.0,22.0,,3.0,28.0,74.4,151.0,203.0,,,18.0,,,,20.0,,,,50.0,1.0,2.0,,11.0,,,6.0,4.0,2.0,,23.0,6,,0,4.0,,,,,4.0,,,2.0,1.0,17.0,,,,,22.0,10.0,5.0,7.0,0.0,,,,,,,,,,4.0,6.0,3.0,8.0,67.0,,46.0,72.0,91.9,488.0,531.0,,,19.0,,,,17.0,,,,22.7,5.0,22.0,,6.0,,,11.0,6.0,5.0,,7.0,0,,1,1.0,,,,,0.0,,,2.0,0.0,20.0,,,5.86,7.55,Clasificatorias WC UEFA,UEFA,UEFA
SEL-WC_QUALS_UEFA-2026-13233478,Ronda 6,2025-09-07,Georgia,1,Bulgaria,3,0,,,15.0,5.0,7.0,3.0,1.0,,,,,,,,,,5.0,4.0,2.0,11.0,73.0,,30.0,60.0,90.0,564.0,627.0,,,29.0,,,,18.0,,,,11.1,1.0,9.0,,7.0,,,9.0,7.0,2.0,,11.0,0,,1,2.0,,,,,,,0.0,2.0,,3.0,,,,,5.0,2.0,2.0,1.0,0.0,,,,,,,,,,1.0,1.0,2.0,8.0,41.0,,5.0,40.0,87.4,362.0,414.0,,,29.0,,,,3.0,,,,44.4,4.0,9.0,,13.0,,,12.0,8.0,4.0,,12.0,3,,0,2.0,,,,,,,1.0,4.0,,18.0,,,7.45,6.25,Clasificatorias WC UEFA,UEFA,UEFA
SEL-WC_QUALS_UEFA-2026-13233484,Ronda 6,2025-09-07,Lituania,1,Países Bajos,2,3,,,4.0,3.0,0.0,1.0,0.0,,,,,,,,,,0.0,1.0,,5.0,33.0,,16.0,27.0,70.7,162.0,229.0,,,13.0,,,,10.0,,,,9.1,1.0,11.0,,7.0,,,14.0,7.0,7.0,,55.0,3,,0,4.0,,,,,1.0,,1.0,2.0,,13.0,,,,,14.0,7.0,4.0,3.0,1.0,,,,,,,,,,3.0,7.0,,10.0,84.0,,44.0,73.0,87.5,552.0,631.0,,,26.0,,,,13.0,,,,22.2,6.0,27.0,,7.0,,,12.0,7.0,5.0,,17.0,2,,0,1.0,,,,,0.0,,0.0,0.0,,10.0,,,6.61,7.31,Clasificatorias WC UEFA,UEFA,UEFA
SEL-WC_QUALS_UEFA-2026-13233479,Ronda 6,2025-09-07,Macedonia del Norte,1,Liechtenstein,5,0,,,18.0,8.0,6.0,4.0,0.0,,,,,,,,,,4.0,7.0,3.0,11.0,63.0,,34.0,71.0,87.5,433.0,495.0,,,39.0,,,,15.0,,,,26.9,7.0,26.0,,8.0,,,6.0,4.0,2.0,,12.0,0,,1,1.0,,,,,0.0,,0.0,2.0,,11.0,,,,,3.0,1.0,2.0,0.0,0.0,,,,,,,,,,0.0,2.0,0.0,3.0,19.0,,4.0,29.0,68.0,140.0,206.0,,,12.0,,,,11.0,,,,,0.0,5.0,,7.0,,,10.0,6.0,4.0,,29.0,5,,0,4.0,,,,,1.0,,2.0,1.0,,15.0,,,7.55,6.38,Clasificatorias WC UEFA,UEFA,UEFA
SEL-WC_QUALS_UEFA-2026-13233481,Ronda 6,2025-09-07,Alemania,1,Irlanda del Norte,3,1,,,11.0,6.0,3.0,2.0,1.0,,,,,,,,,,4.0,3.0,2.0,10.0,56.0,,23.0,80.0,90.4,679.0,751.0,,,20.0,,,,13.0,,,,13.3,2.0,15.0,,6.0,,,9.0,7.0,2.0,,22.0,1,,0,0.0,,,,,0.0,,2.0,1.0,,9.0,,,,,3.0,1.0,2.0,0.0,0.0,,,,,,,,,,1.0,5.0,1.0,2.0,41.0,,6.0,20.0,62.8,115.0,183.0,,,12.0,,,,9.0,,,,14.3,2.0,14.0,,12.0,,,21.0,14.0,7.0,,29.0,3,,0,3.0,,,,,2.0,,1.0,4.0,,13.0,,,7.04,6.52,Clasificatorias WC UEFA,UEFA,UEFA
SEL-WC_QUALS_UEFA-2026-13233480,Ronda 6,2025-09-07,Luxemburgo,1,Eslovaquia,0,1,,,11.0,4.0,5.0,2.0,2.0,,,,,,,,,,2.0,4.0,2.0,7.0,49.0,,17.0,47.0,79.3,326.0,411.0,,,31.0,,,,14.0,,,,11.8,2.0,17.0,,15.0,,,9.0,4.0,5.0,,15.0,1,,0,1.0,,,,,,,,3.0,,14.0,,,,,6.0,2.0,2.0,2.0,0.0,,,,,,,,,,1.0,4.0,1.0,5.0,50.0,,17.0,53.0,82.6,389.0,471.0,,,27.0,,,,14.0,,,,20.0,3.0,15.0,,1.0,,,12.0,4.0,8.0,,21.0,0,,1,4.0,,,,,,,,3.0,,14.0,,,6.75,6.94,Clasificatorias WC UEFA,UEFA,UEFA
SEL-WC_QUALS_UEFA-2026-13233482,Ronda 6,2025-09-07,Turquía,1,España,0,6,,,11.0,2.0,1.0,8.0,0.0,,,,,,,,,,0.0,8.0,5.0,8.0,46.0,,25.0,50.0,87.4,445.0,509.0,,,25.0,,,,9.0,,,,6.2,1.0,16.0,,12.0,,,13.0,9.0,4.0,,12.0,6,,0,6.0,,,,,,,,,,6.0,,,,,21.0,12.0,4.0,5.0,0.0,,,,,,,,,,10.0,4.0,3.0,11.0,62.0,,40.0,50.0,89.1,468.0,525.0,,,17.0,,,,6.0,,,,28.6,2.0,7.0,,7.0,,,26.0,9.0,17.0,,31.0,0,,1,2.0,,,,,,,,,,9.0,,,6.29,8.04,Clasificatorias WC UEFA,UEFA,UEFA
SEL-WC_QUALS_UEFA-2026-13233485,Ronda 6,2025-09-07,Polonia,1,Finlandia,3,1,,,15.0,6.0,5.0,4.0,0.0,,,,,,,,,,3.0,8.0,1.0,4.0,46.0,,30.0,45.0,79.0,312.0,395.0,,,29.0,,,,11.0,,,,21.7,5.0,23.0,,12.0,,,15.0,14.0,1.0,,22.0,1,,0,1.0,,,,,,,0.0,1.0,,11.0,,,,,5.0,2.0,2.0,1.0,0.0,,,,,,,,,,1.0,2.0,1.0,4.0,48.0,,9.0,55.0,84.4,416.0,493.0,,,22.0,,,,11.0,,,,,0.0,13.0,,6.0,,,11.0,7.0,4.0,,28.0,3,,0,3.0,,,,,,,1.0,0.0,,11.0,,,7.21,6.49,Clasificatorias WC UEFA,UEFA,UEFA
SEL-WC_QUALS_UEFA-2026-13233483,Ronda 6,2025-09-07,Bélgica,1,Kazajistán,6,0,,,35.0,15.0,10.0,10.0,1.0,,,,,,,,,,6.0,11.0,0.0,9.0,95.0,,85.0,75.0,89.0,580.0,652.0,,,25.0,,,,10.0,,,,33.3,8.0,24.0,,3.0,,,14.0,9.0,5.0,,7.0,0,,1,2.0,,,,,,,,0.0,,6.0,,,,,5.0,2.0,1.0,2.0,0.0,,,,,,,,,,0.0,1.0,2.0,3.0,21.0,,6.0,25.0,71.6,159.0,222.0,,,16.0,,,,6.0,,,,50.0,1.0,2.0,,16.0,,,21.0,10.0,11.0,,39.0,6,,0,9.0,,,,,,,,2.0,,10.0,,,7.97,6.31,Clasificatorias WC UEFA,UEFA,UEFA
SEL-WC_QUALS_UEFA-2026-13233486,Ronda 6,2025-09-08,Kosovo,1,Suecia,2,0,,,11.0,5.0,5.0,1.0,0.0,,,,,,,,,,3.0,1.0,3.0,9.0,52.0,,17.0,32.0,66.2,198.0,299.0,,,24.0,,,,12.0,,,,33.3,3.0,9.0,,10.0,,,11.0,7.0,4.0,,39.0,0,,1,5.0,,,,,2.0,,0.0,5.0,1.0,13.0,,,,,14.0,5.0,5.0,4.0,0.0,,,,,,,,,,1.0,5.0,3.0,6.0,101.0,,34.0,68.0,84.2,527.0,626.0,,,18.0,,,,13.0,,,,16.1,5.0,31.0,,12.0,,,6.0,5.0,1.0,,15.0,2,,0,3.0,,,,,1.0,,1.0,4.0,0.0,12.0,,,7.35,6.84,Clasificatorias WC UEFA,UEFA,UEFA
SEL-WC_QUALS_UEFA-2026-13233487,Ronda 6,2025-09-08,Suiza,1,Eslovenia,3,0,,,12.0,6.0,4.0,2.0,0.0,,,,,,,,,,3.0,5.0,2.0,2.0,55.0,,18.0,65.0,89.7,600.0,669.0,,,27.0,,,,15.0,,,,33.3,4.0,12.0,,6.0,,,8.0,5.0,3.0,,9.0,0,,1,1.0,,,,,,,,0.0,,10.0,,,,,6.0,1.0,3.0,2.0,0.0,,,,,,,,,,0.0,2.0,0.0,4.0,39.0,,5.0,35.0,81.4,288.0,354.0,,,27.0,,,,10.0,,,,20.0,2.0,10.0,,8.0,,,7.0,6.0,1.0,,21.0,3,,0,3.0,,,,,,,,2.0,,15.0,,,7.39,6.43,Clasificatorias WC UEFA,UEFA,UEFA
SEL-WC_QUALS_UEFA-2026-13233488,Ronda 6,2025-09-08,Bielorrusia,1,Escocia,0,2,,,6.0,3.0,3.0,0.0,0.0,,,,,,,,,,0.0,2.0,2.0,5.0,47.0,,8.0,27.0,71.4,187.0,262.0,,,25.0,,,,10.0,,,,29.4,5.0,17.0,,7.0,,,18.0,10.0,8.0,,29.0,2,,0,6.0,,,,,3.0,,,2.0,,14.0,,,,,14.0,8.0,4.0,2.0,1.0,,,,,,,,,,4.0,2.0,1.0,11.0,90.0,,35.0,73.0,89.3,673.0,754.0,,,31.0,,,,14.0,,,,33.3,7.0,21.0,,4.0,,,7.0,5.0,2.0,,18.0,0,,1,3.0,,,,,1.0,,,1.0,,10.0,,,6.8,7.44,Clasificatorias WC UEFA,UEFA,UEFA
SEL-WC_QUALS_UEFA-2026-13233489,Ronda 6,2025-09-08,Grecia,1,Dinamarca,0,3,,,4.0,1.0,2.0,1.0,0.0,,,,,,,,,,0.0,3.0,4.0,6.0,46.0,,15.0,44.0,81.6,369.0,452.0,,,14.0,,,,14.0,,,,11.1,1.0,9.0,,11.0,,,20.0,13.0,7.0,,13.0,3,,0,5.0,,,,,,,,1.0,,14.0,,,,,15.0,8.0,4.0,3.0,2.0,,,,,,,,,,4.0,3.0,0.0,11.0,55.0,,24.0,56.0,86.9,498.0,573.0,,,24.0,,,,14.0,,,,20.0,2.0,10.0,,12.0,,,19.0,10.0,9.0,,22.0,0,,1,1.0,,,,,,,,1.0,,14.0,,,6.52,7.38,Clasificatorias WC UEFA,UEFA,UEFA
SEL-WC_QUALS_UEFA-2026-13233576,Ronda 6,2025-09-08,Israel,1,Italia,4,5,,,11.0,7.0,3.0,1.0,0.0,,,,,,,,,,4.0,4.0,1.0,7.0,41.0,,23.0,46.0,82.4,294.0,357.0,,,26.0,,,,12.0,,,,27.3,3.0,11.0,,10.0,,,13.0,10.0,3.0,,35.0,5,,0,2.0,,,,,0.0,,,,,15.0,,,,,17.0,7.0,5.0,5.0,1.0,,,,,,,,,,4.0,4.0,1.0,4.0,46.0,,36.0,54.0,81.0,328.0,405.0,,,28.0,,,,15.0,,,,30.4,7.0,23.0,,6.0,,,8.0,8.0,0.0,,17.0,4,,0,4.0,,,,,1.0,,,,,12.0,,,6.67,6.98,Clasificatorias WC UEFA,UEFA,UEFA
SEL-WC_QUALS_UEFA-2026-13233579,Ronda 6,2025-09-08,Croacia,1,Montenegro,4,0,,,32.0,13.0,13.0,6.0,0.0,,,,,,,,,,6.0,7.0,2.0,10.0,78.0,,68.0,75.0,89.2,628.0,704.0,,,28.0,,,,6.0,,,,30.4,7.0,23.0,,8.0,,,13.0,8.0,5.0,,14.0,0,,1,1.0,,,,,0.0,,,1.0,0.0,10.0,,,,,3.0,1.0,1.0,1.0,0.0,,,,,,,,,,0.0,3.0,2.0,3.0,30.0,,5.0,25.0,62.1,146.0,235.0,,,20.0,,,,10.0,,,,12.5,1.0,8.0,,7.0,,,8.0,4.0,4.0,,26.0,4,,0,9.0,,,,,2.0,,,3.0,1.0,6.0,,,7.97,6.51,Clasificatorias WC UEFA,UEFA,UEFA
SEL-WC_QUALS_UEFA-2026-13233578,Ronda 6,2025-09-08,Gibraltar,1,Islas Feroe,0,1,,,7.0,2.0,4.0,1.0,0.0,,,,,,,,,,1.0,3.0,2.0,5.0,51.0,,12.0,40.0,72.4,218.0,301.0,,,25.0,,,,13.0,,,,15.4,2.0,13.0,,13.0,,,11.0,7.0,4.0,,30.0,1,,0,4.0,,,,,0.0,,0.0,3.0,,11.0,,,,,13.0,6.0,5.0,2.0,2.0,,,,,,,,,,5.0,7.0,5.0,7.0,64.0,,17.0,60.0,85.3,382.0,448.0,,,27.0,,,,11.0,,,,19.0,4.0,21.0,,15.0,,,14.0,5.0,9.0,,24.0,0,,1,2.0,,,,,1.0,,1.0,1.0,,13.0,,,6.81,7.14,Clasificatorias WC UEFA,UEFA,UEFA
SEL-WC_QUALS_UEFA-2026-13233580,Ronda 6,2025-09-09,Azerbaiyán,1,Ucrania,1,1,,,4.0,2.0,1.0,1.0,0.0,,,,,,,,,,1.0,1.0,1.0,5.0,46.0,,8.0,26.0,68.0,136.0,200.0,,,20.0,,,,11.0,,,,37.5,3.0,8.0,,15.0,,,13.0,8.0,5.0,,39.0,1,,0,4.0,,,,,1.0,,1.0,3.0,,9.0,,,,,16.0,5.0,3.0,8.0,0.0,,,,,,,,,,1.0,9.0,1.0,5.0,84.0,,31.0,74.0,84.6,472.0,558.0,,,20.0,,,,9.0,,,,16.7,5.0,30.0,,8.0,,,19.0,14.0,5.0,,10.0,1,,0,1.0,,,,,2.0,,0.0,3.0,,12.0,,,6.83,7.01,Clasificatorias WC UEFA,UEFA,UEFA
SEL-WC_QUALS_UEFA-2026-13233581,Ronda 6,2025-09-09,Armenia,1,Irlanda,2,1,,,15.0,8.0,5.0,2.0,1.0,,,,,,,,,,4.0,1.0,1.0,7.0,45.0,,20.0,52.0,82.4,352.0,427.0,,,32.0,,,,12.0,,,,12.5,1.0,8.0,,9.0,,,13.0,6.0,7.0,,31.0,1,,0,3.0,,,,,1.0,,1.0,1.0,,9.0,,,,,8.0,5.0,2.0,1.0,0.0,,,,,,,,,,1.0,2.0,1.0,7.0,68.0,,18.0,48.0,77.4,304.0,393.0,,,24.0,,,,9.0,,,,15.4,2.0,13.0,,5.0,,,9.0,5.0,4.0,,12.0,2,,0,6.0,,,,,0.0,,0.0,1.0,,13.0,,,7.21,6.76,Clasificatorias WC UEFA,UEFA,UEFA
SEL-WC_QUALS_UEFA-2026-13233582,Ronda 6,2025-09-09,Francia,1,Islandia,2,1,,,20.0,8.0,8.0,4.0,1.0,,,,,,,,,,7.0,3.0,3.0,10.0,82.0,,47.0,63.0,89.9,560.0,623.0,,,24.0,,,,12.0,,,,23.5,4.0,17.0,,3.0,,,14.0,9.0,5.0,,7.0,1,,0,1.0,,,,,0.0,,1.0,3.0,1.0,12.0,,,,,7.0,2.0,4.0,1.0,0.0,,,,,,,,,,1.0,2.0,1.0,2.0,50.0,,8.0,37.0,82.0,300.0,366.0,,,22.0,,,,12.0,,,,28.6,2.0,7.0,,6.0,,,22.0,11.0,11.0,,34.0,2,,0,6.0,,,,,2.0,,1.0,2.0,0.0,13.0,,,7.15,6.83,Clasificatorias WC UEFA,UEFA,UEFA
SEL-WC_QUALS_UEFA-2026-13233583,Ronda 6,2025-09-09,Hungría,1,Portugal,2,3,,,5.0,2.0,3.0,0.0,0.0,,,,,,,,,,2.0,1.0,1.0,4.0,38.0,,9.0,31.0,77.0,241.0,313.0,,,21.0,,,,9.0,,,,50.0,5.0,10.0,,7.0,,,16.0,9.0,7.0,,37.0,3,,0,4.0,,,,,1.0,,1.0,1.0,,6.0,,,,,15.0,7.0,5.0,3.0,0.0,,,,,,,,,,4.0,6.0,4.0,6.0,91.0,,29.0,69.0,92.4,644.0,697.0,,,32.0,,,,5.0,,,,13.8,4.0,29.0,,8.0,,,4.0,1.0,3.0,,11.0,2,,0,0.0,,,,,0.0,,0.0,2.0,,9.0,,,6.79,7.18,Clasificatorias WC UEFA,UEFA,UEFA
SEL-WC_QUALS_UEFA-2026-13233584,Ronda 6,2025-09-09,Bosnia,1,Austria,1,2,,,16.0,3.0,10.0,3.0,0.0,,,,,,,,,,3.0,3.0,2.0,7.0,62.0,,23.0,42.0,71.3,214.0,300.0,,,33.0,,,,21.0,,,,50.0,8.0,16.0,,4.0,,,9.0,5.0,4.0,,41.0,2,,0,3.0,,,,,,,0.0,2.0,0.0,16.0,,,,,11.0,5.0,3.0,3.0,0.0,,,,,,,,,,1.0,2.0,2.0,3.0,70.0,,16.0,58.0,78.7,333.0,423.0,,,15.0,,,,16.0,,,,12.5,1.0,8.0,,3.0,,,19.0,10.0,9.0,,40.0,1,,0,2.0,,,,,,,1.0,5.0,1.0,21.0,,,6.88,6.96,Clasificatorias WC UEFA,UEFA,UEFA
SEL-WC_QUALS_UEFA-2026-13233585,Ronda 6,2025-09-09,Chipre,1,Rumania,2,2,,,18.0,8.0,6.0,4.0,1.0,,,,,,,,,,2.0,7.0,2.0,8.0,64.0,,26.0,59.0,85.2,393.0,461.0,,,20.0,,,,21.0,,,,26.9,7.0,26.0,,13.0,,,15.0,12.0,3.0,,25.0,2,,0,3.0,,,,,,,,3.0,,7.0,,,,,8.0,5.0,2.0,1.0,0.0,,,,,,,,,,3.0,1.0,0.0,6.0,48.0,,16.0,41.0,74.2,244.0,329.0,,,16.0,,,,7.0,,,,16.7,2.0,12.0,,9.0,,,11.0,6.0,5.0,,29.0,2,,0,6.0,,,,,,,,2.0,,21.0,,,6.9,6.89,Clasificatorias WC UEFA,UEFA,UEFA
SEL-WC_QUALS_UEFA-2026-13233577,Ronda 6,2025-09-09,Noruega,1,Moldavia,11,1,,,34.0,17.0,8.0,9.0,1.0,,,,,,,,,,17.0,4.0,,16.0,79.0,,81.0,71.0,90.8,594.0,654.0,,,16.0,,,,9.0,,,,38.9,7.0,18.0,,8.0,,,17.0,16.0,1.0,,12.0,1,,0,0.0,,,,,,,,0.0,,6.0,,,,,2.0,0.0,1.0,1.0,0.0,,,,,,,,,,0.0,1.0,,7.0,36.0,,6.0,29.0,76.7,207.0,270.0,,,15.0,,,,6.0,,,,16.7,1.0,6.0,,6.0,,,19.0,10.0,9.0,,25.0,11,,0,6.0,,,,,,,,1.0,,10.0,,,7.91,5.55,Clasificatorias WC UEFA,UEFA,UEFA
SEL-WC_QUALS_UEFA-2026-13233586,Ronda 6,2025-09-09,Albania,1,Letonia,1,0,,,13.0,3.0,9.0,1.0,0.0,,,,,,,,,,3.0,2.0,0.0,13.0,74.0,,23.0,62.0,93.0,620.0,667.0,,,28.0,,,,10.0,,,,33.3,6.0,18.0,,7.0,,,12.0,5.0,7.0,,11.0,0,,1,1.0,,,,,0.0,,0.0,0.0,,10.0,,,,,10.0,2.0,6.0,2.0,0.0,,,,,,,,,,2.0,4.0,1.0,2.0,35.0,,12.0,38.0,88.6,351.0,396.0,,,15.0,,,,10.0,,,,27.8,5.0,18.0,,2.0,,,14.0,8.0,6.0,,19.0,1,,0,2.0,,,,,1.0,,1.0,3.0,,11.0,,,7.38,6.63,Clasificatorias WC UEFA,UEFA,UEFA
SEL-WC_QUALS_UEFA-2026-13233587,Ronda 6,2025-09-09,Serbia,1,Inglaterra,0,5,,,3.0,0.0,1.0,2.0,0.0,,,,,,,,,,0.0,2.0,1.0,1.0,25.0,,4.0,30.0,80.6,204.0,253.0,,,21.0,,,,10.0,,,,25.0,2.0,8.0,,4.0,,,9.0,5.0,4.0,,27.0,5,,0,7.0,,,,,0.0,,,1.0,1.0,11.0,,,,,24.0,12.0,4.0,8.0,0.0,,,,,,,,,,7.0,6.0,2.0,10.0,75.0,,37.0,70.0,91.2,536.0,588.0,,,21.0,,,,10.0,,,,25.0,5.0,20.0,,3.0,,,11.0,5.0,6.0,,10.0,0,,1,0.0,,,,,1.0,,,1.0,0.0,10.0,,,6.41,7.75,Clasificatorias WC UEFA,UEFA,UEFA
SEL-WC_QUALS_UEFA-2026-13233592,Ronda 7,2025-10-09,Finlandia,1,Lituania,2,1,,,11.0,7.0,4.0,0.0,0.0,,,,,,,,,,1.0,5.0,,6.0,47.0,,20.0,50.0,85.7,365.0,426.0,,,18.0,,,,13.0,,,,17.6,3.0,17.0,,6.0,,,10.0,7.0,3.0,,30.0,1,,0,2.0,,,,,,,0.0,2.0,,21.0,,,,,8.0,3.0,4.0,1.0,0.0,,,,,,,,,,0.0,1.0,,1.0,56.0,,12.0,50.0,84.2,363.0,431.0,,,28.0,,,,21.0,,,,31.2,5.0,16.0,,4.0,,,15.0,8.0,7.0,,24.0,2,,0,5.0,,,,,,,1.0,1.0,,13.0,,,7.05,6.75,Clasificatorias WC UEFA,UEFA,UEFA
SEL-WC_QUALS_UEFA-2026-13233588,Ronda 7,2025-10-09,Bielorrusia,1,Dinamarca,0,6,,,5.0,1.0,3.0,1.0,0.0,,,,,,,,,,0.0,4.0,0.0,4.0,43.0,,11.0,23.0,67.3,171.0,254.0,,,26.0,,,,9.0,,,,27.3,3.0,11.0,,7.0,,,12.0,6.0,6.0,,49.0,6,,0,6.0,,,,,,,1.0,2.0,,10.0,,,,,24.0,11.0,10.0,3.0,1.0,,,,,,,,,,6.0,7.0,1.0,8.0,71.0,,71.0,77.0,91.4,767.0,839.0,,,21.0,,,,10.0,,,,22.9,8.0,35.0,,6.0,,,17.0,11.0,6.0,,17.0,0,,1,1.0,,,,,,,0.0,1.0,,9.0,,,6.03,8.07,Clasificatorias WC UEFA,UEFA,UEFA
SEL-WC_QUALS_UEFA-2026-13233589,Ronda 7,2025-10-09,Escocia,1,Grecia,3,1,,,8.0,3.0,2.0,3.0,0.0,,,,,,,,,,2.0,4.0,0.0,5.0,33.0,,15.0,33.0,83.7,247.0,295.0,,,22.0,,,,19.0,,,,28.6,4.0,14.0,,10.0,,,5.0,3.0,2.0,,27.0,1,,0,2.0,,,,,1.0,,1.0,2.0,,12.0,,,,,15.0,3.0,7.0,5.0,0.0,,,,,,,,,,1.0,4.0,3.0,7.0,64.0,,28.0,67.0,91.0,553.0,608.0,,,34.0,,,,12.0,,,,10.0,2.0,20.0,,4.0,,,8.0,5.0,3.0,,14.0,3,,0,0.0,,,,,0.0,,1.0,4.0,,19.0,,,6.93,6.65,Clasificatorias WC UEFA,UEFA,UEFA
SEL-WC_QUALS_UEFA-2026-13233593,Ronda 7,2025-10-09,Malta,1,Países Bajos,0,4,,,7.0,0.0,3.0,4.0,0.0,,,,,,,,,,1.0,1.0,1.0,2.0,31.0,,8.0,37.0,77.8,235.0,302.0,,,12.0,,,,6.0,,,,25.0,2.0,8.0,,11.0,,,19.0,13.0,6.0,,19.0,4,,0,4.0,,,,,,,,5.0,,15.0,,,,,22.0,8.0,7.0,7.0,1.0,,,,,,,,,,4.0,6.0,4.0,14.0,45.0,,58.0,63.0,90.8,464.0,511.0,,,19.0,,,,13.0,,,,38.1,8.0,21.0,,7.0,,,9.0,6.0,3.0,,11.0,0,,1,0.0,,,,,,,,2.0,,6.0,,,6.33,7.62,Clasificatorias WC UEFA,UEFA,UEFA
SEL-WC_QUALS_UEFA-2026-13233590,Ronda 7,2025-10-09,Austria,1,San Marino,10,0,,,25.0,14.0,8.0,3.0,2.0,,,,,,,,,,12.0,4.0,3.0,10.0,66.0,,83.0,71.0,88.5,468.0,529.0,,,18.0,,,,9.0,,,,46.4,13.0,28.0,,5.0,,,7.0,6.0,1.0,,7.0,0,,1,1.0,,,,,0.0,,0.0,1.0,,14.0,,,,,4.0,1.0,2.0,1.0,0.0,,,,,,,,,,0.0,2.0,0.0,3.0,31.0,,5.0,29.0,68.2,146.0,214.0,,,15.0,,,,14.0,,,,12.5,1.0,8.0,,7.0,,,15.0,7.0,8.0,,38.0,10,,0,4.0,,,,,2.0,,3.0,3.0,,9.0,,,8.23,5.74,Clasificatorias WC UEFA,UEFA,UEFA
SEL-WC_QUALS_UEFA-2026-13233591,Ronda 7,2025-10-09,Chipre,1,Bosnia,2,2,,,14.0,3.0,7.0,4.0,1.0,,,,,,,,,,3.0,3.0,3.0,6.0,61.0,,24.0,64.0,85.7,442.0,516.0,,,21.0,,,,18.0,,,,13.0,3.0,23.0,,12.0,,,14.0,6.0,8.0,,26.0,2,,0,5.0,,,,,0.0,,,2.0,,16.0,,,,,14.0,6.0,5.0,3.0,0.0,,,,,,,,,,2.0,5.0,1.0,10.0,49.0,,33.0,36.0,70.0,201.0,287.0,,,20.0,,,,16.0,,,,33.3,4.0,12.0,,6.0,,,9.0,3.0,6.0,,39.0,2,,0,1.0,,,,,2.0,,,4.0,,19.0,,,6.81,6.65,Clasificatorias WC UEFA,UEFA,UEFA
SEL-WC_QUALS_UEFA-2026-13233594,Ronda 7,2025-10-09,República Checa,1,Croacia,0,0,,,11.0,2.0,5.0,4.0,0.0,,,,,,,,,,0.0,5.0,4.0,2.0,49.0,,21.0,42.0,73.4,223.0,304.0,,,26.0,,,,8.0,,,,33.3,5.0,15.0,,10.0,,,24.0,18.0,6.0,,30.0,0,,1,2.0,,,,,1.0,,1.0,0.0,,17.0,,,,,10.0,2.0,4.0,4.0,0.0,,,,,,,,,,3.0,6.0,0.0,10.0,48.0,,18.0,58.0,81.8,342.0,418.0,,,24.0,,,,17.0,,,,10.0,2.0,20.0,,11.0,,,14.0,7.0,7.0,,30.0,0,,1,2.0,,,,,1.0,,0.0,2.0,,8.0,,,7.14,7.07,Clasificatorias WC UEFA,UEFA,UEFA
SEL-WC_QUALS_UEFA-2026-13233595,Ronda 7,2025-10-09,Islas Feroe,1,Montenegro,4,0,,,12.0,6.0,5.0,1.0,1.0,,,,,,,,,,4.0,7.0,2.0,4.0,42.0,,19.0,41.0,76.4,226.0,296.0,,,21.0,,,,17.0,,,,23.3,7.0,30.0,,11.0,,,6.0,5.0,1.0,,35.0,0,,1,3.0,,,,,1.0,,,0.0,,9.0,,,,,10.0,3.0,5.0,2.0,0.0,,,,,,,,,,0.0,2.0,2.0,3.0,53.0,,8.0,59.0,83.8,382.0,456.0,,,18.0,,,,9.0,,,,23.8,5.0,21.0,,7.0,,,17.0,11.0,6.0,,35.0,4,,0,3.0,,,,,0.0,,,2.0,,18.0,,,7.47,6.46,Clasificatorias WC UEFA,UEFA,UEFA
SEL-WC_QUALS_UEFA-2026-13233596,Ronda 7,2025-10-10,Kazajistán,1,Liechtenstein,4,0,,,25.0,10.0,9.0,6.0,0.0,,,,,,,,,,3.0,9.0,,15.0,65.0,,35.0,69.0,93.5,521.0,557.0,,,40.0,,,,15.0,,,,14.3,3.0,21.0,,9.0,,,11.0,9.0,2.0,,6.0,0,,1,1.0,,,,,0.0,,0.0,2.0,,12.0,,,,,3.0,2.0,1.0,0.0,0.0,,,,,,,,,,1.0,1.0,,5.0,22.0,,7.0,31.0,73.2,183.0,250.0,,,15.0,,,,12.0,,,,40.0,2.0,5.0,,6.0,,,23.0,14.0,9.0,,31.0,4,,0,6.0,,,,,2.0,,3.0,2.0,,15.0,,,7.67,6.49,Clasificatorias WC UEFA,UEFA,UEFA
SEL-WC_QUALS_UEFA-2026-13233600,Ronda 7,2025-10-10,Alemania,1,Luxemburgo,4,0,,,31.0,8.0,17.0,6.0,1.0,,,,,,,,,,7.0,7.0,2.0,3.0,89.0,,63.0,85.0,90.7,735.0,810.0,,,16.0,,,,4.0,,,,32.3,10.0,31.0,,6.0,,,11.0,4.0,7.0,,4.0,0,,1,1.0,,,,,0.0,,0.0,0.0,0.0,10.0,,,,,1.0,1.0,0.0,0.0,0.0,,,,,,,,,,0.0,0.0,0.0,3.0,28.0,,1.0,15.0,56.9,87.0,153.0,,,16.0,,,,10.0,,,,,0.0,2.0,,17.0,,,16.0,8.0,8.0,,48.0,4,,0,4.0,,,,,1.0,,1.0,1.0,1.0,5.0,,,7.96,6.15,Clasificatorias WC UEFA,UEFA,UEFA
SEL-WC_QUALS_UEFA-2026-13233599,Ronda 7,2025-10-10,Irlanda del Norte,1,Eslovaquia,2,0,,,11.0,4.0,3.0,4.0,0.0,,,,,,,,,,1.0,6.0,3.0,11.0,46.0,,21.0,38.0,70.5,210.0,298.0,,,28.0,,,,12.0,,,,12.5,2.0,16.0,,11.0,,,20.0,15.0,5.0,,14.0,0,,1,2.0,,,,,,,1.0,2.0,,14.0,,,,,7.0,2.0,1.0,4.0,1.0,,,,,,,,,,1.0,4.0,0.0,10.0,46.0,,13.0,62.0,81.5,409.0,502.0,,,14.0,,,,14.0,,,,8.3,1.0,12.0,,9.0,,,24.0,16.0,8.0,,29.0,2,,0,4.0,,,,,,,5.0,0.0,,12.0,,,7.1,6.57,Clasificatorias WC UEFA,UEFA,UEFA
SEL-WC_QUALS_UEFA-2026-13233597,Ronda 7,2025-10-10,Kosovo,1,Eslovenia,0,0,,,5.0,0.0,3.0,2.0,0.0,,,,,,,,,,0.0,2.0,0.0,6.0,55.0,,9.0,39.0,81.0,295.0,364.0,,,22.0,,,,12.0,,,,21.4,3.0,14.0,,8.0,,,12.0,9.0,3.0,,30.0,0,,1,2.0,,,,,3.0,,1.0,2.0,,10.0,,,,,11.0,2.0,3.0,6.0,0.0,,,,,,,,,,1.0,4.0,1.0,3.0,61.0,,19.0,61.0,87.3,508.0,582.0,,,22.0,,,,10.0,,,,27.8,5.0,18.0,,8.0,,,10.0,6.0,4.0,,17.0,0,,1,0.0,,,,,2.0,,0.0,2.0,,12.0,,,7.01,6.95,Clasificatorias WC UEFA,UEFA,UEFA
SEL-WC_QUALS_UEFA-2026-13233598,Ronda 7,2025-10-10,Suecia,1,Suiza,0,2,,,7.0,0.0,6.0,1.0,1.0,,,,,,,,,,3.0,4.0,1.0,8.0,50.0,,17.0,41.0,78.9,296.0,375.0,,,20.0,,,,10.0,,,,27.3,3.0,11.0,,17.0,,,17.0,9.0,8.0,,23.0,2,,0,4.0,,,,,0.0,,,1.0,,13.0,,,,,17.0,8.0,5.0,4.0,1.0,,,,,,,,,,4.0,9.0,1.0,8.0,72.0,,22.0,59.0,84.8,468.0,552.0,,,27.0,,,,12.0,,,,23.8,5.0,21.0,,11.0,,,23.0,14.0,9.0,,16.0,0,,1,0.0,,,,,1.0,,,1.0,,10.0,,,6.84,7.25,Clasificatorias WC UEFA,UEFA,UEFA
SEL-WC_QUALS_UEFA-2026-13233602,Ronda 7,2025-10-10,Francia,1,Azerbaiyán,3,0,,,33.0,9.0,13.0,11.0,1.0,,,,,,,,,,2.0,10.0,0.0,16.0,104.0,,68.0,77.0,90.5,649.0,717.0,,,28.0,,,,14.0,,,,27.6,8.0,29.0,,4.0,,,9.0,6.0,3.0,,7.0,0,,1,0.0,,,,,0.0,,,1.0,,8.0,,,,,1.0,0.0,1.0,0.0,0.0,,,,,,,,,,0.0,0.0,1.0,2.0,29.0,,1.0,23.0,66.7,148.0,222.0,,,17.0,,,,8.0,,,,33.3,1.0,3.0,,8.0,,,27.0,18.0,9.0,,35.0,3,,0,6.0,,,,,1.0,,,2.0,,14.0,,,7.84,6.49,Clasificatorias WC UEFA,UEFA,UEFA
SEL-WC_QUALS_UEFA-2026-13233601,Ronda 7,2025-10-10,Islandia,1,Ucrania,3,5,,,9.0,5.0,3.0,1.0,1.0,,,,,,,,,,1.0,4.0,1.0,8.0,69.0,,21.0,65.0,85.5,555.0,649.0,,,21.0,,,,13.0,,,,19.0,4.0,21.0,,17.0,,,8.0,5.0,3.0,,24.0,5,,0,1.0,,,,,0.0,,0.0,1.0,,11.0,,,,,8.0,7.0,1.0,0.0,0.0,,,,,,,,,,2.0,2.0,3.0,9.0,42.0,,13.0,35.0,73.5,252.0,343.0,,,17.0,,,,11.0,,,,26.7,4.0,15.0,,9.0,,,11.0,5.0,6.0,,29.0,3,,0,1.0,,,,,1.0,,1.0,4.0,,13.0,,,6.73,6.75,Clasificatorias WC UEFA,UEFA,UEFA
SEL-WC_QUALS_UEFA-2026-13233603,Ronda 7,2025-10-10,Bélgica,1,Macedonia del Norte,0,0,,,25.0,5.0,8.0,12.0,0.0,,,,,,,,,,3.0,13.0,2.0,10.0,110.0,,84.0,78.0,88.1,608.0,690.0,,,35.0,,,,8.0,,,,22.0,9.0,41.0,,3.0,,,17.0,12.0,5.0,,15.0,0,,1,0.0,,,,,0.0,,0.0,3.0,,15.0,,,,,3.0,0.0,1.0,2.0,0.0,,,,,,,,,,0.0,2.0,0.0,1.0,32.0,,5.0,22.0,63.1,128.0,203.0,,,14.0,,,,15.0,,,,,0.0,3.0,,12.0,,,16.0,12.0,4.0,,60.0,0,,1,5.0,,,,,2.0,,3.0,2.0,,8.0,,,7.65,7.0,Clasificatorias WC UEFA,UEFA,UEFA
SEL-WC_QUALS_UEFA-2026-13233604,Ronda 7,2025-10-11,Letonia,1,Andorra,2,2,,,9.0,2.0,4.0,3.0,0.0,,,,,,,,,,1.0,5.0,4.0,7.0,75.0,,19.0,70.0,85.5,517.0,605.0,,,19.0,,,,12.0,,,,13.0,3.0,23.0,,7.0,,,20.0,10.0,10.0,,19.0,2,,0,,,,,,1.0,,0.0,1.0,0.0,7.0,,,,,5.0,2.0,3.0,0.0,0.0,,,,,,,,,,2.0,1.0,0.0,7.0,37.0,,10.0,30.0,69.8,178.0,255.0,,,13.0,,,,7.0,,,,,0.0,10.0,,7.0,,,9.0,7.0,2.0,,39.0,2,,0,,,,,,0.0,,2.0,3.0,1.0,13.0,,,6.79,6.52,Clasificatorias WC UEFA,UEFA,UEFA
SEL-WC_QUALS_UEFA-2026-13233605,Ronda 7,2025-10-11,Hungría,1,Armenia,2,0,,,13.0,4.0,6.0,3.0,1.0,,,,,,,,,,4.0,10.0,5.0,5.0,71.0,,25.0,67.0,87.8,531.0,605.0,,,20.0,,,,10.0,,,,30.0,6.0,20.0,,9.0,,,16.0,9.0,7.0,,15.0,0,,1,2.0,,,,,,,0.0,0.0,,9.0,,,,,8.0,2.0,4.0,2.0,0.0,,,,,,,,,,0.0,1.0,2.0,4.0,29.0,,9.0,33.0,78.0,238.0,305.0,,,17.0,,,,9.0,,,,,0.0,5.0,,7.0,,,15.0,11.0,4.0,,41.0,2,,0,2.0,,,,,,,1.0,1.0,,10.0,,,7.26,6.74,Clasificatorias WC UEFA,UEFA,UEFA
SEL-WC_QUALS_UEFA-2026-13233606,Ronda 7,2025-10-11,Noruega,1,Israel,5,0,,,16.0,5.0,6.0,5.0,0.0,,,,,,,,,,5.0,5.0,1.0,11.0,46.0,,37.0,54.0,89.9,427.0,475.0,,,18.0,,,,10.0,,,,35.3,6.0,17.0,,7.0,,,8.0,5.0,3.0,,3.0,0,,1,1.0,,,0.0,,0.0,,,0.0,,10.0,,,,,4.0,1.0,2.0,1.0,0.0,,,,,,,,,,0.0,1.0,1.0,2.0,28.0,,5.0,46.0,86.5,353.0,408.0,,,23.0,,,,10.0,,,,,0.0,2.0,,6.0,,,12.0,6.0,6.0,,19.0,5,,0,2.0,,,1.0,,3.0,,,1.0,,11.0,,,7.52,6.17,Clasificatorias WC UEFA,UEFA,UEFA
SEL-WC_QUALS_UEFA-2026-13233607,Ronda 7,2025-10-11,Bulgaria,1,Turquía,1,6,,,4.0,2.0,2.0,0.0,1.0,,,,,,,,,,1.0,5.0,6.0,3.0,40.0,,9.0,22.0,61.1,121.0,198.0,,,15.0,,,,4.0,,,,27.3,3.0,11.0,,8.0,,,21.0,10.0,11.0,,33.0,6,,0,3.0,,,,,0.0,,0.0,2.0,,11.0,,,,,18.0,8.0,6.0,4.0,1.0,,,,,,,,,,2.0,8.0,4.0,18.0,78.0,,27.0,78.0,87.6,628.0,717.0,,,28.0,,,,11.0,,,,20.0,3.0,15.0,,6.0,,,9.0,6.0,3.0,,16.0,1,,0,1.0,,,,,1.0,,1.0,1.0,,4.0,,,6.09,7.54,Clasificatorias WC UEFA,UEFA,UEFA
SEL-WC_QUALS_UEFA-2026-13233608,Ronda 7,2025-10-11,España,1,Georgia,2,0,,,24.0,7.0,12.0,5.0,2.0,,,,,,,,,,10.0,10.0,2.0,7.0,83.0,,46.0,83.0,92.8,755.0,814.0,,,35.0,,,,7.0,,,,25.9,7.0,27.0,,11.0,,,21.0,16.0,5.0,,6.0,0,,1,1.0,,,0.0,,,,,1.0,,12.0,,,,,1.0,1.0,0.0,0.0,0.0,,,,,,,,,,0.0,0.0,1.0,0.0,28.0,,0.0,17.0,64.3,110.0,171.0,,,18.0,,,,12.0,,,,,0.0,1.0,,10.0,,,13.0,5.0,8.0,,31.0,2,,0,4.0,,,1.0,,,,,0.0,,8.0,,,7.53,6.54,Clasificatorias WC UEFA,UEFA,UEFA
SEL-WC_QUALS_UEFA-2026-13233609,Ronda 7,2025-10-11,Portugal,1,Irlanda,1,0,,,30.0,6.0,16.0,8.0,1.0,,,,,,,,,,3.0,9.0,4.0,3.0,70.0,,40.0,70.0,91.7,618.0,674.0,,,14.0,,,,8.0,,,,25.6,11.0,43.0,,6.0,,,16.0,8.0,8.0,,10.0,0,,1,0.0,,,0.0,,1.0,,0.0,2.0,,,,,,,2.0,0.0,1.0,1.0,0.0,,,,,,,,,,0.0,0.0,4.0,8.0,39.0,,6.0,30.0,76.9,226.0,294.0,,,23.0,,,,6.0,,,,,0.0,4.0,,6.0,,,11.0,7.0,4.0,,33.0,1,,0,5.0,,,1.0,,3.0,,1.0,5.0,,,,,7.41,6.87,Clasificatorias WC UEFA,UEFA,UEFA
SEL-WC_QUALS_UEFA-2026-13233610,Ronda 7,2025-10-11,Estonia,1,Italia,1,3,,,2.0,1.0,1.0,0.0,0.0,,,,,,,,,,1.0,0.0,,7.0,32.0,,6.0,36.0,76.0,247.0,325.0,,,18.0,,,,9.0,,,,,0.0,6.0,,9.0,,,13.0,7.0,6.0,,40.0,3,,0,6.0,,,1.0,,,,,4.0,,22.0,,,,,24.0,9.0,8.0,7.0,1.0,,,,,,,,,,3.0,8.0,,5.0,69.0,,40.0,64.0,87.6,507.0,579.0,,,29.0,,,,21.0,,,,50.0,9.0,18.0,,7.0,,,12.0,5.0,7.0,,14.0,1,,0,0.0,,,0.0,,,,,3.0,,9.0,,,6.58,7.19,Clasificatorias WC UEFA,UEFA,UEFA
SEL-WC_QUALS_UEFA-2026-13233611,Ronda 7,2025-10-11,Serbia,1,Albania,0,1,,,15.0,6.0,6.0,3.0,0.0,,,,,,,,,,4.0,4.0,,6.0,69.0,,36.0,55.0,81.9,361.0,441.0,,,29.0,,,,14.0,,,,33.3,10.0,30.0,,3.0,,,26.0,17.0,9.0,,30.0,1,,0,2.0,,,,,1.0,,,2.0,,19.0,,,,,5.0,3.0,2.0,0.0,0.0,,,,,,,,,,1.0,2.0,,7.0,66.0,,11.0,45.0,77.6,294.0,379.0,,,46.0,,,,19.0,,,,21.4,3.0,14.0,,12.0,,,22.0,11.0,11.0,,37.0,0,,1,6.0,,,,,2.0,,,3.0,,14.0,,,7.12,7.28,Clasificatorias WC UEFA,UEFA,UEFA
SEL-WC_QUALS_UEFA-2026-13233612,Ronda 8,2025-10-12,San Marino,1,Chipre,0,4,,,5.0,0.0,4.0,1.0,1.0,,,,,,,,,,1.0,2.0,0.0,6.0,26.0,,3.0,29.0,74.8,181.0,242.0,,,9.0,,,,13.0,,,,20.0,2.0,10.0,,5.0,,,27.0,15.0,12.0,,32.0,4,,0,3.0,,,,,,,,2.0,,15.0,,,,,18.0,7.0,6.0,5.0,1.0,,,,,,,,,,5.0,5.0,1.0,17.0,78.0,,38.0,71.0,87.3,524.0,600.0,,,31.0,,,,14.0,,,,29.2,7.0,24.0,,9.0,,,17.0,10.0,7.0,,4.0,0,,1,0.0,,,,,,,,3.0,,13.0,,,6.4,7.34,Clasificatorias WC UEFA,UEFA,UEFA
SEL-WC_QUALS_UEFA-2026-13233613,Ronda 8,2025-10-12,Escocia,1,Bielorrusia,2,1,,,12.0,6.0,5.0,1.0,0.0,,,,,,,,,,3.0,7.0,2.0,11.0,56.0,,32.0,55.0,85.4,399.0,467.0,,,25.0,,,,14.0,,,,19.2,5.0,26.0,,2.0,,,8.0,6.0,2.0,,25.0,1,,0,2.0,,,,,,,0.0,0.0,,10.0,,,,,22.0,3.0,8.0,11.0,0.0,,,,,,,,,,1.0,6.0,0.0,6.0,50.0,,28.0,45.0,85.1,326.0,383.0,,,28.0,,,,10.0,,,,37.5,9.0,24.0,,9.0,,,13.0,5.0,8.0,,27.0,2,,0,4.0,,,,,,,3.0,2.0,,14.0,,,7.16,6.91,Clasificatorias WC UEFA,UEFA,UEFA
SEL-WC_QUALS_UEFA-2026-13233629,Ronda 8,2025-10-12,Países Bajos,1,Finlandia,4,0,,,17.0,6.0,5.0,6.0,1.0,,,,,,,,,,5.0,12.0,2.0,7.0,78.0,,47.0,69.0,91.3,609.0,667.0,,,30.0,,,,12.0,,,,40.6,13.0,32.0,,5.0,,,8.0,4.0,4.0,,6.0,0,,1,3.0,,,,,,,0.0,0.0,,8.0,,,,,7.0,3.0,3.0,1.0,0.0,,,,,,,,,,1.0,1.0,1.0,3.0,25.0,,6.0,31.0,80.3,248.0,309.0,,,9.0,,,,8.0,,,,33.3,2.0,6.0,,10.0,,,14.0,10.0,4.0,,27.0,4,,0,2.0,,,,,,,1.0,2.0,,13.0,,,7.58,6.35,Clasificatorias WC UEFA,UEFA,UEFA
SEL-WC_QUALS_UEFA-2026-13233614,Ronda 8,2025-10-12,Islas Feroe,1,República Checa,2,1,,,6.0,3.0,1.0,2.0,0.0,,,,,,,,,,1.0,1.0,0.0,5.0,60.0,,16.0,37.0,72.5,248.0,342.0,,,23.0,,,,13.0,,,,30.0,3.0,10.0,,13.0,,,8.0,3.0,5.0,,56.0,1,,0,0.0,,,,,2.0,,,3.0,,10.0,,,,,14.0,1.0,6.0,7.0,0.0,,,,,,,,,,3.0,7.0,1.0,5.0,69.0,,39.0,63.0,82.4,463.0,562.0,,,20.0,,,,10.0,,,,19.0,8.0,42.0,,7.0,,,21.0,11.0,10.0,,17.0,2,,0,1.0,,,,,1.0,,,1.0,,13.0,,,6.85,6.92,Clasificatorias WC UEFA,UEFA,UEFA
SEL-WC_QUALS_UEFA-2026-13233626,Ronda 8,2025-10-12,Dinamarca,1,Grecia,3,1,,,12.0,8.0,2.0,2.0,2.0,,,,,,,,,,3.0,7.0,2.0,4.0,59.0,,28.0,47.0,87.4,424.0,485.0,,,21.0,,,,14.0,,,,31.2,5.0,16.0,,10.0,,,13.0,8.0,5.0,,30.0,1,,0,2.0,,,,,,,0.0,1.0,,12.0,,,,,15.0,4.0,5.0,6.0,1.0,,,,,,,,,,3.0,6.0,3.0,6.0,44.0,,29.0,53.0,88.3,475.0,538.0,,,23.0,,,,12.0,,,,19.0,4.0,21.0,,10.0,,,16.0,12.0,4.0,,20.0,3,,0,5.0,,,,,,,1.0,3.0,,14.0,,,7.4,6.68,Clasificatorias WC UEFA,UEFA,UEFA
SEL-WC_QUALS_UEFA-2026-13233628,Ronda 8,2025-10-12,Lituania,1,Polonia,0,2,,,7.0,1.0,4.0,2.0,0.0,,,,,,,,,,0.0,4.0,2.0,3.0,48.0,,14.0,48.0,77.4,285.0,368.0,,,17.0,,,,13.0,,,,12.5,2.0,16.0,,10.0,,,7.0,3.0,4.0,,29.0,2,,0,4.0,,,,,1.0,,,2.0,,21.0,,,,,12.0,6.0,3.0,3.0,0.0,,,,,,,,,,3.0,8.0,1.0,8.0,44.0,,28.0,52.0,80.0,316.0,395.0,,,25.0,,,,21.0,,,,22.2,4.0,18.0,,10.0,,,27.0,18.0,9.0,,35.0,0,,1,1.0,,,,,0.0,,,2.0,,13.0,,,6.55,7.47,Clasificatorias WC UEFA,UEFA,UEFA
SEL-WC_QUALS_UEFA-2026-13233627,Ronda 8,2025-10-12,Rumania,1,Austria,1,0,,,10.0,2.0,4.0,4.0,1.0,,,,,,,,,,,2.0,1.0,10.0,39.0,,7.0,46.0,76.7,296.0,386.0,,,16.0,,,,17.0,,,,11.1,1.0,9.0,,11.0,,,19.0,7.0,12.0,,23.0,0,,1,1.0,,,,,1.0,,1.0,2.0,,,,,,,3.0,1.0,1.0,1.0,0.0,,,,,,,,,,,4.0,1.0,3.0,66.0,,14.0,54.0,82.5,383.0,464.0,,,30.0,,,,10.0,,,,11.1,1.0,9.0,,7.0,,,18.0,7.0,11.0,,21.0,1,,0,1.0,,,,,1.0,,0.0,4.0,,,,,7.01,6.69,Clasificatorias WC UEFA,UEFA,UEFA
SEL-WC_QUALS_UEFA-2026-13233630,Ronda 8,2025-10-12,Croacia,1,Gibraltar,3,0,,,28.0,10.0,14.0,4.0,1.0,,,,,,,,,,5.0,18.0,6.0,11.0,92.0,,77.0,80.0,88.9,545.0,613.0,,,36.0,,,,6.0,,,,28.3,13.0,46.0,,1.0,,,12.0,7.0,5.0,,5.0,0,,1,0.0,,,0.0,,,,0.0,,,7.0,,,,,1.0,0.0,1.0,0.0,0.0,,,,,,,,,,0.0,0.0,2.0,2.0,23.0,,0.0,20.0,56.2,91.0,162.0,,,21.0,,,,7.0,,,,,0.0,0.0,,9.0,,,11.0,4.0,7.0,,52.0,3,,0,6.0,,,1.0,,,,3.0,,,7.0,,,7.64,6.58,Clasificatorias WC UEFA,UEFA,UEFA
SEL-WC_QUALS_UEFA-2026-13233633,Ronda 8,2025-10-13,Irlanda del Norte,1,Alemania,0,1,,,12.0,3.0,5.0,4.0,0.0,,,,,,,,,,0.0,4.0,1.0,9.0,54.0,,13.0,33.0,62.5,158.0,253.0,,,25.0,,,,14.0,,,,,0.0,13.0,,4.0,,,18.0,12.0,6.0,,35.0,1,,0,1.0,,,,,,,2.0,4.0,,18.0,,,,,11.0,2.0,5.0,4.0,0.0,,,,,,,,,,2.0,5.0,0.0,5.0,65.0,,22.0,67.0,84.7,455.0,537.0,,,27.0,,,,18.0,,,,25.0,4.0,16.0,,5.0,,,9.0,4.0,5.0,,29.0,0,,1,3.0,,,,,,,0.0,2.0,,14.0,,,6.91,7.14,Clasificatorias WC UEFA,UEFA,UEFA
SEL-WC_QUALS_UEFA-2026-13233634,Ronda 8,2025-10-13,Eslovaquia,1,Luxemburgo,2,0,,,13.0,3.0,5.0,5.0,1.0,,,,,,,,,,3.0,5.0,,6.0,57.0,,23.0,45.0,80.3,306.0,381.0,,,18.0,,,,16.0,,,,35.7,5.0,14.0,,10.0,,,14.0,6.0,8.0,,19.0,0,,1,2.0,,,,,1.0,,1.0,1.0,,,,,,,7.0,2.0,2.0,3.0,0.0,,,,,,,,,,1.0,4.0,,8.0,59.0,,11.0,55.0,83.1,394.0,474.0,,,36.0,,,,19.0,,,,20.0,3.0,15.0,,14.0,,,16.0,10.0,6.0,,12.0,2,,0,1.0,,,,,1.0,,1.0,4.0,,,,,7.03,6.75,Clasificatorias WC UEFA,UEFA,UEFA
SEL-WC_QUALS_UEFA-2026-13233631,Ronda 8,2025-10-13,Eslovenia,1,Suiza,0,0,,,4.0,0.0,2.0,2.0,0.0,,,,,,,,,,0.0,3.0,1.0,4.0,36.0,,14.0,35.0,79.3,265.0,334.0,,,15.0,,,,5.0,,,,,0.0,11.0,,10.0,,,16.0,8.0,8.0,,32.0,0,,1,3.0,,,,,,,2.0,1.0,,10.0,,,,,11.0,3.0,3.0,5.0,0.0,,,,,,,,,,1.0,4.0,2.0,7.0,73.0,,23.0,65.0,90.4,574.0,635.0,,,13.0,,,,10.0,,,,15.4,4.0,26.0,,7.0,,,17.0,8.0,9.0,,27.0,0,,1,1.0,,,,,,,1.0,0.0,,5.0,,,6.95,7.17,Clasificatorias WC UEFA,UEFA,UEFA
SEL-WC_QUALS_UEFA-2026-13233632,Ronda 8,2025-10-13,Suecia,1,Kosovo,0,1,,,13.0,4.0,6.0,3.0,0.0,,,,,,,,,,2.0,12.0,0.0,10.0,108.0,,44.0,67.0,86.2,589.0,683.0,,,25.0,,,,10.0,,,,38.2,13.0,34.0,,8.0,,,10.0,6.0,4.0,,12.0,1,,0,2.0,,,,,0.0,,,0.0,,16.0,,,,,7.0,3.0,4.0,0.0,1.0,,,,,,,,,,2.0,0.0,3.0,4.0,43.0,,10.0,33.0,75.2,252.0,335.0,,,28.0,,,,16.0,,,,16.7,1.0,6.0,,17.0,,,14.0,6.0,8.0,,48.0,0,,1,4.0,,,,,4.0,,,2.0,,10.0,,,6.98,7.19,Clasificatorias WC UEFA,UEFA,UEFA
SEL-WC_QUALS_UEFA-2026-13233635,Ronda 8,2025-10-13,Islandia,1,Francia,2,2,,,4.0,2.0,1.0,1.0,0.0,,,,,,,,,,3.0,0.0,1.0,2.0,39.0,,8.0,30.0,77.9,247.0,317.0,,,17.0,,,,12.0,,,,25.0,1.0,4.0,,10.0,,,13.0,5.0,8.0,,49.0,2,,0,6.0,,,,,2.0,,,1.0,,16.0,,,,,20.0,9.0,8.0,3.0,0.0,,,,,,,,,,5.0,9.0,1.0,6.0,93.0,,33.0,70.0,91.2,654.0,717.0,,,27.0,,,,16.0,,,,15.9,7.0,44.0,,9.0,,,6.0,6.0,0.0,,13.0,2,,0,0.0,,,,,0.0,,,1.0,,12.0,,,6.86,7.12,Clasificatorias WC UEFA,UEFA,UEFA
SEL-WC_QUALS_UEFA-2026-13233636,Ronda 8,2025-10-13,Ucrania,1,Azerbaiyán,2,1,,,22.0,7.0,11.0,4.0,1.0,,,,,,,,,,3.0,7.0,0.0,4.0,78.0,,28.0,57.0,85.2,442.0,519.0,,,17.0,,,,7.0,,,,27.6,8.0,29.0,,8.0,,,17.0,9.0,8.0,,13.0,1,,0,1.0,,,,,0.0,,0.0,3.0,,12.0,,,,,8.0,2.0,5.0,1.0,0.0,,,,,,,,,,2.0,1.0,1.0,13.0,42.0,,9.0,43.0,79.8,324.0,406.0,,,22.0,,,,12.0,,,,14.3,1.0,7.0,,9.0,,,15.0,10.0,5.0,,42.0,2,,0,5.0,,,,,1.0,,1.0,1.0,,7.0,,,7.21,6.88,Clasificatorias WC UEFA,UEFA,UEFA
SEL-WC_QUALS_UEFA-2026-13233637,Ronda 8,2025-10-13,Macedonia del Norte,1,Kazajistán,1,1,,,20.0,6.0,6.0,8.0,0.0,,,,,,,,,,4.0,7.0,0.0,9.0,61.0,,30.0,60.0,81.7,362.0,443.0,,,40.0,,,,17.0,,,,33.3,13.0,39.0,,8.0,,,18.0,12.0,6.0,,21.0,1,,0,3.0,,,,,1.0,,,1.0,,,,,,,15.0,4.0,6.0,5.0,0.0,,,,,,,,,,2.0,2.0,1.0,10.0,41.0,,19.0,40.0,77.0,241.0,313.0,,,23.0,,,,11.0,,,,5.9,1.0,17.0,,11.0,,,18.0,9.0,9.0,,39.0,1,,0,5.0,,,,,2.0,,,5.0,,,,,7.05,7.09,Clasificatorias WC UEFA,UEFA,UEFA
SEL-WC_QUALS_UEFA-2026-13233638,Ronda 8,2025-10-13,Gales,1,Bélgica,2,4,,,9.0,3.0,3.0,3.0,0.0,,,,,,,,,,2.0,6.0,0.0,6.0,59.0,,21.0,62.0,83.9,412.0,491.0,,,10.0,,,,6.0,,,,30.8,8.0,26.0,,4.0,,,18.0,13.0,5.0,,18.0,4,,0,2.0,,,,,1.0,,0.0,2.0,,10.0,,,,,16.0,6.0,6.0,4.0,0.0,,,,,,,,,,4.0,5.0,1.0,11.0,44.0,,36.0,38.0,77.3,242.0,313.0,,,27.0,,,,8.0,,,,33.3,3.0,9.0,,5.0,,,12.0,9.0,3.0,,35.0,2,,0,1.0,,,,,0.0,,2.0,1.0,,6.0,,,6.54,7.06,Clasificatorias WC UEFA,UEFA,UEFA
SEL-WC_QUALS_UEFA-2026-13233644,Ronda 8,2025-10-14,Estonia,1,Moldavia,1,1,,,17.0,4.0,5.0,8.0,0.0,,,,,,,,,,0.0,3.0,0.0,8.0,68.0,,20.0,61.0,83.4,441.0,529.0,,,39.0,,,,11.0,,,,9.5,2.0,21.0,,4.0,,,11.0,6.0,5.0,,23.0,1,,0,3.0,,,,,,,0.0,2.0,,15.0,,,,,16.0,4.0,7.0,5.0,1.0,,,,,,,,,,1.0,4.0,1.0,6.0,39.0,,26.0,39.0,73.7,250.0,339.0,,,24.0,,,,15.0,,,,31.2,5.0,16.0,,11.0,,,13.0,9.0,4.0,,30.0,1,,0,3.0,,,,,,,1.0,3.0,,11.0,,,6.95,6.94,Clasificatorias WC UEFA,UEFA,UEFA
SEL-WC_QUALS_UEFA-2026-13233640,Ronda 8,2025-10-14,España,1,Bulgaria,4,0,,,33.0,11.0,12.0,10.0,1.0,,,,,,,,,,8.0,11.0,3.0,4.0,106.0,,66.0,78.0,92.7,757.0,817.0,,,23.0,,,,5.0,,,,15.6,5.0,32.0,,3.0,,,8.0,4.0,4.0,,4.0,0,,1,0.0,,,,,0.0,,0.0,,,7.0,,,,,3.0,0.0,3.0,0.0,0.0,,,,,,,,,,1.0,0.0,0.0,6.0,34.0,,2.0,22.0,73.2,175.0,239.0,,,24.0,,,,7.0,,,,,0.0,3.0,,7.0,,,11.0,4.0,7.0,,53.0,4,,0,8.0,,,,,1.0,,3.0,,,6.0,,,7.7,6.62,Clasificatorias WC UEFA,UEFA,UEFA
SEL-WC_QUALS_UEFA-2026-13233639,Ronda 8,2025-10-14,Turquía,1,Georgia,4,1,,,10.0,6.0,3.0,1.0,0.0,,,,,,,,,,5.0,7.0,2.0,4.0,59.0,,21.0,45.0,79.0,343.0,434.0,,,23.0,,,,16.0,,,,50.0,6.0,12.0,,10.0,,,21.0,15.0,6.0,,24.0,1,,0,2.0,,,,,,,,1.0,,14.0,,,,,12.0,3.0,3.0,6.0,1.0,,,,,,,,,,1.0,6.0,2.0,8.0,49.0,,19.0,55.0,84.1,443.0,527.0,,,25.0,,,,14.0,,,,35.3,6.0,17.0,,12.0,,,9.0,6.0,3.0,,24.0,4,,0,1.0,,,,,,,,1.0,,16.0,,,7.39,6.6,Clasificatorias WC UEFA,UEFA,UEFA
SEL-WC_QUALS_UEFA-2026-13233641,Ronda 8,2025-10-14,Irlanda,1,Armenia,1,0,,,17.0,6.0,8.0,3.0,1.0,,,,,,,,,,6.0,6.0,3.0,7.0,51.0,,43.0,49.0,82.1,377.0,459.0,,,21.0,,,,6.0,,,,48.0,12.0,25.0,,5.0,,,20.0,15.0,5.0,,11.0,0,,1,1.0,,,,,,,,4.0,0.0,12.0,,,,,4.0,1.0,1.0,2.0,0.0,,,,,,,,,,1.0,0.0,2.0,6.0,54.0,,2.0,51.0,80.7,405.0,502.0,,,15.0,,,,12.0,,,,16.7,1.0,6.0,,12.0,,,14.0,8.0,6.0,,23.0,1,,0,5.0,,,,,,,,0.0,1.0,6.0,,,7.29,6.71,Clasificatorias WC UEFA,UEFA,UEFA
SEL-WC_QUALS_UEFA-2026-13233642,Ronda 8,2025-10-14,Portugal,1,Hungría,2,2,,,20.0,8.0,8.0,4.0,2.0,,,,,,,,,,4.0,5.0,1.0,4.0,62.0,,36.0,65.0,90.5,545.0,602.0,,,27.0,,,,12.0,,,,29.2,7.0,24.0,,4.0,,,7.0,6.0,1.0,,19.0,2,,0,4.0,,,,,0.0,,1.0,2.0,,,,,,,17.0,7.0,8.0,2.0,1.0,,,,,,,,,,5.0,4.0,1.0,8.0,31.0,,20.0,35.0,80.2,247.0,308.0,,,22.0,,,,7.0,,,,40.0,8.0,20.0,,3.0,,,12.0,11.0,1.0,,28.0,2,,0,6.0,,,,,2.0,,2.0,2.0,,,,,7.37,7.23,Clasificatorias WC UEFA,UEFA,UEFA
SEL-WC_QUALS_UEFA-2026-13233645,Ronda 8,2025-10-14,Italia,1,Israel,3,0,,,16.0,6.0,4.0,6.0,0.0,,,,,,,,,,4.0,4.0,2.0,3.0,58.0,,28.0,53.0,87.0,415.0,477.0,,,15.0,,,,9.0,,,,35.0,7.0,20.0,,6.0,,,19.0,8.0,11.0,,11.0,0,,1,2.0,,,,,1.0,,,2.0,,,,,,,8.0,2.0,5.0,1.0,1.0,,,,,,,,,,1.0,3.0,0.0,6.0,20.0,,15.0,47.0,88.5,392.0,443.0,,,25.0,,,,12.0,,,,16.7,1.0,6.0,,13.0,,,7.0,3.0,4.0,,25.0,3,,0,2.0,,,,,1.0,,,1.0,,,,,7.41,6.61,Clasificatorias WC UEFA,UEFA,UEFA
SEL-WC_QUALS_UEFA-2026-13233646,Ronda 8,2025-10-14,Andorra,1,Serbia,1,3,,,4.0,2.0,2.0,0.0,0.0,,,,,,,,,,1.0,0.0,1.0,4.0,45.0,,3.0,28.0,70.3,166.0,236.0,,,18.0,,,,13.0,,,,33.3,1.0,3.0,,12.0,,,16.0,9.0,7.0,,31.0,3,,0,2.0,,,,,1.0,,2.0,4.0,,,,,,,21.0,4.0,11.0,6.0,1.0,,,,,,,,,,4.0,10.0,2.0,6.0,76.0,,32.0,72.0,89.0,503.0,565.0,,,22.0,,,,10.0,,,,26.3,10.0,38.0,,4.0,,,11.0,8.0,3.0,,18.0,1,,0,1.0,,,,,0.0,,0.0,1.0,,,,,6.44,7.1,Clasificatorias WC UEFA,UEFA,UEFA
SEL-WC_QUALS_UEFA-2026-13233647,Ronda 8,2025-10-14,Letonia,1,Inglaterra,0,5,,,6.0,1.0,2.0,3.0,0.0,,,,,,,,,,0.0,2.0,0.0,6.0,20.0,,9.0,28.0,81.2,234.0,288.0,,,22.0,,,,5.0,,,,28.6,2.0,7.0,,15.0,,,13.0,8.0,5.0,,45.0,5,,0,3.0,,,,,,,1.0,4.0,,11.0,,,,,24.0,7.0,10.0,7.0,0.0,,,,,,,,,,3.0,9.0,1.0,12.0,100.0,,48.0,72.0,91.9,661.0,719.0,,,17.0,,,,10.0,,,,13.5,5.0,37.0,,12.0,,,14.0,6.0,8.0,,9.0,0,,1,1.0,,,,,,,0.0,1.0,,5.0,,,6.22,7.78,Clasificatorias WC UEFA,UEFA,UEFA
SEL-WC_QUALS_UEFA-2026-13233648,Ronda 9,2025-11-13,Azerbaiyán,1,Islandia,0,2,,,7.0,1.0,5.0,1.0,0.0,,,,,,,,,,1.0,8.0,3.0,8.0,32.0,,19.0,38.0,79.4,269.0,339.0,,,21.0,,,,9.0,,,,17.6,3.0,17.0,,6.0,,,20.0,7.0,13.0,,21.0,2,,0,4.0,,,,,0.0,,2.0,4.0,,17.0,,,,,17.0,6.0,7.0,4.0,1.0,,,,,,,,,,2.0,4.0,1.0,10.0,59.0,,22.0,62.0,88.5,500.0,565.0,,,16.0,,,,17.0,,,,35.7,5.0,14.0,,7.0,,,13.0,6.0,7.0,,27.0,0,,1,1.0,,,,,2.0,,0.0,2.0,,9.0,,,6.68,7.29,Clasificatorias WC UEFA,UEFA,UEFA
SEL-WC_QUALS_UEFA-2026-13233649,Ronda 9,2025-11-13,Armenia,1,Hungría,0,1,,,6.0,1.0,2.0,3.0,0.0,,,,,,,,,,2.0,2.0,3.0,5.0,46.0,,13.0,48.0,82.2,341.0,415.0,,,21.0,,,,10.0,,,,25.0,2.0,8.0,,6.0,,,17.0,10.0,7.0,,20.0,1,,0,2.0,,,,,2.0,,1.0,1.0,,18.0,,,,,14.0,3.0,6.0,5.0,0.0,,,,,,,,,,0.0,7.0,2.0,3.0,63.0,,29.0,52.0,81.3,356.0,438.0,,,36.0,,,,18.0,,,,37.0,10.0,27.0,,11.0,,,13.0,8.0,5.0,,16.0,0,,1,1.0,,,,,0.0,,0.0,1.0,,10.0,,,6.78,7.25,Clasificatorias WC UEFA,UEFA,UEFA
SEL-WC_QUALS_UEFA-2026-13233650,Ronda 9,2025-11-13,Noruega,1,Estonia,4,1,,,18.0,7.0,5.0,6.0,0.0,,,,,,,,,,6.0,8.0,2.0,10.0,72.0,,44.0,68.0,90.9,601.0,661.0,,,13.0,,,,17.0,,,,35.7,10.0,28.0,,3.0,,,10.0,4.0,6.0,,14.0,1,,0,2.0,,,,,,,,,,9.0,,,,,6.0,3.0,1.0,2.0,1.0,,,,,,,,,,1.0,0.0,1.0,6.0,36.0,,10.0,32.0,79.1,253.0,320.0,,,12.0,,,,9.0,,,,33.3,1.0,3.0,,6.0,,,20.0,14.0,6.0,,27.0,4,,0,3.0,,,,,,,,,,17.0,,,7.57,6.49,Clasificatorias WC UEFA,UEFA,UEFA
SEL-WC_QUALS_UEFA-2026-13233655,Ronda 9,2025-11-13,Francia,1,Ucrania,4,0,,,25.0,10.0,8.0,7.0,2.0,,,,,,,,,,8.0,7.0,0.0,11.0,66.0,,48.0,71.0,92.3,663.0,718.0,,,16.0,,,,9.0,,,,7.7,1.0,13.0,,8.0,,,10.0,7.0,3.0,,8.0,0,,1,0.0,,,,,,,,1.0,,9.0,,,,,1.0,0.0,0.0,1.0,0.0,,,,,,,,,,0.0,0.0,1.0,3.0,25.0,,2.0,29.0,74.2,222.0,299.0,,,23.0,,,,9.0,,,,,0.0,1.0,,11.0,,,19.0,11.0,8.0,,23.0,4,,0,6.0,,,,,,,,2.0,,10.0,,,7.71,6.45,Clasificatorias WC UEFA,UEFA,UEFA
SEL-WC_QUALS_UEFA-2026-13233651,Ronda 9,2025-11-13,Irlanda,1,Portugal,2,0,,,14.0,3.0,6.0,5.0,1.0,,,,,,,,,,2.0,5.0,3.0,6.0,36.0,,29.0,23.0,70.5,165.0,234.0,,,18.0,,,,6.0,,,,87.5,7.0,8.0,,10.0,,,8.0,6.0,2.0,,41.0,0,,1,5.0,,,,,,,1.0,3.0,0.0,5.0,,,,,27.0,5.0,10.0,12.0,0.0,,,,,,,,,,1.0,9.0,2.0,5.0,71.0,,38.0,77.0,91.7,732.0,798.0,,,11.0,,,,5.0,,,,13.8,4.0,29.0,,7.0,,,15.0,10.0,5.0,,10.0,2,,0,1.0,,,,,,,0.0,2.0,1.0,6.0,,,7.45,7.11,Clasificatorias WC UEFA,UEFA,UEFA
SEL-WC_QUALS_UEFA-2026-13233652,Ronda 9,2025-11-13,Moldavia,1,Italia,0,2,,,3.0,1.0,1.0,1.0,0.0,,,,,,,,,,1.0,1.0,1.0,4.0,25.0,,3.0,23.0,65.6,147.0,224.0,,,14.0,,,,8.0,,,,20.0,1.0,5.0,,13.0,,,9.0,3.0,6.0,,66.0,2,,0,8.0,,,,,1.0,,3.0,3.0,,13.0,,,,,28.0,9.0,11.0,8.0,0.0,,,,,,,,,,3.0,13.0,1.0,9.0,69.0,,62.0,77.0,88.9,635.0,714.0,,,44.0,,,,13.0,,,,36.4,20.0,55.0,,7.0,,,4.0,2.0,2.0,,10.0,0,,1,1.0,,,,,0.0,,0.0,0.0,,8.0,,,6.79,7.62,Clasificatorias WC UEFA,UEFA,UEFA
SEL-WC_QUALS_UEFA-2026-13233653,Ronda 9,2025-11-13,Andorra,1,Albania,0,1,,,3.0,0.0,2.0,1.0,0.0,,,,,,,,,,0.0,1.0,2.0,10.0,47.0,,2.0,34.0,75.9,249.0,328.0,,,24.0,,,,7.0,,,,,0.0,10.0,,4.0,,,13.0,9.0,4.0,,18.0,1,,0,1.0,,,,,,,,3.0,,18.0,,,,,12.0,2.0,5.0,5.0,1.0,,,,,,,,,,1.0,3.0,2.0,7.0,71.0,,22.0,66.0,90.5,582.0,643.0,,,25.0,,,,18.0,,,,17.4,4.0,23.0,,9.0,,,11.0,10.0,1.0,,20.0,0,,1,0.0,,,,,,,,2.0,,7.0,,,6.55,7.34,Clasificatorias WC UEFA,UEFA,UEFA
SEL-WC_QUALS_UEFA-2026-13233654,Ronda 9,2025-11-13,Inglaterra,1,Serbia,2,0,,,19.0,6.0,7.0,6.0,2.0,,,,,,,,,,2.0,6.0,2.0,5.0,88.0,,39.0,70.0,90.9,588.0,647.0,,,23.0,,,,10.0,,,,27.8,5.0,18.0,,3.0,,,11.0,9.0,2.0,,9.0,0,,1,1.0,,,,,0.0,,1.0,0.0,,13.0,,,,,7.0,1.0,3.0,3.0,0.0,,,,,,,,,,1.0,5.0,2.0,3.0,26.0,,12.0,30.0,78.5,212.0,270.0,,,30.0,,,,13.0,,,,18.2,2.0,11.0,,10.0,,,19.0,11.0,8.0,,18.0,2,,0,4.0,,,,,1.0,,1.0,1.0,,10.0,,,7.27,6.69,Clasificatorias WC UEFA,UEFA,UEFA
SEL-WC_QUALS_UEFA-2026-13233656,Ronda 9,2025-11-14,Finlandia,1,Malta,0,1,,,16.0,8.0,3.0,5.0,1.0,,,,,,,,,,3.0,9.0,1.0,13.0,62.0,,46.0,61.0,87.0,490.0,563.0,,,17.0,,,,9.0,,,,26.1,6.0,23.0,,7.0,,,20.0,9.0,11.0,,27.0,1,,0,0.0,,,,,0.0,,0.0,,,15.0,,,,,4.0,1.0,1.0,2.0,0.0,,,,,,,,,,0.0,1.0,0.0,3.0,59.0,,11.0,39.0,76.7,276.0,360.0,,,24.0,,,,15.0,,,,10.0,1.0,10.0,,7.0,,,19.0,8.0,11.0,,26.0,0,,1,6.0,,,,,1.0,,2.0,,,9.0,,,7.03,7.1,Clasificatorias WC UEFA,UEFA,UEFA
SEL-WC_QUALS_UEFA-2026-13233657,Ronda 9,2025-11-14,Luxemburgo,1,Alemania,0,2,,,7.0,1.0,4.0,2.0,0.0,,,,,,,,,,2.0,4.0,0.0,5.0,41.0,,14.0,35.0,78.5,241.0,307.0,,,32.0,,,,10.0,,,,15.4,2.0,13.0,,9.0,,,15.0,10.0,5.0,,29.0,2,,0,5.0,,,,,1.0,,1.0,3.0,,11.0,,,,,14.0,7.0,4.0,3.0,1.0,,,,,,,,,,3.0,4.0,2.0,11.0,48.0,,25.0,65.0,88.3,522.0,591.0,,,19.0,,,,11.0,,,,,0.0,16.0,,8.0,,,13.0,6.0,7.0,,29.0,0,,1,1.0,,,,,1.0,,1.0,2.0,,10.0,,,6.77,7.39,Clasificatorias WC UEFA,UEFA,UEFA
SEL-WC_QUALS_UEFA-2026-13233658,Ronda 9,2025-11-14,Eslovaquia,1,Irlanda del Norte,1,0,,,16.0,2.0,7.0,7.0,1.0,,,,,,,,,,3.0,3.0,3.0,5.0,58.0,,23.0,62.0,79.7,425.0,533.0,,,21.0,,,,20.0,,,,40.0,8.0,20.0,,10.0,,,12.0,6.0,6.0,,29.0,0,,1,2.0,,,,,1.0,,,1.0,0.0,14.0,,,,,9.0,2.0,5.0,2.0,0.0,,,,,,,,,,2.0,2.0,1.0,8.0,63.0,,17.0,38.0,68.7,219.0,319.0,,,23.0,,,,14.0,,,,25.0,4.0,16.0,,13.0,,,13.0,10.0,3.0,,25.0,1,,0,1.0,,,,,1.0,,,4.0,1.0,20.0,,,6.92,6.91,Clasificatorias WC UEFA,UEFA,UEFA
SEL-WC_QUALS_UEFA-2026-13233659,Ronda 9,2025-11-14,Polonia,1,Países Bajos,1,1,,,12.0,5.0,2.0,5.0,0.0,,,,,,,,,,2.0,2.0,3.0,4.0,36.0,,22.0,40.0,88.1,363.0,412.0,,,32.0,,,,14.0,,,,23.5,4.0,17.0,,5.0,,,18.0,8.0,10.0,,23.0,1,,0,2.0,,,,,0.0,,1.0,2.0,,10.0,,,,,8.0,3.0,4.0,1.0,0.0,,,,,,,,,,2.0,3.0,0.0,6.0,89.0,,24.0,60.0,93.4,580.0,621.0,,,13.0,,,,10.0,,,,15.0,3.0,20.0,,3.0,,,13.0,8.0,5.0,,20.0,1,,0,4.0,,,,,1.0,,0.0,1.0,,14.0,,,6.94,7.07,Clasificatorias WC UEFA,UEFA,UEFA
SEL-WC_QUALS_UEFA-2026-13233661,Ronda 9,2025-11-14,Croacia,1,Islas Feroe,3,1,,,20.0,4.0,12.0,4.0,2.0,,,,,,,,,,5.0,11.0,1.0,8.0,89.0,,47.0,81.0,87.7,565.0,644.0,,,36.0,,,,11.0,,,,25.0,8.0,32.0,,4.0,,,8.0,4.0,4.0,,14.0,1,,0,3.0,,,,,0.0,,0.0,0.0,,9.0,,,,,4.0,4.0,0.0,0.0,0.0,,,,,,,,,,3.0,2.0,1.0,0.0,32.0,,9.0,19.0,51.6,79.0,153.0,,,12.0,,,,9.0,,,,28.6,2.0,7.0,,12.0,,,8.0,3.0,5.0,,56.0,3,,0,1.0,,,,,2.0,,2.0,2.0,,11.0,,,7.45,6.37,Clasificatorias WC UEFA,UEFA,UEFA
SEL-WC_QUALS_UEFA-2026-13233660,Ronda 9,2025-11-14,Gibraltar,1,Montenegro,1,2,,,2.0,1.0,1.0,0.0,0.0,,,,,,,,,,1.0,1.0,1.0,3.0,38.0,,2.0,35.0,57.7,116.0,201.0,,,13.0,,,,14.0,,,,,0.0,7.0,,9.0,,,11.0,4.0,7.0,,36.0,2,,0,6.0,,,,,0.0,,,2.0,,14.0,,,,,22.0,8.0,10.0,4.0,0.0,,,,,,,,,,6.0,9.0,3.0,5.0,57.0,,42.0,65.0,80.2,291.0,363.0,,,22.0,,,,13.0,,,,34.4,11.0,32.0,,8.0,,,10.0,6.0,4.0,,23.0,1,,0,0.0,,,,,1.0,,,1.0,,14.0,,,6.57,7.11,Clasificatorias WC UEFA,UEFA,UEFA
SEL-WC_QUALS_UEFA-2026-13233662,Ronda 9,2025-11-15,Kazajistán,1,Bélgica,1,1,,,9.0,3.0,3.0,3.0,0.0,,,,,,,,,,0.0,5.0,,6.0,25.0,,12.0,23.0,74.3,142.0,191.0,,,15.0,,,,5.0,,,,,0.0,8.0,,11.0,,,20.0,12.0,8.0,,56.0,1,,0,8.0,,,,,1.0,,2.0,4.0,1.0,17.0,,,,,20.0,8.0,8.0,4.0,0.0,,,,,,,,,,4.0,12.0,,14.0,62.0,,69.0,77.0,89.5,588.0,657.0,,,15.0,,,,17.0,,,,26.5,9.0,34.0,,7.0,,,19.0,11.0,8.0,,10.0,1,,0,2.0,,,,,1.0,,1.0,1.0,0.0,5.0,,,6.91,7.49,Clasificatorias WC UEFA,UEFA,UEFA
SEL-WC_QUALS_UEFA-2026-13233663,Ronda 9,2025-11-15,Georgia,1,España,0,4,,,6.0,2.0,3.0,1.0,1.0,,,,,,,,,,0.0,4.0,1.0,8.0,28.0,,18.0,39.0,85.2,341.0,400.0,,,19.0,,,,9.0,,,,,0.0,13.0,,12.0,,,11.0,7.0,4.0,,21.0,4,,0,3.0,,,,,1.0,,,0.0,,9.0,,,,,14.0,7.0,3.0,4.0,1.0,,,,,,,,,,6.0,6.0,0.0,5.0,70.0,,34.0,61.0,91.5,580.0,634.0,,,21.0,,,,8.0,,,,23.8,5.0,21.0,,5.0,,,10.0,7.0,3.0,,20.0,0,,1,2.0,,,,,1.0,,,1.0,,9.0,,,6.47,7.53,Clasificatorias WC UEFA,UEFA,UEFA
SEL-WC_QUALS_UEFA-2026-13233664,Ronda 9,2025-11-15,Turquía,1,Bulgaria,2,0,,,19.0,6.0,10.0,3.0,1.0,,,,,,,,,,5.0,9.0,0.0,13.0,54.0,,33.0,67.0,86.5,480.0,555.0,,,21.0,,,,11.0,,,,18.2,4.0,22.0,,8.0,,,22.0,15.0,7.0,,15.0,0,,1,2.0,,,,,1.0,,,3.0,,11.0,,,,,9.0,2.0,2.0,5.0,1.0,,,,,,,,,,1.0,6.0,1.0,8.0,24.0,,18.0,33.0,72.8,206.0,283.0,,,19.0,,,,11.0,,,,14.3,1.0,7.0,,14.0,,,11.0,8.0,3.0,,31.0,2,,0,5.0,,,,,0.0,,,1.0,,12.0,,,7.3,6.67,Clasificatorias WC UEFA,UEFA,UEFA
SEL-WC_QUALS_UEFA-2026-13233665,Ronda 9,2025-11-15,Chipre,1,Austria,0,2,,,4.0,0.0,3.0,1.0,0.0,,,,,,,,,,0.0,6.0,2.0,3.0,45.0,,11.0,37.0,71.3,233.0,327.0,,,22.0,,,,15.0,,,,22.2,4.0,18.0,,8.0,,,19.0,11.0,8.0,,14.0,2,,0,4.0,,,,,2.0,,,2.0,,13.0,,,,,12.0,6.0,5.0,1.0,1.0,,,,,,,,,,6.0,3.0,0.0,5.0,76.0,,27.0,63.0,86.5,505.0,584.0,,,24.0,,,,12.0,,,,14.3,2.0,14.0,,2.0,,,20.0,9.0,11.0,,27.0,0,,1,0.0,,,,,0.0,,,0.0,,15.0,,,6.43,7.35,Clasificatorias WC UEFA,UEFA,UEFA
SEL-WC_QUALS_UEFA-2026-13233666,Ronda 9,2025-11-15,Liechtenstein,1,Gales,0,1,,,3.0,0.0,3.0,0.0,0.0,,,,,,,,,,0.0,2.0,3.0,3.0,22.0,,3.0,23.0,65.5,131.0,200.0,,,18.0,,,,5.0,,,,50.0,2.0,4.0,,3.0,,,14.0,7.0,7.0,,49.0,1,,0,6.0,,,,,1.0,,4.0,2.0,,9.0,,,,,18.0,7.0,8.0,3.0,1.0,,,,,,,,,,6.0,7.0,3.0,19.0,99.0,,27.0,77.0,91.8,640.0,697.0,,,24.0,,,,9.0,,,,20.0,8.0,40.0,,6.0,,,5.0,4.0,1.0,,8.0,0,,1,0.0,,,,,1.0,,0.0,3.0,,5.0,,,6.64,7.5,Clasificatorias WC UEFA,UEFA,UEFA
SEL-WC_QUALS_UEFA-2026-13233667,Ronda 9,2025-11-15,Eslovenia,1,Kosovo,0,2,,,6.0,2.0,1.0,3.0,0.0,,,,,,,,,,0.0,4.0,2.0,5.0,45.0,,12.0,51.0,81.0,359.0,443.0,,,20.0,,,,9.0,,,,25.0,4.0,16.0,,7.0,,,14.0,7.0,7.0,,21.0,2,,0,6.0,,,,,,,1.0,3.0,1.0,11.0,,,,,15.0,7.0,4.0,4.0,0.0,,,,,,,,,,2.0,7.0,1.0,15.0,43.0,,17.0,49.0,82.1,353.0,430.0,,,31.0,,,,11.0,,,,,0.0,14.0,,6.0,,,8.0,6.0,2.0,,21.0,0,,1,2.0,,,,,,,0.0,1.0,0.0,9.0,,,6.82,7.14,Clasificatorias WC UEFA,UEFA,UEFA
SEL-WC_QUALS_UEFA-2026-13233668,Ronda 9,2025-11-15,Suiza,1,Suecia,4,1,,,9.0,7.0,2.0,0.0,0.0,,,,,,,,,,2.0,4.0,0.0,3.0,54.0,,19.0,59.0,89.6,476.0,531.0,,,29.0,,,,17.0,,,,15.0,3.0,20.0,,3.0,,,10.0,5.0,5.0,,8.0,1,,0,2.0,,,,,0.0,,0.0,1.0,,13.0,,,,,6.0,3.0,3.0,0.0,0.0,,,,,,,,,,1.0,3.0,1.0,1.0,33.0,,9.0,41.0,84.7,320.0,378.0,,,23.0,,,,13.0,,,,22.2,2.0,9.0,,6.0,,,13.0,7.0,6.0,,25.0,4,,0,3.0,,,,,1.0,,2.0,4.0,,18.0,,,7.04,6.48,Clasificatorias WC UEFA,UEFA,UEFA
SEL-WC_QUALS_UEFA-2026-13233670,Ronda 9,2025-11-15,Dinamarca,1,Bielorrusia,2,2,,,35.0,10.0,13.0,12.0,0.0,,,,,,,,,,4.0,13.0,0.0,12.0,90.0,,56.0,67.0,88.5,553.0,625.0,,,25.0,,,,15.0,,,,32.4,11.0,34.0,,9.0,,,16.0,10.0,6.0,,7.0,2,,0,1.0,,,,,,,0.0,0.0,,4.0,,,,,7.0,3.0,4.0,0.0,1.0,,,,,,,,,,1.0,3.0,1.0,6.0,29.0,,12.0,33.0,74.7,236.0,316.0,,,26.0,,,,4.0,,,,16.7,1.0,6.0,,9.0,,,19.0,9.0,10.0,,41.0,2,,0,8.0,,,,,,,3.0,5.0,,15.0,,,7.36,6.99,Clasificatorias WC UEFA,UEFA,UEFA
SEL-WC_QUALS_UEFA-2026-13233669,Ronda 9,2025-11-15,Grecia,1,Escocia,3,2,,,18.0,10.0,4.0,4.0,1.0,,,,,,,,,,1.0,6.0,1.0,9.0,47.0,,24.0,49.0,83.3,369.0,443.0,,,18.0,,,,14.0,,,,25.0,4.0,16.0,,5.0,,,17.0,10.0,7.0,,27.0,2,,0,3.0,,,,,1.0,,1.0,2.0,1.0,9.0,,,,,12.0,6.0,4.0,2.0,1.0,,,,,,,,,,6.0,8.0,2.0,8.0,56.0,,36.0,51.0,84.6,379.0,448.0,,,17.0,,,,9.0,,,,44.4,12.0,27.0,,6.0,,,10.0,4.0,6.0,,16.0,3,,0,7.0,,,,,2.0,,1.0,3.0,0.0,14.0,,,7.09,6.84,Clasificatorias WC UEFA,UEFA,UEFA
SEL-WC_QUALS_UEFA-2026-13233671,Ronda 9,2025-11-15,Bosnia,1,Rumania,3,1,,,16.0,4.0,8.0,4.0,2.0,,,,,,,,,,4.0,4.0,2.0,12.0,65.0,,24.0,59.0,84.1,413.0,491.0,,,25.0,,,,16.0,,,,24.0,6.0,25.0,,5.0,,,7.0,3.0,4.0,,15.0,1,,0,2.0,,,,,,,0.0,5.0,0.0,15.0,,,,,9.0,3.0,5.0,1.0,0.0,,,,,,,,,,3.0,1.0,1.0,6.0,47.0,,14.0,41.0,73.9,261.0,353.0,,,27.0,,,,15.0,,,,42.9,3.0,7.0,,7.0,,,14.0,12.0,2.0,,23.0,3,,0,1.0,,,,,,,1.0,2.0,1.0,16.0,,,7.01,6.64,Clasificatorias WC UEFA,UEFA,UEFA
SEL-WC_QUALS_UEFA-2026-13233672,Ronda 10,2025-11-16,Hungría,1,Irlanda,2,3,,,18.0,7.0,3.0,8.0,0.0,,,,,,,,,,2.0,8.0,1.0,13.0,53.0,,31.0,53.0,81.3,322.0,396.0,,,14.0,,,,17.0,,,,29.6,8.0,27.0,,11.0,,,20.0,14.0,6.0,,39.0,3,,0,2.0,,,,,0.0,,,2.0,,10.0,,,,,10.0,5.0,3.0,2.0,0.0,,,,,,,,,,5.0,2.0,3.0,5.0,55.0,,19.0,47.0,79.7,278.0,349.0,,,21.0,,,,9.0,,,,17.4,4.0,23.0,,5.0,,,13.0,8.0,5.0,,31.0,2,,0,5.0,,,,,1.0,,,4.0,,17.0,,,7.17,7.13,Clasificatorias WC UEFA,UEFA,UEFA
SEL-WC_QUALS_UEFA-2026-13233673,Ronda 10,2025-11-16,Portugal,1,Armenia,9,1,,,34.0,15.0,11.0,8.0,3.0,,,,,,,,,,8.0,7.0,3.0,9.0,62.0,,52.0,76.0,90.7,598.0,659.0,,,21.0,,,,8.0,,,,54.5,12.0,22.0,,5.0,,,14.0,9.0,5.0,,7.0,1,,0,1.0,,,,,,,0.0,0.0,,7.0,,,,,4.0,2.0,1.0,1.0,0.0,,,,,,,,,,1.0,1.0,1.0,7.0,13.0,,11.0,24.0,74.8,160.0,214.0,,,8.0,,,,7.0,,,,40.0,2.0,5.0,,6.0,,,7.0,5.0,2.0,,28.0,9,,0,6.0,,,,,,,1.0,1.0,,10.0,,,7.83,5.8,Clasificatorias WC UEFA,UEFA,UEFA
SEL-WC_QUALS_UEFA-2026-13233674,Ronda 10,2025-11-16,Azerbaiyán,1,Francia,1,3,,,2.0,1.0,1.0,0.0,0.0,,,,,,,,,,1.0,1.0,1.0,4.0,30.0,,4.0,26.0,67.0,148.0,221.0,,,10.0,,,,12.0,,,,,0.0,3.0,,8.0,,,24.0,13.0,11.0,,23.0,3,,0,2.0,,,,,0.0,,1.0,2.0,,10.0,,,,,17.0,4.0,5.0,8.0,0.0,,,,,,,,,,6.0,8.0,0.0,13.0,60.0,,45.0,74.0,90.0,549.0,610.0,,,20.0,,,,10.0,,,,34.8,8.0,23.0,,7.0,,,18.0,9.0,9.0,,9.0,1,,0,0.0,,,,,1.0,,0.0,0.0,,12.0,,,6.49,7.27,Clasificatorias WC UEFA,UEFA,UEFA
SEL-WC_QUALS_UEFA-2026-13233675,Ronda 10,2025-11-16,Ucrania,1,Islandia,2,0,,,13.0,6.0,7.0,0.0,1.0,,,,,,,,,,3.0,3.0,2.0,2.0,82.0,,26.0,52.0,81.0,350.0,432.0,,,27.0,,,,6.0,,,,12.0,3.0,25.0,,9.0,,,17.0,10.0,7.0,,32.0,0,,1,3.0,,,,,0.0,,0.0,2.0,,12.0,,,,,10.0,2.0,3.0,5.0,0.0,,,,,,,,,,1.0,10.0,2.0,4.0,41.0,,14.0,48.0,78.8,313.0,397.0,,,26.0,,,,12.0,,,,36.8,7.0,19.0,,10.0,,,13.0,9.0,4.0,,43.0,2,,0,4.0,,,,,1.0,,2.0,1.0,,6.0,,,7.25,6.78,Clasificatorias WC UEFA,UEFA,UEFA
SEL-WC_QUALS_UEFA-2026-13233676,Ronda 10,2025-11-16,Albania,1,Inglaterra,0,2,,,6.0,3.0,3.0,0.0,0.0,,,,,,,,,,1.0,5.0,1.0,2.0,23.0,,9.0,30.0,73.8,211.0,286.0,,,20.0,,,,10.0,,,,7.7,1.0,13.0,,6.0,,,10.0,6.0,4.0,,22.0,2,,0,5.0,,,,,1.0,,,1.0,,9.0,,,,,14.0,7.0,4.0,3.0,0.0,,,,,,,,,,3.0,5.0,2.0,8.0,68.0,,28.0,70.0,92.3,633.0,686.0,,,12.0,,,,9.0,,,,27.8,5.0,18.0,,14.0,,,13.0,8.0,5.0,,14.0,0,,1,3.0,,,,,0.0,,,2.0,,10.0,,,6.61,7.46,Clasificatorias WC UEFA,UEFA,UEFA
SEL-WC_QUALS_UEFA-2026-13233677,Ronda 10,2025-11-16,Serbia,1,Letonia,2,1,,,19.0,7.0,7.0,5.0,0.0,,,,,,,,,,5.0,13.0,2.0,14.0,65.0,,33.0,67.0,89.5,520.0,581.0,,,20.0,,,,17.0,,,,22.0,9.0,41.0,,5.0,,,12.0,8.0,4.0,,24.0,1,,0,3.0,,,,,0.0,,0.0,0.0,,8.0,,,,,6.0,4.0,1.0,1.0,0.0,,,,,,,,,,3.0,3.0,0.0,6.0,39.0,,13.0,33.0,73.3,214.0,292.0,,,20.0,,,,8.0,,,,8.3,1.0,12.0,,7.0,,,20.0,12.0,8.0,,40.0,2,,0,4.0,,,,,1.0,,3.0,2.0,,17.0,,,7.1,6.82,Clasificatorias WC UEFA,UEFA,UEFA
SEL-WC_QUALS_UEFA-2026-13233678,Ronda 10,2025-11-16,Israel,1,Moldavia,4,1,,,26.0,9.0,7.0,10.0,2.0,,,,,,,,,,7.0,9.0,5.0,11.0,67.0,,48.0,73.0,90.3,565.0,626.0,,,10.0,,,,11.0,,,,22.7,5.0,22.0,,5.0,,,13.0,11.0,2.0,,8.0,1,,0,0.0,,,,,1.0,,0.0,2.0,0.0,9.0,,,,,4.0,1.0,3.0,0.0,0.0,,,,,,,,,,1.0,3.0,0.0,5.0,21.0,,6.0,27.0,71.7,165.0,230.0,,,20.0,,,,9.0,,,,11.1,1.0,9.0,,15.0,,,11.0,4.0,7.0,,32.0,4,,0,5.0,,,,,1.0,,1.0,2.0,1.0,12.0,,,7.47,6.38,Clasificatorias WC UEFA,UEFA,UEFA
SEL-WC_QUALS_UEFA-2026-13233679,Ronda 10,2025-11-16,Italia,1,Noruega,1,4,,,15.0,4.0,6.0,5.0,0.0,,,,,,,,,,2.0,6.0,,4.0,59.0,,23.0,58.0,88.4,473.0,535.0,,,30.0,,,,8.0,,,,34.8,8.0,23.0,,3.0,,,10.0,7.0,3.0,,21.0,4,,0,1.0,,,,,0.0,,0.0,3.0,,15.0,,,,,13.0,5.0,8.0,0.0,0.0,,,,,,,,,,3.0,2.0,,8.0,47.0,,26.0,42.0,84.5,333.0,394.0,,,27.0,,,,15.0,,,,20.0,2.0,10.0,,6.0,,,9.0,4.0,5.0,,19.0,1,,0,3.0,,,,,2.0,,1.0,2.0,,8.0,,,6.63,7.13,Clasificatorias WC UEFA,UEFA,UEFA
SEL-WC_QUALS_UEFA-2026-13233681,Ronda 10,2025-11-17,Alemania,1,Eslovaquia,6,0,,,22.0,10.0,7.0,5.0,0.0,,,,,,,,,,7.0,8.0,,4.0,98.0,,51.0,72.0,92.9,757.0,815.0,,,26.0,,,,3.0,,,,34.5,10.0,29.0,,4.0,,,11.0,6.0,5.0,,8.0,0,,1,2.0,,,,,1.0,,0.0,1.0,,11.0,,,,,6.0,2.0,2.0,2.0,0.0,,,,,,,,,,1.0,3.0,,9.0,11.0,,6.0,28.0,80.2,260.0,324.0,,,14.0,,,,11.0,,,,20.0,1.0,5.0,,10.0,,,11.0,7.0,4.0,,37.0,6,,0,4.0,,,,,0.0,,1.0,0.0,,3.0,,,7.91,6.25,Clasificatorias WC UEFA,UEFA,UEFA
SEL-WC_QUALS_UEFA-2026-13233680,Ronda 10,2025-11-17,Irlanda del Norte,1,Luxemburgo,1,0,,,9.0,3.0,4.0,2.0,0.0,,,,,,,,,,3.0,5.0,1.0,10.0,60.0,,14.0,40.0,68.7,217.0,316.0,,,26.0,,,,17.0,,,,20.0,3.0,15.0,,12.0,,,22.0,10.0,12.0,,35.0,0,,1,3.0,,,,,,,,4.0,,11.0,,,,,12.0,3.0,5.0,4.0,1.0,,,,,,,,,,1.0,2.0,1.0,4.0,52.0,,17.0,60.0,78.1,382.0,489.0,,,31.0,,,,11.0,,,,33.3,3.0,9.0,,14.0,,,11.0,5.0,6.0,,29.0,1,,0,2.0,,,,,,,,6.0,,18.0,,,7.07,6.71,Clasificatorias WC UEFA,UEFA,UEFA
SEL-WC_QUALS_UEFA-2026-13233682,Ronda 10,2025-11-17,Malta,1,Polonia,2,3,,,10.0,8.0,1.0,1.0,0.0,,,,,,,,,,5.0,4.0,1.0,17.0,34.0,,24.0,42.0,80.7,285.0,353.0,,,24.0,,,,5.0,,,,22.2,4.0,18.0,,4.0,,,14.0,11.0,3.0,,25.0,3,,0,1.0,,,,,2.0,,0.0,2.0,,7.0,,,,,18.0,4.0,7.0,7.0,0.0,,,,,,,,,,2.0,9.0,1.0,11.0,63.0,,25.0,58.0,85.0,415.0,488.0,,,13.0,,,,7.0,,,,18.2,4.0,22.0,,4.0,,,9.0,4.0,5.0,,24.0,2,,0,5.0,,,,,2.0,,2.0,2.0,,6.0,,,6.86,7.08,Clasificatorias WC UEFA,UEFA,UEFA
SEL-WC_QUALS_UEFA-2026-13233683,Ronda 10,2025-11-17,Países Bajos,1,Lituania,4,0,,,20.0,8.0,8.0,4.0,2.0,,,,,,,,,,6.0,5.0,0.0,15.0,73.0,,54.0,69.0,86.9,497.0,572.0,,,21.0,,,,9.0,,,,27.3,6.0,22.0,,6.0,,,7.0,3.0,4.0,,15.0,0,,1,1.0,,,,,,,0.0,0.0,,10.0,,,,,9.0,1.0,5.0,3.0,0.0,,,,,,,,,,2.0,3.0,1.0,4.0,23.0,,7.0,31.0,74.1,192.0,259.0,,,24.0,,,,10.0,,,,10.0,1.0,10.0,,8.0,,,15.0,10.0,5.0,,37.0,4,,0,4.0,,,,,,,2.0,2.0,,10.0,,,7.68,6.36,Clasificatorias WC UEFA,UEFA,UEFA
SEL-WC_QUALS_UEFA-2026-13233684,Ronda 10,2025-11-17,República Checa,1,Gibraltar,6,0,,,25.0,10.0,11.0,4.0,1.0,,,,,,,,,,8.0,12.0,2.0,5.0,66.0,,52.0,73.0,86.7,528.0,609.0,,,25.0,,,,9.0,,,,25.0,10.0,40.0,,6.0,,,15.0,10.0,5.0,,12.0,0,,1,0.0,,,,,0.0,,,0.0,,9.0,,,,,0.0,0.0,0.0,0.0,0.0,,,,,,,,,,0.0,1.0,0.0,5.0,45.0,,1.0,27.0,66.7,158.0,237.0,,,17.0,,,,9.0,,,,,0.0,3.0,,7.0,,,14.0,6.0,8.0,,42.0,6,,0,4.0,,,,,1.0,,,1.0,,9.0,,,8.0,6.01,Clasificatorias WC UEFA,UEFA,UEFA
SEL-WC_QUALS_UEFA-2026-13233686,Ronda 10,2025-11-17,Montenegro,1,Croacia,2,3,,,12.0,5.0,6.0,1.0,1.0,,,,,,,,,,1.0,5.0,2.0,5.0,38.0,,11.0,37.0,77.5,221.0,285.0,,,31.0,,,,16.0,,,,35.7,5.0,14.0,,3.0,,,16.0,6.0,10.0,,26.0,3,,0,4.0,,,,,0.0,,,3.0,,17.0,,,,,17.0,7.0,5.0,5.0,1.0,,,,,,,,,,5.0,3.0,0.0,11.0,55.0,,41.0,63.0,89.2,438.0,491.0,,,27.0,,,,16.0,,,,29.2,7.0,24.0,,4.0,,,13.0,8.0,5.0,,22.0,2,,0,3.0,,,,,1.0,,,1.0,,16.0,,,6.67,6.98,Clasificatorias WC UEFA,UEFA,UEFA
SEL-WC_QUALS_UEFA-2026-13233687,Ronda 10,2025-11-18,Kosovo,1,Suiza,1,1,,,11.0,4.0,3.0,4.0,0.0,,,,,,,,,,1.0,3.0,1.0,8.0,48.0,,18.0,47.0,88.2,398.0,451.0,,,23.0,,,,9.0,,,,17.4,4.0,23.0,,10.0,,,17.0,11.0,6.0,,9.0,1,,0,2.0,,,,,0.0,,,2.0,,9.0,,,,,6.0,3.0,2.0,1.0,0.0,,,,,,,,,,3.0,1.0,1.0,6.0,48.0,,13.0,53.0,87.1,458.0,526.0,,,20.0,,,,9.0,,,,25.0,2.0,8.0,,6.0,,,14.0,10.0,4.0,,16.0,1,,0,3.0,,,,,1.0,,,0.0,,9.0,,,6.99,6.95,Clasificatorias WC UEFA,UEFA,UEFA
SEL-WC_QUALS_UEFA-2026-13233688,Ronda 10,2025-11-18,Suecia,1,Eslovenia,1,1,,,11.0,2.0,5.0,4.0,0.0,,,,,,,,,,0.0,6.0,2.0,9.0,68.0,,17.0,61.0,89.0,557.0,626.0,,,15.0,,,,11.0,,,,26.7,4.0,15.0,,9.0,,,9.0,6.0,3.0,,19.0,1,,0,2.0,,,,,2.0,,,2.0,,6.0,,,,,17.0,3.0,4.0,10.0,0.0,,,,,,,,,,1.0,7.0,2.0,3.0,48.0,,22.0,39.0,84.0,330.0,393.0,,,38.0,,,,6.0,,,,10.0,2.0,20.0,,15.0,,,16.0,8.0,8.0,,24.0,1,,0,1.0,,,,,0.0,,,1.0,,11.0,,,6.91,7.01,Clasificatorias WC UEFA,UEFA,UEFA
SEL-WC_QUALS_UEFA-2026-13233689,Ronda 10,2025-11-18,Bielorrusia,1,Grecia,0,0,,,7.0,1.0,3.0,3.0,0.0,,,,,,,,,,1.0,2.0,2.0,7.0,55.0,,12.0,35.0,75.0,264.0,352.0,,,29.0,,,,16.0,,,,11.1,1.0,9.0,,10.0,,,13.0,7.0,6.0,,20.0,0,,1,3.0,,,,,,,,1.0,,13.0,,,,,13.0,3.0,7.0,3.0,2.0,,,,,,,,,,2.0,6.0,0.0,5.0,47.0,,23.0,65.0,87.3,572.0,655.0,,,25.0,,,,13.0,,,,13.6,3.0,22.0,,12.0,,,11.0,6.0,5.0,,14.0,0,,1,1.0,,,,,,,,1.0,,16.0,,,6.99,7.11,Clasificatorias WC UEFA,UEFA,UEFA
SEL-WC_QUALS_UEFA-2026-13233690,Ronda 10,2025-11-18,Escocia,1,Dinamarca,4,2,,,10.0,5.0,2.0,3.0,0.0,,,,,,,,,,2.0,2.0,1.0,8.0,39.0,,14.0,30.0,72.6,188.0,259.0,,,17.0,,,,12.0,,,,25.0,4.0,16.0,,12.0,,,26.0,19.0,7.0,,38.0,2,,0,1.0,,,,,,,,1.0,0.0,15.0,,,,,18.0,3.0,8.0,7.0,0.0,,,,,,,,,,2.0,9.0,1.0,6.0,64.0,,40.0,70.0,88.3,536.0,607.0,,,18.0,,,,14.0,,,,24.2,8.0,33.0,,7.0,,,20.0,15.0,5.0,,20.0,4,,0,1.0,,,,,,,,3.0,1.0,12.0,,,6.75,6.75,Clasificatorias WC UEFA,UEFA,UEFA
SEL-WC_QUALS_UEFA-2026-13233691,Ronda 10,2025-11-18,Bulgaria,1,Georgia,2,1,,,3.0,3.0,0.0,0.0,0.0,,,,,,,,,,2.0,0.0,,7.0,37.0,,5.0,23.0,67.5,164.0,243.0,,,10.0,,,,9.0,,,,50.0,1.0,2.0,,7.0,,,23.0,13.0,10.0,,39.0,1,,0,2.0,,,,,1.0,,,1.0,,7.0,,,,,17.0,3.0,9.0,5.0,0.0,,,,,,,,,,3.0,4.0,,14.0,110.0,,24.0,77.0,91.5,746.0,815.0,,,35.0,,,,7.0,,,,23.3,7.0,30.0,,12.0,,,11.0,5.0,6.0,,4.0,2,,0,1.0,,,,,0.0,,,2.0,,9.0,,,6.85,6.95,Clasificatorias WC UEFA,UEFA,UEFA
SEL-WC_QUALS_UEFA-2026-13233692,Ronda 10,2025-11-18,España,1,Turquía,2,2,,,21.0,9.0,7.0,5.0,0.0,,,,,,,,,,5.0,6.0,3.0,2.0,81.0,,41.0,73.0,92.0,705.0,766.0,,,14.0,,,,8.0,,,,22.7,5.0,22.0,,5.0,,,8.0,4.0,4.0,,7.0,2,,0,5.0,,,,,1.0,,0.0,1.0,,5.0,,,,,13.0,7.0,1.0,5.0,0.0,,,,,,,,,,1.0,3.0,1.0,4.0,30.0,,16.0,27.0,81.0,230.0,284.0,,,25.0,,,,5.0,,,,40.0,4.0,10.0,,10.0,,,12.0,8.0,4.0,,39.0,2,,0,6.0,,,,,1.0,,1.0,5.0,,8.0,,,7.19,7.08,Clasificatorias WC UEFA,UEFA,UEFA
SEL-WC_QUALS_UEFA-2026-13233693,Ronda 10,2025-11-18,Austria,1,Bosnia,1,1,,,10.0,3.0,5.0,2.0,1.0,,,,,,,,,,2.0,4.0,2.0,6.0,84.0,,22.0,70.0,86.5,551.0,637.0,,,22.0,,,,9.0,,,,17.9,5.0,28.0,,7.0,,,14.0,11.0,3.0,,36.0,1,,0,0.0,,,,,0.0,,1.0,1.0,,8.0,,,,,8.0,1.0,4.0,3.0,0.0,,,,,,,,,,1.0,2.0,1.0,8.0,45.0,,14.0,30.0,70.0,196.0,280.0,,,13.0,,,,8.0,,,,11.1,1.0,9.0,,9.0,,,19.0,11.0,8.0,,57.0,1,,0,2.0,,,,,1.0,,2.0,2.0,,9.0,,,6.98,6.89,Clasificatorias WC UEFA,UEFA,UEFA
SEL-WC_QUALS_UEFA-2026-13233694,Ronda 10,2025-11-18,Rumania,1,San Marino,7,1,,,25.0,13.0,11.0,1.0,0.0,,,,,,,,,,9.0,6.0,2.0,15.0,73.0,,54.0,76.0,87.3,551.0,631.0,,,19.0,,,,17.0,,,,30.8,4.0,13.0,,5.0,,,16.0,9.0,7.0,,9.0,1,,0,0.0,,,,,,,,0.0,,7.0,,,,,3.0,1.0,2.0,0.0,0.0,,,,,,,,,,1.0,0.0,0.0,5.0,19.0,,3.0,24.0,61.8,123.0,199.0,,,13.0,,,,7.0,,,,,0.0,2.0,,3.0,,,26.0,13.0,13.0,,35.0,7,,0,8.0,,,,,,,,4.0,,18.0,,,7.35,6.01,Clasificatorias WC UEFA,UEFA,UEFA
SEL-WC_QUALS_UEFA-2026-13233695,Ronda 10,2025-11-18,Bélgica,1,Liechtenstein,7,0,,,23.0,13.0,5.0,5.0,1.0,,,,,,,,,,6.0,15.0,1.0,17.0,83.0,,70.0,81.0,92.1,654.0,710.0,,,22.0,,,,10.0,,,,24.2,8.0,33.0,,5.0,,,18.0,11.0,7.0,,5.0,0,,1,1.0,,,,,,,0.0,0.0,,9.0,,,,,2.0,1.0,1.0,0.0,0.0,,,,,,,,,,0.0,0.0,0.0,2.0,16.0,,2.0,19.0,71.7,124.0,173.0,,,8.0,,,,9.0,,,,,0.0,1.0,,5.0,,,17.0,9.0,8.0,,45.0,7,,0,5.0,,,,,,,1.0,1.0,,10.0,,,8.43,5.94,Clasificatorias WC UEFA,UEFA,UEFA
SEL-WC_QUALS_UEFA-2026-13233696,Ronda 10,2025-11-18,Gales,1,Macedonia del Norte,7,1,,,17.0,10.0,2.0,5.0,1.0,,,,,,,,,,6.0,9.0,,8.0,64.0,,33.0,70.0,90.9,550.0,605.0,,,25.0,,,,10.0,,,,28.0,7.0,25.0,,3.0,,,12.0,6.0,6.0,,15.0,1,,0,1.0,,,,,0.0,,,0.0,,6.0,,,,,6.0,2.0,2.0,2.0,0.0,,,,,,,,,,1.0,3.0,,4.0,25.0,,7.0,30.0,72.9,191.0,262.0,,,15.0,,,,6.0,,,,11.1,1.0,9.0,,6.0,,,12.0,8.0,4.0,,23.0,7,,0,3.0,,,,,1.0,,,3.0,,12.0,,,7.52,6.06,Clasificatorias WC UEFA,UEFA,UEFA
SEL-WORLD_CUP-2018-7659862,Final,2018-06-14,Rusia,1,Arabia Saudita,5,0,,,14.0,7.0,3.0,4.0,0.0,,,,,,,,,,3.0,6.0,3.0,6.0,59.0,,28.0,38.0,72.5,242.0,334.0,,,30.0,,,,10.0,,,,21.1,4.0,19.0,,8.0,,,24.0,15.0,9.0,,18.0,0,,1,0.0,,,,,0.0,,,1.0,,22.0,,,,,6.0,0.0,3.0,3.0,0.0,,,,,,,,,,0.0,2.0,1.0,5.0,53.0,,6.0,62.0,81.5,453.0,556.0,,,37.0,,,,22.0,,,,14.3,1.0,7.0,,8.0,,,21.0,15.0,6.0,,24.0,5,,0,2.0,,,,,1.0,,,1.0,,10.0,,,7.38,6.35,FIFA World Cup,UEFA,AFC
SEL-WORLD_CUP-2018-7659867,Final,2018-06-15,Egipto,1,Uruguay,0,1,,,8.0,3.0,3.0,2.0,0.0,,,,,,,,,,0.0,0.0,1.0,5.0,60.0,,14.0,41.0,74.1,312.0,421.0,,,20.0,,,,6.0,,,,18.2,2.0,11.0,,20.0,,,21.0,9.0,12.0,,22.0,1,,0,3.0,,,,,4.0,,1.0,2.0,,12.0,,,,,15.0,4.0,7.0,4.0,1.0,,,,,,,,,,3.0,5.0,1.0,7.0,80.0,,27.0,59.0,84.5,495.0,586.0,,,34.0,,,,12.0,,,,29.2,7.0,24.0,,15.0,,,17.0,11.0,6.0,,24.0,0,,1,3.0,,,,,2.0,,0.0,0.0,,6.0,,,6.91,7.39,FIFA World Cup,CAF,CONMEBOL
SEL-WORLD_CUP-2018-7659865,Final,2018-06-15,Marruecos,1,Irán,0,1,,,14.0,3.0,6.0,5.0,0.0,,,,,,,,,,0.0,5.0,,11.0,59.0,,19.0,67.0,82.5,368.0,446.0,,,22.0,,,,14.0,,,,23.5,4.0,17.0,,5.0,,,17.0,9.0,8.0,,26.0,1,,0,2.0,,,,,1.0,,0.0,1.0,,22.0,,,,,8.0,2.0,5.0,1.0,0.0,,,,,,,,,,2.0,2.0,,2.0,41.0,,9.0,33.0,59.3,128.0,216.0,,,18.0,,,,22.0,,,,,0.0,11.0,,6.0,,,22.0,10.0,12.0,,24.0,0,,1,3.0,,,,,1.0,,2.0,3.0,,14.0,,,6.85,6.84,FIFA World Cup,CAF,AFC
SEL-WORLD_CUP-2018-7659859,Final,2018-06-15,Portugal,1,España,3,3,,,8.0,3.0,3.0,2.0,0.0,,,,,,,,,,2.0,4.0,1.0,4.0,53.0,,16.0,34.0,83.6,312.0,373.0,,,41.0,,,,9.0,,,,30.8,4.0,13.0,,3.0,,,14.0,8.0,6.0,,10.0,3,,0,3.0,,,,,1.0,,,1.0,,12.0,,,,,12.0,6.0,4.0,2.0,1.0,,,,,,,,,,1.0,5.0,3.0,8.0,84.0,,21.0,66.0,93.3,698.0,748.0,,,35.0,,,,12.0,,,,21.4,3.0,14.0,,12.0,,,11.0,10.0,1.0,,17.0,3,,0,0.0,,,,,0.0,,,1.0,,10.0,,,6.81,7.0,FIFA World Cup,UEFA,UEFA
SEL-WORLD_CUP-2018-7659860,Final,2018-06-16,Francia,1,Australia,2,1,,,12.0,5.0,5.0,2.0,0.0,,,,,,,,,,1.0,5.0,,11.0,85.0,,16.0,55.0,83.9,427.0,509.0,,,37.0,,,,18.0,,,,6.2,1.0,16.0,,4.0,,,16.0,12.0,4.0,,20.0,1,,0,1.0,,,,,1.0,,0.0,1.0,,16.0,,,,,4.0,1.0,2.0,1.0,0.0,,,,,,,,,,1.0,1.0,,1.0,44.0,,7.0,45.0,78.8,315.0,400.0,,,22.0,,,,15.0,,,,15.4,2.0,13.0,,5.0,,,26.0,16.0,10.0,,39.0,2,,0,4.0,,,,,2.0,,1.0,3.0,,19.0,,,7.08,6.64,FIFA World Cup,UEFA,AFC
SEL-WORLD_CUP-2018-7659864,Final,2018-06-16,Argentina,1,Islandia,1,1,,,29.0,7.0,11.0,11.0,0.0,,,,,,,,,,1.0,10.0,,14.0,76.0,,49.0,79.0,89.4,667.0,746.0,,,21.0,,,,14.0,,,,32.0,8.0,25.0,,4.0,,,11.0,8.0,3.0,,25.0,1,,0,1.0,,,0.0,,0.0,,1.0,,,10.0,,,,,9.0,2.0,5.0,2.0,0.0,,,,,,,,,,2.0,2.0,,6.0,47.0,,14.0,21.0,63.8,127.0,199.0,,,20.0,,,,10.0,,,,20.0,2.0,10.0,,18.0,,,19.0,9.0,10.0,,38.0,1,,0,6.0,,,1.0,,1.0,,1.0,,,15.0,,,7.45,6.98,FIFA World Cup,CONMEBOL,UEFA
SEL-WORLD_CUP-2018-7659861,Final,2018-06-16,Perú,1,Dinamarca,0,1,,,16.0,6.0,8.0,2.0,0.0,,,,,,,,,,2.0,3.0,5.0,7.0,56.0,,31.0,53.0,82.2,323.0,393.0,,,28.0,,,,17.0,,,,31.2,5.0,16.0,,7.0,,,16.0,8.0,8.0,,26.0,1,,0,2.0,,,,,0.0,,0.0,1.0,,10.0,,,,,10.0,3.0,5.0,2.0,0.0,,,,,,,,,,2.0,7.0,3.0,5.0,64.0,,11.0,47.0,78.9,277.0,351.0,,,25.0,,,,10.0,,,,6.2,1.0,16.0,,12.0,,,18.0,12.0,6.0,,27.0,0,,1,6.0,,,,,2.0,,1.0,2.0,,18.0,,,7.04,7.2,FIFA World Cup,CONMEBOL,UEFA
SEL-WORLD_CUP-2018-7659869,Final,2018-06-16,Croacia,1,Nigeria,2,0,,,11.0,2.0,7.0,2.0,0.0,,,,,,,,,,3.0,6.0,2.0,5.0,63.0,,15.0,55.0,80.6,374.0,464.0,,,28.0,,,,15.0,,,,20.8,5.0,24.0,,11.0,,,16.0,5.0,11.0,,34.0,0,,1,2.0,,,,,1.0,,,2.0,,20.0,,,,,14.0,2.0,7.0,5.0,0.0,,,,,,,,,,0.0,5.0,1.0,7.0,52.0,,17.0,45.0,79.0,305.0,386.0,,,18.0,,,,20.0,,,,25.0,5.0,20.0,,8.0,,,21.0,11.0,10.0,,29.0,2,,0,1.0,,,,,2.0,,,1.0,,16.0,,,7.13,6.77,FIFA World Cup,UEFA,CAF
SEL-WORLD_CUP-2018-7659866,Final,2018-06-17,Costa Rica,1,Serbia,0,1,,,10.0,3.0,3.0,4.0,0.0,,,,,,,,,,2.0,5.0,1.0,9.0,58.0,,17.0,53.0,80.7,347.0,430.0,,,22.0,,,,14.0,,,,20.8,5.0,24.0,,12.0,,,20.0,13.0,7.0,,31.0,1,,0,2.0,,,,,1.0,,1.0,2.0,,18.0,,,,,10.0,3.0,5.0,2.0,0.0,,,,,,,,,,1.0,4.0,3.0,9.0,58.0,,24.0,47.0,80.2,319.0,398.0,,,25.0,,,,18.0,,,,28.6,4.0,14.0,,6.0,,,23.0,15.0,8.0,,37.0,0,,1,3.0,,,,,1.0,,0.0,2.0,,14.0,,,6.83,7.33,FIFA World Cup,CONCACAF,UEFA
SEL-WORLD_CUP-2018-7659868,Final,2018-06-17,Alemania,1,México,0,1,,,27.0,9.0,9.0,9.0,2.0,,,,,,,,,,2.0,8.0,1.0,3.0,92.0,,43.0,67.0,87.4,507.0,580.0,,,29.0,,,,15.0,,,,16.7,5.0,30.0,,7.0,,,18.0,11.0,7.0,,11.0,1,,0,3.0,,,,,0.0,,,2.0,,10.0,,,,,13.0,4.0,7.0,2.0,0.0,,,,,,,,,,1.0,1.0,2.0,12.0,46.0,,16.0,33.0,76.9,226.0,294.0,,,27.0,,,,10.0,,,,25.0,2.0,8.0,,7.0,,,21.0,12.0,9.0,,40.0,0,,1,9.0,,,,,1.0,,,2.0,,15.0,,,7.29,7.47,FIFA World Cup,UEFA,CONCACAF
SEL-WORLD_CUP-2018-7659863,Final,2018-06-17,Brasil,1,Suiza,1,1,,,21.0,4.0,12.0,5.0,0.0,,,,,,,,,,5.0,7.0,1.0,12.0,40.0,,29.0,55.0,87.8,469.0,534.0,,,13.0,,,,19.0,,,,21.7,5.0,23.0,,12.0,,,12.0,8.0,4.0,,15.0,1,,0,1.0,,,,,2.0,,,1.0,,11.0,,,,,7.0,2.0,5.0,0.0,0.0,,,,,,,,,,1.0,2.0,0.0,3.0,42.0,,8.0,45.0,79.6,348.0,437.0,,,15.0,,,,11.0,,,,23.1,3.0,13.0,,12.0,,,27.0,14.0,13.0,,25.0,1,,0,3.0,,,,,0.0,,,3.0,,19.0,,,7.06,6.9,FIFA World Cup,CONMEBOL,UEFA
SEL-WORLD_CUP-2018-7659878,Final,2018-06-18,Suecia,1,Corea del Sur,1,0,,,15.0,4.0,5.0,6.0,0.0,,,,,,,,,,3.0,6.0,1.0,6.0,58.0,,21.0,55.0,82.2,351.0,427.0,,,26.0,,,,22.0,,,,23.8,5.0,21.0,,8.0,,,19.0,7.0,12.0,,30.0,0,,1,0.0,,,,,1.0,,1.0,1.0,,20.0,,,,,5.0,0.0,2.0,3.0,0.0,,,,,,,,,,0.0,5.0,0.0,6.0,47.0,,11.0,45.0,78.1,274.0,351.0,,,23.0,,,,20.0,,,,23.5,4.0,17.0,,12.0,,,14.0,8.0,6.0,,33.0,1,,0,3.0,,,,,3.0,,3.0,2.0,,23.0,,,7.25,6.89,FIFA World Cup,UEFA,AFC
SEL-WORLD_CUP-2018-7659886,Final,2018-06-18,Bélgica,1,Panamá,3,0,,,15.0,6.0,7.0,2.0,0.0,,,,,,,,,,2.0,9.0,1.0,11.0,87.0,,30.0,62.0,85.9,482.0,561.0,,,25.0,,,,18.0,,,,16.7,3.0,18.0,,5.0,,,16.0,10.0,6.0,,17.0,0,,1,2.0,,,,,2.0,,0.0,3.0,,17.0,,,,,6.0,2.0,4.0,1.0,0.0,,,,,,,,,,1.0,3.0,3.0,4.0,57.0,,7.0,38.0,79.8,273.0,342.0,,,30.0,,,,17.0,,,,25.0,3.0,12.0,,11.0,,,17.0,10.0,7.0,,26.0,3,,0,3.0,,,,,0.0,,1.0,5.0,,18.0,,,7.59,6.62,FIFA World Cup,UEFA,CONCACAF
SEL-WORLD_CUP-2018-7659882,Final,2018-06-18,Túnez,1,Inglaterra,1,2,,,6.0,1.0,3.0,2.0,0.0,,,,,,,,,,1.0,2.0,2.0,5.0,32.0,,6.0,39.0,78.8,268.0,340.0,,,21.0,,,,7.0,,,,40.0,2.0,5.0,,8.0,,,19.0,13.0,6.0,,23.0,2,,0,6.0,,,,,,,,0.0,,14.0,,,,,16.0,9.0,5.0,2.0,1.0,,,,,,,,,,5.0,7.0,3.0,10.0,73.0,,37.0,61.0,85.9,446.0,519.0,,,38.0,,,,14.0,,,,45.8,11.0,24.0,,6.0,,,13.0,7.0,6.0,,5.0,1,,0,0.0,,,,,,,,1.0,,8.0,,,6.7,7.34,FIFA World Cup,CAF,UEFA
SEL-WORLD_CUP-2018-7659875,Final,2018-06-19,Colombia,1,Japón,1,2,,,9.0,3.0,1.0,5.0,0.0,,,,,,,,,,3.0,3.0,2.0,8.0,52.0,,13.0,38.0,77.4,281.0,363.0,,,26.0,,,,9.0,,,,33.3,4.0,12.0,,6.0,,,17.0,11.0,6.0,,17.0,2,,0,3.0,,,,,2.0,,,2.0,1.0,15.0,,,,,14.0,5.0,6.0,3.0,0.0,,,,,,,,,,6.0,6.0,1.0,4.0,85.0,,17.0,62.0,86.7,510.0,588.0,,,23.0,,,,14.0,,,,25.0,4.0,16.0,,9.0,,,30.0,15.0,15.0,,27.0,1,,0,2.0,,,,,0.0,,,1.0,0.0,9.0,,,6.35,7.15,FIFA World Cup,CONMEBOL,AFC
SEL-WORLD_CUP-2018-7659876,Final,2018-06-19,Polonia,1,Senegal,1,2,,,11.0,4.0,6.0,1.0,0.0,,,,,,,,,,2.0,3.0,3.0,2.0,67.0,,21.0,61.0,83.8,466.0,556.0,,,34.0,,,,15.0,,,,27.3,3.0,11.0,,4.0,,,16.0,12.0,4.0,,29.0,2,,0,1.0,,,,,0.0,,0.0,1.0,,8.0,,,,,8.0,2.0,4.0,2.0,0.0,,,,,,,,,,2.0,3.0,2.0,6.0,70.0,,15.0,39.0,78.4,273.0,348.0,,,28.0,,,,8.0,,,,18.2,2.0,11.0,,8.0,,,14.0,8.0,6.0,,32.0,1,,0,3.0,,,,,2.0,,1.0,2.0,,15.0,,,6.85,6.88,FIFA World Cup,UEFA,CAF
SEL-WORLD_CUP-2018-7659899,Semifinals,2018-06-19,Rusia,1,Egipto,3,1,,,12.0,4.0,6.0,2.0,0.0,,,,,,,,,,2.0,7.0,,10.0,57.0,,20.0,49.0,71.9,297.0,413.0,,,20.0,,,,10.0,,,,25.9,7.0,27.0,,8.0,,,22.0,14.0,8.0,,38.0,1,,0,0.0,,,,,0.0,,0.0,1.0,,11.0,,,,,15.0,1.0,10.0,4.0,0.0,,,,,,,,,,1.0,4.0,,5.0,70.0,,24.0,51.0,77.4,342.0,442.0,,,24.0,,,,10.0,,,,33.3,7.0,21.0,,15.0,,,16.0,14.0,2.0,,32.0,3,,0,2.0,,,,,3.0,,1.0,1.0,,10.0,,,7.23,6.72,FIFA World Cup,UEFA,CAF
SEL-WORLD_CUP-2018-7659877,Semifinals,2018-06-20,Portugal,1,Marruecos,1,0,,,11.0,2.0,5.0,4.0,0.0,,,,,,,,,,2.0,5.0,1.0,4.0,47.0,,9.0,45.0,72.8,273.0,375.0,,,28.0,,,,22.0,,,,23.1,3.0,13.0,,8.0,,,28.0,20.0,8.0,,41.0,0,,1,4.0,,,,,3.0,,,1.0,,19.0,,,,,15.0,4.0,9.0,2.0,0.0,,,,,,,,,,1.0,7.0,1.0,11.0,71.0,,28.0,55.0,78.2,344.0,440.0,,,24.0,,,,19.0,,,,31.4,11.0,35.0,,10.0,,,24.0,12.0,12.0,,24.0,1,,0,1.0,,,,,0.0,,,1.0,,22.0,,,7.25,7.1,FIFA World Cup,UEFA,CAF
SEL-WORLD_CUP-2018-7659872,Semifinals,2018-06-20,Uruguay,1,Arabia Saudita,1,0,,,13.0,3.0,6.0,4.0,0.0,,,,,,,,,,3.0,3.0,1.0,6.0,56.0,,21.0,48.0,84.8,423.0,499.0,,,14.0,,,,13.0,,,,46.2,6.0,13.0,,9.0,,,22.0,11.0,11.0,,14.0,0,,1,2.0,,,,,3.0,,0.0,,,10.0,,,,,8.0,2.0,4.0,2.0,0.0,,,,,,,,,,1.0,4.0,2.0,10.0,57.0,,11.0,52.0,87.4,478.0,547.0,,,33.0,,,,10.0,,,,16.7,3.0,18.0,,7.0,,,17.0,10.0,7.0,,15.0,1,,0,2.0,,,,,1.0,,1.0,,,13.0,,,7.18,6.81,FIFA World Cup,CONMEBOL,AFC
SEL-WORLD_CUP-2018-7659871,Semifinals,2018-06-20,Irán,1,España,0,1,,,7.0,0.0,7.0,0.0,0.0,,,,,,,,,,1.0,2.0,2.0,9.0,43.0,,9.0,22.0,66.0,140.0,212.0,,,20.0,,,,14.0,,,,23.1,3.0,13.0,,11.0,,,18.0,13.0,5.0,,40.0,1,,0,2.0,,,,,1.0,,1.0,2.0,,14.0,,,,,16.0,6.0,4.0,6.0,0.0,,,,,,,,,,1.0,6.0,1.0,11.0,73.0,,36.0,78.0,90.7,693.0,764.0,,,21.0,,,,14.0,,,,13.0,3.0,23.0,,3.0,,,8.0,6.0,2.0,,25.0,0,,1,0.0,,,,,1.0,,1.0,0.0,,14.0,,,6.97,7.47,FIFA World Cup,AFC,UEFA
SEL-WORLD_CUP-2018-7659874,Semifinals,2018-06-21,Dinamarca,1,Australia,1,1,,,9.0,4.0,5.0,0.0,0.0,,,,,,,,,,2.0,3.0,1.0,8.0,67.0,,22.0,47.0,86.5,385.0,445.0,,,23.0,,,,5.0,,,,45.5,5.0,11.0,,8.0,,,23.0,12.0,11.0,,28.0,1,,0,3.0,,,,,,,,2.0,,7.0,,,,,14.0,4.0,5.0,5.0,0.0,,,,,,,,,,1.0,5.0,0.0,16.0,62.0,,22.0,53.0,84.8,418.0,493.0,,,18.0,,,,6.0,,,,26.1,6.0,23.0,,7.0,,,12.0,6.0,6.0,,22.0,1,,0,4.0,,,,,,,,0.0,,5.0,,,7.05,6.88,FIFA World Cup,UEFA,AFC
SEL-WORLD_CUP-2018-7659870,Semifinals,2018-06-21,Francia,1,Perú,1,0,,,12.0,5.0,6.0,1.0,0.0,,,,,,,,,,3.0,5.0,0.0,9.0,60.0,,25.0,44.0,77.6,301.0,388.0,,,32.0,,,,15.0,,,,8.3,1.0,12.0,,15.0,,,22.0,14.0,8.0,,20.0,0,,1,2.0,,,,,,,,2.0,,11.0,,,,,11.0,2.0,7.0,2.0,1.0,,,,,,,,,,1.0,3.0,1.0,9.0,73.0,,13.0,56.0,81.2,410.0,505.0,,,20.0,,,,11.0,,,,20.0,3.0,15.0,,10.0,,,23.0,15.0,8.0,,13.0,1,,0,3.0,,,,,,,,2.0,,15.0,,,7.27,6.8,FIFA World Cup,UEFA,CONMEBOL
SEL-WORLD_CUP-2018-7659880,Semifinals,2018-06-21,Argentina,1,Croacia,0,3,,,10.0,3.0,3.0,4.0,1.0,,,,,,,,,,3.0,5.0,3.0,6.0,58.0,,18.0,57.0,79.4,386.0,486.0,,,22.0,,,,22.0,,,,7.7,1.0,13.0,,12.0,,,17.0,10.0,7.0,,25.0,3,,0,2.0,,,,,0.0,,1.0,3.0,,16.0,,,,,15.0,5.0,6.0,4.0,1.0,,,,,,,,,,3.0,2.0,3.0,6.0,52.0,,18.0,43.0,74.5,271.0,364.0,,,26.0,,,,16.0,,,,33.3,3.0,9.0,,10.0,,,13.0,9.0,4.0,,22.0,0,,1,3.0,,,,,1.0,,0.0,4.0,,22.0,,,6.71,7.17,FIFA World Cup,CONMEBOL,UEFA
SEL-WORLD_CUP-2018-7659898,Semifinals,2018-06-22,Brasil,1,Costa Rica,2,0,,,23.0,11.0,10.0,2.0,1.0,,,,,,,,,,5.0,9.0,3.0,11.0,82.0,,50.0,73.0,92.2,641.0,695.0,,,26.0,,,,11.0,,,,21.2,7.0,33.0,,7.0,,,22.0,15.0,7.0,,18.0,0,,1,0.0,,,,,0.0,,0.0,2.0,,11.0,,,,,3.0,0.0,3.0,0.0,0.0,,,,,,,,,,0.0,1.0,3.0,5.0,44.0,,10.0,27.0,71.5,188.0,263.0,,,27.0,,,,11.0,,,,12.5,1.0,8.0,,8.0,,,25.0,17.0,8.0,,37.0,2,,0,7.0,,,,,1.0,,2.0,1.0,,11.0,,,7.64,6.78,FIFA World Cup,CONMEBOL,CONCACAF
SEL-WORLD_CUP-2018-7659883,Semifinals,2018-06-22,Nigeria,1,Islandia,2,0,,,16.0,4.0,6.0,6.0,1.0,,,,,,,,,,2.0,6.0,1.0,5.0,67.0,,18.0,61.0,81.7,383.0,469.0,,,28.0,,,,10.0,,,,22.2,4.0,18.0,,10.0,,,21.0,6.0,15.0,,40.0,0,,1,3.0,,,,,1.0,,1.0,1.0,,9.0,,,,,10.0,3.0,6.0,1.0,0.0,,,,,,,,,,2.0,5.0,0.0,5.0,63.0,,19.0,39.0,70.8,206.0,291.0,,,23.0,,,,8.0,,,,26.3,5.0,19.0,,6.0,,,10.0,7.0,3.0,,28.0,2,,0,2.0,,,,,0.0,,0.0,0.0,,10.0,,,7.43,6.56,FIFA World Cup,CAF,UEFA
SEL-WORLD_CUP-2018-7659881,Semifinals,2018-06-22,Serbia,1,Suiza,1,2,,,13.0,3.0,8.0,2.0,0.0,,,,,,,,,,2.0,3.0,0.0,5.0,64.0,,26.0,37.0,75.6,229.0,303.0,,,36.0,,,,13.0,,,,44.4,8.0,18.0,,5.0,,,26.0,14.0,12.0,,21.0,2,,0,3.0,,,,,1.0,,,4.0,,17.0,,,,,20.0,5.0,7.0,8.0,1.0,,,,,,,,,,3.0,7.0,3.0,8.0,52.0,,14.0,63.0,84.5,442.0,523.0,,,26.0,,,,17.0,,,,30.8,4.0,13.0,,6.0,,,21.0,13.0,8.0,,22.0,1,,0,2.0,,,,,1.0,,,1.0,,13.0,,,6.98,6.92,FIFA World Cup,UEFA,UEFA
SEL-WORLD_CUP-2018-7659884,Semifinals,2018-06-23,Bélgica,1,Túnez,5,2,,,23.0,12.0,8.0,3.0,1.0,,,,,,,,,,7.0,4.0,3.0,11.0,50.0,,28.0,50.0,85.2,368.0,432.0,,,21.0,,,,12.0,,,,25.0,4.0,16.0,,6.0,,,12.0,8.0,4.0,,15.0,2,,0,3.0,,,,,1.0,,,0.0,,12.0,,,,,14.0,5.0,6.0,3.0,0.0,,,,,,,,,,1.0,2.0,3.0,3.0,55.0,,12.0,50.0,82.6,357.0,432.0,,,21.0,,,,12.0,,,,26.7,4.0,15.0,,9.0,,,16.0,6.0,10.0,,15.0,5,,0,6.0,,,,,0.0,,,1.0,,13.0,,,7.42,6.73,FIFA World Cup,UEFA,CAF
SEL-WORLD_CUP-2018-7659888,Semifinals,2018-06-23,Corea del Sur,1,México,1,2,,,16.0,4.0,3.0,9.0,0.0,,,,,,,,,,0.0,7.0,,8.0,50.0,,18.0,42.0,81.9,272.0,332.0,,,22.0,,,,7.0,,,,14.3,2.0,14.0,,7.0,,,16.0,11.0,5.0,,18.0,2,,0,3.0,,,,,2.0,,0.0,4.0,,24.0,,,,,13.0,5.0,7.0,1.0,0.0,,,,,,,,,,3.0,5.0,,6.0,48.0,,16.0,58.0,88.9,407.0,458.0,,,23.0,,,,23.0,,,,31.2,5.0,16.0,,7.0,,,23.0,16.0,7.0,,17.0,1,,0,3.0,,,,,0.0,,1.0,0.0,,7.0,,,6.75,7.31,FIFA World Cup,AFC,CONCACAF
SEL-WORLD_CUP-2018-7659900,Semifinals,2018-06-23,Alemania,1,Suecia,2,1,,,17.0,5.0,5.0,7.0,1.0,,,,,,,,,,2.0,8.0,5.0,5.0,93.0,,34.0,76.0,89.5,595.0,665.0,,,42.0,,,,14.0,,,,16.2,6.0,37.0,,3.0,,,13.0,6.0,7.0,,15.0,1,,0,4.0,,,,,,,1.0,2.0,1.0,12.0,,,,,8.0,5.0,1.0,2.0,0.0,,,,,,,,,,2.0,3.0,2.0,1.0,48.0,,12.0,24.0,70.7,152.0,215.0,,,21.0,,,,12.0,,,,23.1,3.0,13.0,,7.0,,,12.0,3.0,9.0,,43.0,2,,0,3.0,,,,,,,1.0,2.0,0.0,14.0,,,7.39,6.77,FIFA World Cup,UEFA,UEFA
SEL-WORLD_CUP-2018-7659885,Semifinals,2018-06-24,Inglaterra,1,Panamá,6,1,,,11.0,7.0,2.0,2.0,0.0,,,,,,,,,,5.0,3.0,3.0,4.0,55.0,,22.0,60.0,92.9,548.0,590.0,,,28.0,,,,11.0,,,,16.7,1.0,6.0,,5.0,,,14.0,6.0,8.0,,14.0,1,,0,1.0,,,,,,,,1.0,,13.0,,,,,9.0,2.0,6.0,1.0,0.0,,,,,,,,,,3.0,2.0,0.0,2.0,49.0,,8.0,40.0,88.6,333.0,376.0,,,25.0,,,,13.0,,,,23.5,4.0,17.0,,5.0,,,11.0,5.0,6.0,,13.0,6,,0,1.0,,,,,,,,3.0,,13.0,,,7.51,6.06,FIFA World Cup,UEFA,CONCACAF
SEL-WORLD_CUP-2018-7659873,Semifinals,2018-06-24,Japón,1,Senegal,2,2,,,7.0,3.0,2.0,2.0,1.0,,,,,,,,,,2.0,2.0,2.0,4.0,63.0,,18.0,57.0,80.7,360.0,446.0,,,24.0,,,,13.0,,,,,0.0,11.0,,6.0,,,15.0,12.0,3.0,,35.0,2,,0,5.0,,,,,,,,2.0,,9.0,,,,,16.0,7.0,6.0,3.0,0.0,,,,,,,,,,2.0,5.0,4.0,8.0,65.0,,28.0,43.0,75.6,245.0,324.0,,,32.0,,,,9.0,,,,30.8,8.0,26.0,,6.0,,,13.0,9.0,4.0,,23.0,2,,0,1.0,,,,,,,,3.0,,13.0,,,6.97,6.92,FIFA World Cup,AFC,CAF
SEL-WORLD_CUP-2018-7659879,Semifinals,2018-06-24,Polonia,1,Colombia,0,3,,,10.0,2.0,2.0,6.0,0.0,,,,,,,,,,2.0,7.0,1.0,3.0,77.0,,14.0,45.0,77.6,319.0,411.0,,,36.0,,,,10.0,,,,25.0,3.0,12.0,,20.0,,,23.0,19.0,4.0,,29.0,3,,0,0.0,,,,,,,1.0,2.0,,15.0,,,,,13.0,4.0,5.0,4.0,0.0,,,,,,,,,,4.0,5.0,1.0,10.0,59.0,,14.0,55.0,83.9,411.0,490.0,,,33.0,,,,15.0,,,,4.0,1.0,25.0,,8.0,,,16.0,10.0,6.0,,31.0,0,,1,2.0,,,,,,,1.0,0.0,,10.0,,,6.71,7.43,FIFA World Cup,UEFA,CONMEBOL
SEL-WORLD_CUP-2018-7659896,Quarterfinals,2018-06-25,Arabia Saudita,1,Egipto,2,1,,,23.0,7.0,10.0,6.0,1.0,,,,,,,,,,3.0,7.0,1.0,5.0,69.0,,30.0,64.0,90.4,576.0,637.0,,,25.0,,,,14.0,,,,15.4,4.0,26.0,,8.0,,,12.0,6.0,6.0,,20.0,1,,0,0.0,,,0.0,,,,1.0,0.0,,7.0,,,,,7.0,1.0,5.0,1.0,0.0,,,,,,,,,,2.0,2.0,3.0,7.0,45.0,,16.0,36.0,80.1,286.0,357.0,,,24.0,,,,7.0,,,,9.1,1.0,11.0,,8.0,,,15.0,9.0,6.0,,26.0,2,,0,5.0,,,1.0,,,,0.0,2.0,,16.0,,,7.16,6.93,FIFA World Cup,AFC,CAF
SEL-WORLD_CUP-2018-7659887,Quarterfinals,2018-06-25,Uruguay,1,Rusia,3,0,,,14.0,6.0,4.0,4.0,0.0,,,,,,,,,,4.0,4.0,0.0,3.0,72.0,,14.0,58.0,85.3,417.0,489.0,,,25.0,,,,18.0,,,,21.4,3.0,14.0,,5.0,,,12.0,7.0,5.0,,13.0,0,,1,1.0,,,,,2.0,,,1.0,0.0,17.0,,,,,3.0,1.0,1.0,1.0,0.0,,,,,,,,,,0.0,2.0,2.0,5.0,65.0,,6.0,42.0,79.8,281.0,352.0,,,34.0,,,,17.0,,,,13.3,2.0,15.0,,5.0,,,8.0,4.0,4.0,,24.0,3,,0,4.0,,,,,0.0,,,3.0,1.0,18.0,,,7.23,6.48,FIFA World Cup,CONMEBOL,UEFA
SEL-WORLD_CUP-2018-7659889,Quarterfinals,2018-06-25,Irán,1,Portugal,1,1,,,8.0,2.0,5.0,1.0,0.0,,,,,,,,,,2.0,1.0,1.0,4.0,43.0,,10.0,26.0,64.4,132.0,205.0,,,20.0,,,,10.0,,,,40.0,4.0,10.0,,18.0,,,15.0,8.0,7.0,,21.0,1,,0,3.0,,,1.0,,3.0,,,2.0,,16.0,,,,,13.0,4.0,6.0,3.0,0.0,,,,,,,,,,1.0,5.0,1.0,14.0,83.0,,11.0,74.0,88.3,527.0,597.0,,,33.0,,,,15.0,,,,20.0,4.0,20.0,,6.0,,,7.0,4.0,3.0,,16.0,1,,0,1.0,,,0.0,,0.0,,,4.0,,11.0,,,6.74,7.05,FIFA World Cup,AFC,UEFA
SEL-WORLD_CUP-2018-7659892,Quarterfinals,2018-06-25,España,1,Marruecos,2,2,,,18.0,5.0,12.0,1.0,0.0,,,,,,,,,,4.0,7.0,1.0,7.0,79.0,,36.0,75.0,92.5,676.0,731.0,,,41.0,,,,17.0,,,,29.2,7.0,24.0,,10.0,,,13.0,6.0,7.0,,8.0,2,,0,1.0,,,,,0.0,,1.0,0.0,,5.0,,,,,6.0,3.0,2.0,1.0,1.0,,,,,,,,,,2.0,1.0,1.0,2.0,33.0,,10.0,25.0,76.8,185.0,241.0,,,24.0,,,,5.0,,,,42.9,3.0,7.0,,9.0,,,17.0,13.0,4.0,,26.0,2,,0,2.0,,,,,2.0,,0.0,6.0,,17.0,,,7.28,6.7,FIFA World Cup,UEFA,CAF
SEL-WORLD_CUP-2018-7659894,Quarterfinals,2018-06-26,Australia,1,Perú,0,2,,,13.0,2.0,6.0,5.0,0.0,,,,,,,,,,,8.0,3.0,10.0,62.0,,29.0,57.0,87.4,451.0,516.0,,,15.0,,,,12.0,,,,28.6,8.0,28.0,,9.0,,,11.0,7.0,4.0,,12.0,2,,0,1.0,,,,,0.0,,,4.0,,13.0,,,,,4.0,3.0,1.0,0.0,0.0,,,,,,,,,,,3.0,1.0,4.0,39.0,,11.0,43.0,80.0,324.0,405.0,,,22.0,,,,13.0,,,,,0.0,6.0,,10.0,,,35.0,26.0,9.0,,26.0,0,,1,2.0,,,,,2.0,,,2.0,,12.0,,,6.75,7.27,FIFA World Cup,AFC,CONMEBOL
SEL-WORLD_CUP-2018-7659891,Quarterfinals,2018-06-26,Dinamarca,1,Francia,0,0,,,7.0,2.0,2.0,3.0,0.0,,,,,,,,,,1.0,4.0,1.0,7.0,57.0,,9.0,32.0,70.8,216.0,305.0,,,21.0,,,,11.0,,,,25.0,2.0,8.0,,10.0,,,15.0,5.0,10.0,,32.0,0,,1,4.0,,,,,,,0.0,1.0,,10.0,,,,,11.0,3.0,7.0,1.0,0.0,,,,,,,,,,0.0,2.0,1.0,10.0,110.0,,15.0,68.0,88.2,558.0,633.0,,,25.0,,,,10.0,,,,17.4,4.0,23.0,,7.0,,,11.0,8.0,3.0,,31.0,0,,1,2.0,,,,,,,1.0,0.0,,11.0,,,6.98,7.26,FIFA World Cup,UEFA,UEFA
SEL-WORLD_CUP-2018-7659906,Quarterfinals,2018-06-26,Islandia,1,Croacia,1,2,,,16.0,6.0,8.0,2.0,1.0,,,,,,,,,,4.0,10.0,1.0,4.0,55.0,,25.0,38.0,72.1,215.0,298.0,,,26.0,,,,10.0,,,,30.4,7.0,23.0,,9.0,,,19.0,12.0,7.0,,15.0,2,,0,1.0,,,,,1.0,,0.0,3.0,,10.0,,,,,14.0,3.0,8.0,3.0,1.0,,,,,,,,,,2.0,5.0,1.0,6.0,56.0,,8.0,62.0,87.1,439.0,504.0,,,24.0,,,,10.0,,,,10.0,1.0,10.0,,5.0,,,17.0,7.0,10.0,,33.0,1,,0,5.0,,,,,3.0,,1.0,2.0,,11.0,,,6.85,7.15,FIFA World Cup,UEFA,UEFA
SEL-WORLD_CUP-2018-7659903,Quarterfinals,2018-06-26,Nigeria,1,Argentina,1,2,,,9.0,3.0,5.0,1.0,0.0,,,,,,,,,,3.0,3.0,0.0,10.0,58.0,,11.0,32.0,68.8,179.0,260.0,,,20.0,,,,14.0,,,,30.0,3.0,10.0,,15.0,,,20.0,15.0,5.0,,28.0,2,,0,2.0,,,,,0.0,,,2.0,,20.0,,,,,8.0,4.0,3.0,1.0,1.0,,,,,,,,,,2.0,5.0,2.0,9.0,72.0,,19.0,68.0,82.9,466.0,562.0,,,29.0,,,,20.0,,,,11.8,2.0,17.0,,9.0,,,22.0,11.0,11.0,,23.0,1,,0,2.0,,,,,1.0,,,3.0,,15.0,,,6.74,7.15,FIFA World Cup,CAF,CONMEBOL
SEL-WORLD_CUP-2018-7659905,Quarterfinals,2018-06-27,México,1,Suecia,0,3,,,21.0,3.0,10.0,8.0,0.0,,,,,,,,,,1.0,7.0,2.0,15.0,47.0,,21.0,68.0,81.5,387.0,475.0,,,25.0,,,,11.0,,,,18.2,4.0,22.0,,11.0,,,8.0,4.0,4.0,,16.0,3,,0,3.0,,,,,1.0,,,3.0,,14.0,,,,,15.0,5.0,8.0,2.0,0.0,,,,,,,,,,5.0,3.0,0.0,4.0,47.0,,23.0,32.0,60.4,139.0,230.0,,,14.0,,,,13.0,,,,40.0,4.0,10.0,,9.0,,,20.0,6.0,14.0,,37.0,0,,1,3.0,,,,,1.0,,,2.0,,11.0,,,6.67,7.28,FIFA World Cup,CONCACAF,UEFA
SEL-WORLD_CUP-2018-7659904,Quarterfinals,2018-06-27,Corea del Sur,1,Alemania,2,0,,,12.0,5.0,6.0,1.0,0.0,,,,,,,,,,3.0,3.0,0.0,8.0,35.0,,20.0,25.0,70.6,161.0,228.0,,,12.0,,,,7.0,,,,37.5,3.0,8.0,,13.0,,,14.0,11.0,3.0,,44.0,0,,1,6.0,,,,,2.0,,2.0,4.0,,16.0,,,,,25.0,6.0,11.0,8.0,0.0,,,,,,,,,,4.0,9.0,1.0,8.0,79.0,,52.0,75.0,89.6,612.0,683.0,,,25.0,,,,16.0,,,,21.4,9.0,42.0,,6.0,,,24.0,12.0,12.0,,14.0,2,,0,3.0,,,,,0.0,,0.0,0.0,,7.0,,,7.2,7.2,FIFA World Cup,AFC,UEFA
SEL-WORLD_CUP-2018-7659890,Quarterfinals,2018-06-27,Serbia,1,Brasil,0,2,,,11.0,2.0,5.0,4.0,0.0,,,,,,,,,,2.0,5.0,2.0,5.0,55.0,,26.0,42.0,79.7,342.0,429.0,,,24.0,,,,7.0,,,,20.7,6.0,29.0,,6.0,,,23.0,13.0,10.0,,22.0,2,,0,4.0,,,,,,,0.0,3.0,,13.0,,,,,14.0,6.0,4.0,4.0,0.0,,,,,,,,,,4.0,9.0,4.0,10.0,59.0,,29.0,58.0,87.2,547.0,627.0,,,29.0,,,,13.0,,,,22.2,2.0,9.0,,12.0,,,17.0,11.0,6.0,,34.0,0,,1,1.0,,,,,,,3.0,0.0,,7.0,,,6.81,7.32,FIFA World Cup,UEFA,CONMEBOL
SEL-WORLD_CUP-2018-7659893,Quarterfinals,2018-06-27,Suiza,1,Costa Rica,2,2,,,12.0,3.0,5.0,4.0,1.0,,,,,,,,,,3.0,6.0,1.0,7.0,52.0,,20.0,63.0,87.5,485.0,554.0,,,28.0,,,,14.0,,,,42.9,9.0,21.0,,8.0,,,19.0,14.0,5.0,,19.0,2,,0,5.0,,,,,1.0,,0.0,3.0,,9.0,,,,,14.0,6.0,6.0,2.0,3.0,,,,,,,,,,3.0,5.0,1.0,10.0,45.0,,19.0,37.0,79.0,260.0,329.0,,,28.0,,,,8.0,,,,28.6,4.0,14.0,,11.0,,,8.0,5.0,3.0,,29.0,2,,0,1.0,,,,,2.0,,2.0,3.0,,14.0,,,6.97,6.93,FIFA World Cup,UEFA,CONCACAF
SEL-WORLD_CUP-2018-7659895,Quarterfinals,2018-06-28,Japón,1,Polonia,0,1,,,10.0,3.0,4.0,3.0,0.0,,,,,,,,,,0.0,5.0,1.0,4.0,50.0,,16.0,54.0,86.5,460.0,532.0,,,23.0,,,,8.0,,,,33.3,5.0,15.0,,8.0,,,15.0,10.0,5.0,,29.0,1,,0,2.0,,,,,0.0,,,1.0,,11.0,,,,,11.0,2.0,5.0,4.0,0.0,,,,,,,,,,2.0,7.0,0.0,5.0,60.0,,13.0,46.0,84.7,376.0,444.0,,,33.0,,,,11.0,,,,25.0,5.0,20.0,,9.0,,,12.0,5.0,7.0,,25.0,0,,1,3.0,,,,,2.0,,,0.0,,8.0,,,6.95,7.22,FIFA World Cup,AFC,UEFA
SEL-WORLD_CUP-2018-7659897,Quarterfinals,2018-06-28,Senegal,1,Colombia,0,1,,,9.0,3.0,5.0,1.0,0.0,,,,,,,,,,,1.0,3.0,10.0,50.0,,13.0,40.0,73.7,210.0,285.0,,,18.0,,,,15.0,,,,22.2,2.0,9.0,,7.0,,,22.0,17.0,5.0,,26.0,1,,0,1.0,,,,,1.0,,,1.0,,15.0,,,,,4.0,2.0,1.0,1.0,0.0,,,,,,,,,,,3.0,3.0,2.0,55.0,,8.0,60.0,81.3,344.0,423.0,,,24.0,,,,15.0,,,,27.3,3.0,11.0,,7.0,,,21.0,11.0,10.0,,20.0,0,,1,4.0,,,,,2.0,,,1.0,,15.0,,,6.93,6.96,FIFA World Cup,CAF,CONMEBOL
SEL-WORLD_CUP-2018-7659902,Quarterfinals,2018-06-28,Inglaterra,1,Bélgica,0,1,,,11.0,2.0,6.0,3.0,0.0,,,,,,,,,,2.0,7.0,3.0,10.0,47.0,,14.0,47.0,88.2,397.0,450.0,,,29.0,,,,14.0,,,,26.1,6.0,23.0,,3.0,,,9.0,4.0,5.0,,12.0,1,,0,2.0,,,,,0.0,,0.0,0.0,,11.0,,,,,14.0,4.0,3.0,7.0,0.0,,,,,,,,,,1.0,2.0,1.0,10.0,54.0,,26.0,53.0,87.5,454.0,519.0,,,18.0,,,,11.0,,,,83.3,5.0,6.0,,3.0,,,17.0,10.0,7.0,,28.0,0,,1,1.0,,,,,3.0,,1.0,2.0,,14.0,,,6.92,7.23,FIFA World Cup,UEFA,UEFA
SEL-WORLD_CUP-2018-7659901,Quarterfinals,2018-06-28,Panamá,1,Túnez,1,2,,,9.0,4.0,4.0,1.0,0.0,,,,,,,,,,1.0,0.0,3.0,6.0,47.0,,12.0,31.0,72.9,199.0,273.0,,,16.0,,,,19.0,,,,40.0,2.0,5.0,,8.0,,,14.0,8.0,6.0,,35.0,2,,0,4.0,,,,,1.0,,1.0,3.0,,19.0,,,,,15.0,6.0,4.0,5.0,0.0,,,,,,,,,,3.0,6.0,1.0,7.0,80.0,,24.0,69.0,86.1,521.0,605.0,,,41.0,,,,19.0,,,,31.6,6.0,19.0,,6.0,,,17.0,11.0,6.0,,17.0,1,,0,4.0,,,,,0.0,,0.0,3.0,,19.0,,,6.71,7.28,FIFA World Cup,CONCACAF,CAF
SEL-WORLD_CUP-2022-10230541,Ronda 1,2022-11-20,Catar,1,Ecuador,0,2,,,5.0,0.0,5.0,0.0,0.0,,,,,,,,,,1.0,1.0,3.0,10.0,36.0,,2.0,47.0,80.9,351.0,434.0,,,19.0,,,,15.0,,,,37.5,3.0,8.0,,2.0,,,10.0,7.0,3.0,,18.0,2,,0,1.0,,,,,0.0,,2.0,4.0,,15.0,,,,,6.0,3.0,3.0,0.0,0.0,,,,,,,,,,1.0,3.0,4.0,9.0,46.0,,16.0,53.0,84.8,412.0,486.0,,,24.0,,,,14.0,,,,28.6,4.0,14.0,,12.0,,,15.0,7.0,8.0,,6.0,0,,1,0.0,,,,,1.0,,0.0,2.0,,15.0,,,6.42,7.18,FIFA World Cup,AFC,CONMEBOL
SEL-WORLD_CUP-2022-10230543,Ronda 1,2022-11-21,Inglaterra,1,Irán,6,2,,,13.0,7.0,2.0,4.0,1.0,,,,,,,,,,3.0,8.0,2.0,13.0,69.0,,25.0,78.0,89.8,716.0,797.0,,,45.0,,,,14.0,,,,28.6,6.0,21.0,,7.0,,,13.0,10.0,3.0,,4.0,2,,0,1.0,,,,,0.0,,0.0,0.0,,9.0,,,,,8.0,3.0,4.0,1.0,1.0,,,,,,,,,,2.0,0.0,2.0,1.0,23.0,,11.0,22.0,66.0,142.0,215.0,,,12.0,,,,8.0,,,,,0.0,8.0,,16.0,,,12.0,9.0,3.0,,23.0,6,,0,1.0,,,,,1.0,,1.0,2.0,,14.0,,,7.43,6.35,FIFA World Cup,UEFA,AFC
SEL-WORLD_CUP-2022-10230533,Ronda 1,2022-11-21,Senegal,1,Países Bajos,0,2,,,15.0,4.0,7.0,4.0,0.0,,,,,,,,,,0.0,6.0,2.0,4.0,46.0,,23.0,47.0,79.7,307.0,385.0,,,26.0,,,,13.0,,,,42.1,8.0,19.0,,10.0,,,14.0,12.0,2.0,,32.0,2,,0,1.0,,,,,2.0,,1.0,2.0,,13.0,,,,,10.0,3.0,4.0,3.0,0.0,,,,,,,,,,2.0,7.0,1.0,4.0,55.0,,19.0,53.0,81.4,355.0,436.0,,,16.0,,,,13.0,,,,28.0,7.0,25.0,,6.0,,,10.0,6.0,4.0,,14.0,0,,1,4.0,,,,,1.0,,0.0,1.0,,13.0,,,6.91,7.15,FIFA World Cup,CAF,UEFA
SEL-WORLD_CUP-2022-10230548,Ronda 1,2022-11-21,USA,1,Gales,1,1,,,6.0,1.0,4.0,1.0,1.0,,,,,,,,,,2.0,5.0,1.0,3.0,49.0,,20.0,59.0,87.3,495.0,567.0,,,24.0,,,,10.0,,,,13.3,4.0,30.0,,6.0,,,14.0,12.0,2.0,,18.0,1,,0,2.0,,,,,2.0,,0.0,4.0,,15.0,,,,,7.0,3.0,3.0,1.0,0.0,,,,,,,,,,3.0,3.0,1.0,3.0,51.0,,18.0,41.0,76.4,308.0,403.0,,,39.0,,,,14.0,,,,35.7,5.0,14.0,,8.0,,,18.0,14.0,4.0,,29.0,1,,0,1.0,,,,,1.0,,2.0,2.0,,10.0,,,6.95,6.95,FIFA World Cup,CONCACAF,UEFA
SEL-WORLD_CUP-2022-10230528,Ronda 1,2022-11-22,Argentina,1,Arabia Saudita,1,2,,,15.0,6.0,6.0,3.0,0.0,,,,,,,,,,2.0,9.0,10.0,6.0,50.0,,29.0,69.0,85.2,508.0,596.0,,,17.0,,,,20.0,,,,39.1,9.0,23.0,,9.0,,,17.0,7.0,10.0,,9.0,2,,0,0.0,,,,,1.0,,0.0,0.0,,7.0,,,,,3.0,2.0,0.0,1.0,0.0,,,,,,,,,,0.0,2.0,1.0,3.0,37.0,,18.0,31.0,68.0,181.0,266.0,,,16.0,,,,7.0,,,,20.0,2.0,10.0,,14.0,,,18.0,7.0,11.0,,27.0,1,,0,5.0,,,,,1.0,,1.0,6.0,,21.0,,,6.86,6.84,FIFA World Cup,CONMEBOL,AFC
SEL-WORLD_CUP-2022-10230576,Ronda 1,2022-11-22,Dinamarca,1,Túnez,0,0,,,11.0,5.0,3.0,3.0,1.0,,,,,,,,,,1.0,11.0,1.0,1.0,74.0,,27.0,61.0,84.2,501.0,595.0,,,35.0,,,,10.0,,,,32.0,8.0,25.0,,11.0,,,12.0,6.0,6.0,,11.0,0,,1,1.0,,,,,,,1.0,2.0,,9.0,,,,,13.0,1.0,5.0,7.0,0.0,,,,,,,,,,1.0,9.0,1.0,7.0,47.0,,14.0,39.0,74.9,280.0,374.0,,,20.0,,,,9.0,,,,30.8,4.0,13.0,,8.0,,,24.0,16.0,8.0,,37.0,0,,1,5.0,,,,,,,0.0,1.0,,10.0,,,7.05,7.13,FIFA World Cup,UEFA,CAF
SEL-WORLD_CUP-2022-10230565,Ronda 1,2022-11-22,México,1,Polonia,0,0,,,11.0,4.0,4.0,3.0,0.0,,,,,,,,,,1.0,6.0,3.0,9.0,59.0,,18.0,61.0,83.6,407.0,487.0,,,25.0,,,,15.0,,,,21.2,7.0,33.0,,5.0,,,16.0,9.0,7.0,,17.0,0,,1,2.0,,,1.0,,0.0,,0.0,2.0,,14.0,,,,,6.0,2.0,3.0,1.0,0.0,,,,,,,,,,1.0,5.0,0.0,7.0,59.0,,14.0,39.0,70.8,228.0,322.0,,,30.0,,,,13.0,,,,20.0,3.0,15.0,,8.0,,,17.0,6.0,11.0,,23.0,0,,1,4.0,,,0.0,,1.0,,1.0,1.0,,15.0,,,7.12,6.98,FIFA World Cup,CONCACAF,UEFA
SEL-WORLD_CUP-2022-10230563,Ronda 1,2022-11-22,Francia,1,Australia,4,1,,,23.0,7.0,10.0,6.0,0.0,,,,,,,,,,8.0,8.0,,8.0,87.0,,44.0,62.0,89.3,646.0,723.0,,,30.0,,,,11.0,,,,51.9,14.0,27.0,,12.0,,,20.0,14.0,6.0,,6.0,1,,0,0.0,,,,,,,,0.0,,5.0,,,,,4.0,1.0,3.0,0.0,1.0,,,,,,,,,,1.0,1.0,,3.0,39.0,,7.0,38.0,83.6,368.0,440.0,,,20.0,,,,5.0,,,,16.7,1.0,6.0,,9.0,,,13.0,7.0,6.0,,22.0,4,,0,2.0,,,,,,,,3.0,,11.0,,,7.62,6.39,FIFA World Cup,UEFA,AFC
SEL-WORLD_CUP-2022-10230570,Ronda 1,2022-11-23,Marruecos,1,Croacia,0,0,,,8.0,2.0,0.0,6.0,0.0,,,,,,,,,,0.0,0.0,0.0,2.0,38.0,,11.0,35.0,78.4,273.0,348.0,,,16.0,,,,11.0,,,,12.5,1.0,8.0,,13.0,,,21.0,10.0,11.0,,20.0,0,,1,1.0,,,,,3.0,,,1.0,,16.0,,,,,5.0,2.0,2.0,1.0,0.0,,,,,,,,,,1.0,5.0,1.0,5.0,51.0,,17.0,65.0,85.8,551.0,642.0,,,25.0,,,,16.0,,,,22.2,4.0,18.0,,10.0,,,17.0,10.0,7.0,,10.0,0,,1,2.0,,,,,2.0,,,0.0,,11.0,,,7.05,7.07,FIFA World Cup,CAF,UEFA
SEL-WORLD_CUP-2022-10230562,Ronda 1,2022-11-23,Alemania,1,Japón,1,2,,,26.0,9.0,11.0,6.0,2.0,,,,,,,,,,5.0,6.0,4.0,3.0,63.0,,49.0,74.0,89.0,686.0,771.0,,,28.0,,,,13.0,,,,32.0,8.0,25.0,,3.0,,,11.0,9.0,2.0,,3.0,2,,0,2.0,,,,,,,0.0,,,6.0,,,,,12.0,4.0,4.0,4.0,0.0,,,,,,,,,,3.0,6.0,4.0,3.0,34.0,,21.0,26.0,70.6,190.0,269.0,,,21.0,,,,6.0,,,,36.4,4.0,11.0,,6.0,,,29.0,17.0,12.0,,38.0,1,,0,8.0,,,,,,,2.0,,,14.0,,,7.21,6.95,FIFA World Cup,UEFA,AFC
SEL-WORLD_CUP-2022-10230571,Ronda 1,2022-11-23,España,1,Costa Rica,7,0,,,17.0,8.0,7.0,2.0,0.0,,,,,,,,,,5.0,5.0,3.0,4.0,89.0,,25.0,82.0,93.6,978.0,1045.0,,,35.0,,,,11.0,,,,13.3,2.0,15.0,,4.0,,,14.0,7.0,7.0,,4.0,0,,1,0.0,,,,,1.0,,0.0,0.0,,8.0,,,,,0.0,0.0,0.0,0.0,0.0,,,,,,,,,,0.0,0.0,7.0,2.0,33.0,,4.0,18.0,71.7,165.0,230.0,,,20.0,,,,8.0,,,,25.0,1.0,4.0,,14.0,,,21.0,15.0,6.0,,17.0,7,,0,1.0,,,,,0.0,,1.0,2.0,,12.0,,,7.65,6.0,FIFA World Cup,UEFA,CONCACAF
SEL-WORLD_CUP-2022-10230559,Ronda 1,2022-11-23,Bélgica,1,Canadá,1,0,,,9.0,3.0,3.0,3.0,0.0,,,,,,,,,,1.0,4.0,0.0,6.0,39.0,,16.0,54.0,83.1,432.0,520.0,,,25.0,,,,14.0,,,,57.1,4.0,7.0,,3.0,,,19.0,9.0,10.0,,27.0,0,,1,3.0,,,1.0,,,,,3.0,,11.0,,,,,22.0,3.0,11.0,8.0,0.0,,,,,,,,,,3.0,4.0,1.0,5.0,56.0,,36.0,46.0,82.3,353.0,429.0,,,21.0,,,,10.0,,,,36.8,7.0,19.0,,5.0,,,13.0,4.0,9.0,,3.0,1,,0,2.0,,,0.0,,,,,2.0,,14.0,,,7.22,6.8,FIFA World Cup,UEFA,CONCACAF
SEL-WORLD_CUP-2022-10230569,Ronda 1,2022-11-24,Suiza,1,Camerún,1,0,,,7.0,3.0,3.0,1.0,0.0,,,,,,,,,,3.0,11.0,2.0,0.0,55.0,,14.0,51.0,84.0,432.0,514.0,,,24.0,,,,10.0,,,,15.0,3.0,20.0,,3.0,,,15.0,5.0,10.0,,20.0,0,,1,5.0,,,,,1.0,,1.0,2.0,,12.0,,,,,8.0,5.0,2.0,1.0,0.0,,,,,,,,,,1.0,5.0,2.0,6.0,61.0,,19.0,49.0,85.0,420.0,494.0,,,26.0,,,,12.0,,,,21.7,5.0,23.0,,11.0,,,12.0,6.0,6.0,,16.0,1,,0,2.0,,,,,0.0,,0.0,1.0,,10.0,,,7.15,6.94,FIFA World Cup,UEFA,CAF
SEL-WORLD_CUP-2022-10230530,Ronda 1,2022-11-24,Uruguay,1,Corea del Sur,0,0,,,10.0,1.0,7.0,2.0,2.0,,,,,,,,,,1.0,4.0,1.0,3.0,63.0,,15.0,56.0,81.8,448.0,548.0,,,39.0,,,,10.0,,,,38.5,5.0,13.0,,10.0,,,16.0,10.0,6.0,,18.0,0,,1,0.0,,,,,1.0,,1.0,1.0,,7.0,,,,,7.0,0.0,6.0,1.0,0.0,,,,,,,,,,1.0,3.0,0.0,3.0,76.0,,13.0,44.0,78.0,326.0,418.0,,,27.0,,,,7.0,,,,10.5,2.0,19.0,,10.0,,,12.0,7.0,5.0,,15.0,0,,1,1.0,,,,,1.0,,0.0,1.0,,10.0,,,7.08,6.92,FIFA World Cup,CONMEBOL,AFC
SEL-WORLD_CUP-2022-10230534,Ronda 1,2022-11-24,Portugal,1,Ghana,3,2,,,11.0,5.0,3.0,3.0,0.0,,,,,,,,,,5.0,3.0,1.0,2.0,52.0,,24.0,62.0,88.6,551.0,622.0,,,32.0,,,,18.0,,,,25.0,5.0,20.0,,5.0,,,16.0,13.0,3.0,,15.0,2,,0,1.0,,,,,1.0,,0.0,2.0,,14.0,,,,,9.0,3.0,5.0,1.0,0.0,,,,,,,,,,2.0,3.0,1.0,7.0,44.0,,11.0,38.0,81.4,315.0,387.0,,,20.0,,,,14.0,,,,9.1,1.0,11.0,,6.0,,,14.0,7.0,7.0,,17.0,3,,0,2.0,,,,,1.0,,1.0,4.0,,19.0,,,7.12,6.6,FIFA World Cup,UEFA,CAF
SEL-WORLD_CUP-2022-10230567,Ronda 1,2022-11-24,Brasil,1,Serbia,2,0,,,23.0,9.0,9.0,5.0,2.0,,,,,,,,,,2.0,6.0,1.0,5.0,64.0,,38.0,59.0,86.7,504.0,581.0,,,13.0,,,,12.0,,,,11.8,2.0,17.0,,2.0,,,17.0,10.0,7.0,,16.0,0,,1,0.0,,,,,0.0,,0.0,0.0,,7.0,,,,,5.0,0.0,3.0,2.0,0.0,,,,,,,,,,0.0,4.0,0.0,2.0,44.0,,5.0,41.0,80.3,326.0,406.0,,,26.0,,,,7.0,,,,15.4,2.0,13.0,,11.0,,,24.0,11.0,13.0,,22.0,2,,0,7.0,,,,,1.0,,1.0,3.0,,12.0,,,7.35,6.8,FIFA World Cup,CONMEBOL,UEFA
SEL-WORLD_CUP-2022-10230556,Ronda 2,2022-11-25,Gales,1,Irán,0,2,,,10.0,3.0,5.0,2.0,0.0,,,,,,,,,,1.0,2.0,2.0,6.0,77.0,,20.0,62.0,77.8,390.0,501.0,,,39.0,,,,10.0,,,,20.0,4.0,20.0,,6.0,,,10.0,7.0,3.0,,32.0,2,,0,4.0,,,,,1.0,,2.0,1.0,1.0,9.0,,,,,21.0,6.0,6.0,9.0,2.0,,,,,,,,,,2.0,7.0,2.0,5.0,43.0,,26.0,38.0,66.1,197.0,298.0,,,22.0,,,,9.0,,,,12.5,3.0,24.0,,14.0,,,19.0,9.0,10.0,,21.0,0,,1,3.0,,,,,3.0,,1.0,2.0,0.0,10.0,,,6.98,7.23,FIFA World Cup,UEFA,AFC
SEL-WORLD_CUP-2022-10230537,Ronda 2,2022-11-25,Catar,1,Senegal,1,3,,,10.0,3.0,5.0,2.0,0.0,,,,,,,,,,1.0,6.0,4.0,2.0,39.0,,17.0,45.0,81.0,328.0,405.0,,,32.0,,,,12.0,,,,30.0,6.0,20.0,,10.0,,,18.0,8.0,10.0,,18.0,3,,0,2.0,,,,,0.0,,1.0,3.0,,7.0,,,,,13.0,5.0,6.0,2.0,0.0,,,,,,,,,,2.0,6.0,3.0,10.0,61.0,,16.0,55.0,86.1,432.0,502.0,,,33.0,,,,7.0,,,,27.8,5.0,18.0,,5.0,,,8.0,6.0,2.0,,17.0,1,,0,2.0,,,,,1.0,,0.0,3.0,,12.0,,,6.57,7.08,FIFA World Cup,AFC,CAF
SEL-WORLD_CUP-2022-10230529,Ronda 2,2022-11-25,Países Bajos,1,Ecuador,1,1,,,2.0,1.0,1.0,0.0,0.0,,,,,,,,,,0.0,2.0,1.0,4.0,46.0,,6.0,54.0,82.6,418.0,506.0,,,20.0,,,,12.0,,,,,0.0,7.0,,9.0,,,25.0,15.0,10.0,,20.0,1,,0,3.0,,,,,2.0,,,0.0,,15.0,,,,,15.0,4.0,4.0,7.0,1.0,,,,,,,,,,1.0,5.0,4.0,1.0,45.0,,23.0,46.0,79.4,328.0,413.0,,,19.0,,,,15.0,,,,27.3,6.0,22.0,,9.0,,,16.0,10.0,6.0,,15.0,1,,0,0.0,,,,,0.0,,,1.0,,12.0,,,6.99,6.69,FIFA World Cup,UEFA,CONMEBOL
SEL-WORLD_CUP-2022-10230557,Ronda 2,2022-11-25,Inglaterra,1,USA,0,0,,,8.0,3.0,4.0,1.0,0.0,,,,,,,,,,1.0,3.0,1.0,5.0,52.0,,25.0,56.0,87.2,472.0,541.0,,,35.0,,,,15.0,,,,21.4,3.0,14.0,,9.0,,,9.0,6.0,3.0,,19.0,0,,1,1.0,,,,,1.0,,,,,9.0,,,,,10.0,1.0,5.0,4.0,1.0,,,,,,,,,,1.0,7.0,0.0,5.0,40.0,,20.0,44.0,83.6,352.0,421.0,,,19.0,,,,9.0,,,,18.8,3.0,16.0,,3.0,,,12.0,7.0,5.0,,15.0,0,,1,3.0,,,,,4.0,,,,,15.0,,,7.13,7.02,FIFA World Cup,UEFA,CONCACAF
SEL-WORLD_CUP-2022-10230574,Ronda 2,2022-11-26,Túnez,1,Australia,0,1,,,14.0,4.0,4.0,6.0,0.0,,,,,,,,,,1.0,5.0,3.0,9.0,80.0,,32.0,58.0,76.1,378.0,497.0,,,32.0,,,,15.0,,,,8.0,2.0,25.0,,8.0,,,18.0,4.0,14.0,,22.0,1,,0,1.0,,,,,0.0,,0.0,3.0,,16.0,,,,,9.0,2.0,5.0,2.0,0.0,,,,,,,,,,1.0,2.0,0.0,2.0,61.0,,16.0,42.0,68.1,239.0,351.0,,,23.0,,,,16.0,,,,19.0,4.0,21.0,,11.0,,,19.0,12.0,7.0,,37.0,0,,1,4.0,,,,,2.0,,1.0,0.0,,15.0,,,6.8,7.17,FIFA World Cup,CAF,AFC
SEL-WORLD_CUP-2022-10230542,Ronda 2,2022-11-26,Polonia,1,Arabia Saudita,2,0,,,9.0,3.0,4.0,2.0,2.0,,,,,,,,,,5.0,4.0,,4.0,54.0,,20.0,36.0,76.8,228.0,297.0,,,29.0,,,,15.0,,,,37.5,6.0,16.0,,9.0,,,13.0,6.0,7.0,,27.0,0,,1,5.0,,,1.0,,0.0,,0.0,3.0,,18.0,,,,,16.0,5.0,8.0,3.0,0.0,,,,,,,,,,3.0,5.0,,7.0,62.0,,35.0,64.0,84.9,456.0,537.0,,,27.0,,,,17.0,,,,15.0,3.0,20.0,,9.0,,,14.0,9.0,5.0,,11.0,2,,0,1.0,,,0.0,,1.0,,1.0,2.0,,15.0,,,7.12,6.92,FIFA World Cup,UEFA,AFC
SEL-WORLD_CUP-2022-10230577,Ronda 2,2022-11-26,Francia,1,Dinamarca,2,1,,,21.0,7.0,6.0,8.0,0.0,,,,,,,,,,4.0,6.0,1.0,10.0,49.0,,34.0,49.0,85.7,421.0,491.0,,,33.0,,,,9.0,,,,45.0,9.0,20.0,,10.0,,,20.0,12.0,8.0,,14.0,1,,0,1.0,,,,,2.0,,0.0,1.0,,4.0,,,,,10.0,2.0,6.0,2.0,1.0,,,,,,,,,,1.0,4.0,1.0,5.0,66.0,,17.0,51.0,86.4,456.0,528.0,,,33.0,,,,4.0,,,,25.0,4.0,16.0,,5.0,,,19.0,12.0,7.0,,19.0,2,,0,4.0,,,,,0.0,,1.0,2.0,,9.0,,,7.35,7.02,FIFA World Cup,UEFA,UEFA
SEL-WORLD_CUP-2022-10230540,Ronda 2,2022-11-26,Argentina,1,México,2,0,,,5.0,2.0,3.0,0.0,0.0,,,,,,,,,,,4.0,2.0,10.0,48.0,,8.0,59.0,84.5,446.0,528.0,,,9.0,,,,19.0,,,,15.4,2.0,13.0,,7.0,,,14.0,5.0,9.0,,16.0,0,,1,1.0,,,,,1.0,,0.0,1.0,,15.0,,,,,4.0,1.0,2.0,1.0,0.0,,,,,,,,,,,2.0,4.0,2.0,55.0,,7.0,41.0,76.8,284.0,370.0,,,17.0,,,,15.0,,,,20.0,3.0,15.0,,13.0,,,18.0,11.0,7.0,,16.0,2,,0,0.0,,,,,0.0,,1.0,4.0,,19.0,,,7.05,6.46,FIFA World Cup,CONMEBOL,CONCACAF
SEL-WORLD_CUP-2022-10230564,Ronda 2,2022-11-27,Japón,1,Costa Rica,0,1,,,13.0,3.0,3.0,7.0,0.0,,,,,,,,,,,5.0,0.0,11.0,67.0,,16.0,57.0,86.8,505.0,582.0,,,19.0,,,,9.0,,,,7.1,1.0,14.0,,4.0,,,17.0,8.0,9.0,,7.0,1,,0,0.0,,,,,,,,3.0,,22.0,,,,,4.0,1.0,2.0,1.0,0.0,,,,,,,,,,,0.0,2.0,7.0,38.0,,2.0,43.0,79.7,353.0,443.0,,,25.0,,,,22.0,,,,,0.0,6.0,,9.0,,,25.0,10.0,15.0,,19.0,0,,1,3.0,,,,,,,,3.0,,9.0,,,6.66,7.04,FIFA World Cup,AFC,CONCACAF
SEL-WORLD_CUP-2022-10230545,Ronda 2,2022-11-27,Bélgica,1,Marruecos,0,2,,,10.0,3.0,5.0,2.0,0.0,,,,,,,,,,2.0,9.0,3.0,6.0,52.0,,10.0,67.0,88.5,577.0,652.0,,,22.0,,,,14.0,,,,13.6,3.0,22.0,,7.0,,,15.0,9.0,6.0,,5.0,2,,0,2.0,,,,,,,0.0,1.0,,10.0,,,,,10.0,4.0,6.0,0.0,0.0,,,,,,,,,,1.0,1.0,3.0,7.0,32.0,,11.0,33.0,83.5,274.0,328.0,,,26.0,,,,10.0,,,,37.5,3.0,8.0,,9.0,,,22.0,14.0,8.0,,21.0,0,,1,3.0,,,,,,,1.0,1.0,,14.0,,,6.63,7.14,FIFA World Cup,UEFA,CAF
SEL-WORLD_CUP-2022-10230550,Ronda 2,2022-11-27,Croacia,1,Canadá,4,1,,,13.0,10.0,3.0,0.0,0.0,,,,,,,,,,6.0,5.0,1.0,6.0,45.0,,31.0,48.0,84.0,372.0,443.0,,,25.0,,,,5.0,,,,23.8,5.0,21.0,,10.0,,,25.0,14.0,11.0,,19.0,1,,0,1.0,,,,,1.0,,,2.0,,13.0,,,,,8.0,2.0,3.0,3.0,0.0,,,,,,,,,,1.0,2.0,3.0,13.0,49.0,,12.0,52.0,84.4,399.0,473.0,,,28.0,,,,13.0,,,,25.0,4.0,16.0,,6.0,,,15.0,11.0,4.0,,28.0,4,,0,6.0,,,,,0.0,,,2.0,,5.0,,,7.27,6.61,FIFA World Cup,UEFA,CONCACAF
SEL-WORLD_CUP-2022-10230575,Ronda 2,2022-11-27,España,1,Alemania,1,1,,,7.0,3.0,2.0,2.0,1.0,,,,,,,,,,1.0,6.0,2.0,6.0,43.0,,16.0,64.0,85.5,542.0,634.0,,,40.0,,,,11.0,,,,16.7,1.0,6.0,,8.0,,,17.0,11.0,6.0,,13.0,1,,0,3.0,,,,,2.0,,,1.0,,13.0,,,,,11.0,4.0,4.0,3.0,0.0,,,,,,,,,,2.0,5.0,5.0,11.0,29.0,,20.0,36.0,78.7,270.0,343.0,,,21.0,,,,13.0,,,,18.2,2.0,11.0,,13.0,,,29.0,15.0,14.0,,11.0,1,,0,2.0,,,,,0.0,,,3.0,,11.0,,,6.92,6.87,FIFA World Cup,UEFA,UEFA
SEL-WORLD_CUP-2022-10230568,Ronda 2,2022-11-28,Camerún,1,Serbia,3,3,,,13.0,8.0,2.0,3.0,0.0,,,,,,,,,,3.0,4.0,0.0,10.0,53.0,,20.0,41.0,71.7,243.0,339.0,,,28.0,,,,13.0,,,,5.0,1.0,20.0,,19.0,,,8.0,2.0,6.0,,22.0,3,,0,2.0,,,,,2.0,,,2.0,,8.0,,,,,15.0,5.0,8.0,2.0,1.0,,,,,,,,,,4.0,3.0,4.0,5.0,63.0,,29.0,59.0,81.5,409.0,502.0,,,13.0,,,,8.0,,,,19.0,4.0,21.0,,5.0,,,16.0,7.0,9.0,,16.0,3,,0,5.0,,,,,0.0,,,2.0,,13.0,,,6.77,7.1,FIFA World Cup,CAF,UEFA
SEL-WORLD_CUP-2022-10230552,Ronda 2,2022-11-28,Corea del Sur,1,Ghana,2,3,,,22.0,7.0,5.0,10.0,0.0,,,,,,,,,,3.0,12.0,1.0,1.0,82.0,,39.0,63.0,86.2,455.0,528.0,,,39.0,,,,9.0,,,,37.0,17.0,46.0,,2.0,,,15.0,8.0,7.0,,19.0,3,,0,0.0,,,,,,,,2.0,,13.0,,,,,7.0,3.0,4.0,0.0,0.0,,,,,,,,,,2.0,5.0,1.0,5.0,44.0,,15.0,37.0,79.4,254.0,320.0,,,16.0,,,,13.0,,,,26.7,4.0,15.0,,6.0,,,17.0,12.0,5.0,,47.0,2,,0,4.0,,,,,,,,2.0,,9.0,,,6.86,7.15,FIFA World Cup,AFC,CAF
SEL-WORLD_CUP-2022-10230561,Ronda 2,2022-11-28,Brasil,1,Suiza,1,0,,,13.0,5.0,3.0,5.0,0.0,,,,,,,,,,2.0,8.0,3.0,5.0,61.0,,21.0,54.0,87.8,483.0,550.0,,,18.0,,,,17.0,,,,16.0,4.0,25.0,,10.0,,,21.0,11.0,10.0,,10.0,0,,1,0.0,,,,,0.0,,1.0,1.0,,10.0,,,,,6.0,0.0,2.0,4.0,0.0,,,,,,,,,,0.0,3.0,1.0,3.0,34.0,,12.0,46.0,83.8,403.0,481.0,,,23.0,,,,10.0,,,,22.2,2.0,9.0,,4.0,,,18.0,11.0,7.0,,27.0,1,,0,4.0,,,,,1.0,,1.0,1.0,,17.0,,,7.17,6.76,FIFA World Cup,CONMEBOL,UEFA
SEL-WORLD_CUP-2022-10230539,Ronda 2,2022-11-28,Portugal,1,Uruguay,2,0,,,15.0,3.0,6.0,6.0,1.0,,,,,,,,,,1.0,6.0,3.0,6.0,38.0,,21.0,60.0,83.1,501.0,603.0,,,28.0,,,,15.0,,,,26.7,4.0,15.0,,7.0,,,10.0,2.0,8.0,,16.0,0,,1,3.0,,,,,,,,3.0,,10.0,,,,,11.0,3.0,6.0,2.0,1.0,,,,,,,,,,2.0,2.0,0.0,3.0,54.0,,12.0,40.0,73.2,295.0,403.0,,,15.0,,,,10.0,,,,23.5,4.0,17.0,,12.0,,,12.0,8.0,4.0,,10.0,2,,0,1.0,,,,,,,,2.0,,16.0,,,7.17,6.64,FIFA World Cup,UEFA,CONMEBOL
SEL-WORLD_CUP-2022-10230551,Ronda 3,2022-11-29,Ecuador,1,Senegal,1,2,,,9.0,4.0,3.0,2.0,0.0,,,,,,,,,,1.0,3.0,0.0,3.0,65.0,,11.0,61.0,77.4,336.0,434.0,,,20.0,,,,11.0,,,,33.3,7.0,21.0,,7.0,,,15.0,13.0,2.0,,22.0,2,,0,1.0,,,,,,,3.0,0.0,,23.0,,,,,14.0,3.0,7.0,4.0,0.0,,,,,,,,,,3.0,6.0,3.0,10.0,48.0,,17.0,39.0,67.8,181.0,267.0,,,18.0,,,,22.0,,,,19.0,4.0,21.0,,10.0,,,10.0,6.0,4.0,,28.0,1,,0,3.0,,,,,,,0.0,1.0,,11.0,,,6.75,7.04,FIFA World Cup,CONMEBOL,CAF
SEL-WORLD_CUP-2022-10230538,Ronda 3,2022-11-29,Países Bajos,1,Catar,2,0,,,13.0,4.0,6.0,3.0,1.0,,,,,,,,,,2.0,4.0,5.0,4.0,93.0,,24.0,63.0,91.7,718.0,783.0,,,26.0,,,,9.0,,,,16.7,1.0,6.0,,10.0,,,16.0,6.0,10.0,,10.0,0,,1,3.0,,,,,1.0,,,1.0,,19.0,,,,,5.0,3.0,2.0,0.0,0.0,,,,,,,,,,0.0,2.0,0.0,4.0,37.0,,7.0,37.0,82.1,371.0,452.0,,,35.0,,,,19.0,,,,28.6,4.0,14.0,,12.0,,,10.0,7.0,3.0,,9.0,2,,0,2.0,,,,,1.0,,,0.0,,9.0,,,7.37,6.65,FIFA World Cup,UEFA,AFC
SEL-WORLD_CUP-2022-10230536,Ronda 3,2022-11-29,Irán,1,USA,0,1,,,4.0,1.0,3.0,0.0,0.0,,,,,,,,,,1.0,1.0,2.0,5.0,59.0,,13.0,49.0,77.5,361.0,466.0,,,38.0,,,,10.0,,,,18.8,3.0,16.0,,12.0,,,22.0,11.0,11.0,,16.0,1,,0,4.0,,,,,0.0,,1.0,3.0,,14.0,,,,,12.0,5.0,4.0,3.0,0.0,,,,,,,,,,2.0,5.0,1.0,14.0,65.0,,24.0,51.0,83.8,397.0,474.0,,,34.0,,,,14.0,,,,5.0,1.0,20.0,,5.0,,,12.0,8.0,4.0,,20.0,0,,1,0.0,,,,,1.0,,0.0,1.0,,10.0,,,6.85,7.14,FIFA World Cup,AFC,CONCACAF
SEL-WORLD_CUP-2022-10230532,Ronda 3,2022-11-29,Gales,1,Inglaterra,0,3,,,7.0,1.0,3.0,3.0,0.0,,,,,,,,,,0.0,1.0,1.0,0.0,21.0,,3.0,35.0,78.1,257.0,329.0,,,31.0,,,,9.0,,,,50.0,1.0,2.0,,7.0,,,12.0,6.0,6.0,,17.0,3,,0,4.0,,,,,1.0,,,2.0,,16.0,,,,,18.0,7.0,6.0,5.0,1.0,,,,,,,,,,4.0,6.0,1.0,7.0,46.0,,35.0,65.0,88.4,525.0,594.0,,,19.0,,,,16.0,,,,35.7,5.0,14.0,,5.0,,,6.0,4.0,2.0,,7.0,0,,1,1.0,,,,,0.0,,,0.0,,9.0,,,6.41,7.34,FIFA World Cup,UEFA,UEFA
SEL-WORLD_CUP-2022-10230560,Ronda 3,2022-11-30,Australia,1,Dinamarca,1,0,,,8.0,4.0,2.0,2.0,0.0,,,,,,,,,,,2.0,1.0,4.0,48.0,,11.0,31.0,64.1,195.0,304.0,,,28.0,,,,10.0,,,,18.2,2.0,11.0,,12.0,,,15.0,7.0,8.0,,32.0,0,,1,3.0,,,,,1.0,,0.0,2.0,,11.0,,,,,13.0,3.0,5.0,5.0,0.0,,,,,,,,,,,6.0,3.0,4.0,85.0,,33.0,69.0,82.5,548.0,664.0,,,49.0,,,,11.0,,,,15.4,4.0,26.0,,7.0,,,11.0,9.0,2.0,,20.0,1,,0,3.0,,,,,0.0,,1.0,1.0,,10.0,,,7.17,6.94,FIFA World Cup,AFC,UEFA
SEL-WORLD_CUP-2022-10230555,Ronda 3,2022-11-30,Túnez,1,Francia,1,0,,,5.0,3.0,2.0,0.0,0.0,,,,,,,,,,,7.0,3.0,3.0,58.0,,18.0,34.0,77.9,243.0,312.0,,,17.0,,,,6.0,,,,8.7,2.0,23.0,,9.0,,,22.0,16.0,6.0,,22.0,0,,1,3.0,,,,,0.0,,0.0,1.0,,14.0,,,,,10.0,3.0,3.0,4.0,0.0,,,,,,,,,,,8.0,2.0,8.0,64.0,,22.0,66.0,85.8,533.0,621.0,,,22.0,,,,14.0,,,,31.6,6.0,19.0,,13.0,,,37.0,19.0,18.0,,19.0,1,,0,2.0,,,,,1.0,,1.0,0.0,,6.0,,,6.97,6.95,FIFA World Cup,CAF,UEFA
SEL-WORLD_CUP-2022-10230547,Ronda 3,2022-11-30,Polonia,1,Argentina,0,2,,,4.0,0.0,2.0,2.0,0.0,,,,,,,,,,0.0,1.0,0.0,0.0,37.0,,3.0,27.0,77.1,243.0,315.0,,,31.0,,,,11.0,,,,40.0,2.0,5.0,,7.0,,,17.0,7.0,10.0,,28.0,2,,0,9.0,,,1.0,,,,,1.0,,6.0,,,,,23.0,12.0,7.0,4.0,0.0,,,,,,,,,,6.0,9.0,1.0,6.0,74.0,,46.0,73.0,92.2,800.0,868.0,,,22.0,,,,5.0,,,,22.2,4.0,18.0,,5.0,,,13.0,9.0,4.0,,8.0,0,,1,0.0,,,0.0,,,,,1.0,,11.0,,,6.8,7.5,FIFA World Cup,UEFA,CONMEBOL
SEL-WORLD_CUP-2022-10230546,Ronda 3,2022-11-30,Arabia Saudita,1,México,1,2,,,10.0,2.0,7.0,1.0,0.0,,,,,,,,,,1.0,1.0,2.0,2.0,48.0,,16.0,39.0,57.8,166.0,287.0,,,21.0,,,,18.0,,,,22.2,2.0,9.0,,8.0,,,15.0,7.0,8.0,,27.0,2,,0,8.0,,,,,1.0,,3.0,6.0,,20.0,,,,,26.0,11.0,7.0,8.0,0.0,,,,,,,,,,4.0,8.0,6.0,8.0,68.0,,28.0,61.0,75.1,320.0,426.0,,,27.0,,,,20.0,,,,25.8,8.0,31.0,,7.0,,,16.0,7.0,9.0,,10.0,1,,0,1.0,,,,,0.0,,1.0,1.0,,18.0,,,6.85,7.18,FIFA World Cup,AFC,CONCACAF
SEL-WORLD_CUP-2022-10230531,Ronda 3,2022-12-01,Canadá,1,Marruecos,1,2,,,5.0,0.0,4.0,1.0,1.0,,,,,,,,,,1.0,6.0,4.0,13.0,66.0,,12.0,59.0,86.4,452.0,523.0,,,19.0,,,,14.0,,,,21.1,4.0,19.0,,7.0,,,13.0,8.0,5.0,,9.0,2,,0,,,,,,,,1.0,4.0,,14.0,,,,,6.0,2.0,2.0,2.0,0.0,,,,,,,,,,1.0,2.0,4.0,8.0,31.0,,8.0,41.0,79.1,295.0,373.0,,,26.0,,,,14.0,,,,12.5,1.0,8.0,,12.0,,,23.0,16.0,7.0,,20.0,1,,0,,,,,,,,1.0,0.0,,14.0,,,6.47,6.94,FIFA World Cup,CONCACAF,CAF
SEL-WORLD_CUP-2022-10230535,Ronda 3,2022-12-01,Croacia,1,Bélgica,0,0,,,11.0,4.0,6.0,1.0,0.0,,,,,,,,,,0.0,2.0,4.0,3.0,56.0,,30.0,49.0,85.0,471.0,554.0,,,34.0,,,,9.0,,,,23.8,5.0,21.0,,6.0,,,9.0,2.0,7.0,,22.0,0,,1,3.0,,,,,2.0,,,0.0,,7.0,,,,,16.0,3.0,8.0,5.0,1.0,,,,,,,,,,5.0,4.0,0.0,7.0,66.0,,29.0,51.0,87.8,520.0,592.0,,,35.0,,,,7.0,,,,20.8,5.0,24.0,,7.0,,,14.0,9.0,5.0,,24.0,0,,1,4.0,,,,,1.0,,,1.0,,9.0,,,7.19,7.29,FIFA World Cup,UEFA,UEFA
SEL-WORLD_CUP-2022-10230573,Ronda 3,2022-12-01,Costa Rica,1,Alemania,2,4,,,8.0,6.0,1.0,1.0,0.0,,,,,,,,,,3.0,1.0,4.0,8.0,39.0,,13.0,32.0,74.8,252.0,337.0,,,28.0,,,,9.0,,,,27.3,3.0,11.0,,8.0,,,21.0,10.0,11.0,,42.0,4,,0,7.0,,,,,1.0,,0.0,1.0,,3.0,,,,,32.0,11.0,15.0,6.0,3.0,,,,,,,,,,10.0,14.0,3.0,17.0,85.0,,71.0,68.0,89.5,638.0,713.0,,,30.0,,,,3.0,,,,28.1,9.0,32.0,,5.0,,,10.0,3.0,7.0,,9.0,2,,0,4.0,,,,,0.0,,1.0,0.0,,9.0,,,6.83,7.4,FIFA World Cup,CONCACAF,UEFA
SEL-WORLD_CUP-2022-10230554,Ronda 3,2022-12-01,Japón,1,España,2,1,,,6.0,3.0,2.0,1.0,0.0,,,,,,,,,,1.0,0.0,2.0,0.0,22.0,,14.0,18.0,67.0,152.0,227.0,,,13.0,,,,6.0,,,,100.0,2.0,2.0,,17.0,,,11.0,6.0,5.0,,23.0,1,,0,4.0,,,,,,,,3.0,,9.0,,,,,12.0,5.0,2.0,5.0,0.0,,,,,,,,,,2.0,2.0,2.0,5.0,107.0,,20.0,82.0,91.6,969.0,1058.0,,,43.0,,,,9.0,,,,18.2,4.0,22.0,,3.0,,,11.0,9.0,2.0,,5.0,2,,0,1.0,,,,,,,,0.0,,6.0,,,6.79,6.92,FIFA World Cup,AFC,UEFA
SEL-WORLD_CUP-2022-10230549,Ronda 3,2022-12-02,Ghana,1,Uruguay,0,2,,,10.0,4.0,3.0,3.0,1.0,,,,,,,,,,1.0,5.0,2.0,15.0,59.0,,19.0,51.0,79.6,344.0,432.0,,,17.0,,,,10.0,,,,8.7,2.0,23.0,,7.0,,,23.0,15.0,8.0,,17.0,2,,0,4.0,,,0.0,,1.0,,,2.0,,18.0,,,,,12.0,7.0,5.0,0.0,0.0,,,,,,,,,,3.0,2.0,2.0,3.0,54.0,,25.0,49.0,77.4,335.0,433.0,,,27.0,,,,18.0,,,,36.4,4.0,11.0,,10.0,,,23.0,13.0,10.0,,19.0,0,,1,4.0,,,1.0,,1.0,,,5.0,,11.0,,,6.83,7.32,FIFA World Cup,CAF,CONMEBOL
SEL-WORLD_CUP-2022-10230544,Ronda 3,2022-12-02,Corea del Sur,1,Portugal,2,1,,,13.0,6.0,2.0,5.0,0.0,,,,,,,,,,2.0,5.0,1.0,4.0,53.0,,15.0,39.0,78.7,281.0,357.0,,,29.0,,,,10.0,,,,23.1,3.0,13.0,,8.0,,,11.0,6.0,5.0,,19.0,1,,0,5.0,,,,,2.0,,,2.0,,9.0,,,,,13.0,6.0,3.0,4.0,0.0,,,,,,,,,,2.0,4.0,5.0,8.0,67.0,,23.0,61.0,87.6,503.0,574.0,,,45.0,,,,9.0,,,,27.8,5.0,18.0,,6.0,,,12.0,8.0,4.0,,11.0,2,,0,4.0,,,,,1.0,,,0.0,,10.0,,,7.06,6.99,FIFA World Cup,AFC,UEFA
SEL-WORLD_CUP-2022-10230553,Ronda 3,2022-12-02,Camerún,1,Brasil,1,0,,,7.0,3.0,3.0,1.0,0.0,,,,,,,,,,2.0,3.0,0.0,8.0,49.0,,16.0,35.0,77.3,231.0,299.0,,,28.0,,,,14.0,,,,36.4,4.0,11.0,,10.0,,,22.0,12.0,10.0,,32.0,0,,1,7.0,,,,,,,0.0,5.0,1.0,14.0,,,,,21.0,7.0,11.0,3.0,0.0,,,,,,,,,,4.0,11.0,1.0,10.0,50.0,,44.0,65.0,87.8,475.0,541.0,,,22.0,,,,14.0,,,,29.6,8.0,27.0,,3.0,,,19.0,11.0,8.0,,12.0,1,,0,2.0,,,,,,,1.0,2.0,0.0,14.0,,,7.16,6.97,FIFA World Cup,CAF,CONMEBOL
SEL-WORLD_CUP-2022-10230558,Ronda 3,2022-12-02,Serbia,1,Suiza,2,3,,,12.0,4.0,6.0,2.0,1.0,,,,,,,,,,1.0,2.0,,2.0,64.0,,26.0,54.0,77.9,363.0,466.0,,,21.0,,,,14.0,,,,36.4,8.0,22.0,,6.0,,,13.0,4.0,9.0,,9.0,3,,0,4.0,,,,,1.0,,,7.0,,18.0,,,,,14.0,7.0,4.0,3.0,0.0,,,,,,,,,,6.0,0.0,,3.0,58.0,,24.0,46.0,76.9,319.0,415.0,,,31.0,,,,18.0,,,,25.0,2.0,8.0,,12.0,,,10.0,5.0,5.0,,17.0,2,,0,2.0,,,,,0.0,,,4.0,,14.0,,,6.83,6.85,FIFA World Cup,UEFA,UEFA
